"id","type_name_set"
1,N/A
2,"Medical insurance, Vision insurance, Dental insurance, 401(k), Student loan assistance, Tuition assistance"
3,"Medical insurance, Vision insurance, Dental insurance, 401(k), Disability insurance"
4,"Medical insurance, Vision insurance, Dental insurance, 401(k)"
5,"401(k)"
6,"Medical insurance, Vision insurance, Dental insurance, 401(k), Paid maternity leave, Disability insurance"
7,"401(k), Vision insurance"
8,"Vision insurance, Disability insurance, 401(k)"
9,"Medical insurance, Vision insurance, Dental insurance, 401(k), Disability insurance, Paid maternity leave"
10,"Medical insurance, Vision insurance, Dental insurance, 401(k), Paid paternity leave, Tuition assistance, Paid maternity leave, Student loan assistance, Child care support, Commuter benefits, Disability insurance"
11,"Medical insurance, Vision insurance, Dental insurance, 401(k), Paid maternity leave, Paid paternity leave, Tuition assistance, Disability insurance"
12,"Medical insurance, Vision insurance, Dental insurance, 401(k), Disability insurance, Tuition assistance"
13,"Medical insurance, Vision insurance, Dental insurance, 401(k), Tuition assistance, Disability insurance"
14,"Medical insurance, Vision insurance, Dental insurance, 401(k), Disability insurance, Paid maternity leave, Paid paternity leave, Tuition assistance"
15,"401(k), Medical insurance"
16,Commuter benefits
17,Medical insurance
18,"Medical insurance, Vision insurance, Dental insurance, 401(k), Tuition assistance"
19,"Medical insurance, 401(k)"
20,"401(k), Medical insurance, Disability insurance"
21,"Medical insurance, Vision insurance, Dental insurance, 401(k), Paid maternity leave, Paid paternity leave, Disability insurance"
22,"401(k), Disability insurance"
23,"Vision insurance, Medical insurance, Dental insurance, 401(k), Paid maternity leave, Paid paternity leave, Disability insurance"
24,"Medical insurance, Vision insurance, Dental insurance"
25,"Vision insurance, 401(k), Paid paternity leave"
26,"Medical insurance, Vision insurance, Dental insurance, 401(k), Paid maternity leave"
27,"Medical insurance, Vision insurance, Dental insurance, 401(k), Commuter benefits, Disability insurance, Child care support"
28,"Medical insurance, Vision insurance, Dental insurance, 401(k), Paid paternity leave, Paid maternity leave, Child care support, Pension plan, Commuter benefits, Student loan assistance, Tuition assistance, Disability insurance"
29,"Medical insurance, Disability insurance, 401(k)"
30,"Medical insurance, Vision insurance, Dental insurance, 401(k), Paid paternity leave, Paid maternity leave"
31,"Medical insurance, Vision insurance, Dental insurance, 401(k), Pension plan, Paid maternity leave, Paid paternity leave, Student loan assistance, Tuition assistance, Disability insurance"
32,"Medical insurance, Vision insurance, Dental insurance, 401(k), Pension plan, Child care support, Paid maternity leave, Paid paternity leave, Tuition assistance, Student loan assistance, Commuter benefits, Disability insurance"
33,"401(k), Commuter benefits, Medical insurance"
34,"Medical insurance, Vision insurance, Dental insurance, 401(k), Student loan assistance"
35,"401(k), Vision insurance, Disability insurance"
36,"Medical insurance, Dental insurance, Vision insurance, 401(k), Pension plan"
37,"Medical insurance, Vision insurance, Dental insurance, 401(k), Paid paternity leave, Paid maternity leave, Tuition assistance, Disability insurance"
38,"401(k), Paid maternity leave, Paid paternity leave, Tuition assistance, Disability insurance, Medical insurance, Vision insurance, Dental insurance"
39,"Medical insurance, Vision insurance, Dental insurance, Paid maternity leave, Paid paternity leave"
40,"Medical insurance, 401(k), Pension plan, Vision insurance, Dental insurance, Disability insurance"
41,"Dental insurance, Vision insurance, Medical insurance, 401(k), Disability insurance, Commuter benefits, Paid paternity leave, Paid maternity leave"
42,"401(k), Medical insurance, Vision insurance"
43,"Medical insurance, Vision insurance, Dental insurance, 401(k), Child care support, Commuter benefits, Tuition assistance, Disability insurance"
44,"Medical insurance, Dental insurance, Vision insurance, 401(k)"
45,"Medical insurance, Vision insurance, Dental insurance, 401(k), Paid maternity leave, Paid paternity leave, Commuter benefits, Student loan assistance, Tuition assistance, Disability insurance"
46,Vision insurance
47,"Medical insurance, Pension plan, Vision insurance, Dental insurance, 401(k)"
48,"401(k), Dental insurance, Medical insurance, Vision insurance"
49,"401(k), Commuter benefits"
50,"401(k), Dental insurance"
51,"Vision insurance, 401(k), Commuter benefits, Paid maternity leave, Disability insurance"
52,"Dental insurance, Medical insurance, Vision insurance"
53,"Medical insurance, Vision insurance, Dental insurance, 401(k), Pension plan"
54,"Medical insurance, Vision insurance, Dental insurance, Disability insurance, Commuter benefits"
55,"Tuition assistance, Medical insurance"
56,"Medical insurance, Vision insurance, Dental insurance, 401(k), Disability insurance, Commuter benefits, Child care support, Tuition assistance, Paid maternity leave, Paid paternity leave"
57,"Medical insurance, Vision insurance, Dental insurance, Pension plan, Paid maternity leave, Paid paternity leave"
58,"Medical insurance, Vision insurance, Dental insurance, 401(k), Disability insurance, Paid maternity leave, Paid paternity leave"
59,"Medical insurance, Vision insurance, Dental insurance, 401(k), Paid maternity leave, Tuition assistance, Disability insurance"
60,"Vision insurance, 401(k)"
61,"Medical insurance, Vision insurance, Dental insurance, 401(k), Paid maternity leave, Paid paternity leave, Commuter benefits, Disability insurance"
62,"Medical insurance, Paid paternity leave, 401(k)"
63,"Medical insurance, Vision insurance, Dental insurance, Pension plan, Paid maternity leave"
64,"Medical insurance, Vision insurance, Disability insurance"
65,Tuition assistance
66,"Medical insurance, Vision insurance"
67,"Commuter benefits, 401(k), Tuition assistance"
68,"Medical insurance, Vision insurance, Dental insurance, 401(k), Paid maternity leave, Paid paternity leave"
69,"Medical insurance, Pension plan, Tuition assistance, Disability insurance, Paid maternity leave, Vision insurance, Dental insurance, 401(k)"
70,"Medical insurance, Vision insurance, Dental insurance, 401(k), Pension plan, Child care support, Paid maternity leave"
71,"Medical insurance, Vision insurance, Dental insurance, 401(k), Paid paternity leave, Paid maternity leave, Child care support, Disability insurance, Tuition assistance"
72,"Tuition assistance, 401(k)"
73,"401(k), Pension plan"
74,"Medical insurance, Dental insurance, 401(k), Pension plan, Paid maternity leave, Paid paternity leave, Tuition assistance, Disability insurance"
75,"Medical insurance, Disability insurance"
76,"Medical insurance, Vision insurance, Dental insurance, Disability insurance"
77,"Commuter benefits, 401(k)"
78,Disability insurance
79,"Medical insurance, Tuition assistance"
80,"Dental insurance, Disability insurance"
81,"Medical insurance, Dental insurance, 401(k), Paid paternity leave, Paid maternity leave"
82,"Medical insurance, Vision insurance, Dental insurance, 401(k), Child care support, Paid maternity leave, Paid paternity leave, Commuter benefits, Tuition assistance, Disability insurance"
83,"Disability insurance, 401(k)"
84,"Vision insurance, Dental insurance, 401(k), Paid paternity leave, Paid maternity leave, Medical insurance"
85,"Medical insurance, Vision insurance, Dental insurance, 401(k), Paid maternity leave, Paid paternity leave, Commuter benefits, Student loan assistance, Disability insurance, Tuition assistance"
86,"Medical insurance, Vision insurance, Dental insurance, 401(k), Child care support, Paid paternity leave, Student loan assistance, Paid maternity leave"
87,"Medical insurance, Vision insurance, Dental insurance, 401(k), Pension plan, Paid maternity leave, Tuition assistance, Disability insurance"
88,"Medical insurance, Vision insurance, Dental insurance, Disability insurance, 401(k)"
89,"Medical insurance, Vision insurance, Dental insurance, 401(k), Paid maternity leave, Commuter benefits, Tuition assistance, Disability insurance"
90,"401(k), Medical insurance, Vision insurance, Dental insurance"
91,"Vision insurance, Dental insurance, Medical insurance, 401(k)"
92,"Medical insurance, Vision insurance, Dental insurance, 401(k), Child care support, Paid maternity leave, Paid paternity leave"
93,"Medical insurance, Commuter benefits"
94,"Medical insurance, Vision insurance, Dental insurance, 401(k), Tuition assistance, Commuter benefits"
95,"Medical insurance, Vision insurance, Dental insurance, 401(k), Commuter benefits"
96,"Medical insurance, Vision insurance, Dental insurance, 401(k), Paid maternity leave, Child care support, Pension plan, Paid paternity leave, Tuition assistance, Disability insurance, Commuter benefits, Student loan assistance"
97,"Medical insurance, Vision insurance, 401(k), Disability insurance"
98,"Medical insurance, Vision insurance, Paid maternity leave, Dental insurance, 401(k), Paid paternity leave, Disability insurance, Commuter benefits"
99,"Vision insurance, 401(k), Disability insurance"
100,"Medical insurance, Vision insurance, Dental insurance, Pension plan, Paid maternity leave, Paid paternity leave, Disability insurance"
101,"Medical insurance, Vision insurance, Dental insurance, Pension plan, Paid paternity leave, Paid maternity leave, Disability insurance"
102,"401(k), Dental insurance, Vision insurance, Medical insurance, Paid maternity leave, Commuter benefits, Child care support, Paid paternity leave, Student loan assistance, Tuition assistance, Disability insurance"
103,"Medical insurance, Vision insurance, Dental insurance, 401(k), Tuition assistance, Student loan assistance, Pension plan"
104,"Medical insurance, Vision insurance, Dental insurance, 401(k), Paid maternity leave, Commuter benefits, Disability insurance, Paid paternity leave"
105,"Medical insurance, Vision insurance, Dental insurance, 401(k), Paid maternity leave, Paid paternity leave, Commuter benefits, Disability insurance, Tuition assistance"
106,"Commuter benefits, Vision insurance"
107,"Medical insurance, Vision insurance, Dental insurance, 401(k), Paid maternity leave, Paid paternity leave, Student loan assistance, Disability insurance"
108,"Medical insurance, Dental insurance, Vision insurance, Disability insurance, 401(k)"
109,"Medical insurance, Pension plan, Dental insurance, Vision insurance, 401(k), Disability insurance"
110,"Dental insurance, Vision insurance, Medical insurance, 401(k)"
111,"Dental insurance, 401(k)"
112,"Medical insurance, Vision insurance, Dental insurance, 401(k), Pension plan, Paid maternity leave, Paid paternity leave, Commuter benefits, Student loan assistance, Tuition assistance, Disability insurance"
113,"401(k), Disability insurance, Dental insurance"
114,"Medical insurance, Vision insurance, Dental insurance, 401(k), Paid paternity leave, Paid maternity leave, Commuter benefits, Disability insurance, Tuition assistance"
115,"401(k), Paid paternity leave"
116,"Vision insurance, Dental insurance, Medical insurance, 401(k), Tuition assistance"
117,"Vision insurance, Disability insurance"
118,"401(k), Vision insurance, Dental insurance"
119,"Vision insurance, Dental insurance, 401(k), Medical insurance"
120,"401(k), Medical insurance, Dental insurance, Vision insurance"
121,"Medical insurance, 401(k), Dental insurance, Vision insurance"
122,"Medical insurance, Pension plan, Vision insurance, Dental insurance, Paid maternity leave, 401(k), Paid paternity leave"
123,Dental insurance
124,"Medical insurance, Dental insurance, Pension plan, Tuition assistance, Disability insurance"
125,"Vision insurance, 401(k), Medical insurance"
126,"Vision insurance, Dental insurance, 401(k), Medical insurance, Pension plan, Disability insurance, Tuition assistance, Child care support, Paid maternity leave, Paid paternity leave, Commuter benefits"
127,"Medical insurance, Vision insurance, Dental insurance, 401(k), Paid paternity leave, Paid maternity leave, Disability insurance"
128,"Medical insurance, Vision insurance, Dental insurance, 401(k), Tuition assistance, Child care support, Disability insurance, Commuter benefits"
129,"Medical insurance, Vision insurance, Dental insurance, 401(k), Paid maternity leave, Paid paternity leave, Commuter benefits"
130,"Dental insurance, Vision insurance, 401(k)"
131,"Medical insurance, Vision insurance, Dental insurance, 401(k), Paid maternity leave, Paid paternity leave, Student loan assistance, Tuition assistance"
132,"Pension plan, Medical insurance, Vision insurance, Dental insurance, 401(k)"
133,"Medical insurance, Vision insurance, Dental insurance, Commuter benefits"
134,"Medical insurance, Pension plan, Child care support, Vision insurance, Dental insurance, Paid maternity leave, Paid paternity leave, 401(k), Tuition assistance, Disability insurance, Commuter benefits"
135,"Vision insurance, Tuition assistance"
136,"Medical insurance, Vision insurance, Dental insurance, 401(k), Paid maternity leave, Student loan assistance, Tuition assistance, Disability insurance"
137,"401(k), Tuition assistance"
138,"Medical insurance, Vision insurance, Dental insurance, 401(k), Pension plan, Child care support, Paid maternity leave, Commuter benefits, Student loan assistance"
139,"Medical insurance, Vision insurance, Dental insurance, 401(k), Paid maternity leave, Paid paternity leave, Student loan assistance, Tuition assistance, Disability insurance"
140,"Medical insurance, Vision insurance, 401(k), Dental insurance"
141,"Paid paternity leave, 401(k)"
142,"Disability insurance, Tuition assistance"
143,"Disability insurance, Commuter benefits, 401(k)"
144,"401(k), Disability insurance, Vision insurance"
145,"Dental insurance, Tuition assistance, Vision insurance, Disability insurance, 401(k)"
146,Pension plan
147,"401(k), Commuter benefits, Disability insurance"
148,"Medical insurance, 401(k), Tuition assistance"
149,"Vision insurance, Medical insurance, Dental insurance, 401(k), Commuter benefits, Disability insurance"
150,"401(k), Commuter benefits, Disability insurance, Vision insurance"
151,"Medical insurance, Dental insurance, 401(k), Vision insurance, Pension plan"
152,Paid maternity leave
153,"Medical insurance, Vision insurance, Dental insurance, Paid paternity leave"
154,"Medical insurance, Disability insurance, Dental insurance"
155,"Medical insurance, Dental insurance, Vision insurance, 401(k), Disability insurance"
156,"401(k), Medical insurance, Dental insurance"
157,"Tuition assistance, Disability insurance"
158,"Medical insurance, Vision insurance, Dental insurance, 401(k), Paid maternity leave, Paid paternity leave, Disability insurance, Tuition assistance"
159,"Commuter benefits, 401(k), Disability insurance, Medical insurance, Paid paternity leave"
160,"Medical insurance, Vision insurance, Dental insurance, 401(k), Child care support, Paid maternity leave, Paid paternity leave, Tuition assistance"
161,"Vision insurance, Commuter benefits"
162,"401(k), Vision insurance, Tuition assistance, Disability insurance"
163,"Medical insurance, Dental insurance, Vision insurance, Disability insurance"
164,"Vision insurance, 401(k), Tuition assistance"
165,"Medical insurance, 401(k), Disability insurance"
166,"401(k), Disability insurance, Paid paternity leave"
167,"Vision insurance, 401(k), Medical insurance, Dental insurance"
168,"Medical insurance, Dental insurance, 401(k), Vision insurance"
169,"Disability insurance, 401(k), Commuter benefits"
170,"401(k), Vision insurance, Tuition assistance"
171,"401(k), Dental insurance, Medical insurance, Vision insurance, Paid maternity leave, Paid paternity leave"
172,"Medical insurance, Dental insurance, Vision insurance, Student loan assistance"
173,"Medical insurance, 401(k), Student loan assistance, Child care support"
174,"Medical insurance, 401(k), Dental insurance"
175,"Medical insurance, Vision insurance, Dental insurance, 401(k), Paid paternity leave, Paid maternity leave, Tuition assistance, Disability insurance, Commuter benefits"
176,"401(k), Dental insurance, Disability insurance, Medical insurance, Vision insurance"
177,"Medical insurance, Dental insurance"
178,"Vision insurance, Disability insurance, 401(k), Medical insurance"
179,"Vision insurance, Paid maternity leave"
180,"Medical insurance, Vision insurance, Dental insurance, 401(k), Paid paternity leave, Commuter benefits, Disability insurance"
181,"Medical insurance, Vision insurance, 401(k), Dental insurance, Paid paternity leave, Commuter benefits, Disability insurance, Tuition assistance"
182,"401(k), Dental insurance, Vision insurance, Medical insurance"
183,"Medical insurance, Tuition assistance, Pension plan"
184,"Medical insurance, Vision insurance, Dental insurance, 401(k), Paid paternity leave, Disability insurance, Paid maternity leave"
185,"Medical insurance, Pension plan, Student loan assistance, Tuition assistance"
186,"Medical insurance, Pension plan, Tuition assistance"
187,"Medical insurance, Dental insurance, Vision insurance, Paid maternity leave, Paid paternity leave"
188,"Medical insurance, Dental insurance, Disability insurance"
189,"Medical insurance, Vision insurance, 401(k), Dental insurance, Commuter benefits, Disability insurance"
190,"Medical insurance, Vision insurance, Dental insurance, 401(k), Commuter benefits, Disability insurance"
191,"Medical insurance, Vision insurance, Dental insurance, 401(k), Disability insurance, Commuter benefits"
192,"Medical insurance, Dental insurance, 401(k), Vision insurance, Commuter benefits, Disability insurance"
193,"Medical insurance, Vision insurance, Dental insurance, 401(k), Paid maternity leave, Child care support, Paid paternity leave, Tuition assistance, Disability insurance"
194,"401(k), Dental insurance, Medical insurance, Vision insurance, Tuition assistance"
195,"Vision insurance, 401(k), Commuter benefits"
196,"401(k), Dental insurance, Commuter benefits"
197,"401(k), Pension plan, Medical insurance, Vision insurance, Dental insurance, Tuition assistance, Disability insurance"
198,"Medical insurance, 401(k), Commuter benefits, Disability insurance"
199,"401(k), Pension plan, Medical insurance"
200,"Vision insurance, 401(k), Disability insurance, Medical insurance, Dental insurance, Tuition assistance"
201,"Medical insurance, Child care support, Vision insurance, Dental insurance, Paid maternity leave, 401(k), Paid paternity leave, Tuition assistance, Student loan assistance, Commuter benefits, Disability insurance"
202,"Vision insurance, Dental insurance, 401(k), Disability insurance"
203,"Medical insurance, Vision insurance, Dental insurance, 401(k), Paid maternity leave, Paid paternity leave, Disability insurance, Commuter benefits"
204,"401(k), Dental insurance, Vision insurance, Disability insurance"
205,"401(k), Medical insurance, Vision insurance, Disability insurance"
206,"401(k), Paid paternity leave, Tuition assistance"
207,"Medical insurance, Dental insurance, 401(k), Vision insurance, Disability insurance"
208,Paid paternity leave
209,"401(k), Dental insurance, Medical insurance, Vision insurance, Disability insurance"
210,"Dental insurance, Tuition assistance"
211,"Medical insurance, Pension plan"
212,"Medical insurance, 401(k), Student loan assistance"
213,"Vision insurance, Commuter benefits, 401(k)"
214,"Medical insurance, Dental insurance, Vision insurance, 401(k), Commuter benefits, Disability insurance"
215,"Medical insurance, Vision insurance, Dental insurance, 401(k), Paid maternity leave, Tuition assistance, Paid paternity leave, Disability insurance"
216,"Dental insurance, Disability insurance, Medical insurance, Vision insurance"
217,"Medical insurance, Dental insurance, Vision insurance"
218,"401(k), Tuition assistance, Disability insurance"
219,"Vision insurance, 401(k), Paid maternity leave, Paid paternity leave"
220,"Disability insurance, Commuter benefits"
221,"401(k), Pension plan, Disability insurance"
222,"Medical insurance, 401(k), Vision insurance, Dental insurance"
223,"Vision insurance, Disability insurance, 401(k), Tuition assistance"
224,"Medical insurance, Pension plan, Dental insurance, 401(k)"
225,"Medical insurance, Dental insurance, 401(k), Pension plan"
226,"401(k), Dental insurance, Medical insurance"
227,"Disability insurance, Vision insurance, Dental insurance, 401(k)"
228,"Medical insurance, Paid paternity leave, Tuition assistance, Disability insurance, Commuter benefits, Student loan assistance, Paid maternity leave, Dental insurance, 401(k), Vision insurance, Child care support, Pension plan"
229,"Dental insurance, Disability insurance, 401(k)"
230,"Disability insurance, Tuition assistance, Commuter benefits"
231,"Vision insurance, Disability insurance, 401(k), Tuition assistance, Medical insurance"
232,"Vision insurance, Medical insurance, Dental insurance, 401(k), Tuition assistance, Paid paternity leave, Paid maternity leave, Disability insurance"
233,"Pension plan, Disability insurance"
234,"Commuter benefits, Tuition assistance"
235,"Dental insurance, Medical insurance"
236,"401(k), Tuition assistance, Medical insurance"
237,"Disability insurance, 401(k), Tuition assistance, Pension plan"
238,"Medical insurance, Vision insurance, Dental insurance, Paid paternity leave, Paid maternity leave, 401(k), Disability insurance"
239,"Paid maternity leave, Paid paternity leave"
240,"401(k), Paid maternity leave, Paid paternity leave, Medical insurance, Vision insurance, Dental insurance"
241,"401(k), Paid maternity leave, Paid paternity leave, Dental insurance, Vision insurance, Medical insurance"
242,"Vision insurance, 401(k), Tuition assistance, Disability insurance"
243,"401(k), Medical insurance, Vision insurance, Dental insurance, Tuition assistance"
244,"Vision insurance, Medical insurance"
245,"401(k), Dental insurance, Vision insurance, Medical insurance, Disability insurance"
246,"Medical insurance, Vision insurance, Dental insurance, 401(k), Disability insurance, Tuition assistance, Paid paternity leave, Paid maternity leave, Child care support"
247,"Commuter benefits, Disability insurance"
248,"Medical insurance, Dental insurance, 401(k)"
249,"Medical insurance, Vision insurance, Dental insurance, 401(k), Child care support, Paid maternity leave, Paid paternity leave, Commuter benefits, Disability insurance"
250,"Tuition assistance, Commuter benefits"
251,"Medical insurance, Vision insurance, Dental insurance, 401(k), Paid paternity leave, Paid maternity leave, Commuter benefits"
252,"401(k), Medical insurance, Vision insurance, Dental insurance, Tuition assistance, Pension plan, Paid maternity leave, Student loan assistance"
253,"Pension plan, 401(k), Medical insurance, Vision insurance, Dental insurance"
254,"401(k), Medical insurance, Vision insurance, Dental insurance, Disability insurance"
255,"Medical insurance, Vision insurance, Dental insurance, 401(k), Pension plan, Child care support, Paid maternity leave, Paid paternity leave, Commuter benefits, Tuition assistance, Disability insurance"
256,"Medical insurance, Vision insurance, Dental insurance, Tuition assistance, Pension plan"
257,"Medical insurance, Vision insurance, Dental insurance, 401(k), Paid paternity leave, Disability insurance"
258,"Medical insurance, Vision insurance, Dental insurance, 401(k), Paid paternity leave, Tuition assistance, Paid maternity leave, Pension plan, Disability insurance"
259,"Commuter benefits, Medical insurance, Vision insurance, Dental insurance, 401(k)"
260,"Vision insurance, Medical insurance, 401(k), Dental insurance, Paid maternity leave"
261,Child care support
262,"Medical insurance, Vision insurance, Dental insurance, 401(k), Child care support, Paid paternity leave, Paid maternity leave"
263,"401(k), Vision insurance, Medical insurance, Dental insurance, Commuter benefits"
264,"Dental insurance, 401(k), Paid paternity leave"
265,"Medical insurance, Dental insurance, 401(k), Vision insurance, Pension plan, Paid maternity leave, Paid paternity leave, Commuter benefits"
266,"Pension plan, Dental insurance, 401(k)"
536,"Tuition assistance, Student loan assistance, Disability insurance"
267,"401(k), Medical insurance, Vision insurance, Dental insurance, Pension plan, Tuition assistance"
268,"Medical insurance, Vision insurance, Dental insurance, 401(k), Paid maternity leave, Child care support"
269,"Pension plan, Vision insurance"
270,"Dental insurance, Vision insurance, 401(k), Medical insurance"
271,"Disability insurance, Paid paternity leave"
272,"Medical insurance, Vision insurance, Dental insurance, 401(k), Tuition assistance, Paid maternity leave"
273,"401(k), Paid maternity leave"
274,"Medical insurance, Vision insurance, Dental insurance, 401(k), Commuter benefits, Paid maternity leave, Paid paternity leave, Tuition assistance"
275,"Medical insurance, Vision insurance, 401(k)"
276,"Medical insurance, Vision insurance, Dental insurance, Pension plan, Paid maternity leave, Paid paternity leave, Tuition assistance, Disability insurance"
277,"Medical insurance, Commuter benefits, Disability insurance, Tuition assistance, Paid maternity leave, Paid paternity leave, 401(k), Dental insurance, Vision insurance, Child care support"
278,"Medical insurance, Vision insurance, Dental insurance, 401(k), Pension plan, Child care support, Tuition assistance, Disability insurance"
279,"Medical insurance, Disability insurance, Vision insurance, Dental insurance, 401(k)"
280,"Medical insurance, Vision insurance, Disability insurance, Tuition assistance, Paid maternity leave, Dental insurance, 401(k), Paid paternity leave"
281,"Medical insurance, Vision insurance, Dental insurance, 401(k), Paid paternity leave, Paid maternity leave, Commuter benefits, Disability insurance"
282,"401(k), Medical insurance, Dental insurance, Disability insurance"
283,"Medical insurance, Vision insurance, Dental insurance, 401(k), Paid paternity leave, Tuition assistance, Paid maternity leave, Commuter benefits"
284,"Medical insurance, Vision insurance, Dental insurance, 401(k), Pension plan, Paid maternity leave, Paid paternity leave, Tuition assistance, Disability insurance"
285,"Medical insurance, Pension plan, Vision insurance, Dental insurance, 401(k), Paid maternity leave, Paid paternity leave"
286,"Medical insurance, Vision insurance, Dental insurance, 401(k), Paid paternity leave, Commuter benefits, Paid maternity leave"
287,"Medical insurance, Vision insurance, Dental insurance, 401(k), Paid maternity leave, Paid paternity leave, Tuition assistance, Pension plan"
288,"401(k), Dental insurance, Disability insurance"
289,"Medical insurance, Vision insurance, 401(k), Dental insurance, Disability insurance"
290,"Medical insurance, Vision insurance, Dental insurance, 401(k), Pension plan, Paid paternity leave, Tuition assistance, Child care support, Commuter benefits, Disability insurance, Paid maternity leave"
291,"Medical insurance, 401(k), Tuition assistance, Disability insurance, Dental insurance, Vision insurance, Student loan assistance"
292,"Medical insurance, Vision insurance, Dental insurance, 401(k), Disability insurance, Tuition assistance, Child care support"
293,"401(k), Disability insurance, Paid maternity leave, Paid paternity leave"
294,"Dental insurance, 401(k), Vision insurance, Medical insurance"
295,"Medical insurance, Vision insurance, Dental insurance, 401(k), Paid maternity leave, Paid paternity leave, Commuter benefits, Tuition assistance, Disability insurance"
296,"Vision insurance, Medical insurance, Dental insurance, 401(k), Disability insurance"
297,"Medical insurance, Vision insurance, Dental insurance, 401(k), Paid maternity leave, Child care support, Paid paternity leave, Commuter benefits, Tuition assistance"
298,"Medical insurance, Vision insurance, Dental insurance, 401(k), Paid paternity leave, Paid maternity leave, Pension plan, Student loan assistance, Disability insurance, Tuition assistance"
299,"Medical insurance, Vision insurance, 401(k), Tuition assistance"
300,"Medical insurance, Vision insurance, Dental insurance, 401(k), Tuition assistance, Disability insurance, Child care support"
301,"401(k), Paid maternity leave, Disability insurance"
302,"Medical insurance, Vision insurance, Dental insurance, 401(k), Disability insurance, Paid paternity leave, Tuition assistance"
303,"Medical insurance, Tuition assistance, Disability insurance, Commuter benefits, Vision insurance, Dental insurance, 401(k)"
304,"Medical insurance, Vision insurance, 401(k), Paid maternity leave, Paid paternity leave, Student loan assistance, Dental insurance, Commuter benefits, Tuition assistance, Disability insurance"
305,"Medical insurance, Vision insurance, Dental insurance, 401(k), Student loan assistance, Tuition assistance, Disability insurance"
306,"Medical insurance, Vision insurance, Dental insurance, Student loan assistance, Tuition assistance"
307,"Medical insurance, Vision insurance, Dental insurance, 401(k), Commuter benefits, Paid maternity leave"
308,"Medical insurance, Vision insurance, Dental insurance, 401(k), Tuition assistance, Disability insurance, Paid maternity leave, Paid paternity leave"
309,"Medical insurance, Vision insurance, Dental insurance, Paid maternity leave, Paid paternity leave, Commuter benefits"
310,"Medical insurance, Vision insurance, Dental insurance, 401(k), Paid paternity leave, Paid maternity leave, Pension plan, Student loan assistance, Tuition assistance, Disability insurance"
311,"Dental insurance, Medical insurance, Disability insurance, 401(k)"
312,"401(k), Disability insurance, Vision insurance, Medical insurance, Dental insurance"
313,"Medical insurance, Vision insurance, Dental insurance, 401(k), Paid paternity leave, Paid maternity leave, Commuter benefits, Student loan assistance"
314,"Medical insurance, Vision insurance, Dental insurance, 401(k), Paid maternity leave, Commuter benefits, Paid paternity leave"
315,"Medical insurance, Vision insurance, Dental insurance, 401(k), Pension plan, Commuter benefits"
316,"Medical insurance, Vision insurance, 401(k), Dental insurance, Pension plan"
317,"Medical insurance, Vision insurance, Dental insurance, 401(k), Commuter benefits, Paid maternity leave, Paid paternity leave"
318,"Medical insurance, Vision insurance, Dental insurance, 401(k), Paid maternity leave, Paid paternity leave, Disability insurance, Tuition assistance, Commuter benefits"
319,"Medical insurance, Vision insurance, Dental insurance, 401(k), Child care support, Student loan assistance, Tuition assistance, Disability insurance"
537,"Medical insurance, Dental insurance, Disability insurance, Vision insurance, 401(k)"
320,"Medical insurance, Vision insurance, Dental insurance, 401(k), Paid maternity leave, Paid paternity leave, Tuition assistance, Student loan assistance, Disability insurance"
321,"Medical insurance, Vision insurance, Dental insurance, 401(k), Pension plan, Tuition assistance"
322,"Medical insurance, Vision insurance, Dental insurance, 401(k), Pension plan, Paid maternity leave, Disability insurance, Tuition assistance"
323,"Medical insurance, Vision insurance, Dental insurance, 401(k), Paid maternity leave, Disability insurance, Commuter benefits, Pension plan"
324,"Medical insurance, Vision insurance, Dental insurance, 401(k), Paid maternity leave, Pension plan, Child care support, Paid paternity leave, Commuter benefits, Student loan assistance, Disability insurance, Tuition assistance"
325,"Medical insurance, Vision insurance, Dental insurance, 401(k), Paid maternity leave, Child care support, Pension plan, Commuter benefits, Student loan assistance, Disability insurance, Tuition assistance"
326,"Medical insurance, Vision insurance, Dental insurance, 401(k), Paid maternity leave, Disability insurance, Pension plan, Commuter benefits"
327,"Disability insurance, Medical insurance"
328,"Medical insurance, Dental insurance, 401(k), Vision insurance, Commuter benefits"
329,"Medical insurance, Vision insurance, Dental insurance, 401(k), Commuter benefits, Tuition assistance"
330,"Medical insurance, Dental insurance, Vision insurance, 401(k), Paid maternity leave, Paid paternity leave, Disability insurance"
331,"Vision insurance, Medical insurance, Dental insurance, 401(k), Paid maternity leave, Paid paternity leave, Commuter benefits"
332,"Medical insurance, Vision insurance, Dental insurance, 401(k), Pension plan, Paid maternity leave, Paid paternity leave, Disability insurance"
333,"Medical insurance, Vision insurance, Dental insurance, 401(k), Paid maternity leave, Disability insurance, Commuter benefits"
334,"401(k), Dental insurance, Vision insurance"
335,"Medical insurance, Vision insurance, Dental insurance, 401(k), Paid maternity leave, Paid paternity leave, Tuition assistance, Child care support, Commuter benefits"
336,"Medical insurance, Vision insurance, Dental insurance, 401(k), Paid maternity leave, Paid paternity leave, Tuition assistance, Disability insurance, Student loan assistance"
337,"Vision insurance, Dental insurance, 401(k), Medical insurance, Pension plan, Paid paternity leave, Tuition assistance, Disability insurance, Commuter benefits, Child care support, Paid maternity leave, Student loan assistance"
338,"Medical insurance, Vision insurance, Dental insurance, Student loan assistance"
339,"Medical insurance, Paid paternity leave, Disability insurance, Vision insurance, Dental insurance, 401(k), Paid maternity leave"
340,"Medical insurance, 401(k), Disability insurance, Dental insurance, Vision insurance, Tuition assistance"
341,"Dental insurance, Vision insurance, Medical insurance, 401(k), Paid maternity leave, Paid paternity leave, Disability insurance"
342,"Medical insurance, Dental insurance, 401(k), Pension plan, Paid maternity leave, Paid paternity leave, Student loan assistance, Tuition assistance, Disability insurance"
343,"401(k), Dental insurance, Vision insurance, Medical insurance, Pension plan"
344,"Medical insurance, Vision insurance, Dental insurance, 401(k), Commuter benefits, Tuition assistance, Disability insurance, Paid maternity leave, Paid paternity leave, Child care support"
345,"Medical insurance, Vision insurance, Dental insurance, 401(k), Paid paternity leave, Child care support, Pension plan, Commuter benefits, Paid maternity leave, Tuition assistance, Disability insurance, Student loan assistance"
346,"Medical insurance, Dental insurance, 401(k), Vision insurance, Paid maternity leave, Paid paternity leave, Disability insurance"
347,"Dental insurance, Commuter benefits"
348,"Medical insurance, Vision insurance, Dental insurance, Paid maternity leave, Paid paternity leave, 401(k), Commuter benefits, Student loan assistance, Tuition assistance, Disability insurance"
349,"Medical insurance, Vision insurance, Dental insurance, Paid maternity leave, Paid paternity leave, Tuition assistance, Disability insurance"
350,"Vision insurance, Medical insurance, Dental insurance, Paid maternity leave, 401(k)"
351,"Medical insurance, Vision insurance, Dental insurance, 401(k), Paid maternity leave, Child care support, Paid paternity leave, Commuter benefits, Tuition assistance, Disability insurance"
352,"Medical insurance, Vision insurance, Dental insurance, 401(k), Paid paternity leave, Tuition assistance, Commuter benefits, Disability insurance, Paid maternity leave"
353,"Vision insurance, Medical insurance, Dental insurance, Pension plan"
354,"Medical insurance, 401(k), Commuter benefits"
355,"Medical insurance, Vision insurance, Dental insurance, 401(k), Child care support"
356,"401(k), Student loan assistance"
357,"401(k), Disability insurance, Medical insurance"
358,"Dental insurance, Vision insurance, Medical insurance"
359,"Medical insurance, Vision insurance, Dental insurance, 401(k), Paid maternity leave, Paid paternity leave, Commuter benefits, Tuition assistance"
360,"Medical insurance, Vision insurance, Dental insurance, 401(k), Commuter benefits, Paid maternity leave, Disability insurance, Paid paternity leave"
361,"Medical insurance, Pension plan, Commuter benefits, Disability insurance, Vision insurance, Child care support, Student loan assistance, Dental insurance, Paid maternity leave, Tuition assistance, 401(k), Paid paternity leave"
362,"Medical insurance, Vision insurance, Dental insurance, 401(k), Commuter benefits, Disability insurance, Paid maternity leave, Paid paternity leave"
363,"401(k), Dental insurance, Vision insurance, Medical insurance, Paid maternity leave, Disability insurance, Paid paternity leave"
364,"Medical insurance, Vision insurance, Dental insurance, Pension plan, Tuition assistance"
365,"Medical insurance, Vision insurance, Dental insurance, 401(k), Disability insurance, Tuition assistance, Paid maternity leave"
366,"Medical insurance, Vision insurance, Dental insurance, 401(k), Tuition assistance, Disability insurance, Student loan assistance"
367,"Medical insurance, Vision insurance, Dental insurance, 401(k), Tuition assistance, Paid maternity leave, Paid paternity leave, Disability insurance"
368,"401(k), Medical insurance, Commuter benefits, Vision insurance, Dental insurance, Paid maternity leave, Paid paternity leave, Disability insurance"
369,"Medical insurance, Vision insurance, Dental insurance, 401(k), Paid maternity leave, Child care support, Paid paternity leave"
370,"Medical insurance, 401(k), Commuter benefits, Tuition assistance, Paid maternity leave"
371,"Medical insurance, Vision insurance, Dental insurance, 401(k), Paid paternity leave, Paid maternity leave, Disability insurance, Child care support"
372,"Vision insurance, Medical insurance, Dental insurance, 401(k), Paid paternity leave, Paid maternity leave, Child care support, Commuter benefits, Disability insurance"
373,"Paid paternity leave, Commuter benefits"
374,"Medical insurance, Vision insurance, Dental insurance, 401(k), Paid paternity leave, Tuition assistance, Paid maternity leave"
375,"Medical insurance, Vision insurance, Dental insurance, 401(k), Tuition assistance, Paid maternity leave, Commuter benefits"
376,"Medical insurance, Vision insurance, Dental insurance, 401(k), Pension plan, Student loan assistance, Tuition assistance, Disability insurance"
377,"Medical insurance, Vision insurance, Dental insurance, Paid paternity leave, 401(k), Paid maternity leave, Tuition assistance"
378,"Medical insurance, Vision insurance, Dental insurance, 401(k), Student loan assistance, Commuter benefits, Disability insurance, Pension plan, Tuition assistance"
379,"Medical insurance, Vision insurance, Dental insurance, 401(k), Paid maternity leave, Student loan assistance, Child care support, Commuter benefits, Disability insurance, Paid paternity leave"
380,"Medical insurance, Vision insurance, Dental insurance, 401(k), Paid maternity leave, Tuition assistance, Disability insurance, Paid paternity leave"
381,"Medical insurance, Vision insurance, Dental insurance, Paid paternity leave, Paid maternity leave, Child care support, Pension plan, Commuter benefits, Student loan assistance, Tuition assistance, 401(k), Disability insurance"
382,"401(k), Commuter benefits, Tuition assistance, Disability insurance"
383,"Dental insurance, 401(k), Medical insurance, Vision insurance, Paid maternity leave, Paid paternity leave, Tuition assistance, Disability insurance"
384,"Disability insurance, Medical insurance, Tuition assistance"
385,"Medical insurance, Dental insurance, Vision insurance, 401(k), Tuition assistance, Disability insurance"
386,"Disability insurance, 401(k), Tuition assistance, Commuter benefits"
387,"Medical insurance, Dental insurance, 401(k), Vision insurance, Disability insurance, Student loan assistance"
388,"Medical insurance, Vision insurance, Dental insurance, 401(k), Disability insurance, Paid maternity leave, Pension plan"
389,"Medical insurance, Dental insurance, Vision insurance, Disability insurance, 401(k), Paid maternity leave"
390,"Medical insurance, 401(k), Tuition assistance, Disability insurance"
391,"Medical insurance, Vision insurance, Dental insurance, Tuition assistance, Disability insurance, 401(k), Paid paternity leave, Paid maternity leave, Pension plan"
392,"Vision insurance, Dental insurance"
393,"Medical insurance, Vision insurance, Dental insurance, 401(k), Commuter benefits, Pension plan"
394,"Medical insurance, Vision insurance, Dental insurance, 401(k), Pension plan, Child care support, Paid maternity leave, Paid paternity leave, Commuter benefits, Disability insurance"
395,"401(k), Medical insurance, Vision insurance, Dental insurance, Commuter benefits"
396,"Disability insurance, 401(k), Tuition assistance"
397,"Medical insurance, Vision insurance, Dental insurance, 401(k), Pension plan, Commuter benefits, Tuition assistance"
398,"Vision insurance, Medical insurance, Dental insurance, 401(k), Paid paternity leave, Paid maternity leave, Disability insurance"
399,"Medical insurance, Vision insurance, Dental insurance, Commuter benefits, Student loan assistance, Tuition assistance, 401(k)"
400,"Medical insurance, Vision insurance, Dental insurance, 401(k), Paid maternity leave, Disability insurance, Paid paternity leave, Commuter benefits"
401,"Medical insurance, Vision insurance, Dental insurance, 401(k), Paid paternity leave, Paid maternity leave, Tuition assistance, Child care support, Commuter benefits, Disability insurance"
402,"Medical insurance, Vision insurance, Dental insurance, 401(k), Paid maternity leave, Pension plan, Disability insurance"
403,"Tuition assistance, Vision insurance"
404,"Medical insurance, Vision insurance, Dental insurance, 401(k), Pension plan, Tuition assistance, Disability insurance"
405,"Dental insurance, 401(k), Paid maternity leave, Vision insurance, Medical insurance, Paid paternity leave"
406,"Pension plan, Medical insurance"
407,"Disability insurance, Vision insurance, 401(k)"
408,"Disability insurance, Commuter benefits, Medical insurance"
409,"401(k), Vision insurance, Medical insurance, Dental insurance, Tuition assistance"
410,"Vision insurance, 401(k), Disability insurance, Medical insurance"
411,"Commuter benefits, Disability insurance, Medical insurance"
412,"Vision insurance, Dental insurance, 401(k)"
413,"Medical insurance, Disability insurance, Pension plan"
414,"Dental insurance, Vision insurance, Medical insurance, Paid paternity leave, Disability insurance"
415,"Disability insurance, 401(k), Pension plan, Tuition assistance"
416,"401(k), Paid paternity leave, Paid maternity leave, Medical insurance, Dental insurance, Vision insurance"
417,"401(k), Pension plan, Dental insurance, Tuition assistance"
418,"Vision insurance, Student loan assistance"
419,"401(k), Medical insurance, Vision insurance, Dental insurance, Disability insurance, Paid paternity leave"
420,"Dental insurance, Vision insurance, 401(k), Disability insurance"
421,"Commuter benefits, Medical insurance"
422,"Disability insurance, Paid paternity leave, 401(k)"
423,"401(k), Medical insurance, Pension plan, Tuition assistance, Disability insurance"
424,"Dental insurance, 401(k), Medical insurance, Vision insurance"
425,"Dental insurance, Vision insurance"
426,"Medical insurance, Vision insurance, 401(k), Paid maternity leave, Paid paternity leave, Dental insurance, Commuter benefits, Student loan assistance, Tuition assistance, Disability insurance"
427,"Medical insurance, Vision insurance, 401(k), Paid maternity leave, Paid paternity leave, Disability insurance, Dental insurance, Commuter benefits, Student loan assistance, Tuition assistance"
428,"Vision insurance, 401(k), Paid paternity leave, Dental insurance, Commuter benefits, Student loan assistance, Tuition assistance, Disability insurance"
429,"Commuter benefits, 401(k), Disability insurance, Paid paternity leave"
430,"Vision insurance, 401(k), Paid maternity leave, Paid paternity leave, Dental insurance, Commuter benefits, Student loan assistance, Tuition assistance, Disability insurance"
431,"Medical insurance, Vision insurance, Dental insurance, Paid paternity leave, Paid maternity leave, Pension plan, Commuter benefits, Disability insurance"
432,"Disability insurance, Paid maternity leave"
433,"Medical insurance, Vision insurance, Dental insurance, Paid paternity leave, Paid maternity leave, Disability insurance"
434,"401(k), Vision insurance, Medical insurance"
435,"Paid maternity leave, Vision insurance, 401(k), Disability insurance, Medical insurance"
436,"Medical insurance, Pension plan, Paid maternity leave, Paid paternity leave, 401(k)"
437,"Medical insurance, Vision insurance, Dental insurance, 401(k), Student loan assistance, Commuter benefits, Disability insurance, Tuition assistance"
438,"Medical insurance, Vision insurance, Dental insurance, 401(k), Paid paternity leave, Paid maternity leave, Tuition assistance, Disability insurance, Commuter benefits, Child care support"
439,"Medical insurance, Vision insurance, Dental insurance, 401(k), Child care support, Paid maternity leave, Paid paternity leave, Commuter benefits, Disability insurance, Tuition assistance, Pension plan"
440,"Medical insurance, Vision insurance, Dental insurance, 401(k), Pension plan, Child care support, Paid maternity leave, Paid paternity leave, Commuter benefits, Disability insurance, Tuition assistance"
441,"Medical insurance, Dental insurance, Paid maternity leave, Commuter benefits"
442,"Vision insurance, Medical insurance, Dental insurance, 401(k)"
443,"401(k), Dental insurance, Vision insurance, Medical insurance, Paid maternity leave, Paid paternity leave, Commuter benefits"
444,"401(k), Medical insurance, Dental insurance, Vision insurance, Disability insurance"
445,"401(k), Vision insurance, Commuter benefits, Disability insurance"
446,"Medical insurance, Dental insurance, Vision insurance, 401(k), Paid maternity leave"
447,"Medical insurance, Vision insurance, Dental insurance, 401(k), Child care support, Student loan assistance, Paid maternity leave, Paid paternity leave, Pension plan, Disability insurance, Tuition assistance"
448,"Medical insurance, Vision insurance, Commuter benefits"
449,"Dental insurance, Vision insurance, Medical insurance, Paid maternity leave, Commuter benefits, Paid paternity leave"
450,"Medical insurance, Vision insurance, Dental insurance, 401(k), Student loan assistance, Commuter benefits"
451,"Medical insurance, Vision insurance, Dental insurance, 401(k), Commuter benefits, Tuition assistance, Paid paternity leave, Paid maternity leave"
452,"Disability insurance, Tuition assistance, 401(k)"
453,"Medical insurance, Vision insurance, Dental insurance, 401(k), Paid maternity leave, Pension plan, Child care support, Paid paternity leave, Disability insurance, Tuition assistance"
454,"401(k), Commuter benefits, Disability insurance, Tuition assistance"
455,"Medical insurance, Vision insurance, Dental insurance, 401(k), Paid maternity leave, Child care support, Pension plan, Paid paternity leave, Commuter benefits, Tuition assistance"
456,"Vision insurance, Dental insurance, 401(k), Student loan assistance, Tuition assistance, Medical insurance"
457,"Vision insurance, Disability insurance, Commuter benefits"
458,"Vision insurance, Disability insurance, 401(k), Commuter benefits"
459,"Medical insurance, Vision insurance, Dental insurance, Pension plan, Commuter benefits, Student loan assistance"
460,"Medical insurance, Vision insurance, Dental insurance, 401(k), Child care support, Paid maternity leave, Paid paternity leave, Tuition assistance, Commuter benefits, Disability insurance, Pension plan"
461,"Medical insurance, Pension plan, Commuter benefits, Disability insurance, Vision insurance, Child care support, Dental insurance, Paid maternity leave, Tuition assistance, 401(k), Paid paternity leave"
462,"Vision insurance, Medical insurance, Dental insurance, 401(k), Disability insurance, Commuter benefits"
463,"Medical insurance, Vision insurance, Dental insurance, 401(k), Paid maternity leave, Paid paternity leave, Tuition assistance"
464,"Medical insurance, Vision insurance, Dental insurance, Paid paternity leave, Commuter benefits, Paid maternity leave, 401(k), Tuition assistance, Disability insurance"
465,"Medical insurance, Vision insurance, Dental insurance, 401(k), Tuition assistance, Disability insurance, Commuter benefits, Paid maternity leave, Paid paternity leave"
466,"Medical insurance, Vision insurance, Disability insurance, 401(k)"
467,"Medical insurance, Vision insurance, Dental insurance, 401(k), Commuter benefits, Tuition assistance, Disability insurance"
468,"Paid maternity leave, Paid paternity leave, 401(k)"
469,"Medical insurance, 401(k), Dental insurance, Disability insurance"
470,"Medical insurance, Vision insurance, Dental insurance, 401(k), Disability insurance, Tuition assistance, Paid maternity leave, Paid paternity leave"
471,"Medical insurance, Dental insurance, Vision insurance, Paid maternity leave, Tuition assistance, Student loan assistance, Disability insurance, 401(k), Paid paternity leave, Commuter benefits"
472,"Medical insurance, Vision insurance, Dental insurance, 401(k), Pension plan, Disability insurance, Tuition assistance, Paid paternity leave, Commuter benefits, Child care support, Paid maternity leave, Student loan assistance"
473,"Medical insurance, Vision insurance, Dental insurance, 401(k), Child care support, Paid maternity leave, Paid paternity leave, Commuter benefits, Student loan assistance, Tuition assistance, Disability insurance"
474,"Vision insurance, Medical insurance, Dental insurance, 401(k), Paid maternity leave, Commuter benefits, Disability insurance, Paid paternity leave"
475,"Medical insurance, Vision insurance, Dental insurance, Tuition assistance, 401(k)"
476,"Paid maternity leave, Paid paternity leave, 401(k), Medical insurance, Vision insurance, Dental insurance"
477,"Medical insurance, Dental insurance, 401(k), Paid paternity leave, Vision insurance, Disability insurance, Paid maternity leave"
478,"Medical insurance, Vision insurance, Dental insurance, 401(k), Pension plan, Child care support, Paid maternity leave, Paid paternity leave, Tuition assistance, Commuter benefits, Disability insurance"
479,"Medical insurance, Vision insurance, Dental insurance, 401(k), Pension plan, Paid maternity leave, Paid paternity leave"
480,"Medical insurance, Vision insurance, Dental insurance, Pension plan, Tuition assistance, Student loan assistance, Commuter benefits, Disability insurance"
481,"Medical insurance, Vision insurance, Dental insurance, 401(k), Paid maternity leave, Tuition assistance"
482,"Medical insurance, Vision insurance, Dental insurance, 401(k), Disability insurance, Paid maternity leave, Student loan assistance, Child care support, Paid paternity leave"
483,"Medical insurance, Vision insurance, Dental insurance, 401(k), Paid paternity leave, Paid maternity leave, Student loan assistance, Tuition assistance"
484,"401(k), Dental insurance, Disability insurance, Medical insurance, Vision insurance, Pension plan"
485,"Medical insurance, Vision insurance, Dental insurance, 401(k), Disability insurance, Child care support, Paid maternity leave, Paid paternity leave"
486,"Medical insurance, Vision insurance, Dental insurance, Pension plan, 401(k), Paid paternity leave, Tuition assistance, Disability insurance"
487,"Vision insurance, 401(k), Dental insurance"
488,"Medical insurance, Dental insurance, Vision insurance, 401(k), Paid paternity leave, Paid maternity leave"
489,"Commuter benefits, Paid paternity leave"
490,"Dental insurance, Medical insurance, Vision insurance, 401(k)"
491,"Medical insurance, 401(k), Vision insurance, Disability insurance"
492,"Medical insurance, Vision insurance, Tuition assistance"
493,"Medical insurance, Vision insurance, Dental insurance, Paid maternity leave, 401(k), Paid paternity leave, Disability insurance"
494,"Medical insurance, Disability insurance, 401(k), Pension plan"
495,"Medical insurance, Commuter benefits, Child care support, Vision insurance, Dental insurance, 401(k), Paid maternity leave, Tuition assistance"
496,"Medical insurance, Vision insurance, Dental insurance, 401(k), Pension plan, Disability insurance"
497,"Medical insurance, Vision insurance, Dental insurance, 401(k), Disability insurance, Pension plan"
498,"Medical insurance, Vision insurance, Dental insurance, Child care support, Student loan assistance, Tuition assistance, Disability insurance"
499,"Medical insurance, Vision insurance, Dental insurance, 401(k), Child care support, Paid maternity leave, Paid paternity leave, Disability insurance"
500,"401(k), Pension plan, Commuter benefits"
501,"Medical insurance, Vision insurance, Dental insurance, 401(k), Paid paternity leave, Paid maternity leave, Disability insurance, Commuter benefits"
502,"Medical insurance, Dental insurance, 401(k), Pension plan, Tuition assistance"
503,"Medical insurance, Vision insurance, Dental insurance, 401(k), Paid maternity leave, Paid paternity leave, Tuition assistance, Disability insurance, Commuter benefits"
504,"Medical insurance, Vision insurance, Dental insurance, 401(k), Pension plan, Disability insurance, Tuition assistance, Commuter benefits"
505,"Disability insurance, 401(k), Medical insurance"
506,"Medical insurance, 401(k), Vision insurance"
507,"Medical insurance, Vision insurance, Dental insurance, 401(k), Pension plan, Child care support, Paid maternity leave, Student loan assistance, Commuter benefits, Paid paternity leave, Tuition assistance, Disability insurance"
508,"Medical insurance, Vision insurance, Dental insurance, 401(k), Student loan assistance, Commuter benefits, Paid paternity leave, Child care support, Paid maternity leave, Tuition assistance"
509,"Medical insurance, Vision insurance, Dental insurance, Pension plan, Disability insurance"
510,"Paid maternity leave, Paid paternity leave, Medical insurance, Vision insurance, Dental insurance, 401(k), Tuition assistance, Disability insurance"
511,"401(k), Vision insurance, Commuter benefits"
512,"Paid maternity leave, Vision insurance"
513,"Medical insurance, Vision insurance, Dental insurance, 401(k), Paid paternity leave, Paid maternity leave, Tuition assistance"
514,"401(k), Pension plan, Disability insurance, Tuition assistance"
515,"Disability insurance, Medical insurance, Vision insurance"
516,"Medical insurance, Vision insurance, Dental insurance, Commuter benefits, 401(k)"
517,"Paid maternity leave, 401(k)"
518,"401(k), Disability insurance, Medical insurance, Vision insurance, Dental insurance"
519,"Disability insurance, 401(k), Paid paternity leave"
520,"Disability insurance, Vision insurance"
521,"Medical insurance, Vision insurance, Dental insurance, 401(k), Tuition assistance, Paid paternity leave, Paid maternity leave, Disability insurance"
522,"Vision insurance, Medical insurance, Dental insurance, 401(k), Paid paternity leave, Paid maternity leave, Tuition assistance, Pension plan, Disability insurance"
523,"Medical insurance, Vision insurance, Dental insurance, Paid maternity leave, Paid paternity leave, Pension plan"
524,"401(k), Dental insurance, Paid paternity leave, Disability insurance"
525,"401(k), Dental insurance, Vision insurance, Medical insurance, Paid maternity leave, Paid paternity leave, Disability insurance"
526,"Medical insurance, Vision insurance, Dental insurance, 401(k), Commuter benefits, Disability insurance, Tuition assistance"
527,"Dental insurance, Vision insurance, Medical insurance, 401(k), Paid maternity leave, Disability insurance, Tuition assistance, Student loan assistance, Paid paternity leave"
528,"Paid maternity leave, Vision insurance, 401(k)"
529,"Medical insurance, Vision insurance, Dental insurance, Paid maternity leave, Paid paternity leave, Commuter benefits, Disability insurance"
530,"Medical insurance, Vision insurance, Dental insurance, Pension plan, 401(k), Paid maternity leave, Paid paternity leave, Disability insurance, Tuition assistance"
531,"Pension plan, Commuter benefits"
532,"401(k), Vision insurance, Dental insurance, Disability insurance, Medical insurance"
533,"Medical insurance, Vision insurance, Dental insurance, Paid maternity leave, Tuition assistance, Paid paternity leave, 401(k), Disability insurance"
534,"Medical insurance, Vision insurance, Dental insurance, 401(k), Disability insurance, Paid maternity leave, Commuter benefits"
535,"Medical insurance, Vision insurance, Dental insurance, 401(k), Child care support, Paid maternity leave, Paid paternity leave, Tuition assistance, Disability insurance"
538,"Tuition assistance, Vision insurance, Medical insurance, Dental insurance, 401(k), Paid maternity leave, Disability insurance, Paid paternity leave"
539,"Pension plan, Disability insurance, Dental insurance, Medical insurance, Vision insurance"
540,"Medical insurance, Vision insurance, Dental insurance, 401(k), Tuition assistance, Student loan assistance, Commuter benefits, Disability insurance"
541,"401(k), Medical insurance, Paid maternity leave"
542,"Medical insurance, Vision insurance, 401(k), Dental insurance, Paid maternity leave, Paid paternity leave, Tuition assistance, Disability insurance"
543,"Medical insurance, Vision insurance, Dental insurance, 401(k), Child care support, Tuition assistance, Student loan assistance"
544,"Medical insurance, Dental insurance, 401(k), Disability insurance"
545,"Medical insurance, Pension plan, Vision insurance, Child care support, Dental insurance, Paid maternity leave, 401(k), Disability insurance"
546,"Medical insurance, Dental insurance, Vision insurance, Tuition assistance, Disability insurance"
547,"Medical insurance, Vision insurance, Dental insurance, 401(k), Paid paternity leave, Tuition assistance, Paid maternity leave, Disability insurance"
548,"Medical insurance, Tuition assistance, Vision insurance, Dental insurance, 401(k)"
549,"Medical insurance, Vision insurance, Dental insurance, 401(k), Tuition assistance, Student loan assistance, Disability insurance, Paid paternity leave, Paid maternity leave"
550,"Medical insurance, Vision insurance, Dental insurance, 401(k), Commuter benefits, Student loan assistance, Tuition assistance, Disability insurance"
551,"Medical insurance, Dental insurance, 401(k), Vision insurance, Paid maternity leave, Paid paternity leave"
552,"Vision insurance, Dental insurance, Medical insurance, Paid maternity leave, Paid paternity leave, Disability insurance"
553,"Disability insurance, 401(k), Medical insurance, Pension plan"
554,"Vision insurance, Medical insurance, Disability insurance, 401(k)"
555,"Medical insurance, Vision insurance, Dental insurance, 401(k), Tuition assistance, Paid maternity leave, Child care support, Commuter benefits"
556,"Medical insurance, Vision insurance, Dental insurance, 401(k), Paid paternity leave, Paid maternity leave, Child care support, Pension plan, Commuter benefits, Tuition assistance, Disability insurance"
557,"Paid maternity leave, Disability insurance"
558,"Vision insurance, 401(k), Dental insurance, Medical insurance"
559,"Medical insurance, Vision insurance, Dental insurance, 401(k), Paid paternity leave, Paid maternity leave, Child care support, Tuition assistance, Commuter benefits, Disability insurance"
560,"Disability insurance, 401(k), Dental insurance, Medical insurance, Vision insurance"
561,"Medical insurance, Vision insurance, 401(k), Dental insurance, Commuter benefits"
562,"Medical insurance, Pension plan, Commuter benefits, Disability insurance, Student loan assistance, Tuition assistance, Paid paternity leave, 401(k), Dental insurance, Vision insurance, Child care support, Paid maternity leave"
563,"Dental insurance, 401(k), Medical insurance, Vision insurance, Paid maternity leave, Tuition assistance, Disability insurance"
564,"401(k), Commuter benefits, Vision insurance"
565,"Medical insurance, Vision insurance, Dental insurance, Tuition assistance, Paid paternity leave, 401(k), Paid maternity leave, Disability insurance"
566,"Medical insurance, Vision insurance, Dental insurance, 401(k), Child care support, Disability insurance, Paid maternity leave, Paid paternity leave"
567,"Medical insurance, Disability insurance, 401(k), Commuter benefits"
568,"Medical insurance, Vision insurance, Dental insurance, Disability insurance, Tuition assistance"
569,"401(k), Vision insurance, Paid paternity leave"
570,"Disability insurance, Dental insurance"
571,"Medical insurance, Vision insurance, Dental insurance, 401(k), Paid paternity leave, Paid maternity leave, Student loan assistance, Commuter benefits, Disability insurance"
572,"Vision insurance, Paid maternity leave, 401(k)"
573,"Vision insurance, Pension plan, Disability insurance"
574,"Medical insurance, Vision insurance, Dental insurance, Disability insurance, 401(k), Paid maternity leave"
575,"401(k), Medical insurance, Vision insurance, Dental insurance, Paid maternity leave, Paid paternity leave"
576,"Medical insurance, 401(k), Paid maternity leave"
577,"Medical insurance, Vision insurance, Dental insurance, 401(k), Paid maternity leave, Child care support, Pension plan, Paid paternity leave, Commuter benefits, Student loan assistance, Disability insurance, Tuition assistance"
578,"Medical insurance, Vision insurance, Dental insurance, 401(k), Pension plan, Child care support, Paid maternity leave, Paid paternity leave"
579,"Medical insurance, Vision insurance, 401(k), Dental insurance, Paid maternity leave, Paid paternity leave, Tuition assistance, Student loan assistance, Disability insurance, Commuter benefits"
580,"Medical insurance, 401(k), Pension plan"
581,"Vision insurance, 401(k), Commuter benefits, Paid maternity leave, Paid paternity leave"
582,"401(k), Medical insurance, Vision insurance, Dental insurance, Paid maternity leave, Paid paternity leave, Student loan assistance, Tuition assistance, Disability insurance"
583,"401(k), Dental insurance, Vision insurance, Medical insurance, Disability insurance, Paid paternity leave, Paid maternity leave, Commuter benefits"
584,"Dental insurance, 401(k), Medical insurance, Disability insurance"
585,"Medical insurance, Vision insurance, Dental insurance, 401(k), Paid paternity leave, Paid maternity leave, Tuition assistance, Commuter benefits"
586,"Medical insurance, Vision insurance, Dental insurance, 401(k), Tuition assistance, Pension plan"
587,"Medical insurance, Disability insurance, Paid maternity leave"
588,"Medical insurance, Vision insurance, Dental insurance, 401(k), Paid maternity leave, Tuition assistance, Student loan assistance, Paid paternity leave"
589,"Medical insurance, Vision insurance, Dental insurance, 401(k), Tuition assistance, Paid maternity leave, Commuter benefits, Paid paternity leave, Disability insurance"
590,"Dental insurance, 401(k), Vision insurance, Commuter benefits, Disability insurance, Medical insurance"
591,"Medical insurance, Vision insurance, Dental insurance, 401(k), Paid maternity leave, Child care support, Tuition assistance, Paid paternity leave"
592,"Medical insurance, Vision insurance, Dental insurance, 401(k), Paid maternity leave, Paid paternity leave, Child care support, Disability insurance, Tuition assistance"
593,"Medical insurance, Vision insurance, Dental insurance, 401(k), Pension plan, Paid maternity leave, Student loan assistance, Disability insurance"
594,"Vision insurance, Medical insurance, Dental insurance, 401(k), Student loan assistance, Disability insurance"
595,"Medical insurance, Vision insurance, Dental insurance, 401(k), Paid maternity leave, Paid paternity leave, Tuition assistance, Student loan assistance"
596,"Medical insurance, Vision insurance, Dental insurance, 401(k), Disability insurance, Paid paternity leave, Paid maternity leave"
597,"401(k), Medical insurance, Commuter benefits"
598,"Medical insurance, Vision insurance, Dental insurance, 401(k), Student loan assistance, Tuition assistance, Paid maternity leave, Paid paternity leave"
599,"Medical insurance, Vision insurance, Paid maternity leave, Dental insurance, 401(k), Pension plan, Paid paternity leave, Tuition assistance, Disability insurance"
600,"Vision insurance, 401(k), Medical insurance, Disability insurance"
601,"Medical insurance, Dental insurance, Vision insurance, 401(k), Paid maternity leave, Tuition assistance, Disability insurance"
602,"Medical insurance, Pension plan, Paid paternity leave, Tuition assistance, Disability insurance, Commuter benefits, Child care support, Vision insurance, Dental insurance, Paid maternity leave, Student loan assistance, 401(k)"
603,"401(k), Vision insurance, Commuter benefits, Student loan assistance, Disability insurance"
604,"Medical insurance, Vision insurance, Dental insurance, 401(k), Child care support, Paid maternity leave, Paid paternity leave, Commuter benefits, Tuition assistance"
605,"Medical insurance, Dental insurance, Paid maternity leave, Pension plan, Tuition assistance, Paid paternity leave, Disability insurance"
606,"401(k), Tuition assistance, Student loan assistance"
607,"Vision insurance, Dental insurance, Medical insurance"
608,"Tuition assistance, Medical insurance, Dental insurance, 401(k)"
609,"Medical insurance, 401(k), Tuition assistance, Commuter benefits"
610,"401(k), Pension plan, Vision insurance"
611,"Medical insurance, Dental insurance, Vision insurance, Paid maternity leave, 401(k), Paid paternity leave, Disability insurance"
612,"Medical insurance, Dental insurance, 401(k), Vision insurance, Disability insurance, Paid maternity leave"
613,"Medical insurance, Vision insurance, Dental insurance, Paid maternity leave, Tuition assistance"
614,"Medical insurance, Vision insurance, Dental insurance, 401(k), Disability insurance, Tuition assistance, Paid paternity leave, Paid maternity leave"
615,"Medical insurance, Dental insurance, 401(k), Paid maternity leave, Paid paternity leave, Tuition assistance"
616,"Medical insurance, Vision insurance, Dental insurance, 401(k), Paid maternity leave, Student loan assistance, Disability insurance, Commuter benefits, Child care support, Pension plan, Paid paternity leave, Tuition assistance"
617,"401(k), Tuition assistance, Medical insurance, Vision insurance, Dental insurance"
618,"Dental insurance, 401(k), Vision insurance"
619,"Medical insurance, Dental insurance, Vision insurance, 401(k), Paid maternity leave, Paid paternity leave, Commuter benefits"
620,"401(k), Commuter benefits, Medical insurance, Disability insurance"
621,"Medical insurance, Vision insurance, Dental insurance, Child care support, Paid maternity leave, Paid paternity leave, Tuition assistance, Commuter benefits, Disability insurance"
622,"Medical insurance, Vision insurance, Dental insurance, 401(k), Student loan assistance, Disability insurance"
623,"Medical insurance, Vision insurance, 401(k), Tuition assistance, Disability insurance, Pension plan, Dental insurance, Paid maternity leave"
624,"Medical insurance, Vision insurance, Dental insurance, 401(k), Pension plan, Paid maternity leave, Paid paternity leave, Disability insurance, Student loan assistance"
625,"Medical insurance, Dental insurance, 401(k), Paid maternity leave, Disability insurance, Vision insurance"
626,"Medical insurance, Vision insurance, 401(k), Paid maternity leave, Dental insurance, Tuition assistance"
627,"Medical insurance, Vision insurance, Dental insurance, 401(k), Commuter benefits, Child care support, Disability insurance"
628,"Medical insurance, 401(k), Disability insurance, Vision insurance, Dental insurance"
629,"Medical insurance, Vision insurance, Dental insurance, 401(k), Paid paternity leave, Paid maternity leave, Disability insurance, Tuition assistance"
630,"Medical insurance, Vision insurance, 401(k), Paid maternity leave, Paid paternity leave, Tuition assistance, Commuter benefits, Disability insurance, Dental insurance"
631,"Medical insurance, Vision insurance, Dental insurance, 401(k), Paid maternity leave, Paid paternity leave, Child care support, Disability insurance"
632,"Vision insurance, Commuter benefits, Tuition assistance, Disability insurance"
633,"Vision insurance, 401(k), Disability insurance, Commuter benefits"
634,"Disability insurance, 401(k), Student loan assistance, Commuter benefits"
635,"Medical insurance, Vision insurance, Dental insurance, Pension plan, Student loan assistance, Tuition assistance, Disability insurance"
636,"Student loan assistance, Disability insurance, Medical insurance, Vision insurance, Dental insurance, 401(k)"
637,"401(k), Paid maternity leave, Tuition assistance"
638,"Vision insurance, Dental insurance, Medical insurance, 401(k), Disability insurance"
639,"Medical insurance, Vision insurance, Dental insurance, 401(k), Disability insurance, Commuter benefits, Paid paternity leave, Paid maternity leave"
640,"401(k), Dental insurance, Medical insurance, Vision insurance, Disability insurance, Student loan assistance"
641,"Medical insurance, Tuition assistance, Disability insurance"
642,"Pension plan, Medical insurance, Dental insurance, Vision insurance, Disability insurance"
643,"Medical insurance, Vision insurance, Dental insurance, 401(k), Paid maternity leave, Paid paternity leave, Tuition assistance, Commuter benefits, Disability insurance"
644,"Medical insurance, Vision insurance, Dental insurance, 401(k), Pension plan, Paid maternity leave, Paid paternity leave, Tuition assistance, Student loan assistance, Commuter benefits, Disability insurance"
645,"401(k), Medical insurance, Vision insurance, Dental insurance, Commuter benefits, Disability insurance"
646,"401(k), Commuter benefits, Tuition assistance"
647,"Medical insurance, Vision insurance, Dental insurance, 401(k), Paid maternity leave, Tuition assistance, Disability insurance, Commuter benefits"
648,"Medical insurance, Paid maternity leave, Vision insurance, Dental insurance, 401(k), Commuter benefits"
649,"Medical insurance, Pension plan, Vision insurance, Dental insurance, 401(k), Paid maternity leave, Paid paternity leave, Disability insurance"
650,"Medical insurance, Vision insurance, Dental insurance, Paid maternity leave, Paid paternity leave, Disability insurance, 401(k)"
651,"Medical insurance, Vision insurance, Dental insurance, Pension plan, Paid maternity leave, Paid paternity leave, Commuter benefits, Disability insurance, 401(k)"
652,"Medical insurance, Paid paternity leave, Tuition assistance, Disability insurance, Commuter benefits, Child care support, Vision insurance, Dental insurance, Paid maternity leave, Student loan assistance"
653,"401(k), Tuition assistance, Paid maternity leave, Vision insurance"
654,"Dental insurance, Vision insurance, Medical insurance, Paid maternity leave, Paid paternity leave"
655,"401(k), Medical insurance, Disability insurance, Vision insurance, Dental insurance"
656,"Medical insurance, Vision insurance, Dental insurance, 401(k), Paid paternity leave, Paid maternity leave, Child care support, Commuter benefits, Disability insurance, Tuition assistance"
657,"Medical insurance, Pension plan, Child care support, Vision insurance, Dental insurance, Paid maternity leave, 401(k), Paid paternity leave"
658,"Disability insurance, 401(k), Vision insurance"
659,"Medical insurance, 401(k), Dental insurance, Vision insurance, Paid maternity leave, Paid paternity leave"
660,"401(k), Pension plan, Tuition assistance"
661,"401(k), Paid paternity leave, Commuter benefits"
662,"Medical insurance, Commuter benefits, 401(k)"
663,"Medical insurance, Vision insurance, Dental insurance, 401(k), Child care support, Tuition assistance"
664,"Medical insurance, Vision insurance, Dental insurance, 401(k), Child care support, Paid maternity leave, Paid paternity leave, Student loan assistance, Tuition assistance"
665,"Medical insurance, Vision insurance, Dental insurance, Disability insurance, 401(k), Tuition assistance"
666,"401(k), Pension plan, Dental insurance, Medical insurance, Vision insurance"
667,"401(k), Dental insurance, Vision insurance, Medical insurance, Student loan assistance, Disability insurance"
668,"Paid maternity leave, 401(k), Tuition assistance, Vision insurance, Medical insurance"
669,"Dental insurance, Pension plan"
670,"401(k), Medical insurance, Tuition assistance, Disability insurance"
671,"Medical insurance, Disability insurance, Tuition assistance, 401(k), Dental insurance, Vision insurance"
672,"Medical insurance, Vision insurance, Dental insurance, 401(k), Paid maternity leave, Paid paternity leave, Student loan assistance, Disability insurance, Tuition assistance"
673,"401(k), Dental insurance, Medical insurance, Tuition assistance, Vision insurance"
674,"Medical insurance, Vision insurance, Dental insurance, 401(k), Paid paternity leave"
675,"Medical insurance, Vision insurance, Dental insurance, 401(k), Tuition assistance, Paid paternity leave, Pension plan, Child care support, Commuter benefits, Disability insurance, Student loan assistance, Paid maternity leave"
676,"401(k), Medical insurance, Pension plan"
677,"401(k), Paid paternity leave, Medical insurance, Disability insurance"
678,"Medical insurance, Vision insurance, Dental insurance, Paid paternity leave, Disability insurance, Paid maternity leave"
679,"401(k), Disability insurance, Commuter benefits"
680,"Medical insurance, Vision insurance, 401(k), Child care support, Paid maternity leave, Commuter benefits, Disability insurance, Dental insurance"
681,"Medical insurance, Dental insurance, Disability insurance, 401(k), Vision insurance"
682,"Medical insurance, Vision insurance, Dental insurance, 401(k), Paid maternity leave, Child care support, Paid paternity leave, Commuter benefits, Disability insurance, Tuition assistance"
683,"Medical insurance, Vision insurance, Pension plan, 401(k), Dental insurance, Child care support, Paid paternity leave, Student loan assistance, Disability insurance, Commuter benefits, Paid maternity leave"
684,"Medical insurance, 401(k), Dental insurance, Tuition assistance"
685,"Medical insurance, Vision insurance, Dental insurance, 401(k), Tuition assistance, Disability insurance, Paid maternity leave"
686,"Medical insurance, Vision insurance, Dental insurance, 401(k), Tuition assistance, Student loan assistance, Disability insurance"
687,"Vision insurance, Dental insurance, Medical insurance, 401(k), Commuter benefits"
688,"Medical insurance, Vision insurance, Dental insurance, 401(k), Paid maternity leave, Disability insurance, Tuition assistance"
689,"Medical insurance, Vision insurance, Dental insurance, 401(k), Disability insurance, Pension plan, Child care support"
690,"Medical insurance, 401(k), Dental insurance, Tuition assistance, Pension plan, Student loan assistance, Disability insurance, Paid maternity leave, Vision insurance, Paid paternity leave, Child care support"
691,"Medical insurance, Paid paternity leave, Paid maternity leave, Commuter benefits, Disability insurance, Dental insurance, Vision insurance, Tuition assistance, 401(k)"
692,"Medical insurance, Vision insurance, Dental insurance, 401(k), Commuter benefits, Student loan assistance, Tuition assistance"
693,"Medical insurance, Vision insurance, Dental insurance, Pension plan"
694,"Medical insurance, Vision insurance, Dental insurance, 401(k), Tuition assistance, Disability insurance, Commuter benefits"
695,"Medical insurance, Pension plan, Vision insurance, Child care support, Paid maternity leave, Dental insurance, 401(k), Student loan assistance, Commuter benefits, Paid paternity leave, Tuition assistance, Disability insurance"
696,"Commuter benefits, Tuition assistance, 401(k)"
697,"Dental insurance, 401(k), Disability insurance, Commuter benefits"
698,"Dental insurance, Vision insurance, Medical insurance, Pension plan, Disability insurance, Tuition assistance, Paid maternity leave, Paid paternity leave"
699,"Medical insurance, Dental insurance, Tuition assistance"
700,"Medical insurance, Vision insurance, Dental insurance, 401(k), Paid paternity leave, Commuter benefits"
701,"Medical insurance, Dental insurance, 401(k), Disability insurance, Commuter benefits, Paid maternity leave, Paid paternity leave, Vision insurance"
702,"Medical insurance, Dental insurance, 401(k), Vision insurance, Paid maternity leave, Tuition assistance"
703,"Vision insurance, Dental insurance, 401(k), Paid maternity leave, Paid paternity leave"
704,"Medical insurance, Vision insurance, Disability insurance, Dental insurance, 401(k)"
705,"Medical insurance, 401(k), Dental insurance, Vision insurance, Tuition assistance"
706,"Pension plan, Medical insurance, Vision insurance, Paid maternity leave, Dental insurance, 401(k)"
707,"Medical insurance, Pension plan, Paid paternity leave, Child care support, Vision insurance, Dental insurance, Paid maternity leave, 401(k), Student loan assistance, Commuter benefits, Disability insurance, Tuition assistance"
708,"401(k), Medical insurance, Tuition assistance"
709,"Medical insurance, Vision insurance, Dental insurance, Tuition assistance, Disability insurance"
710,"Medical insurance, Vision insurance, Dental insurance, Pension plan, Paid maternity leave, Tuition assistance, Disability insurance"
711,"Medical insurance, Vision insurance, Dental insurance, Commuter benefits, Disability insurance, Paid maternity leave, Paid paternity leave"
712,"Medical insurance, Vision insurance, Dental insurance, 401(k), Pension plan, Child care support"
713,"Medical insurance, Vision insurance, Dental insurance, 401(k), Pension plan, Disability insurance, Paid maternity leave, Paid paternity leave"
714,"Paid paternity leave, 401(k), Tuition assistance"
715,"Medical insurance, Vision insurance, Dental insurance, 401(k), Disability insurance, Paid maternity leave, Tuition assistance, Paid paternity leave"
716,"401(k), Dental insurance, Vision insurance, Medical insurance, Commuter benefits, Disability insurance"
717,"Tuition assistance, Disability insurance, Dental insurance"
718,"Medical insurance, Vision insurance, Dental insurance, 401(k), Tuition assistance, Child care support"
719,"Medical insurance, Dental insurance, 401(k), Paid maternity leave, Paid paternity leave"
720,"Medical insurance, Vision insurance, Dental insurance, Paid paternity leave, Paid maternity leave, 401(k)"
721,"Vision insurance, Dental insurance, Medical insurance, Disability insurance"
722,"Disability insurance, Commuter benefits, Pension plan, Medical insurance, Vision insurance, Child care support, Student loan assistance, Tuition assistance, Paid maternity leave, Dental insurance, 401(k), Paid paternity leave"
723,"Medical insurance, Dental insurance, Disability insurance, 401(k), Tuition assistance"
724,"Medical insurance, Vision insurance, Dental insurance, Pension plan, Tuition assistance, Disability insurance"
725,"Vision insurance, Disability insurance, Medical insurance"
726,"401(k), Dental insurance, Tuition assistance"
727,"401(k), Medical insurance, Vision insurance, Dental insurance, Paid paternity leave, Paid maternity leave, Disability insurance"
728,"Medical insurance, Vision insurance, 401(k), Dental insurance, Tuition assistance, Disability insurance"
729,"Medical insurance, Vision insurance, Dental insurance, 401(k), Pension plan, Disability insurance, Tuition assistance"
730,"Medical insurance, Vision insurance, Dental insurance, 401(k), Paid maternity leave, Disability insurance, Tuition assistance, Paid paternity leave"
731,"Vision insurance, Tuition assistance, 401(k)"
732,"Dental insurance, 401(k), Commuter benefits"
733,"401(k), Paid paternity leave, Disability insurance"
734,"Dental insurance, Medical insurance, 401(k)"
735,"Medical insurance, Vision insurance, Dental insurance, Paid paternity leave, Paid maternity leave"
736,"401(k), Dental insurance, Pension plan"
737,"Medical insurance, 401(k), Dental insurance, Paid paternity leave, Paid maternity leave, Disability insurance"
738,"Medical insurance, Vision insurance, Dental insurance, Pension plan, Disability insurance, Commuter benefits"
739,"Medical insurance, Vision insurance, Dental insurance, Tuition assistance"
740,"Medical insurance, Vision insurance, Dental insurance, Pension plan, Child care support, Paid maternity leave, Paid paternity leave, Student loan assistance, Tuition assistance, Disability insurance"
741,"Tuition assistance, Dental insurance, Disability insurance"
742,"Medical insurance, Vision insurance, 401(k), Paid maternity leave, Dental insurance, Paid paternity leave, Commuter benefits, Disability insurance"
743,"401(k), Dental insurance, Vision insurance, Medical insurance, Tuition assistance"
744,"Medical insurance, Vision insurance, Dental insurance, 401(k), Pension plan, Paid maternity leave, Paid paternity leave, Commuter benefits, Disability insurance"
745,"Vision insurance, Medical insurance, Dental insurance"
746,"Medical insurance, Disability insurance, Paid maternity leave, Dental insurance, 401(k), Vision insurance, Tuition assistance, Paid paternity leave"
747,"Medical insurance, Paid maternity leave, Pension plan, Paid paternity leave, Dental insurance, Vision insurance"
748,"Medical insurance, Vision insurance, Dental insurance, 401(k), Pension plan, Paid maternity leave, Disability insurance"
749,"Vision insurance, Dental insurance, 401(k), Medical insurance, Student loan assistance, Tuition assistance, Disability insurance, Paid paternity leave, Paid maternity leave"
750,"Medical insurance, Vision insurance, Dental insurance, 401(k), Pension plan, Tuition assistance, Disability insurance, Paid maternity leave, Paid paternity leave"
751,"Medical insurance, Vision insurance, Dental insurance, 401(k), Paid paternity leave, Paid maternity leave, Tuition assistance, Commuter benefits, Disability insurance, Pension plan"
752,"Medical insurance, Vision insurance, Dental insurance, Paid maternity leave, Paid paternity leave, Tuition assistance, Disability insurance, Student loan assistance, 401(k)"
753,"Medical insurance, Pension plan, Disability insurance, Tuition assistance, Student loan assistance, Vision insurance, Dental insurance, Paid maternity leave, Paid paternity leave"
754,"Vision insurance, Dental insurance, Medical insurance, Pension plan"
755,"Medical insurance, Dental insurance, 401(k), Vision insurance, Disability insurance, Tuition assistance"
756,"Medical insurance, Vision insurance, Dental insurance, 401(k), Tuition assistance, Paid paternity leave, Paid maternity leave"
757,"Medical insurance, Tuition assistance, Paid maternity leave, Child care support, Commuter benefits, Dental insurance"
758,"Medical insurance, Paid maternity leave, Dental insurance, 401(k), Vision insurance, Pension plan, Tuition assistance"
759,"Medical insurance, Vision insurance, Dental insurance, 401(k), Paid paternity leave, Paid maternity leave, Tuition assistance, Commuter benefits, Disability insurance"
760,"Tuition assistance, Student loan assistance, Medical insurance"
761,"Medical insurance, Vision insurance, Dental insurance, 401(k), Pension plan, Paid maternity leave, Commuter benefits, Tuition assistance, Disability insurance"
762,"Medical insurance, Vision insurance, Dental insurance, Pension plan, 401(k), Paid maternity leave, Commuter benefits, Tuition assistance, Disability insurance"
763,"Medical insurance, Vision insurance, Dental insurance, Pension plan, Child care support, Paid maternity leave, Paid paternity leave, Commuter benefits, Tuition assistance, Disability insurance"
764,"Medical insurance, Vision insurance, Dental insurance, Paid maternity leave"
765,"Vision insurance, Tuition assistance, Disability insurance"
766,"Medical insurance, Vision insurance, Dental insurance, Pension plan, Child care support, Paid maternity leave, Paid paternity leave"
767,"Medical insurance, Vision insurance, Dental insurance, 401(k), Paid paternity leave, Paid maternity leave, Student loan assistance, Tuition assistance, Disability insurance"
768,"Medical insurance, Pension plan, Dental insurance"
769,"Medical insurance, Dental insurance, 401(k), Tuition assistance, Vision insurance"
770,"Medical insurance, Vision insurance, Dental insurance, Tuition assistance, Disability insurance, 401(k)"
771,"Medical insurance, Vision insurance, Dental insurance, Paid maternity leave, Paid paternity leave, Tuition assistance, 401(k), Student loan assistance, Disability insurance"
772,"Medical insurance, Vision insurance, Dental insurance, 401(k), Pension plan, Disability insurance, Paid maternity leave, Paid paternity leave, Commuter benefits, Tuition assistance"
773,"Medical insurance, Vision insurance, Dental insurance, 401(k), Disability insurance, Commuter benefits, Tuition assistance"
774,"Commuter benefits, 401(k), Paid paternity leave, Disability insurance"
775,"401(k), Tuition assistance, Vision insurance"
776,"Medical insurance, Vision insurance, Dental insurance, Pension plan, Paid maternity leave, Commuter benefits, Tuition assistance, Disability insurance, 401(k)"
777,"Dental insurance, Vision insurance, Disability insurance, 401(k)"
778,"Medical insurance, Vision insurance, Dental insurance, 401(k), Student loan assistance, Tuition assistance, Child care support"
779,"Medical insurance, Vision insurance, Dental insurance, Paid maternity leave, 401(k)"
780,"Medical insurance, 401(k), Paid maternity leave, Vision insurance, Dental insurance"
781,"Medical insurance, Vision insurance, Dental insurance, 401(k), Paid maternity leave, Commuter benefits, Disability insurance, Tuition assistance, Paid paternity leave"
782,"Vision insurance, Paid maternity leave, Student loan assistance"
783,"Pension plan, Tuition assistance"
784,"Medical insurance, Vision insurance, Dental insurance, 401(k), Tuition assistance, Commuter benefits, Disability insurance"
785,"Medical insurance, Vision insurance, Dental insurance, 401(k), Paid maternity leave, Commuter benefits"
786,"Vision insurance, Dental insurance, 401(k), Medical insurance, Paid maternity leave, Paid paternity leave, Commuter benefits"
787,"Dental insurance, 401(k), Vision insurance, Medical insurance, Paid paternity leave, Tuition assistance"
788,"Vision insurance, Pension plan"
789,"Paid paternity leave, Paid maternity leave, Commuter benefits, Medical insurance, Vision insurance, Dental insurance"
790,"Medical insurance, Vision insurance, Dental insurance, 401(k), Paid maternity leave, Student loan assistance, Commuter benefits, Child care support, Pension plan, Paid paternity leave, Tuition assistance, Disability insurance"
791,"Disability insurance, 401(k), Medical insurance, Vision insurance"
792,Student loan assistance
793,"Medical insurance, 401(k), Dental insurance, Vision insurance, Disability insurance, Tuition assistance"
794,"Medical insurance, 401(k), Tuition assistance, Dental insurance, Vision insurance"
795,"Medical insurance, Vision insurance, Dental insurance, Pension plan, Commuter benefits, Disability insurance"
796,"Vision insurance, 401(k), Disability insurance, Dental insurance, Medical insurance"
797,"Medical insurance, Vision insurance, Dental insurance, 401(k), Disability insurance, Tuition assistance, Commuter benefits"
798,"401(k), Dental insurance, Vision insurance, Medical insurance, Paid maternity leave, Commuter benefits, Paid paternity leave"
799,"Medical insurance, Vision insurance, Dental insurance, 401(k), Paid maternity leave, Tuition assistance, Disability insurance, Student loan assistance"
800,"Medical insurance, Pension plan, Commuter benefits, Disability insurance, Tuition assistance, Paid paternity leave, 401(k), Dental insurance, Paid maternity leave, Vision insurance"
801,"Medical insurance, Vision insurance, Dental insurance, Paid paternity leave, Paid maternity leave, Disability insurance, 401(k)"
802,"401(k), Dental insurance, Disability insurance, Medical insurance"
803,"Medical insurance, Child care support"
804,"Medical insurance, Vision insurance, Dental insurance, 401(k), Disability insurance, Child care support"
805,"Dental insurance, Vision insurance, Medical insurance, Pension plan"
806,"401(k), Medical insurance, Vision insurance, Dental insurance, Paid maternity leave, Paid paternity leave, Disability insurance, Commuter benefits"
807,"Medical insurance, Vision insurance, Dental insurance, Child care support, Paid maternity leave, Paid paternity leave, Tuition assistance, Disability insurance"
808,"401(k), Paid maternity leave, Tuition assistance, Disability insurance"
809,"Medical insurance, Vision insurance, Dental insurance, 401(k), Paid maternity leave, Commuter benefits, Pension plan, Child care support, Disability insurance"
920,"401(k), Dental insurance, Vision insurance, Medical insurance, Disability insurance, Paid maternity leave"
810,"Medical insurance, Vision insurance, Dental insurance, 401(k), Pension plan, Tuition assistance, Commuter benefits, Child care support, Paid paternity leave, Paid maternity leave, Disability insurance"
811,"Medical insurance, Dental insurance, Disability insurance, 401(k)"
812,"Medical insurance, Dental insurance, Vision insurance, 401(k), Tuition assistance"
813,"Medical insurance, Dental insurance, 401(k), Pension plan, Paid maternity leave, Paid paternity leave, Tuition assistance"
814,"Medical insurance, 401(k), Commuter benefits, Dental insurance, Vision insurance"
815,"401(k), Paid maternity leave, Paid paternity leave, Vision insurance, Dental insurance, Medical insurance, Tuition assistance"
816,"Medical insurance, Vision insurance, Dental insurance, 401(k), Paid maternity leave, Paid paternity leave, Student loan assistance"
817,"Tuition assistance, Dental insurance, Vision insurance, Disability insurance, Medical insurance"
818,"Medical insurance, Vision insurance, Dental insurance, 401(k), Paid maternity leave, Disability insurance, Paid paternity leave"
819,"Medical insurance, Vision insurance, 401(k), Paid paternity leave, Paid maternity leave, Dental insurance"
820,"Medical insurance, Paid paternity leave, Tuition assistance, Disability insurance, Paid maternity leave, Vision insurance, Dental insurance, 401(k)"
821,"Medical insurance, 401(k), Paid paternity leave, Paid maternity leave"
822,"Medical insurance, Vision insurance, Dental insurance, Paid maternity leave, Commuter benefits, Paid paternity leave"
823,"401(k), Pension plan, Tuition assistance, Student loan assistance"
824,"Medical insurance, Vision insurance, 401(k), Dental insurance, Paid maternity leave, Paid paternity leave, Disability insurance"
825,"Disability insurance, Tuition assistance, Dental insurance, 401(k), Vision insurance, Medical insurance"
826,"Medical insurance, Vision insurance, Dental insurance, Pension plan, Paid maternity leave, Paid paternity leave, Commuter benefits, Disability insurance"
827,"Vision insurance, Medical insurance, Pension plan, Dental insurance, 401(k)"
828,"Medical insurance, Vision insurance, Dental insurance, 401(k), Pension plan, Child care support, Paid maternity leave, Paid paternity leave, Disability insurance, Commuter benefits"
829,"Medical insurance, Vision insurance, Dental insurance, Paid paternity leave, 401(k), Disability insurance, Tuition assistance"
830,"Medical insurance, Vision insurance, Dental insurance, 401(k), Pension plan, Child care support, Paid maternity leave, Commuter benefits, Disability insurance"
831,"Medical insurance, Vision insurance, Dental insurance, Paid paternity leave, Paid maternity leave, Tuition assistance, Student loan assistance, Pension plan"
832,"Medical insurance, Pension plan, Commuter benefits, Disability insurance, Vision insurance, Dental insurance, Paid paternity leave, Paid maternity leave, Child care support, Tuition assistance, Student loan assistance"
833,"Dental insurance, 401(k), Vision insurance, Medical insurance, Tuition assistance, Disability insurance"
834,"Medical insurance, Vision insurance, Dental insurance, 401(k), Child care support, Paid maternity leave, Paid paternity leave, Student loan assistance, Tuition assistance, Disability insurance"
835,"Vision insurance, Dental insurance, 401(k), Medical insurance, Tuition assistance, Disability insurance"
836,"Medical insurance, Commuter benefits, Vision insurance, Dental insurance, 401(k)"
837,"Medical insurance, Dental insurance, 401(k), Vision insurance, Pension plan, Paid maternity leave, Tuition assistance"
838,"Medical insurance, Vision insurance, Dental insurance, Paid maternity leave, Disability insurance, Commuter benefits, Paid paternity leave"
839,"Medical insurance, 401(k), Vision insurance, Tuition assistance"
840,"Commuter benefits, Disability insurance, 401(k)"
841,"401(k), Medical insurance, Vision insurance, Dental insurance, Paid paternity leave, Tuition assistance, Disability insurance, Paid maternity leave"
842,"Medical insurance, Dental insurance, Vision insurance, 401(k), Paid maternity leave, Paid paternity leave"
843,"Vision insurance, Dental insurance, 401(k), Tuition assistance, Medical insurance, Paid paternity leave, Paid maternity leave, Disability insurance"
844,"Medical insurance, Vision insurance, Dental insurance, 401(k), Student loan assistance, Pension plan, Tuition assistance"
845,"Medical insurance, Pension plan, Disability insurance"
846,"Medical insurance, Vision insurance, Dental insurance, 401(k), Paid paternity leave, Paid maternity leave, Tuition assistance, Student loan assistance, Disability insurance"
847,"401(k), Vision insurance, Disability insurance, Commuter benefits"
848,"Medical insurance, Dental insurance, 401(k), Paid maternity leave, Tuition assistance"
849,"Dental insurance, Pension plan, Disability insurance"
850,"Medical insurance, Vision insurance, Dental insurance, 401(k), Pension plan, Paid maternity leave, Paid paternity leave, Disability insurance, Tuition assistance"
851,"Medical insurance, Vision insurance, Dental insurance, 401(k), Pension plan, Paid maternity leave, Paid paternity leave, Commuter benefits, Student loan assistance, Disability insurance"
852,"Medical insurance, Vision insurance, Dental insurance, 401(k), Paid maternity leave, Student loan assistance, Tuition assistance, Disability insurance, Paid paternity leave, Pension plan"
853,"Tuition assistance, Dental insurance, Medical insurance, 401(k), Vision insurance"
854,"401(k), Medical insurance, Vision insurance, Dental insurance, Paid paternity leave, Tuition assistance, Disability insurance, Paid maternity leave, Commuter benefits"
855,"Dental insurance, Medical insurance, 401(k), Vision insurance, Disability insurance"
856,"Medical insurance, Pension plan, Disability insurance, Vision insurance, Dental insurance, Paid maternity leave, Paid paternity leave, 401(k), Tuition assistance"
857,"Medical insurance, Vision insurance, Dental insurance, 401(k), Disability insurance, Tuition assistance, Commuter benefits, Student loan assistance"
858,"Medical insurance, Vision insurance, Dental insurance, Disability insurance, Pension plan"
859,"Vision insurance, Disability insurance, Tuition assistance"
860,"Medical insurance, Vision insurance, Child care support, Paid paternity leave, Disability insurance, Dental insurance"
861,"Paid maternity leave, Commuter benefits"
862,"Medical insurance, Vision insurance, Dental insurance, 401(k), Pension plan, Child care support, Paid maternity leave, Paid paternity leave, Commuter benefits, Student loan assistance, Tuition assistance, Disability insurance"
863,"Medical insurance, Vision insurance, 401(k), Dental insurance, Paid paternity leave, Commuter benefits"
864,"401(k), Vision insurance, Disability insurance, Medical insurance"
865,"Disability insurance, 401(k), Pension plan"
866,"Tuition assistance, Medical insurance, Dental insurance, 401(k), Vision insurance, Disability insurance"
867,"401(k), Dental insurance, Medical insurance, Vision insurance, Commuter benefits"
868,"Dental insurance, Disability insurance, 401(k), Paid paternity leave"
869,"Medical insurance, Dental insurance, Vision insurance, Pension plan, Tuition assistance, Disability insurance"
870,"Medical insurance, Tuition assistance, Disability insurance, Vision insurance, Dental insurance, 401(k)"
871,"Medical insurance, Vision insurance, Dental insurance, 401(k), Pension plan, Disability insurance, Tuition assistance, Child care support, Paid maternity leave, Paid paternity leave, Commuter benefits"
872,"Medical insurance, Vision insurance, Dental insurance, Disability insurance, 401(k), Child care support, Commuter benefits"
873,"Dental insurance, 401(k), Disability insurance"
874,"401(k), Vision insurance, Medical insurance, Dental insurance, Commuter benefits, Disability insurance"
875,"Medical insurance, Vision insurance, 401(k), Dental insurance, Paid maternity leave, Paid paternity leave"
876,"Medical insurance, Pension plan, Commuter benefits, Disability insurance, Tuition assistance, Paid paternity leave, 401(k), Dental insurance, Vision insurance, Paid maternity leave, Student loan assistance"
877,"Paid paternity leave, Paid maternity leave, Dental insurance, Vision insurance, Medical insurance"
878,"401(k), Dental insurance, Vision insurance, Medical insurance, Commuter benefits"
879,"Paid maternity leave, Paid paternity leave, Medical insurance"
880,"401(k), Vision insurance, Disability insurance, Paid paternity leave"
881,"Medical insurance, Dental insurance, 401(k), Commuter benefits"
882,"Medical insurance, Vision insurance, Dental insurance, 401(k), Pension plan, Commuter benefits, Paid maternity leave, Paid paternity leave"
883,"401(k), Tuition assistance, Medical insurance, Vision insurance, Dental insurance, Paid paternity leave"
884,"Medical insurance, Vision insurance, Dental insurance, 401(k), Student loan assistance, Disability insurance, Tuition assistance"
885,"Dental insurance, Commuter benefits, Disability insurance"
886,"Medical insurance, Vision insurance, Dental insurance, 401(k), Disability insurance, Commuter benefits, Paid maternity leave, Paid paternity leave"
887,"Medical insurance, Vision insurance, Dental insurance, 401(k), Child care support, Tuition assistance, Paid maternity leave"
888,"Vision insurance, Commuter benefits, Disability insurance"
889,"Vision insurance, Medical insurance, Dental insurance, 401(k), Pension plan"
890,"Medical insurance, Dental insurance, 401(k), Paid maternity leave, Paid paternity leave, Disability insurance"
891,"Medical insurance, Vision insurance, Dental insurance, 401(k), Paid paternity leave, Paid maternity leave, Pension plan, Commuter benefits, Tuition assistance, Disability insurance, Student loan assistance"
892,"Dental insurance, Disability insurance, Medical insurance"
893,"Medical insurance, Paid maternity leave"
894,"Medical insurance, Dental insurance, 401(k), Tuition assistance"
895,"Medical insurance, Vision insurance, Dental insurance, 401(k), Paid maternity leave, Student loan assistance, Commuter benefits, Disability insurance, Tuition assistance, Paid paternity leave"
896,"Medical insurance, Vision insurance, Dental insurance, 401(k), Pension plan, Paid maternity leave, Paid paternity leave, Commuter benefits"
897,"Medical insurance, Vision insurance, Dental insurance, Pension plan, Student loan assistance, Disability insurance, Tuition assistance"
898,"401(k), Disability insurance, Tuition assistance, Vision insurance"
899,"Medical insurance, Vision insurance, Dental insurance, 401(k), Paid maternity leave, Commuter benefits, Disability insurance"
900,"Medical insurance, Commuter benefits, Tuition assistance"
901,"401(k), Dental insurance, Vision insurance, Medical insurance, Paid maternity leave, Student loan assistance, Commuter benefits, Disability insurance"
902,"Pension plan, Tuition assistance, Student loan assistance, Disability insurance, Medical insurance, Vision insurance, Dental insurance"
903,"Medical insurance, Paid maternity leave, Dental insurance, 401(k), Vision insurance"
904,"Medical insurance, Dental insurance, 401(k), Paid maternity leave, Disability insurance"
905,"Medical insurance, Disability insurance, Commuter benefits, 401(k)"
906,"Medical insurance, Vision insurance, Dental insurance, Student loan assistance, Commuter benefits, Tuition assistance, 401(k), Pension plan"
907,"Medical insurance, Vision insurance, Dental insurance, 401(k), Student loan assistance, Pension plan, Tuition assistance, Disability insurance"
908,"401(k), Medical insurance, Vision insurance, Dental insurance, Tuition assistance, Disability insurance"
909,"Paid paternity leave, 401(k), Disability insurance"
910,"Medical insurance, Vision insurance, Dental insurance, Pension plan, Commuter benefits, Disability insurance, Student loan assistance, Tuition assistance"
911,"Medical insurance, Vision insurance, Dental insurance, Pension plan, Commuter benefits, Student loan assistance, Tuition assistance, Disability insurance"
912,"Medical insurance, 401(k), Vision insurance, Dental insurance, Disability insurance"
913,"Medical insurance, Vision insurance, Dental insurance, Paid maternity leave, Paid paternity leave, Disability insurance"
914,"Disability insurance, 401(k), Tuition assistance, Medical insurance, Pension plan"
915,"Pension plan, 401(k)"
916,"Medical insurance, 401(k), Dental insurance, Pension plan"
917,"Medical insurance, Vision insurance, Dental insurance, Pension plan, Paid maternity leave, Disability insurance"
918,"Medical insurance, 401(k), Dental insurance, Disability insurance, Vision insurance"
919,"Dental insurance, 401(k), Vision insurance, Medical insurance, Tuition assistance"
921,"Medical insurance, Pension plan, Commuter benefits, Vision insurance, Dental insurance, Paid maternity leave, Disability insurance, Paid paternity leave"
922,"Medical insurance, Vision insurance, 401(k), Dental insurance, Paid maternity leave"
923,"401(k), Dental insurance, Paid maternity leave, Vision insurance, Medical insurance, Disability insurance"
924,"Medical insurance, Dental insurance, Vision insurance, 401(k), Paid maternity leave, Paid paternity leave, Commuter benefits, Student loan assistance, Tuition assistance, Disability insurance"
925,"Vision insurance, Dental insurance, 401(k), Paid maternity leave, Child care support, Pension plan, Commuter benefits, Student loan assistance, Medical insurance, Tuition assistance, Disability insurance"
926,"Vision insurance, Medical insurance, Dental insurance, Disability insurance, 401(k)"
927,"Medical insurance, Vision insurance, Dental insurance, Pension plan, Student loan assistance, Tuition assistance"
928,"401(k), Dental insurance, Paid maternity leave, Tuition assistance, Paid paternity leave, Vision insurance, Medical insurance"
929,"Vision insurance, Medical insurance, Dental insurance, Commuter benefits, Disability insurance, 401(k)"
930,"Medical insurance, Vision insurance, Dental insurance, Commuter benefits, Disability insurance, 401(k)"
931,"Medical insurance, 401(k), Vision insurance, Dental insurance, Paid maternity leave, Paid paternity leave, Tuition assistance, Disability insurance"
932,"Medical insurance, Dental insurance, 401(k), Student loan assistance"
933,"401(k), Vision insurance, Paid maternity leave, Tuition assistance"
934,"Medical insurance, Vision insurance, 401(k), Dental insurance, Paid maternity leave, Paid paternity leave, Tuition assistance"
935,"Medical insurance, Disability insurance, Vision insurance"
936,"Medical insurance, Disability insurance, 401(k), Paid maternity leave"
937,"Medical insurance, Vision insurance, Dental insurance, Child care support"
938,"Medical insurance, Vision insurance, Pension plan, Paid paternity leave, Commuter benefits, Tuition assistance, Disability insurance, Student loan assistance, Dental insurance, Paid maternity leave, 401(k)"
939,"Medical insurance, Vision insurance, Dental insurance, 401(k), Pension plan, Child care support, Paid maternity leave, Commuter benefits, Student loan assistance, Tuition assistance, Disability insurance, Paid paternity leave"
940,"401(k), Student loan assistance, Commuter benefits"
941,"401(k), Disability insurance, Medical insurance, Vision insurance"
942,"401(k), Medical insurance, Vision insurance, Tuition assistance"
943,"Dental insurance, 401(k), Pension plan"
944,"401(k), Student loan assistance, Tuition assistance"
945,"401(k), Vision insurance, Dental insurance, Disability insurance"
946,"401(k), Dental insurance, Medical insurance, Child care support, Disability insurance, Student loan assistance"
947,"Pension plan, Medical insurance, Disability insurance"
948,"Student loan assistance, Dental insurance, Disability insurance, 401(k)"
949,"Tuition assistance, Vision insurance, 401(k)"
950,"401(k), Disability insurance, Tuition assistance"
951,"Vision insurance, Dental insurance, 401(k), Paid maternity leave"
952,"Vision insurance, Medical insurance, Disability insurance"
953,"Medical insurance, Vision insurance, Dental insurance, 401(k), Paid maternity leave, Paid paternity leave, Tuition assistance, Student loan assistance, Disability insurance, Child care support"
954,"Vision insurance, Medical insurance, Child care support, Student loan assistance, Tuition assistance, Paid maternity leave, Dental insurance, 401(k), Paid paternity leave, Disability insurance"
955,"Medical insurance, Vision insurance, Dental insurance, 401(k), Paid paternity leave, Paid maternity leave, Tuition assistance, Student loan assistance, Child care support, Disability insurance"
956,"Vision insurance, Dental insurance, 401(k), Paid paternity leave, Paid maternity leave, Tuition assistance, Student loan assistance, Child care support, Medical insurance, Disability insurance"
957,"Medical insurance, Dental insurance, Commuter benefits"
958,"Vision insurance, Dental insurance, 401(k), Medical insurance, Paid paternity leave, Paid maternity leave, Disability insurance"
959,"401(k), Disability insurance, Commuter benefits, Vision insurance"
960,"Disability insurance, 401(k), Tuition assistance, Medical insurance"
961,"Vision insurance, Medical insurance, 401(k), Dental insurance"
962,"Medical insurance, Vision insurance, Dental insurance, Pension plan, Commuter benefits"
963,"Pension plan, Vision insurance, 401(k)"
964,"401(k), Tuition assistance, Disability insurance, Vision insurance"
965,"Dental insurance, Vision insurance, Disability insurance"
966,"Medical insurance, Vision insurance, Paid maternity leave, Child care support, Pension plan, Paid paternity leave"
967,"Medical insurance, Vision insurance, Dental insurance, 401(k), Disability insurance, Child care support, Paid maternity leave, Student loan assistance, Commuter benefits, Paid paternity leave, Tuition assistance"
968,"Medical insurance, Vision insurance, Child care support, Pension plan, Paid paternity leave, Tuition assistance, Commuter benefits"
969,"Medical insurance, Pension plan, Paid paternity leave, Child care support, Commuter benefits, Paid maternity leave"
970,"Medical insurance, Dental insurance, Vision insurance, 401(k), Disability insurance, Tuition assistance"
971,"Medical insurance, Vision insurance, Dental insurance, 401(k), Tuition assistance, Disability insurance, Paid maternity leave, Paid paternity leave, Commuter benefits, Student loan assistance"
972,"Medical insurance, Vision insurance, Dental insurance, 401(k), Paid paternity leave, Paid maternity leave, Commuter benefits, Tuition assistance, Disability insurance"
973,"Vision insurance, Medical insurance, 401(k), Dental insurance, Tuition assistance, Disability insurance"
974,"Medical insurance, Vision insurance, Dental insurance, 401(k), Paid paternity leave, Tuition assistance, Disability insurance"
975,"Medical insurance, 401(k), Vision insurance, Dental insurance, Pension plan, Tuition assistance, Paid maternity leave, Paid paternity leave, Commuter benefits"
976,"401(k), Dental insurance, Vision insurance, Medical insurance, Student loan assistance, Child care support"
977,"Medical insurance, 401(k), Vision insurance, Dental insurance, Pension plan, Tuition assistance, Commuter benefits"
978,"Vision insurance, Paid maternity leave, Paid paternity leave, Commuter benefits"
979,"Dental insurance, Vision insurance, Disability insurance, Medical insurance, 401(k)"
980,"Dental insurance, Tuition assistance, 401(k)"
981,"401(k), Dental insurance, Vision insurance, Medical insurance, Pension plan, Commuter benefits, Disability insurance"
982,"Vision insurance, Medical insurance, Dental insurance, 401(k), Tuition assistance"
983,"Medical insurance, Vision insurance, Dental insurance, 401(k), Paid paternity leave, Tuition assistance, Disability insurance, Paid maternity leave"
984,"Medical insurance, Vision insurance, Dental insurance, Paid maternity leave, Tuition assistance, Paid paternity leave"
985,"Tuition assistance, Paid paternity leave, Vision insurance, Dental insurance, 401(k), Medical insurance, Disability insurance, Paid maternity leave, Pension plan"
986,"Medical insurance, Pension plan, Vision insurance, Dental insurance, 401(k), Tuition assistance, Disability insurance, Paid maternity leave"
987,"Medical insurance, Vision insurance, 401(k), Dental insurance, Paid maternity leave, Paid paternity leave, Tuition assistance, Student loan assistance, Pension plan, Disability insurance"
988,"Medical insurance, Vision insurance, Dental insurance, 401(k), Tuition assistance, Student loan assistance"
989,"Medical insurance, Vision insurance, Dental insurance, 401(k), Pension plan, Paid maternity leave, Paid paternity leave, Commuter benefits, Tuition assistance, Disability insurance"
990,"Medical insurance, Vision insurance, Dental insurance, 401(k), Paid maternity leave, Child care support, Pension plan, Paid paternity leave, Disability insurance"
991,"Medical insurance, 401(k), Vision insurance, Dental insurance, Paid maternity leave, Student loan assistance, Disability insurance, Tuition assistance"
992,"Medical insurance, Vision insurance, Dental insurance, 401(k), Paid paternity leave, Paid maternity leave, Child care support, Tuition assistance, Disability insurance"
993,"Medical insurance, 401(k), Vision insurance, Tuition assistance, Dental insurance"
994,"Medical insurance, 401(k), Dental insurance, Pension plan, Vision insurance"
995,"Dental insurance, 401(k), Disability insurance, Medical insurance, Vision insurance"
996,"Vision insurance, Dental insurance, Disability insurance"
997,"Medical insurance, Pension plan, Commuter benefits, Disability insurance, Student loan assistance, Child care support, Vision insurance, Paid maternity leave, Dental insurance, Tuition assistance, Paid paternity leave, 401(k)"
998,"Medical insurance, Dental insurance, Paid paternity leave, Paid maternity leave, Tuition assistance, Commuter benefits, Disability insurance, Child care support, Pension plan, Vision insurance, 401(k)"
999,"Vision insurance, Medical insurance, 401(k)"
1000,"Medical insurance, Vision insurance, Pension plan, Tuition assistance, Commuter benefits, Dental insurance"
1001,"Medical insurance, Vision insurance, Dental insurance, 401(k), Student loan assistance, Paid maternity leave, Disability insurance, Tuition assistance"
1002,"Medical insurance, Vision insurance, Dental insurance, 401(k), Tuition assistance, Paid paternity leave, Pension plan"
1003,"Vision insurance, Pension plan, 401(k)"
1004,"Medical insurance, Vision insurance, Dental insurance, 401(k), Paid maternity leave, Student loan assistance, Commuter benefits, Paid paternity leave, Tuition assistance, Disability insurance"
1005,"Child care support, 401(k), Dental insurance, Medical insurance, Vision insurance"
1006,"Medical insurance, Paid paternity leave, Dental insurance, 401(k), Paid maternity leave, Disability insurance, Tuition assistance"
1007,"Medical insurance, Vision insurance, Dental insurance, 401(k), Paid paternity leave, Tuition assistance, Paid maternity leave, Child care support, Pension plan, Commuter benefits, Student loan assistance, Disability insurance"
1008,"401(k), Pension plan, Dental insurance, Medical insurance, Vision insurance, Disability insurance"
1009,"Medical insurance, Dental insurance, 401(k), Paid maternity leave, Paid paternity leave, Commuter benefits"
1010,"Medical insurance, Pension plan, Child care support, Vision insurance, Dental insurance, Paid maternity leave, 401(k), Student loan assistance, Commuter benefits, Disability insurance, Tuition assistance, Paid paternity leave"
1011,"401(k), Vision insurance, Medical insurance, Dental insurance"
1012,"Medical insurance, Dental insurance, 401(k), Paid maternity leave, Commuter benefits, Paid paternity leave, Vision insurance, Disability insurance"
1013,"Medical insurance, Vision insurance, Dental insurance, 401(k), Paid maternity leave, Disability insurance, Commuter benefits, Paid paternity leave"
1014,"Medical insurance, Vision insurance, Dental insurance, 401(k), Paid maternity leave, Student loan assistance, Commuter benefits, Child care support, Disability insurance, Tuition assistance, Paid paternity leave, Pension plan"
1015,"Medical insurance, Dental insurance, Paid maternity leave, Tuition assistance, Disability insurance, 401(k)"
1016,"401(k), Disability insurance, Dental insurance, Medical insurance, Vision insurance"
1017,"401(k), Dental insurance, Disability insurance, Commuter benefits"
1018,"401(k), Vision insurance, Dental insurance, Medical insurance"
1019,"Medical insurance, Vision insurance, Dental insurance, Paid maternity leave, 401(k), Paid paternity leave"
1020,"Dental insurance, Vision insurance, Disability insurance, 401(k), Medical insurance"
1021,"Pension plan, Medical insurance, Vision insurance, Dental insurance, 401(k), Paid maternity leave, Child care support"
1022,"Medical insurance, Vision insurance, Dental insurance, Paid maternity leave, Pension plan, Paid paternity leave, Disability insurance, Tuition assistance"
1023,"Medical insurance, Dental insurance, 401(k), Child care support, Paid paternity leave, Paid maternity leave, Commuter benefits, Disability insurance, Tuition assistance"
1024,"Medical insurance, Dental insurance, 401(k), Commuter benefits, Disability insurance"
1025,"401(k), Vision insurance, Student loan assistance"
1026,"Medical insurance, Vision insurance, Dental insurance, 401(k), Paid maternity leave, Paid paternity leave, Pension plan"
1027,"Medical insurance, Vision insurance, Dental insurance, 401(k), Student loan assistance, Paid paternity leave, Paid maternity leave"
1028,"Medical insurance, Vision insurance, Dental insurance, Paid maternity leave, Paid paternity leave, Tuition assistance"
1029,"Medical insurance, Dental insurance, 401(k), Paid maternity leave, Tuition assistance, Disability insurance"
1030,"401(k), Paid maternity leave, Paid paternity leave, Tuition assistance"
1031,"Vision insurance, Medical insurance, Dental insurance, 401(k), Commuter benefits, Tuition assistance"
1032,"Pension plan, 401(k), Disability insurance"
1033,"401(k), Paid paternity leave, Paid maternity leave, Dental insurance, Medical insurance, Vision insurance, Commuter benefits, Disability insurance"
1034,"Vision insurance, Dental insurance, 401(k), Medical insurance, Disability insurance"
1035,"Medical insurance, Vision insurance, Dental insurance, 401(k), Student loan assistance, Tuition assistance, Disability insurance, Paid maternity leave"
1036,"Medical insurance, Pension plan, Vision insurance, Commuter benefits, Disability insurance, Child care support, Paid paternity leave, Tuition assistance, Student loan assistance, Paid maternity leave, Dental insurance, 401(k)"
1037,"Medical insurance, Vision insurance, Dental insurance, 401(k), Tuition assistance, Paid paternity leave"
1038,"Medical insurance, Commuter benefits, Tuition assistance, 401(k)"
1039,"Medical insurance, Paid paternity leave, 401(k), Commuter benefits"
1040,"Dental insurance, 401(k), Medical insurance"
1041,"Medical insurance, Vision insurance, Dental insurance, 401(k), Paid maternity leave, Paid paternity leave, Child care support, Commuter benefits, Disability insurance"
1042,"Medical insurance, Vision insurance, Dental insurance, 401(k), Paid maternity leave, Student loan assistance, Disability insurance, Tuition assistance, Child care support, Paid paternity leave, Commuter benefits"
1043,"Pension plan, Medical insurance, Paid paternity leave, Tuition assistance, Vision insurance, Child care support, Dental insurance, Commuter benefits, Disability insurance, Student loan assistance, Paid maternity leave, 401(k)"
1044,"Medical insurance, 401(k), Commuter benefits, Vision insurance, Dental insurance, Child care support"
1045,"Medical insurance, Pension plan, Commuter benefits, Disability insurance, Student loan assistance, Child care support, Vision insurance, Dental insurance, Paid maternity leave, Tuition assistance, Paid paternity leave, 401(k)"
1046,"Medical insurance, Vision insurance, Dental insurance, Pension plan, Paid maternity leave, Paid paternity leave, Tuition assistance"
1047,"Paid maternity leave, Paid paternity leave, Medical insurance, Vision insurance, Dental insurance"
1048,"Medical insurance, Dental insurance, Vision insurance, 401(k), Student loan assistance, Tuition assistance"
1049,"Medical insurance, Vision insurance, Child care support, Paid paternity leave, Disability insurance"
1050,"Medical insurance, Vision insurance, Dental insurance, 401(k), Child care support, Paid maternity leave, Paid paternity leave, Commuter benefits, Student loan assistance, Tuition assistance"
1051,"Medical insurance, Dental insurance, Vision insurance, 401(k), Commuter benefits, Tuition assistance"
1052,"Medical insurance, 401(k), Paid maternity leave, Paid paternity leave, Tuition assistance, Disability insurance, Vision insurance, Dental insurance"
1053,"Medical insurance, Vision insurance, Dental insurance, 401(k), Tuition assistance, Student loan assistance, Paid paternity leave, Paid maternity leave, Pension plan, Disability insurance"
1054,"Medical insurance, Vision insurance, Dental insurance, Pension plan, Paid maternity leave, Paid paternity leave, Tuition assistance, Student loan assistance"
1055,"Medical insurance, Vision insurance, Dental insurance, 401(k), Paid maternity leave, Commuter benefits, Student loan assistance, Disability insurance"
1056,"Medical insurance, Vision insurance, Dental insurance, 401(k), Paid maternity leave, Paid paternity leave, Disability insurance, Commuter benefits, Tuition assistance"
1057,"Medical insurance, Vision insurance, Dental insurance, 401(k), Paid paternity leave, Paid maternity leave, Child care support, Commuter benefits, Disability insurance, Student loan assistance"
1058,"Medical insurance, Vision insurance, Dental insurance, 401(k), Pension plan, Commuter benefits, Disability insurance"
1059,"401(k), Medical insurance, Pension plan, Disability insurance"
1060,"Medical insurance, Dental insurance, Vision insurance, 401(k), Paid paternity leave, Paid maternity leave, Child care support, Pension plan, Commuter benefits, Student loan assistance, Tuition assistance, Disability insurance"
1061,"Medical insurance, Vision insurance, Dental insurance, 401(k), Tuition assistance, Disability insurance, Paid paternity leave, Paid maternity leave"
1062,"Medical insurance, Vision insurance, Dental insurance, Paid maternity leave, Paid paternity leave, Commuter benefits, Student loan assistance, Tuition assistance"
1063,"Medical insurance, Vision insurance, Dental insurance, Disability insurance, 401(k), Student loan assistance, Tuition assistance"
1064,"Medical insurance, Tuition assistance, Disability insurance, Paid maternity leave, Vision insurance, Dental insurance, 401(k), Paid paternity leave, Pension plan"
1065,"401(k), Paid maternity leave, Vision insurance, Medical insurance, Dental insurance"
1066,"Dental insurance, Vision insurance, Medical insurance, Pension plan, Paid maternity leave, Paid paternity leave, Commuter benefits, Tuition assistance, Disability insurance"
1067,"Medical insurance, 401(k), Vision insurance, Dental insurance, Paid maternity leave, Tuition assistance"
1068,"Medical insurance, Vision insurance, Dental insurance, 401(k), Paid paternity leave, Paid maternity leave, Tuition assistance, Disability insurance, Pension plan"
1069,"Medical insurance, Dental insurance, 401(k), Vision insurance, Paid maternity leave, Paid paternity leave, Student loan assistance, Tuition assistance"
1070,"Vision insurance, Medical insurance, Dental insurance, 401(k), Pension plan, Tuition assistance, Disability insurance, Commuter benefits"
1071,"Medical insurance, Tuition assistance, 401(k)"
1072,"401(k), Medical insurance, Disability insurance, Commuter benefits"
1073,"Medical insurance, Vision insurance, Dental insurance, 401(k), Paid maternity leave, Student loan assistance, Disability insurance"
1074,"401(k), Disability insurance, Medical insurance, Dental insurance"
1075,"Vision insurance, Medical insurance, Dental insurance, 401(k), Paid maternity leave, Paid paternity leave, Student loan assistance, Tuition assistance, Commuter benefits"
1076,"Medical insurance, Vision insurance, Dental insurance, 401(k), Paid paternity leave, Paid maternity leave, Disability insurance, Pension plan"
1077,"Medical insurance, Vision insurance, Dental insurance, 401(k), Commuter benefits, Tuition assistance, Paid maternity leave"
1078,"Medical insurance, Vision insurance, Dental insurance, 401(k), Paid paternity leave, Child care support, Pension plan, Commuter benefits, Tuition assistance"
1079,"401(k), Dental insurance, Vision insurance, Medical insurance, Paid maternity leave, Paid paternity leave"
1080,"Medical insurance, Vision insurance, 401(k), Dental insurance, Child care support, Tuition assistance"
1081,"Medical insurance, Vision insurance, Dental insurance, Child care support, Commuter benefits"
1082,"Medical insurance, Vision insurance, 401(k), Tuition assistance, Disability insurance, Dental insurance"
1083,"Medical insurance, Vision insurance, Dental insurance, 401(k), Disability insurance, Pension plan, Tuition assistance"
1084,"401(k), Vision insurance, Paid maternity leave, Disability insurance"
1085,"Medical insurance, Vision insurance, Dental insurance, 401(k), Paid maternity leave, Child care support, Tuition assistance, Disability insurance"
1086,"Vision insurance, 401(k), Commuter benefits, Disability insurance"
1087,"Medical insurance, Vision insurance, Dental insurance, 401(k), Paid maternity leave, Paid paternity leave, Disability insurance, Child care support"
1088,"401(k), Dental insurance, Vision insurance, Medical insurance, Disability insurance, Paid paternity leave, Paid maternity leave"
1089,"Medical insurance, Vision insurance, Dental insurance, 401(k), Paid paternity leave, Pension plan, Disability insurance"
1090,"Medical insurance, Vision insurance, Dental insurance, Pension plan, Paid maternity leave, Paid paternity leave, Disability insurance, Tuition assistance, 401(k)"
1091,"Vision insurance, 401(k), Student loan assistance"
1092,"Medical insurance, Vision insurance, Dental insurance, 401(k), Child care support, Disability insurance"
1093,"Vision insurance, Medical insurance, Dental insurance, 401(k), Paid maternity leave, Paid paternity leave, Tuition assistance, Disability insurance"
1094,"Medical insurance, Vision insurance, Dental insurance, 401(k), Paid maternity leave, Disability insurance, Student loan assistance, Tuition assistance, Child care support"
1095,"401(k), Vision insurance, Medical insurance, Dental insurance, Paid maternity leave, Paid paternity leave, Commuter benefits"
1096,"Medical insurance, Vision insurance, Paid maternity leave"
1097,"Tuition assistance, Paid paternity leave, Pension plan, Medical insurance, Vision insurance, Dental insurance, Paid maternity leave, Commuter benefits"
1098,"Vision insurance, 401(k), Paid maternity leave"
1099,"Medical insurance, Vision insurance, Dental insurance, 401(k), Paid paternity leave, Paid maternity leave, Tuition assistance, Disability insurance, Student loan assistance"
1100,"Medical insurance, 401(k), Child care support, Tuition assistance"
1101,"Tuition assistance, Disability insurance, 401(k), Pension plan"
1102,"Medical insurance, Vision insurance, Dental insurance, 401(k), Paid maternity leave, Student loan assistance, Commuter benefits, Disability insurance, Paid paternity leave, Tuition assistance"
1103,"Commuter benefits, Dental insurance"
1104,"Medical insurance, Vision insurance, Dental insurance, 401(k), Paid paternity leave, Paid maternity leave, Child care support, Student loan assistance, Tuition assistance, Commuter benefits, Disability insurance"
1105,"Medical insurance, Vision insurance, Dental insurance, 401(k), Pension plan, Disability insurance, Student loan assistance, Commuter benefits"
1106,"Medical insurance, Vision insurance, Dental insurance, 401(k), Paid paternity leave, Child care support, Commuter benefits, Disability insurance"
1107,"Medical insurance, Dental insurance, Pension plan"
1108,"Medical insurance, Vision insurance, Dental insurance, 401(k), Paid maternity leave, Paid paternity leave, Disability insurance, Student loan assistance, Tuition assistance"
1109,"Medical insurance, Vision insurance, Dental insurance, 401(k), Paid maternity leave, Disability insurance, Tuition assistance, Student loan assistance, Commuter benefits, Pension plan"
1110,"Medical insurance, Vision insurance, Dental insurance, 401(k), Pension plan, Child care support, Commuter benefits, Paid maternity leave"
1111,"Medical insurance, Vision insurance, Dental insurance, Paid maternity leave, Disability insurance, 401(k)"
1112,"Medical insurance, Vision insurance, 401(k), Dental insurance, Paid maternity leave, Disability insurance"
1113,"Medical insurance, Vision insurance, 401(k), Dental insurance, Paid paternity leave, Paid maternity leave"
1114,"Disability insurance, 401(k), Student loan assistance"
1115,"Medical insurance, Vision insurance, Dental insurance, Paid paternity leave, 401(k), Paid maternity leave"
1116,"Tuition assistance, Paid paternity leave, Pension plan, Medical insurance, Vision insurance, Child care support, Commuter benefits, Disability insurance, Student loan assistance, Paid maternity leave, Dental insurance, 401(k)"
1117,"401(k), Dental insurance, Paid maternity leave, Vision insurance, Medical insurance, Tuition assistance, Paid paternity leave"
1118,"Medical insurance, Vision insurance, Dental insurance, 401(k), Paid maternity leave, Pension plan, Paid paternity leave, Disability insurance"
