"company_name","company_id"
IBM,1009
GE HealthCare,1016
Hewlett Packard Enterprise,1025
Oracle,1028
Accenture,1033
Microsoft,1035
Deloitte,1038
Siemens,1043
PwC,1044
AT&T,1052
Intel Corporation,1053
Ericsson,1060
Cisco,1063
Motorola Mobility (a Lenovo Company),1066
JPMorgan Chase & Co.,1068
Nokia,1070
EY,1073
KPMG US,1079
NXP Semiconductors,1088
Philips,1090
Verizon,1103
SAP,1115
Procter & Gamble,1116
Bank of America,1123
Elite Technology,1136
BT Group,1182
Pfizer,1185
Johnson & Johnson,1207
UBS,1214
US Army Corps of Engineers,1224
Wells Fargo,1235
Unilever,1248
Sony,1252
Sony Electronics,1253
Sony Pictures Entertainment,1256
Atos,1259
Deutsche Bank,1262
DWS Group,1264
Chubb,1269
Shell,1271
American Express,1277
Unisys,1281
Infosys,1283
Yahoo,1288
The Walt Disney Company,1292
Fidelity Investments,1307
Wipro,1318
LinkedIn,1337
Air Force Research Laboratory,1339
Honeywell,1344
Tata Consultancy Services,1353
National Security Agency,1359
National Computer Systems,1360
McKinsey & Company,1371
Xerox,1373
Fujitsu Network Communications,1377
Goldman Sachs,1382
Boeing,1384
bp,1389
T-Mobile,1392
Nestlé,1393
GSK,1399
Thomson Reuters,1400
Booz Allen Hamilton,1403
Novartis,1406
Northrop Grumman,1412
CGI,1415
Capital One,1419
Barclays,1426
PepsiCo,1431
Google,1441
Electronic Arts (EA),1449
SUSE,1455
ADP,1463
CDK Global,1464
Teradata,1466
SLB,1468
General Motors,1472
Ally,1474
Adobe,1480
eBay,1481
PayPal,1482
Ford Motor Company,1483
Merck,1486
SAS,1491
Avaya,1494
AMD,1497
MIT Lincoln Laboratory,1504
Raytheon,1505
BNP Paribas,1508
Mondelēz International,1511
Eastman Kodak Company,1515
Carestream,1517
UPS,1523
Agilent Technologies,1526
The Home Depot,1534
Amdocs,1539
Mars,1544
Kaiser Permanente,1550
Amazon,1586
BMC Software,1597
Roche,1602
AstraZeneca,1603
Abbott,1612
SAIC,1614
Dignity Health,1627
Owens & Minor,1629
Stanford Children's Health | Lucile Packard Children's Hospital Stanford,1632
Boston Scientific,1637
Sanofi,1642
Harvard Medical School,1645
Harvard University,1646
Harvard Law School,1654
Dana-Farber Cancer Institute,1657
Boston Children's Hospital,1658
Beth Israel Deaconess Medical Center,1659
L'Oréal,1662
Eli Lilly and Company,1663
Intuit,1666
FedEx Ground,1668
FedEx Services,1670
Ogilvy,1673
Gap Inc.,1677
Banana Republic,1678
Cognizant,1680
Robert Half,1681
ExxonMobil,1689
Societe Generale,1691
The Coca-Cola Company,1694
Comcast,1703
Nielsen,1714
HCLTech,1756
AIG,1760
BBC,1762
State Street,1767
Bristol Myers Squibb,1773
Boston Consulting Group (BCG),1784
SLAC National Accelerator Laboratory,1789
Stanford University School of Medicine,1790
Stanford University,1792
ManpowerGroup,1799
RBC,1808
TotalEnergies,1818
NBC News,1827
NBCUniversal,1828
CNBC,1833
Allstate,1835
Medtronic,1841
Prudential Financial,1852
Charles Schwab,1855
"3M",1864
Capco Energy Solutions,1869
Marsh,1874
Autodesk,1879
"BAE Systems, Inc.",1881
Nickelodeon,1885
Bayer,1893
McKesson,1900
General Dynamics Information Technology,1905
General Dynamics Land Systems,1906
General Dynamics Mission Systems,1908
Philip Morris International,1912
McCann Worldgroup,1926
MRM,1927
UM Worldwide,1928
The Adecco Group,1929
PTC,1935
Thales,1951
Sogeti,1956
Rabobank,1970
Mavenir,1995
NASA - National Aeronautics and Space Administration,2003
Qualcomm,2017
Applied Materials,2018
Western Union,2019
Nike,2029
Spectrum Enterprise,2032
Coldwell Banker Realty,2035
Aon,2041
CNN,2046
TE Connectivity,2059
Amgen,2068
Gartner,2078
Volvo Group,2087
Volvo Penta,2089
Volvo Buses,2090
Mack Trucks,2092
Volvo Construction Equipment,2096
NetApp,2105
Toyota North America,2107
Bain & Company,2114
Avis Budget Group,2121
Best Buy,2127
Pearson,2137
Infineon Technologies,2148
TEKsystems,2152
Allegis Group,2153
DuPont,2155
Cadence Design Systems,2157
Cardinal Health,2162
"Department for Transport (DfT), United Kingdom",2169
Visa,2190
Chevron,2192
Canon Solutions America,2193
Bosch Security and Safety Systems,2198
LexisNexis,2206
MetLife,2213
Halliburton,2217
"KBR, Inc.",2219
"Keller Williams Realty, Inc.",2224
Novo Nordisk,2227
Hanesbrands Inc.,2230
Danone,2238
Juniper Networks,2240
Johnson Controls,2247
Victoria’s Secret & Co.,2251
Bath & Body Works,2252
Spherion,2266
Starbucks,2271
Delta Air Lines,2272
Genentech,2276
Flex,2279
The Wall Street Journal,2282
Dow Jones,2284
Macy's,2300
Insight,2305
Kelly,2307
Marriott International,2311
CBRE,2319
Randstad,2327
Schneider Electric,2329
Nationwide,2340
Baxter International Inc.,2371
United Airlines,2380
State Farm,2381
Dun & Bradstreet,2385
Mercer,2423
Pratt & Whitney,2425
Carrier HVAC,2429
Grant Thornton LLP (US),2432
Alstom,2443
Northwestern Mutual,2445
Hilton,2449
Oliver Wyman,2454
Synopsys Inc,2457
Zurich North America,2459
Digitas North America,2465
The Hartford,2467
UCLA Health,2474
Children's Hospital Los Angeles (CHLA),2476
UCLA,2477
Wolters Kluwer,2483
Cigna Healthcare,2490
Bloomberg,2494
Diageo,2496
Rockwell Automation,2498
Michigan Medicine,2513
University of Michigan,2516
U.S. Bank,2532
Experian,2534
iHeartMedia,2539
Clear Channel Outdoor,2541
Whirlpool Corporation,2551
Dow,2562
Ingram Micro,2576
Crédit Agricole CIB,2579
University of Washington,2584
Momentum Worldwide,2593
Eaton,2599
Tetra Pak,2604
Panasonic Automotive North America,2609
Panasonic North America,2610
Panasonic Avionics Corporation,2612
Caterpillar Inc.,2622
Columbia University Irving Medical Center,2623
Columbia University,2624
BASF,2633
American Airlines,2640
Citrix,2641
Walmart,2646
University of Illinois Chicago,2649
University of Illinois Urbana-Champaign,2650
Caltrans,2651
County of San Diego,2652
CalPERS,2654
California Department of Justice,2666
Valeo,2669
McDonald's,2677
Cargill,2678
John Hancock,2690
Manulife,2691
Liberty Mutual Insurance,2701
OpenText,2709
KLA,2722
BOMBARDIER,2723
RR Donnelley,2730
Acxiom,2739
IKEA,2743
Colgate-Palmolive,2748
Expedia Group,2751
Emerson,2753
TD,2775
Andersen Corporation,2776
Federal Reserve Board,2785
Federal Reserve Bank of San Francisco,2786
Federal Reserve Bank of Boston,2790
Sage,2802
Publicis,2819
General Mills,2822
BlackBerry,2828
Mary Kay Global,2835
"University of California, Santa Cruz",2841
"University of California, Davis",2842
UC Davis Health,2844
Commonwealth Bank,2848
BDO USA,2859
Visteon Corporation,2865
Seagate Technology,2868
Canon Business Process Services,2869
ITT Inc.,2882
Aerotek,2889
Brigham and Women's Hospital,2895
Massachusetts General Hospital,2896
Newton-Wellesley Hospital,2897
NYC Department of Education,2905
Albertsons Companies,2911
Shaw's Supermarkets,2913
Acme Markets,2915
The Save Mart Companies,2918
Teradyne,2931
S&P Global,2934
Teacher Retirement System of Texas,2941
Texas Health and Human Services,2953
Texas Workforce Commission,2958
Texas Attorney General,2960
Allianz Life,2978
Lexmark,2980
Saint-Gobain,2981
"CSAA Insurance Group, a AAA Insurer",2984
CertainTeed,2986
VMware,2988
Transportation Security Administration (TSA),2994
FEMA,2995
U.S. Customs and Border Protection,2997
Universal Music Group,3007
Fifth Third Bank,3012
Mastercard,3015
Staples,3019
Elsevier,3027
"University of California, San Francisco",3028
UCSF Health,3029
"Ameriprise Financial Services, LLC",3032
Sony Music Entertainment,3039
Alcoa,3047
University of Phoenix,3050
Accor,3055
Tech Mahindra,3067
Broadcom,3072
Kforce Inc,3076
Thermo Fisher Scientific,3081
University of Southern California,3084
Travelers,3088
Check Point Software Technologies Ltd,3090
Reckitt,3098
U.S. Department of State,3100
BD,3102
Office Depot,3114
Lionbridge,3117
Edwards Vacuum,3119
FIS,3128
The HEINEKEN Company,3131
Hyatt Regency,3135
Levi Strauss & Co.,3137
Scotiabank,3139
Freddie Mac,3140
Stop & Shop,3143
Software Engineering Institute | Carnegie Mellon University,3146
NYU Stern School of Business,3157
The University of Texas at Austin,3162
"Penn Medicine, University of Pennsylvania Health System",3163
University of Pennsylvania,3165
The Ohio State University Wexner Medical Center,3171
The Ohio State University,3173
Ohio Department of Education and Workforce,3174
Ingersoll Rand,3175
JLL,3178
University of Minnesota,3181
Salesforce,3185
Mallinckrodt Pharmaceuticals,3192
Northwestern University,3196
"Mattel, Inc.",3214
AkzoNobel,3222
Agfa,3225
Boehringer Ingelheim,3235
Farmers Insurance,3240
International Paper,3242
CNA Insurance,3246
KeyBank,3252
Aegon,3256
Danfoss,3260
Progressive Insurance,3264
DHL Supply Chain,3269
Stryker,3282
Physio,3289
Bechtel Corporation,3304
"Ricoh USA, Inc.",3316
Avery Dennison,3321
Cox Communications,3330
CDW,3334
Textron,3335
Textron Systems,3339
Kaplan,3342
Fiserv,3364
Nordstrom,3379
UC San Diego,3382
UC San Diego Health,3384
IDC,3386
Celestica,3392
FICO,3398
Sodexo,3402
Pizza Hut,3406
Taco Bell,3407
Yum! Brands,3409
Georgia-Pacific LLC,3411
New York Life Insurance Company,3432
Kimberly-Clark,3439
Peace Corps,3441
Analog Devices,3450
UPMC,3460
UPMC Health Plan,3462
Electrolux Group,3469
Holcim,3475
Michael Page,3476
Hays,3486
IDEMIA,3488
Conagra Brands,3493
Progress,3496
Safeway,3498
Weill Cornell Medicine,3522
Cornell University,3523
Johns Hopkins Hospital,3524
The Johns Hopkins University,3528
Continental,3534
Edelman,3536
Macquarie Group,3537
Red Hat,3545
IHG Hotels & Resorts,3549
Boston University,3556
Georgia Tech Research Institute,3557
Georgia Institute of Technology,3558
Hughes,3569
Arrow Electronics,3570
Computacenter,3580
Mphasis,3586
The Princeton Group,3587
Walgreens,3589
ESPN,3595
NVIDIA,3608
Cummins Inc.,3625
HCA Healthcare,3626
HCA Healthcare Physician Services,3627
MassMutual,3631
Compucom,3635
University of Maryland,3638
Lenovo,3653
Penn State University,3657
Penn State Health,3658
H&R Block,3671
CACI International Inc,3672
Franklin Templeton,3676
Edward Jones,3677
Corning Incorporated,3678
Fluor Corporation,3681
Mastech Digital,3684
JCPenney,3688
Micron Technology,3690
United States Postal Service,3694
Equifax,3695
Lear Corporation,3701
The Reynolds and Reynolds Company,3720
the LEGO Group,3724
ArcelorMittal,3727
Korn Ferry,3741
RSM US LLP,3743
ZF Group,3745
adidas,3748
University of North Carolina at Chapel Hill,3757
Discover Financial Services,3762
GroupM,3765
University of Colorado,3770
University of Colorado Boulder,3771
Marvell Technology,3772
Epsilon,3776
Iron Mountain,3780
John Deere,3789
AllianceBernstein,3796
Air Liquide,3818
Northern Trust,3831
Swiss Re,3845
MITRE,3848
DS Smith,3854
Informatica,3858
WebMD,3859
Grainger,3863
FedEx Office,3866
Rolls-Royce,3871
University of Chicago,3881
Emory Healthcare,3888
Emory University,3889
ASML,3894
Pacific Gas and Electric Company,3895
Framatome,3900
The Goodyear Tire & Rubber Company,3915
U.S. House of Representatives,3921
Akamai Technologies,3925
Hillsborough County Public Schools,3952
Clifford Chance,3954
Baker McKenzie,3957
Ciena,3960
Biogen,3961
Heidrick & Struggles,3975
Houghton Mifflin Harcourt,3980
WTW,3994
Aflac,3997
Syngenta,3998
American Cancer Society,4013
Capital Group,4019
Jacobs,4025
Bose Corporation,4030
FMC Corporation,4031
TIAA,4037
Invesco US,4044
IQVIA,4057
The Estée Lauder Companies Inc.,4059
Cushman & Wakefield,4060
Faurecia,4062
Duke Energy Corporation,4066
Yale School of Medicine,4074
Sun Life,4075
DreamWorks Animation,4080
Tata Communications,4085
"American Honda Motor Company, Inc.",4097
University of Wisconsin-Madison,4099
Starcom,4100
Michelin,4101
Solvay,4114
Pottery Barn,4122
"Williams-Sonoma, Inc.",4123
Forrester,4124
SGS,4126
"Lowe's Companies, Inc.",4128
Pirelli,4134
Air Products,4156
CareerBuilder,4162
PNC,4167
Norsk Hydro,4187
Gannett | USA TODAY NETWORK,4191
Raymond James,4207
Embraer,4211
Ohio Department of Transportation,4215
Ohio Department of Health,4219
TTEC,4222
Regions Bank,4224
"EMD Serono, Inc.",4237
Paychex,4255
CAE,4256
Humana,4257
Rutgers University,4262
Vestas,4275
UF Health Jacksonville,4281
Arizona State University,4292
AMC Networks,4293
DISH Network,4296
UVA Health,4297
University of Virginia,4298
Lincoln Financial Group,4307
TransUnion,4310
Logitech,4328
Baker Hughes,4334
Skanska,4335
FleishmanHillard,4346
GfK - An NIQ Company,4371
Sanmina,4374
Manhattan Associates,4376
Weber Shandwick,4377
Coloplast,4389
Assurant,4394
Principal Financial Group,4399
Cemex,4402
DNV,4411
Paramount Pictures,4413
Primerica,4416
"Barnes & Noble, Inc.",4417
UCI Health,4419
DLA Piper,4422
Aquent,4433
Nomura,4440
Aspen Technology,4446
Parexel,4451
"Ryder System, Inc.",4453
Diebold Nixdorf,4458
Weyerhaeuser,4494
USAA,4501
Scholastic,4505
Anheuser-Busch,4510
UMass Chan Medical School,4512
Campbell's,4513
Hearst Magazines,4517
Hearst,4520
Houston Methodist,4529
Nous Infosystems,4535
Kuehne+Nagel,4536
National Football League (NFL),4541
San Francisco 49ers,4543
Indianapolis Colts,4548
Texas A&M University,4556
PerkinElmer,4562
Vanderbilt University Medical Center,4564
Vanderbilt University,4565
Lundbeck,4589
Parker Aerospace,4590
Parker Hannifin,4591
SKF Group,4592
Western Digital,4593
Southwest Airlines,4599
Allen & Overy,4600
Washington University in St. Louis,4608
Massachusetts Department of Public Health,4611
Epicor,4617
CNH Industrial,4622
The George Washington University,4644
American Family Insurance,4647
FDA,4652
Birlasoft,4661
The North Face,4667
Nautica,4668
VF Corporation,4670
Exelon,4674
CVS Health,4680
Takeda Oncology,4682
Ralph Lauren,4688
Spirent Communications,4692
Brown Brothers Harriman,4701
The Church of Jesus Christ of Latter-day Saints,4711
Ecolab,4713
Pacific Northwest National Laboratory,4714
UL Solutions,4721
Mayo Clinic,4725
Quest Diagnostics,4727
NICE,4728
UScellular,4729
Social Security Administration,4748
Lazard,4757
BlackRock,4764
Deluxe,4768
Freshfields Bruckhaus Deringer,4782
IFC - International Finance Corporation,4783
Apex Systems,4787
Smith+Nephew,4789
Hallmark Cards,4798
Atlas Copco,4804
North Carolina State University,4813
DB Schenker,4823
SEI,4826
JTI (Japan Tobacco International),4827
"Konica Minolta Business Solutions U.S.A., Inc.",4830
U.S. Department of Commerce,4835
F5,4841
Jabil,4852
EF Education First,4856
PPG,4857
"Skadden, Arps, Slate, Meagher & Flom LLP and Affiliates",4862
Harvard Business School,4867
UNICEF,4881
Pulte Mortgage,4883
PulteGroup,4884
University of Utah Health,4890
Blue Shield of California,4896
Parsons Corporation,4898
Specialty Equipment Market Association (SEMA),4912
Kroger,4914
Metso,4918
White & Case LLP,4920
Internal Revenue Service,4922
Otis Elevator Co.,4928
Latham & Watkins,4931
Hasbro,4934
Reebok,4945
Porter Novelli,4949
Bankers Trust,4957
AMERICAN EAGLE OUTFITTERS INC.,4960
EPAM Systems,4972
Temple Health – Temple University Health System,4985
Phoenix Technologies,4987
Lawrence Livermore National Laboratory,4994
Cartier,5001
CNO Financial Group,5006
Bankers Life,5007
University of Rochester Medical Center,5022
University of Rochester,5023
News Corp,5025
Persistent Systems,5034
Federal Aviation Administration,5039
USAID,5044
Cintas,5045
KONE,5047
Alfa Laval,5050
Sophos,5053
Ketchum,5057
Intelsat,5071
CHEP,5085
Dana Incorporated,5089
Southern Company,5095
Jones Day,5096
Ticketmaster,5097
aramco,5098
Lam Research,5107
Acer,5110
Navistar Inc,5112
Constellation,5113
"The TJX Companies, Inc.",5121
Nasdaq,5128
Anritsu,5139
Virtusa,5140
IGT,5147
Vestcom,5153
Jefferies,5154
Trimble Inc.,5160
Morningstar,5161
Los Angeles Times,5167
Sandvik,5170
Sandvik Coromant,5173
Bausch + Lomb,5185
Ascensus,5186
GRUNDFOS,5195
L.E.K. Consulting,5210
Teleperformance,5211
"Nalco Water, An Ecolab Company",5218
Colliers,5227
Rackspace Technology,5234
LHH,5235
ZS,5240
HCLTech - SAP Practice,5254
DSV - Global Transport and Logistics,5262
McMaster-Carr,5264
SRI,5266
Northeastern University,5274
Alcon,5275
Rent.,5289
LPL Financial,5294
Luxoft,5300
Esri,5311
Owens Corning,5313
Tenet Healthcare,5315
MFS Investment Management,5318
ALTEN,5322
Los Alamos National Laboratory,5327
H&M,5328
Blizzard Entertainment,5329
Sysco,5343
Softtek,5344
Connection,5351
GSA,5353
G4S,5355
UC Santa Barbara,5372
VELUX,5377
Sandia National Laboratories,5379
The Hanover Insurance Group,5392
Abercrombie & Fitch Co.,5410
University of Missouri Health Care,5441
University of Missouri-Columbia,5442
Hess Corporation,5458
ManTech,5461
Ashland,5466
Capco,5470
GALLO,5471
Ferrero,5472
Takeda,5482
Mercatus Center at George Mason University,5484
George Mason University,5489
CME Group,5499
Consilio LLC,5505
Crowe,5507
Morrison Foerster,5508
FTI Consulting,5509
Concurrent Technologies Corporation,5512
Southern Methodist University,5515
KPIT,5521
Westfield Insurance,5533
Premera Blue Cross,5548
ADM,5553
The Standard,5573
Plexus Corp.,5574
Allied Telesis,5584
Group Lotus,5588
Nintendo,5591
Forbes,5597
USANA Health Sciences,5599
Mercury Systems,5603
Capella University,5609
"Greenberg Traurig, LLP",5612
Cirrus Logic,5617
Coach,5618
Herbalife,5619
McClatchy,5624
Varian,5628
Memorial Sloan Kettering Cancer Center,5630
Huntsman Corporation,5649
Cleveland Clinic,5656
Dominion Energy,5666
LyondellBasell,5667
Kohler Co.,5670
Cooper University Health Care,5674
CJ,5679
Netia,5685
U.S. Department of Labor,5697
ACCO Brands,5703
"Santander Bank, N.A.",5705
Sasol,5708
University of Denver,5714
Ball Corporation,5724
Kirkland & Ellis,5732
"Morgan, Lewis & Bockius LLP",5734
ICF,5742
Kohl's,5749
"CPS, Inc.",5750
Huron,5751
Penske Logistics,5755
Penske Truck Leasing,5756
"SPX Cooling Tech, LLC",5764
Viasat,5770
Turner Construction Company,5772
Univision,5775
Louis Vuitton,5790
Kerry,5805
Cobham Satcom,5808
Gensler,5812
Moss Adams,5815
RTI International,5816
Tommy Hilfiger,5826
Hogan Lovells,5829
Fairfax County Public Schools,5830
ICON plc,5831
"Orrick, Herrington & Sutcliffe LLP",5833
Omron Automation,5837
Arcadis,5840
Johns Manville,5843
Tennessee Valley Authority,5848
Valassis Marketing Solutions,5856
Federal Highway Administration,5859
U.S. Department of Transportation,5860
IFF,5870
Smithsonian Enterprises,5878
MKS Instruments,5884
Motion Recruitment,5887
TDS Telecommunications LLC,5902
Cubic Corporation,5908
National Grid,5913
O'Melveny & Myers LLP,5920
University of Nebraska Foundation,5924
University of Nebraska-Lincoln,5926
Flowserve Corporation,5927
Quadrangle,5943
Autoliv,5949
Boston Public Schools,5955
Armstrong World Industries,5968
Chr. Hansen,5971
FM Global,5977
Fresenius Medical Care North America,5978
Union Pacific Railroad,5992
W. L. Gore & Associates,5996
University of Kentucky,5998
Cooley LLP,6027
Michaels Stores,6034
"Yoh, A Day & Zimmermann Company",6044
Mayer Brown,6052
Choice Hotels International,6059
Rensselaer Polytechnic Institute,6060
Advantage Technical,6061
CBIZ,6078
Lands'​ End,6083
AppleOne Employment Services,6088
UNSW,6096
NYU Langone Health,6104
Atlanticus,6134
NetSuite,6137
Agilysys,6142
County of Santa Clara,6146
Icahn School of Medicine at Mount Sinai,6154
Match,6159
"7-Eleven",6176
Zions Bancorporation,6184
Schindler Group,6191
Schindler Elevator Corporation (U.S.),6192
Brunswick Corporation,6194
ePlus inc.,6205
Brady Corporation,6213
FUJIFILM Holdings America Corporation,6215
Fresche Solutions,6225
AMS,6227
Thrivent,6233
Schwan's Company,6234
Baylor Scott & White Health,6250
The Herbert Wertheim UF Scripps Institute for Biomedical Innovation & Technology,6253
CSX,6265
Crain Communications,6278
Oklahoma State University,6281
Infogain,6282
QuinStreet,6288
Landis+Gyr,6291
Safety-Kleen,6294
Paul Hastings,6303
Reed Smith LLP,6336
Sutherland,6339
Marcus & Millichap,6346
Georgia State University,6350
National Institute of Standards and Technology (NIST),6357
NewYork-Presbyterian Hospital,6360
Dräger,6367
Tata Technologies,6369
Russell Investments,6378
MSCI Inc.,6387
Axis Communications,6390
Federal Bureau of Investigation (FBI),6408
Oregon Department of Transportation,6411
Altria,6414
HARMAN International,6419
Kofax,6427
Zimmer Biomet,6440
ERM,6449
Fortinet,6460
Loyola Medicine,6476
Loyola University Chicago,6477
Microchip Technology Inc.,6481
"Greyhound Lines, Inc.",6484
DaVita Kidney Care,6487
Tetra Tech,6492
"24 Hour Fitness",6497
UT Southwestern Medical Center,6504
Airlines Reporting Corporation (ARC),6509
Select Medical,6515
Boston Globe Media,6531
Ansys,6536
"Connexity, Inc. ",6537
Gallagher,6547
SoftServe,6549
Sappi,6560
UMB Bank,6565
Advocate Health Care,6570
Shure Incorporated,6579
Gucci,6585
MSA - The Safety Company,6591
Norfolk Southern,6592
Live Nation Entertainment,6593
dunnhumby,6608
AMERICAN SYSTEMS,6609
HOK,6624
Gibson Dunn ,6627
Marathon Oil Corporation,6631
Pro Staff,6636
Eisai US,6671
Worley,6677
Hollister Incorporated,6683
Rockstar Games,6684
ClubCorp,6689
CAS,6700
Enbridge,6702
Pall Corporation,6707
MSNBC,6725
J.Crew,6734
WVU Medicine,6738
Philadelphia Housing Authority,6756
Austin Independent School District,6758
Incyte,6761
Premier Inc.,6766
B. Braun Medical Inc. (US),6776
MultiPlan,6788
Sirva,6804
Tulane University,6806
SEPHORA,6814
Southern Glazer's Wine & Spirits,6821
Bitdefender,6825
Milliken & Company,6827
State of Indiana,6830
Highmark Inc.,6839
AEG,6846
Devon Energy,6848
Dice,6849
Simpson Thacher & Bartlett LLP,6853
Marriott Vacations Worldwide,6859
Vertex Pharmaceuticals,6866
Align Technology,6867
Hennepin County,6872
American Residential Services,6892
Delta Dental Ins.,6893
American Institutes for Research,6904
BJC HealthCare,6905
Florida International University,6910
RITE AID,6913
The Depository Trust & Clearing Corporation (DTCC),6915
Strategic Staffing Solutions,6919
Akin Gump Strauss Hauer & Feld LLP,6923
Holland & Knight LLP,6925
Hibu,6936
InterSystems,6959
Benchmark,6963
Jack Henry,6970
Federal Deposit Insurance Corporation (FDIC),6974
Carnival Corporation,6977
Intertek,6979
Baird,6983
Indotronix International Corporation,6985
International SOS,6993
Columbia Sportswear Company,7003
CoStar Group,7027
"Ross Stores, Inc.",7032
IEEE,7034
Response Companies,7043
Rohde & Schwarz,7054
Mercy,7064
State of Tennessee,7065
Ruder Finn,7070
Meijer,7075
American Medical Association,7077
Auburn University,7096
RS,7099
SGK,7112
Tag,7125
"Spectrum Brands, Inc",7127
Nature Portfolio,7131
NRG Energy,7136
American Bar Association,7137
NYS Department of Transportation,7147
The University of Texas at San Antonio,7153
Fred Hutch,7158
"PDS Tech Commercial, Inc.",7161
Plastic Omnium,7163
Gates Corporation,7167
Acuity Brands,7172
CEI,7175
Bekaert,7186
Norton Rose Fulbright,7194
Jostens,7197
CHS Inc.,7207
Publix Super Markets,7242
The Johns Hopkins University Applied Physics Laboratory,7251
Mott MacDonald,7253
University of New Hampshire,7257
Ultimate Staffing,7260
Brown-Forman,7262
Planview,7268
Sonoco,7277
Academy of Art University,7284
Sunrise Senior Living,7291
Essendant,7294
Mizuho,7318
TC Transcontinental,7331
Fordham University,7338
Linedata,7341
Orica,7345
Huxley,7355
Blue Cross Blue Shield of Michigan,7357
"Comscore, Inc.",7360
Domino's,7361
The Leukemia & Lymphoma Society,7372
Crane Aerospace & Electronics,7376
The Carlyle Group,7378
CSL,7384
TEAM LEWIS,7389
Xcel Energy,7396
TC Energy,7410
AutoZone,7412
Boston Medical Center (BMC),7413
NETGEAR,7423
"Woodward, Inc.",7425
"UHY LLP, Certified Public Accountants",7426
Brown & Brown Insurance,7427
"Vishay Intertechnology, Inc.",7449
Priceline,7451
Davis Polk & Wardwell LLP,7454
Dillard's Inc.,7455
Lonza,7462
FirstEnergy,7463
GM Financial,7466
Oakley,7471
D.R. Horton,7479
RUSH University Medical Center,7488
Barry Callebaut Group,7506
Bulgari,7507
Cedars-Sinai,7508
Illumina,7513
Inova Health,7515
Maryland State Highway Administration,7532
Horizon Blue Cross Blue Shield of New Jersey,7537
Lockton,7542
Nexans,7543
ECCO,7547
"Itron, Inc.",7550
Newsweek,7554
Sam's Club,7556
Corestaff Services,7585
"McDermott International, Ltd",7601
Lennox,7614
Aurora Health Care,7632
Daiichi Sankyo US,7635
St. Jude Children's Research Hospital - ALSAC,7639
State of North Carolina,7640
The Timken Company,7641
University of Louisville,7650
Johnson Matthey,7655
"Vistage Worldwide, Inc.",7658
Cirque du Soleil Entertainment Group,7673
Habitat for Humanity International,7680
SS&C Technologies,7684
"Zones, LLC",7689
Scientific Research Corporation,7701
"University of California, Riverside",7709
National General,7720
Emmis Corporation,7742
GEODIS,7761
Presidio,7771
University of Arkansas,7773
EBSCO Information Services,7777
"NVR, Inc.",7783
AlixPartners,7787
DICK'S Sporting Goods,7789
Petco,7795
Riverbed Technology,7796
Nelson Connects,7801
Space Dynamics Laboratory,7813
Stevens Institute of Technology,7832
Blackstone,7834
University of Maryland Baltimore County,7835
OUTFRONT Media,7844
STERIS,7851
Model N,7870
"TRC Companies, Inc.",7886
BorgWarner,7896
Proskauer Rose LLP,7913
International Rescue Committee,7916
"Land O'Lakes, Inc.",7935
Merkle,7947
Texas Health Resources,7952
The Children's Place,7955
Popular Bank,7960
IDEXX,7963
PIMCO,7970
Sword Group,7973
Entrust,8011
Exelixis,8013
GHX,8014
The Lubrizol Corporation,8017
Milliman,8019
State of Missouri,8024
DAT Freight & Analytics,8027
Mount Sinai Health System,8031
Life Time Inc.,8034
Culver Careers (CulverCareers.com),8058
GES - Global Experience Specialists,8062
Guy Carpenter,8063
Mintz,8070
AMETEK,8086
Littler,8089
Subway,8093
Acosta,8097
American Tower,8100
Bentley University,8103
"Church & Dwight Co., Inc.",8105
Deutsche Bahn,8108
The Judge Group,8117
Unit4,8120
Huber Engineered Materials,8131
Globant,8141
Orkin,8144
Master Electronics,8170
Staffmark,8188
Cartus,8196
Quad,8199
James Hardie,8202
tms,8209
Transocean,8210
Dollar General,8211
Callaway Golf,8217
Equinix,8221
Pactiv Evergreen Inc.,8234
Procom,8235
Fish & Richardson P.C.,8258
New Balance,8274
O-I,8275
QIAGEN,8276
Urban Outfitters,8280
Anthropologie,8281
Leonardo DRS,8288
Talbots,8294
ATR International,8299
Banner Health,8302
Charles River Laboratories,8306
Husky Technologies,8315
Altair,8323
Sumitomo Mitsui Banking Corporation – SMBC Group,8336
University of Alaska Fairbanks,8339
Alston & Bird,8342
Munich Re,8346
Dyson,8356
The Guitar Center Company,8359
MoneyGram International,8362
Douglas Elliman Real Estate,8363
Teleflex,8366
"Levi, Ray & Shoup, Inc. (LRS)",8367
JSI,8374
Municipality of Anchorage,8381
OhioHealth,8390
BJ's Wholesale Club,8403
The Toro Company,8419
CEVA Logistics,8434
GKN Automotive,8437
Bowling Green State University,8449
CITGO,8453
COUNTRY Financial®,8454
Flagstar Bank,8455
National Car Rental,8471
Alamo Rent A Car,8472
Boral,8479
Molson Coors Beverage Company,8484
Syniverse,8490
YASH Technologies,8493
Calix,8495
Mandarin Oriental Hotel Group,8503
Ipsen,8511
Entegris,8533
Lectra,8538
Lionsgate,8539
University of Rhode Island,8553
Federated Hermes,8556
Lifespan,8558
Qualys,8561
Briggs & Stratton,8567
"California State University, Fullerton",8578
Gulfstream Aerospace,8584
Colonial Life,8593
Huhtamaki,8596
SWAROVSKI,8602
Brother USA,8604
National MS Society,8614
Tate & Lyle,8619
Kemper,8621
University of the Pacific,8636
Fermilab,8638
Univar Solutions,8652
Duane Morris LLP,8653
The Port Authority of New York & New Jersey,8663
Associated Bank,8667
Konami Digital Entertainment,8681
Infoblox,8697
Penn Mutual,8700
University of Vermont,8706
athenahealth,8710
Info-Tech Research Group,8716
Sectra,8726
City of Fort Worth,8731
Bill & Melinda Gates Foundation,8736
City of Atlanta,8737
designory,8773
The Bolton Group,8781
Digitas Health,8790
TruTeam,8792
Prologis,8794
Plante Moran,8795
UChicago Medicine,8800
Cboe Global Markets,8805
City and County of Denver,8807
GP Strategies Corporation,8835
Ghirardelli Chocolate Company,8838
State of Iowa - Executive Branch,8846
Des Moines Public Schools,8847
ARA,8853
The Rockefeller University,8868
TSMC,8869
Imerys,8878
National Hockey League (NHL),8882
Polaris Inc.,8885
"California State University, Long Beach",8897
FORVIA HELLA,8901
Western & Southern Financial Group,8905
Echo Global Logistics,8914
Greenspun Media Group,8923
Consumer Reports,8930
Henry Ford Health,8936
Premier Health Partners,8944
The Mount Sinai Hospital,8945
SHI International Corp.,8950
Newmark,8967
"Nuveen, a TIAA company",8968
Macmillan,9018
Clark County School District,9025
U.S. Chamber of Commerce,9026
Nilfisk,9029
Proforma,9031
Belden Inc.,9034
Southwest Research Institute,9047
FlightSafety International,9056
Laerdal Medical,9060
Airgas,9070
Florida Atlantic University,9077
World Wide Technology,9089
Covestro,9099
Shaw Industries,9103
Brenntag,9117
Advantage Solutions,9123
"Universal Technical Institute, Inc.",9124
Porsche Cars North America,9133
TÜV Rheinland North America,9142
University of Missouri-Kansas City,9146
H.B. Fuller,9151
SES Satellites,9157
GAF,9170
The University of Southern Mississippi,9181
Advance Auto Parts,9185
Bright Horizons,9187
King & Wood Mallesons,9206
Indiana University Health,9211
PACSUN,9213
Ropes & Gray LLP,9221
Netsmart,9223
American Water,9226
Big Lots,9229
Fairview Health Services,9237
Garmin,9240
"Lord, Abbett & Co. LLC",9259
Sheppard Mullin Richter & Hampton LLP,9267
CareFirst BlueCross BlueShield,9286
Symetra,9306
National Journal,9313
Medical College of Wisconsin,9351
Brainlab,9355
Redwood Software,9372
University of Maryland Global Campus,9375
Dallas College,9382
Savills North America,9388
VSP Vision Care,9393
"Medline Industries, LP",9402
Old Dominion University,9404
Genesis10,9409
Donaldson,9420
EPCOR,9423
J. Paul Getty Trust,9430
Symrise AG,9435
TriNet,9438
Braskem,9453
The Venetian Resort Las Vegas,9464
Novelis,9487
Perkins&Will,9491
Belk,9499
Tyler Technologies,9505
VHB,9511
EY-Parthenon,9519
Yara International,9523
Simon-Kucher,9546
Intuitive,9561
Miratech,9562
Peraton,9565
Neurocrine Biosciences,9567
Element Fleet Management,9570
Amica Insurance,9575
Kiewit,9585
William & Mary,9618
Guidewire Software,9624
Miami-Dade County Public Schools,9626
Trintech,9634
Ameren,9643
Benjamin Moore,9645
Design Within Reach,9648
ITW,9652
Liberty University,9654
"Solix Technologies, Inc.",9661
U.S. Office of Personnel Management (OPM),9666
VNS Health,9667
Hill's Pet Nutrition,9676
X-Rite,9692
Commonwealth Financial Network,9694
Centene Corporation,9703
VSE Corporation,9732
The Exchange,9739
Novant Health,9759
Pella Corporation,9765
Babcock & Wilcox,9769
Houston Chronicle,9779
Howard Hughes Medical Institute,9780
Kimball International,9782
Kimley-Horn,9783
Ansell,9796
The Metropolitan Museum of Art,9800
Kennesaw State University,9801
The City of San Diego,9802
Mercury Insurance,9804
Dewberry,9812
Direct Supply,9813
Eastridge Workforce Solutions,9814
Wood,9826
Iridium,9834
Crate and Barrel,9849
Aveda,9857
Brembo,9859
Broadspire,9862
Levy Restaurants,9864
Rakuten Advertising,9866
Mintel,9867
Arkema,9884
Eastern Michigan University,9896
Siegel+Gale,9915
Wright State University,9917
Bolloré Logistics,9936
Vicor Corporation,9942
"California State University, Chico",9945
"RealPage, Inc.",9956
Protective Life,9957
Art Institute of Chicago,9960
Lexar,9972
Milestone Systems,9977
ORIX Corporation USA,9981
Chevron Phillips Chemical Company,9993
Hempel A/S,10000
HUB International,10001
AMN Healthcare,10021
Belcan,10028
Children's Health,10032
DSA,10037
Hyland,10043
Momentive,10049
Eversource Energy,10051
StubHub,10061
Arch Insurance Group Inc.,10066
"Giant Eagle, Inc.",10080
Medica,10086
PPL Corporation,10091
Uponor,10101
Coinstar,10105
CSC,10106
"Caleres, Inc.",10111
Groupe Clarins,10116
Rocket Software,10127
Alkermes,10137
Bracco,10140
Brooks Brothers,10141
Famous Footwear,10147
Creighton University,10157
Qlik,10162
Baker Tilly US,10169
Ivy Tech Community College,10174
NOVA Chemicals,10178
"Lexicon Pharmaceuticals, Inc.",10186
PNM Resources,10190
Stifel Financial Corp.,10194
Videojet Technologies,10214
DLC,10231
HNTB,10235
GHD,10243
JDRF International,10245
Konecranes,10249
Pep Boys,10255
Subaru of America,10257
QinetiQ US,10261
IONOS,10298
"Sherpa | Recruiting, Staffing & Consulting",10308
New York Institute of Technology,10352
Lamar Advertising Company,10365
Cable ONE,10402
LCRA,10411
Accuray,10427
BankUnited,10428
Nordson Corporation,10456
Giorgio Armani,10474
Minuteman Press,10481
Swisslog,10500
Tecan,10501
"Shook, Hardy & Bacon L.L.P.",10515
Webster Bank,10522
CooperVision,10559
Games Workshop Ltd,10567
BRP,10580
BART,10581
Gilbane Building Company,10590
Mace,10595
CARFAX,10616
Genuine Parts Company,10634
New York City Police Department,10645
NBCUniversal Telemundo Enterprises,10649
BayCare Health System,10661
Meta,10667
Fragomen,10668
Everi Holdings Inc.,10673
Securian Financial,10684
ESR,10705
Vulcan Materials Company,10737
American Psychological Association,10738
Paradise Valley Hospital,10744
CarsDirect.com,10752
Promega Corporation ,10754
Steptoe LLP,10756
(USTA) United States Tennis Association,10762
BAI,10766
Chick-fil-A Corporate Support Center,10768
CHRISTUS Health,10769
Rent-A-Center,10778
SNI Financial,10790
Cooper Standard,10793
eInfochips (An Arrow Company),10800
Fresenius Kabi USA,10809
Converse,10818
NORC at the University of Chicago,10856
ACT,10869
Butler Aerospace & Defense,10874
City of Phoenix,10876
David's Bridal,10883
Quinnox,10893
Crowell & Moring,10905
The Wonderful Company,10911
POM Wonderful,10912
FIJI Water,10913
Semtech,10926
"U.S. Xpress, Inc.",10954
Brookfield Properties,10958
GKN Aerospace,10967
Alzheimer's Association®,10976
Swagelok,11006
The J.M. Smucker Co.,11007
Turner & Townsend,11011
EverBank,11019
Heartland,11054
Insight Global,11056
Liebherr Group,11057
"Pinnacle Group, Inc.",11067
Starkey Hearing,11073
Swissport,11075
University of Mississippi,11076
Orlando Health,11083
Terminix,11092
Westat,11099
ESCO Group LLC,11108
Infinite Computer Solutions,11115
KSB Company,11122
New York Post,11128
Nova Ltd.,11129
Tom James Company,11140
"Berry Global, Inc.",11152
Douglas County,11163
"Kinder Morgan, Inc.",11169
HSB - Hartford Steam Boiler,11180
Venable LLP,11193
Environmental Defense Fund,11198
FUJIFILM Healthcare Americas Corporation,11200
"Hill International, Inc.",11204
"Matson, Inc.",11211
Matson Logistics,11213
Shiseido,11223
Travis County,11224
Vaco,11229
"Burlington Stores, Inc.",11240
Tarkett,11248
UAMS - University of Arkansas for Medical Sciences,11250
Yazaki North America,11253
Girl Scouts of the USA,11261
Graco,11262
Hillel International,11265
Leggett & Platt,11275
SHRM,11282
National Renewable Energy Laboratory,11311
Prysmian,11316
Clark Construction Group,11322
Marlabs LLC,11350
Children's National Hospital,11358
ANDRITZ,11370
Austin Community College,11373
"Hologic, Inc.",11390
XTRA Lease LLC,11410
General Atomics,11419
Ingenio,11423
Janney Montgomery Scott LLC,11424
NCDOT,11428
Almac Group,11440
Citi,11448
Siemens Gamesa,11455
PGA TOUR,11462
MGIC,11493
Onward Technologies Limited,11498
SageNet,11505
Wood Mackenzie,11510
Arlington County Government,11511
O.C. Tanner,11540
PVH Corp.,11541
Bartech Staffing,11546
Woodside Energy,11552
"BDS Connected Solutions, LLC.",11556
NFP,11566
Navy Federal Credit Union,11568
TriWest Healthcare Alliance,11580
AAAS,11602
Hormel Foods,11618
Mainline Information Systems,11625
Midcontinent Independent System Operator (MISO),11627
WEX,11637
Barings,11645
BioMarin Pharmaceutical Inc.,11647
C&S Wholesale Grocers,11648
Open Systems Technologies,11655
SolomonEdwards,11660
AAA-The Auto Club Group,11662
Institute for Defense Analyses,11670
MAC Cosmetics,11674
Markel,11675
Proofpoint,11681
Rich Products Corporation,11685
"Combined, a Chubb Company",11703
Leonardo,11713
Freedom Mortgage,11714
Oceaneering,11727
Trinity College-Hartford,11730
Tennant Company,11749
Wesco,11758
OneAmerica Financial,11783
Strayer University,11790
Zilliant,11793
Medical Mutual,11800
Atlantic Health System,11804
Baptist Health,11809
Trader Joe's,11823
Avature,11829
Bank of Hawaii,11831
Boise State University,11832
Broadridge,11834
Keypath Education,11870
Arby's,11874
Barrick Gold Corporation,11876
Centric Consulting,11878
ITR Group,11891
Main Line Health,11898
Myriad Genetics,11901
Boost Mobile,11919
Cambridge Health Alliance,11921
Novanta Inc.,11925
Virginia Mason Franciscan Health,11945
Wilson Elser,11948
Epiq,11963
Griffith Foods,11999
Buchanan Ingersoll & Rooney PC,12034
Sg2,12042
UT Health San Antonio,12050
Medidata Solutions,12076
Park Nicollet Health Services,12082
Ocean Spray Cranberries,12095
Pratt Institute,12099
BENTELER Group,12113
Towson University,12135
"Ionis Pharmaceuticals, Inc.",12150
Paladin Consulting,12158
STV,12164
OpenTable,12181
Republican National Committee,12189
Safelite,12192
Tradeweb,12196
Advantage Resourcing,12201
Bon Secours,12208
Denver Public Schools,12212
Farm Bureau Financial Services,12215
Audible,12227
University of Missouri-Saint Louis,12238
La-Z-Boy Incorporated,12250
"MedImpact Healthcare Systems, Inc.",12254
Day & Zimmermann,12273
"Graphic Packaging International, LLC",12291
Idaho National Laboratory,12293
Rose International,12309
National Federation of Independent Business (NFIB),12332
Culligan International,12336
Sentry,12345
SICK Sensor Intelligence,12346
Trapeze Group,12354
University of Richmond,12384
Welch's,12388
Miami Dade College,12397
"Americold Logistics, LLC.",12434
Atlas Air,12436
Circle K,12446
EQT Corporation,12459
Mimeo,12469
FCS Software Solutions Ltd,12509
Leica Microsystems,12517
Leviton,12518
Conservation International,12533
Cracker Barrel,12534
DPR Construction,12538
PAR Technology,12540
UNOPS,12578
Granite Construction,12601
General Dynamics Electric Boat,12643
Markem-Imaje,12654
PDF Solutions,12658
Pilgrim's,12659
Uline,12667
Yardi,12674
ASQ - World Headquarters,12680
CompHealth,12686
Sensient Technologies Corporation,12701
Windstream,12709
Food Lion,12727
Brookhaven National Laboratory,12743
Copyright Clearance Center (CCC),12749
Crum & Forster,12751
UST,12770
Detroit Medical Center,12781
Children's Hospital of Michigan,12782
Exclusive Resorts,12785
Federal Bureau of Prisons - Career Connections,12787
Montclair State University,12802
Altec,12820
Scooter's Coffee,12828
Holland & Hart LLP,12835
Sargent & Lundy,12861
Sierra Nevada Corporation,12863
Cabela's,12890
Burns & McDonnell,12902
ChristianaCare,12907
"2K",12908
Viking,12924
HealthFitness,12931
Hexcel Corporation,12932
HMSHost,12934
IREX,12939
Pernod Ricard,12951
CuraScript SD by Evernorth,12952
Genmab,12969
"Loomis, Sayles & Company",12979
Boys & Girls Clubs of America,13002
SMX,13011
Hendrickson,13015
Rittal North America LLC,13033
Sinclair Inc.,13038
Smith Hanley Associates,13039
"eHealth, Inc.",13068
Mercy Health,13073
MultiCare Health System,13074
New Resources Consulting,13076
Orange County Government,13079
Biotage,13092
Harris County,13094
"PENN Entertainment, Inc",13099
HurixDigital,13138
Mindteck,13149
Aggreko,13151
Aston Carter,13153
Beam Suntory,13154
Constant Contact,13156
Acronis,13179
Adventist HealthCare,13181
Management Sciences for Health,13188
City of Indianapolis,13197
Empire Today,13203
Kao Corporation,13212
Modine Manufacturing Company,13214
Optiver,13216
Frost,13256
Hiscox,13268
Nexon America,13282
Parkland Health,13285
Accruent,13288
TransPerfect,13299
Systems Planning & Analysis,13309
Albany International Corp.,13310
Conair LLC,13315
Integra LifeSciences,13329
Ledgent,13333
"McLane Company, Inc.",13334
St. Joseph Health,13350
Zimmerman Advertising,13364
"HKS, Inc.",13376
Skechers,13386
ELEKS,13412
Cambrex,13418
Children's Minnesota,13420
Constellation Brands,13421
Opportunity International,13437
Regeneron,13476
Leadership Institute,13483
ValueLabs,13489
Contra Costa County,13495
Devereux Advanced Behavioral Health,13499
"Gordon Rees Scully Mansukhani, LLP",13508
Harris Computer,13524
Greif,13542
CohnReznick LLP,13550
Excelacom,13573
World Learning,13589
Signet Jewelers,13626
Brose Group,13634
Jackson Lewis P.C.,13644
MarketAxess,13651
Oakland University,13657
Portland General Electric,13658
Chamberlain Group,13670
TranSystems,13673
Trigyn Technologies,13675
ArisGlobal,13677
CoBank,13684
Magna International,13703
Stepan Company,13719
ZOLL Medical Corporation,13727
WiseTech Global,13728
ABF Freight,13769
Spirit AeroSystems,13775
Williams College,13780
PING,13787
Prime Therapeutics,13788
United States Olympic & Paralympic Committee,13795
Burns & Levinson LLP,13805
Community Health Network,13811
Eliassen Group,13816
Freudenberg Sealing Technologies,13819
Lesley University,13852
Marathon Petroleum Corporation,13856
Ballard Spahr LLP,13880
Bluegreen Vacations,13884
Zegna,13895
Hach,13901
International Atomic Energy Agency (IAEA),13904
Apex IT,13908
Mortenson,13946
Mozilla,13948
expand group,13956
BECU,13985
"Wheels, Inc.",13988
Zillow,13990
Expro,14038
Builders FirstSource,14064
CES,14069
Dematic,14074
Western Governors University,14084
LensCrafters,14088
The Mars Agency,14091
Prosum,14100
RadNet,14101
SANS Institute,14104
Volvo Financial Services,14133
Under Armour,14140
"Softworld, a Kelly Company",14158
AvalonBay Communities,14164
Aéropostale,14191
Carters Inc.,14242
Dallas Fort Worth International Airport (DFW),14251
CJ Logistics America,14255
Wiley Rein LLP,14258
VisitBritain,14282
Lhoist,14287
Printpack,14296
Academy Sports + Outdoors,14303
Cascades,14317
Staff Management | SMX,14336
Wildlife Conservation Society,14344
Solomon Page,14352
RWJBarnabas Health,14363
Guaranteed Rate,14370
KARL STORZ United States,14376
GIA (Gemological Institute of America),14401
Papa Johns,14430
Clean Harbors,14459
Denver Health,14461
CSI,14476
Transurban,14488
American Modern Insurance Group,14507
Perry Ellis International,14512
P.F. Chang's,14513
East West Bank,14528
Newegg,14541
Armanino LLP,14546
AVEVA,14547
Susan G. Komen,14555
Zeno Group,14562
"EMCOR Group, Inc.",14570
Avangrid,14571
Erie Insurance Group,14576
Tommy Bahama,14611
Eastern Bank,14631
iCIMS,14650
Comrise,14651
McLean Hospital,14657
"Movado Group, Inc",14716
Jefferson Health,14736
Peterson's,14741
Selective Insurance,14749
Batesville,14765
Butler University,14798
Profiles,14814
Renaissance Learning,14819
Scripps Health,14822
Tampa Electric,14832
Inditex,14853
Universal Instruments Corporation,14881
"Jockey International, Inc.",14926
Metropolitan State University of Denver,14928
"Trinity Industries, Inc.",14947
EDB,14958
Hannaford Supermarkets,14966
HealthStream,14967
Performance Food Group,14984
Baptist Health,14991
City of Palo Alto,14995
Ansira,15013
RED Global,15014
"FUJIFILM Sonosite, Inc.",15022
Tripadvisor,15027
Kimpton Hotels & Restaurants,15034
Humanscale,15038
Designit,15067
Dimensional Fund Advisors,15068
Delaware North,15080
Westgate Resorts,15085
Graham Packaging,15098
Innovative Systems Group,15110
ENGIE North America Inc.,15112
Pacific International Executive Search,15124
Formica Group North America,15132
AmeriGas,15139
Arriva Group,15143
Hilton Grand Vacations,15163
Texas Tech University Health Sciences Center,15168
"JELD-WEN, Inc.",15201
Kleinfelder,15203
Ontex,15208
Acushnet Company,15213
Ambu A/S,15217
DISYS,15228
"Neudesic, an IBM Company",15231
FreshDirect,15241
Hong Kong Trade Development Council,15244
"1-800 CONTACTS",15253
Molina Healthcare,15283
LA Fitness,15305
Boingo Wireless,15313
Boston Technology Corporation,15314
Copart,15317
"Choate, Hall & Stewart LLP",15332
SPS Commerce,15345
Downstate Health Sciences University,15349
The Hunter Group Associates,15355
University of Advancing Technology,15357
Windward Consulting,15364
"Miracle Software Systems, Inc",15388
Mount Carmel Health System,15389
U.S. International Development Finance Corporation,15393
Colorado School of Mines,15413
Tractor Supply Company,15434
Prosegur,15449
LivaNova,15451
Gresham Smith,15460
La Petite Academy,15472
Learning Care Group,15473
Bodycote,15485
Spirit Airlines,15504
Synechron,15506
Percepta,15536
Pima County,15539
Schweitzer Engineering Laboratories (SEL),15544
Micro Center,15552
Ambient Consulting,15557
AngloGold Ashanti,15560
Tesla,15564
Abiomed,15602
GTT,15620
SEGULA Technologies,15633
Colonial Pipeline Company,15649
Crunch Fitness,15651
AECOM,15656
Wesleyan University,15668
Telesat,15675
Total Quality Logistics,15677
Interstate Batteries,15691
Evotec,15720
Extra Space Storage,15721
Trammell Crow Residential,15725
Buckman,15735
PCL Construction,15739
Protegrity,15741
Rinker Materials,15746
Sartorius,15749
Page,15762
Liberty Tax,15788
Stericycle,15798
Detroit Public Schools Community District,15812
Guggenheim Partners,15823
Unishippers,15853
Wellstar Health System,15855
Akerman LLP,15863
Atmos Energy,15870
Nitto Avecia,15872
LanguageLine Solutions,15891
EDF Trading,15901
Missouri State University,15933
National Association of Manufacturers - NAM,15935
Questex,15944
Temasek,15956
The Brattle Group,15957
Campari Group,15979
Association for Talent Development (ATD),15989
Beazley,15991
DRW,15999
American National Bank of Texas,16022
Confluence,16027
SmithGroup,16031
YPO,16041
Travelzoo,16062
LEONI,16078
NovaCare Rehabilitation,16088
PlainsCapital Bank,16093
Pharmavite,16094
Piedmont,16096
Qualitest,16101
AAK,16120
ICMA - International City/County Management Association,16123
Matlen Silver,16127
Massachusetts Port Authority,16174
Northside Hospital,16182
Omya,16185
Ford Foundation,16194
Safilo,16218
Saksoft,16219
Fender Musical Instruments Corporation,16223
"firstPRO, Inc",16227
Chicago Transit Authority,16239
AbelsonTaylor Group,16258
American National,16263
Curia,16264
ZoomInfo,16272
Party City,16279
WestEd,16322
Strategic Solutions,16331
Fox Rothschild,16349
Glenmark Pharmaceuticals,16351
LearningMate,16363
"LanceSoft, Inc.",16388
Cross Country Healthcare,16402
Brightcove,16439
Nemours,16462
CompTIA,16529
Ingredion Incorporated,16530
CorVel Corporation,16531
AAA Club Alliance,16552
WakeMed,16568
Theory,16582
Healthfirst,16589
KEMET Electronics Corporation,16631
Rho,16674
Swinerton,16685
Syska Hennessy Group,16686
Compunnel Inc.,16690
Ferrellgas,16710
Crocs,16726
Bass Pro Shops,16733
BPM LLP,16742
"Alexion Pharmaceuticals, Inc.",16750
The Legal Aid Society,16764
Willamette University,16770
"Major, Lindsey & Africa",16775
Sentient Jet,16802
CTDI,16811
FIFA,16825
Five9,16827
TPN,16874
Sorenson Communications,16892
Xebia,16903
Hospital for Special Surgery,16907
Local Initiatives Support Corporation (LISC),16917
"GOJO, Makers of PURELL",16939
Grifols,16940
Jet Aviation,16944
Barnes & Thornburg LLP,16972
California Casualty,16977
Widener University,16988
Munters,16995
OMNIVISION,17002
Supplemental Health Care,17022
Sur La Table,17023
David Weekley Homes,17033
CRB,17043
INTEGRIS Health,17069
"ABX Air, Inc.",17072
cyberThink Inc,17090
Precor,17107
RaceTrac,17109
SIXT,17120
Terracon,17132
Hawaiian Telcom,17138
Hexagon Manufacturing Intelligence,17142
Home Instead,17143
Insight Investment,17191
Nabors Industries,17208
Trek Bicycle,17224
UniFirst Corporation,17226
Covanta,17233
"Relevante, Inc.",17246
AIS (Applied Information Sciences),17259
ATS Corporation,17263
Blackhawk Network,17283
Cimatron,17285
Creation Technologies,17299
eClerx,17312
Fisher & Paykel Appliances,17315
ASSYST,17329
San Francisco Giants,17339
The Hain Celestial Group,17351
Gentex Corporation,17363
Mission Foods,17388
CoWorx Staffing Services,17394
Fandango,17404
JPS Health Network,17419
SECU,17452
TPG,17460
Walden University,17473
Haley & Aldrich,17483
Public Consulting Group,17516
Quorum Software,17518
The Jackson Laboratory,17529
Human Rights Watch,17544
Imprimis Group,17547
Antolin,17560
Christian Dior Couture,17577
AdvoCare,17599
Umpqua Bank,17603
Johnson Financial Group,17626
Kainos,17628
Nth Degree,17639
PSA BDP,17654
Corsair,17663
Smith & Associates,17700
Workday,17719
Federal Home Loan Bank of Chicago,17726
"InterDigital, Inc.",17752
KPFF Consulting Engineers,17755
Infosys Consulting,17758
MediaTek,17763
Ameritas,17788
NWN Carousel,17800
Delta Dental of Washington,17836
Belmont University,17844
Bowdoin College,17847
ALPS ALPINE,17867
Central Piedmont Community College,17877
DART (Dallas Area Rapid Transit),17882
JLG Industries,17902
Applied Medical,17922
Crestron Electronics,17936
"24 Seven Talent",17937
University of South Dakota,17944
Theoris,17953
Access Intelligence,17981
PrideStaff,17987
Schreiber Foods,17995
Fairfield Residential,18036
Addison Group,18043
The Container Store,18062
Jefferson County Public Schools,18090
Krones,18093
Metropolitan Water District of Southern California,18098
Nefab,18102
Federated Insurance,18109
Axiom,18137
Bullhorn,18144
Canyon Ranch,18145
Altium Packaging,18151
American Specialty Health,18154
Modern Luxury,18169
Office Angels,18213
Orion Talent,18214
Los Angeles Dodgers,18234
CareSource,18255
Contech Engineered Solutions,18280
Core BTS,18281
Unitek Learning,18287
Welocalize,18292
St. David's HealthCare,18303
Panda Restaurant Group,18306
Physicians Mutual,18311
"ProTech Services Group, Inc.",18314
Ritchie Bros.,18317
Gallagher Bassett,18337
Hoag Health System,18349
Omaha Public Power District,18353
Glatfelter,18372
"Kraft & Kennedy, Inc.",18389
Cherry Bekaert,18401
Destination by Hyatt,18409
SME,18440
"Merit Medical Systems, Inc.",18453
Nemak,18458
Generac,18466
Brooksource,18476
Burrell Communications,18477
Douglas County School District,18483
Eide Bailly LLP,18487
"MasterBrand, Inc.",18523
Verinext,18542
Golden State Warriors,18546
"Vorys, Sater, Seymour and Pease LLP",18554
UDR - Opening Doors to your future,18563
Dollar Tree Stores,18613
Genesco,18627
ALDO Group,18641
California Closets,18659
SYSPRO Americas,18686
"Kumon North America, Inc.",18690
Legacy Health,18691
NJ TRANSIT,18707
Playtech,18717
Crown Lift Trucks,18755
Crown Equipment Corporation,18756
Zeta Global,18763
Florida Gulf Coast University,18774
The Jacobson Group,18804
Aeromexico,18870
Universal Service Administrative Co. (USAC),18872
Saul Ewing LLP,18893
Taylor Morrison,18915
Forrest Solutions,18921
American Arbitration Association,18949
Cato Corporation,18961
Imprivata,18976
Amplifon,18998
Bankrate,19003
Docusign,19022
Dorman Products,19023
Option Care Health,19066
PSCU,19072
SquareTrade,19082
TeamHealth,19087
Topco Associates LLC,19092
The University of Vermont Medical Center,19107
Fox Racing,19108
Joulé,19132
Altarum,19146
CPS Energy,19163
Union College,19167
Vedder Price,19170
Wells Enterprises,19174
West Fraser,19175
Synovus,19180
ORBCOMM,19207
Farm Credit Services of America,19236
"Global Technical Talent, an Inc. 5000 Company",19241
Marina Maher Communications (MMC),19243
Prestige Staffing,19256
Angi,19263
Internet2,19264
The Forum Group,19267
Valley Bank,19268
The International Foundation for Electoral Systems,19274
College of the Holy Cross,19277
Trinity Consultants,19283
Hancock Whitney,19287
Epic Games,19327
NeighborWorks America,19328
"City of Glendale, CA",19330
Touro University,19332
Morehouse School of Medicine,19337
Portland Trail Blazers @ the Rose Quarter,19339
Plymouth State University,19340
Carollo Engineers,19349
Mechanics Bank,19368
David Yurman,19409
AE Business Solutions,19424
Kansas City National Security Campus,19431
Old Republic Title,19436
University of Central Oklahoma,19470
BAYADA Home Health Care,19472
Horizon Air,19489
Regency Centers,19498
Ruffalo Noel Levitz,19499
Museum of Pop Culture (MoPOP),19511
NSF,19520
Lloyd Staffing,19521
Atrium,19534
Mutual of America Financial Group,19546
Park University,19550
American Dental Association,19559
Anne Arundel County Public Schools,19565
Benchmark Mortgage (NMLS #2143),19593
Collette,19595
Lewis University,19607
ConsultNet Technology Services and Solutions,19626
Doe-Anderson,19631
Motion,19637
Technologent,19647
Lakeshore Learning Materials,19678
Regency Hospital Company,19693
Fannie Mae,19722
Monterey Bay Aquarium,19731
Phoenix Suns,19732
Alliant Credit Union,19745
ISO New England Inc.,19762
Peabody Energy,19767
West Pharmaceutical Services,19784
Tulsa Community College,19785
Corporation for Public Broadcasting,19798
First Financial Bank,19807
KABOOM!,19821
Meridian Technologies,19825
OEC,19831
Wayfair,19857
Emerson Health,19863
Helzberg Diamonds,19866
Safe Horizon,19885
Share Our Strength,19887
Fanshawe College,19914
The Seattle Public Library,19933
University of Southern Indiana,19944
St. Louis Community College,19996
Bimbo Bakeries USA,20009
Vi,20016
ESG Consulting,20025
Inchcape Shipping Services,20038
CoreCivic,20088
Cotiviti,20089
California Energy Commission,20167
Investis Digital,20186
"M/I Homes, Inc.",20190
Blue Cross of Idaho,20240
Boston Celtics,20242
Christopher Newport University,20257
Dassault Falcon Jet,20266
Kidder Mathews,20273
Mediaocean,20282
Sandy Spring Bank,20300
Vantage Mobility,20317
CalSTRS,20339
Digital Realty,20344
Michael Kors,20369
LA Clippers,20372
Olsson,20374
"Waffle House, Inc.",20397
American Institute of Physics,20409
BBSI,20415
Eastdil Secured,20431
IMB (International Mission Board),20441
Scientific American,20466
StandardAero,20469
Beanstalk - Brand Extension Licensing Agency,20477
St. John Knits,20489
California Academy of Sciences,20513
National Radio Astronomy Observatory,20548
PenFed Credit Union,20551
IAA,20563
Life Care Centers of America,20573
Madison Area Technical College,20576
Solution Design Group,20603
The Energy Authority,20607
San Diego Zoo Wildlife Alliance,20622
American Bureau of Shipping (ABS),20629
First Hawaiian Bank,20663
Lucky Brand,20700
Palantir Technologies,20708
Russell Stover Chocolates,20717
Rhodes College,20720
Sonic Automotive,20723
SCP Health,20734
CPSI,20773
Dallas Mavericks,20788
Hult International Business School,20792
JT4,20805
PeopleScout,20814
Parametrix,20822
RMI,20826
SUNY Brockport,20830
West Bend Insurance Company,20844
Rehmann,20845
Huntington Health,20894
Jewish Community Federation and Endowment Fund,20902
Modern Woodmen of America,20911
Kaleida Health,20918
In-Q-Tel (IQT),20919
National Audubon Society,20922
Merchant & Gould P.C.,20924
Southeastern Pennsylvania Transportation Authority (SEPTA),20954
Staffing Solutions Enterprises,20957
Washington College,20972
Chicago Trading Company,21004
Catalyte,21007
Hunter Industries,21026
Integrated DNA Technologies,21041
WittKieffer,21058
Phoenix House,21082
Pacific Scientific Energetic Materials Company,21087
Spectrum Science - a GHMC Company,21120
"Brasfield & Gorrie, LLC",21130
Cohen & Company,21147
Kelsey-Seybold Clinic,21185
The Weitz Company,21209
Intralox,21219
Keene State College,21228
Daikin Applied Americas,21250
Oakton College,21261
Redfin,21269
Sound Physicians,21273
TALENT Software Services,21279
Boyd Gaming,21292
Drury University,21313
Hollstadt Consulting,21330
NYC Health + Hospitals,21337
Kirton McConkie,21366
Laughlin Constable,21368
Kaseya,21377
NCQA,21380
Metropolitan Community College,21386
New York Power Authority,21401
PrimePay,21408
Victaulic,21425
Coastal Carolina University,21444
Calian Group,21457
City of Virginia Beach,21460
E Ink Corporation,21469
Gotham Technology Group,21485
Geosyntec Consultants,21488
Kensington International Executive Search,21490
Bloodworks Northwest,21500
Pure Fishing,21503
The Citadel,21508
St. Francis Medical Center,21521
Trustwave,21523
Wilton Brands,21540
Wimmer Solutions,21541
Woodard & Curran,21542
YMCA of Greater Seattle,21544
Granite Telecommunications,21554
Omaha Steaks,21595
Orthofix,21607
ActionLink,21611
Children's Aid,21642
DDN Storage,21665
Eckerd Connects,21667
State University of New York Upstate Medical University,21681
Rhode Island College,21694
Texas Association of School Boards,21698
The Doctors Company,21702
South Shore Health,21703
Sun Country Airlines,21708
Titan America,21709
Trinchero Family Estates,21727
Dawson,21736
Dealer Tire,21738
HENSEL PHELPS,21743
Maxonic,21784
Loro Piana,21786
Northmarq,21792
County of Ventura,21833
CoreLogic,21835
CyberCoders,21836
Dallas Museum of Art,21860
Ping Identity,21870
Red Ventures,21889
Rehrig Pacific Company,21890
Digital People,21940
Hearth & Home Technologies,21945
Kastle Systems,21971
Keiser University,21972
National Jewish Health,21980
Marcum LLP,21984
MRE Consulting,21989
Management Concepts,21994
AgreeYa Solutions,22003
Avalara,22026
Woodland Park Zoo,22076
One Workplace,22096
"Nuvera Fuel Cells, LLC",22099
Samaritan's Purse,22112
Salem Web Network,22113
Southland Industries,22132
Southwest Gas Corporation,22133
Spencer Technologies,22134
Tucson Electric Power,22141
Hyundai AutoEver America,22167
Interim HealthCare Inc.,22177
International Justice Mission,22178
Arizona Department of Transportation,22210
Bucks County Community College,22223
Barry-Wehmiller Design Group,22240
Bloom Energy,22243
Guidepoint,22244
WillScot,22302
Zanders,22303
"PTC Therapeutics, Inc.",22324
Pareto,22329
Sercomm,22348
Tarleton State University,22355
HarbourVest Partners,22406
Kraton Corporation,22409
MVP Health Care,22434
Aegis Therapies,22446
ATCC,22449
Beacon Hill Staffing Group,22456
"CoorsTek, Inc.",22480
VolunteerMatch,22503
The Walsh Group - Walsh Construction & Archer Western,22505
The Spokesman-Review,22517
Thornton Tomasetti,22520
lululemon,22523
YRCI,22531
Marvin,22534
Palomar Health,22556
SWBC,22564
Sia Partners,22581
TTX Company,22592
ICW Group,22612
International Baccalaureate,22614
Johnson Outdoors,22639
Marchon Eyewear,22656
Lewis Roca,22657
AC Lion Digital Executive Search,22660
Advanced Acoustic Concepts,22665
The Armstrong Company,22675
American Society of Clinical Oncology (ASCO),22681
Atlassian,22688
Spurs Sports & Entertainment,22746
University of Illinois Springfield,22752
Vestmark,22756
Mercer Advisors,22790
Paycor,22803
Ocean Bank,22822
SCS Engineers,22840
EOG Resources,22849
HID,22877
Genetec,22883
Kinetix,22885
Minnesota Twins,22907
Biotechnology Innovation Organization,22937
CyrusOne,22944
California Institute of Integral Studies,22958
Equus Compute Solutions,22964
Signature Aviation,23000
"TDIndustries, Inc.",23004
Slippery Rock University of Pennsylvania,23007
Memphis Grizzlies,23063
Perforce Software,23081
Primary Services,23099
Rooms To Go,23101
Computer History Museum,23110
GTI Energy,23154
Goodman Masson,23156
King County Library System,23160
Kimmel & Associates,23161
Lee Health,23164
Akron Children's Hospital,23182
Artisan Partners,23184
Ashton Woods Homes,23189
Aspire Public Schools,23199
Anonymous Content,23201
Concentrix,23213
Children's Wisconsin,23222
Christianity Today,23229
Square One Resources,23254
Troon,23257
Azzur Group,23279
Noble Corporation,23298
Payden & Rygel,23301
North American Mission Board,23314
Net at Work,23323
Orlando Utilities Commission (OUC - The Reliable One),23326
Sally Beauty,23337
Kettering Health,23375
Penn Medicine Lancaster General Health,23379
Langan Engineering & Environmental Services,23383
Sofia University,23393
Mountain America Credit Union,23410
Central Transport,23435
City of Tempe,23439
Camping World,23441
Dinsmore & Shohl LLP,23462
Dominican University of California,23467
ASPCA,23499
Alcimed,23506
Carpenter Technology Corporation,23552
SRC,23554
Stratix Corporation,23557
Primary Residential Mortgage,23628
Tangent International,23646
LaSalle Network,23656
Indian Health Service,23661
Kimball Midwest,23662
"Insight Investments, LLC",23669
J.R. Simplot Company,23673
Mitchell1,23679
Meharry Medical College,23689
FinThrive,23718
Nebraska Furniture Mart,23720
PKWARE,23724
Clark Hill Law,23736
EwingCole,23743
U.S. Department of Veterans Affairs,23789
AIDS Healthcare Foundation,23793
Bremer Bank,23814
CC&N,23818
Southwire Company,23858
"nLIGHT, Inc. ",23901
Wisdom Infotech,23902
Middlesex Health,23912
Planned Parenthood Mar Monte,23922
"PLS Financial Services, Inc.",23929
Pantheon,23934
Barbarian,23971
IAVI,23976
Krispy Kreme,23982
Jordan's Furniture,23992
IntePros,23997
Medpace,24015
Edgewood College,24046
Directors Guild of America,24062
Greenville Technical College,24073
Hiram College,24076
"3 Day Blinds",24113
Ares Management Corporation,24150
Cornerstone Home Lending,24157
CoxHealth,24161
Starboard Cruise Services,24200
Sterling Engineering,24211
Synerfac Technical Staffing,24214
Paper Source,24282
Paradigm Technology,24283
San Diego County Credit Union,24302
Alger,24320
"LPA, Inc.",24331
Memorial Health,24372
Colonial Williamsburg Foundation,24385
Citizens Business Bank,24386
Celent,24387
Dewey Square Group,24403
ECPI University,24407
EDG,24408
Helen of Troy,24422
Collabera,24440
America First Credit Union,24448
Bottega Veneta,24464
Ballard Designs,24480
Concord Hospital Health System,24497
University of Wisconsin-Stout,24505
Provident Bank,24507
Upsher-Smith,24508
Paradies Lagardère,24513
Brightwing,24540
WSFS Bank,24593
WD-40 Company,24594
White Lodging,24597
Symetri USA,24608
Paylocity,24614
Applicantz,24629
Q Consulting,24642
SSOE Group,24649
Leap29,24688
EnergySolutions,24748
Hill Physicians Medical Group,24765
Guckenheimer,24778
Blue Cross Blue Shield of Arizona,24798
Convergenz,24803
City of Omaha,24832
City of Pittsburgh,24833
CommunityAmerica Credit Union,24836
CertaPro Painters,24840
BL Companies,24904
Antenna Group,24906
WoodmenLife,24968
Simpson Strong-Tie,25017
SiriusPoint,25019
Pratt Industries,25041
Rochester Regional Health,25076
Shea Properties,25081
SAE International,25098
McKinstry,25143
WeAreAspire,25152
Perkins School for the Blind,25158
Diversified Communications HQ,25171
Blue Mantis,25181
Homesite Insurance,25194
Golden State Foods,25204
Cathay Bank,25250
City of Rochester,25256
Dunlop Sports Americas,25261
Driehaus Capital Management LLC,25264
Event 360,25272
Dakota State University,25286
American Medical Response,25291
ACCO Engineered Systems,25296
American College of Surgeons,25304
CF Industries,25334
Atria Senior Living,25351
"Brewer, Attorneys & Counselors",25356
Western Oregon University,25370
White Cap,25371
Watlow,25374
Varonis,25403
Trident Seafoods,25404
Public Citizen,25437
Tenable,25452
EPITEC,25461
Ochsner Health,25522
Johnsonville,25552
Insulet Corporation,25567
National Aquarium,25583
Post Consumer Brands,25604
Grove City College,25647
"Fredrikson & Byron, P.A.",25656
D&H Distributing,25683
City of San Mateo,25702
City of West Hollywood,25707
Duquesne Light Company,25715
Covalent Logic,25731
Agility Recovery,25750
American Nurses Association,25752
Bronson Healthcare,25765
Burwood Group,25773
Austin Commercial,25787
Chesapeake Bay Foundation,25798
Strategic Information Group,25812
University of Mississippi Medical Center,25829
Tradesmen International,25856
Saint Michael's College,25877
Rust-Oleum Corporation,25891
S&C Electric Company,25894
Raymour & Flanigan Furniture and Mattresses,25904
The Davis Companies,25929
PODS,25963
Palmetto GBA,25980
OTSI - Object Technology Solutions Inc.,25985
MedPro Group,26035
Mitsubishi Heavy Industries,26038
Linamar Corporation,26051
Discount Tire,26067
Enterprise Community Partners,26072
Headway Technologies,26083
Guerbet,26100
Florida State College at Jacksonville,26103
Interlochen Center for the Arts,26121
Versiti Blood Center of Wisconsin,26130
California Health Care Foundation,26162
DriveTime,26168
Edifecs,26173
UCB,26195
American Fidelity,26205
Burns & Wilcox,26231
Americaneagle.com,26233
Berea College,26240
Billy Graham Evangelistic Association,26250
TravelCenters of America,26267
YMCA of Greater Charlotte,26287
Southern Utah University,26305
Spencer's,26315
TM Floyd & Company (TMF),26322
Versace,26331
University of Colorado Colorado Springs,26333
W.B. Mason Company Inc.,26341
Overlake Medical Center & Clinics,26356
Red Roof Inn,26364
Sharp Decisions,26376
Menlo Church,26425
North Memorial Health,26467
Pandora,26479
New England Biolabs,26482
ITHAKA,26519
TYLin | Greeley and Hansen Water Solutions,26576
Horace Mann,26586
CyberArk,26630
Catholic Community Services,26643
ExaGrid,26669
A. O. Smith Corporation,26676
Affinity Solutions,26689
Brooks Running,26710
Patients & Purpose,26713
Alliant Insurance Services,26745
Advantage Tech,26749
Gogo Business Aviation,26754
Bunnings,26776
American Woodmark,26779
Aspire Systems,26781
Apexon,26793
Crescent Solutions,26823
Scalian,26855
"El Pollo Loco, Inc.",26873
Early Warning®,26894
Holiday Stationstores,26923
FLEETCOR,26932
Fractal,26945
Le Pain Quotidien,26963
Lakeshore Talent,26966
"KCI Technologies, Inc.",26981
Monigle,27010
General Dynamics NASSCO,27013
Mark Anthony Group,27018
LifeNet Health,27020
Premier Talent Partners,27069
Nutech Information Systems,27091
QPS Employment Group,27108
Remington Hospitality,27127
State of South Dakota,27172
YMCA of Metropolitan Chicago,27278
Total Wine & More,27290
US Tech Solutions,27292
Trex Company,27299
"kdc/one, Thibiant",27302
iD Tech Camps,27320
"Sonos, Inc.",27333
Steve Madden,27334
Systems Integration Solutions,27342
TYLin,27343
HIRECLOUT,27383
San Francisco Department of Public Health,27393
SelectQuote Insurance Services,27409
Security Service Federal Credit Union,27412
Open Systems International,27490
neteffects,27494
Palm Beach Atlantic University,27499
Calance,27510
imre,27523
M Booth,27527
National Bank of Arizona,27549
Menasha Corporation,27564
Methodist Health System,27573
Garlock Family of Companies,27598
Gordon and Betty Moore Foundation,27604
L.A. Care Health Plan,27625
Fendi,27664
ESL Federal Credit Union,27682
Architect of the Capitol,27717
"Chart Industries, Inc.",27725
Century Group,27758
A2C,27771
"AWC, Inc.",27788
"160over90",27794
"Bob Evans Farms, Inc.",27803
"BMW Manufacturing Co., LLC",27825
UNFI,27837
Veracode,27845
Zywave,27853
Southern Regional Medical Center,27872
Washington Nationals,27906
Weaver,27909
RoseRyan,27946
SEH,27964
Riverside Health System,27973
Northern Tool + Equipment,28008
Nesco Resource,28014
Salt Lake City Corporation,28048
Santee Cooper,28051
Saputo Inc.,28052
Sanford Health,28053
"Sanden International, USA, Inc.",28057
NRUCFC (National Rural Utilities Cooperative Finance Corporation),28067
Mekanism,28072
PGAL,28108
NAES Corporation,28113
Intelerad Medical Systems,28154
"Immucor, Inc.",28160
Mission Health,28169
Moore & Van Allen PLLC,28175
MBO Partners,28180
Deacon Recruiting,28190
ICU Medical,28209
City of Memphis,28259
Driscoll Children's Hospital,28270
Ellsworth Adhesives,28305
Bilfinger,28324
Autoglass®,28330
Barnes & Noble College,28332
Convergint,28345
Core-Mark International,28352
Covenant Health,28354
Czarnowski Collective,28362
Castle Metals,28363
"Alutiiq, LLC",28388
Achievement First,28409
Ascendum Solutions,28417
Boston Ballet,28420
Buck Institute for Research on Aging,28424
Baltimore Symphony Orchestra,28442
Your Castle Real Estate,28449
TRS Staffing Solutions,28480
WellSpan Health,28498
TUMI,28503
"Restaurant Supply Chain Solutions, LLC - A Yum! Brands Co-op",28513
The Select Group,28526
Talan,28542
The Football Association,28557
Silgan Containers,28576
Sport Clips Haircuts,28598
Oxford Properties Group,28609
KIK Consumer Products,28734
Kaufman Rossin,28745
LifeBridge Health,28779
Lock Search Group,28792
Klein Tools,28810
EXL Health,28813
HellermannTyton North America,28861
Horizon Hobby,28869
Housing Works,28874
Forever 21,28893
Foster McKay,28899
Georgia World Congress Center Authority,28913
Harbor Freight Tools,28923
Desert Research Institute,28927
F. Schumacher & Co.,28945
Archdiocese of Chicago,29002
The Council of State Governments,29024
DAP,29034
"Curtis Instruments, A Kohler Co.",29035
APLA Health,29060
BrainWorks,29091
Burnett Specialists Staffing | Recruiting,29104
Tower Hill Insurance Group,29119
Trinus Corporation,29147
kate spade new york,29160
Withum,29171
VeriPark,29214
Wake County,29231
HumanEdge,29243
StevenDouglas,29308
Sage Hospitality Group,29344
ServiceNow,29352
North American Bancard,29399
Phelps Dunbar LLP,29405
PRA Group (Nasdaq: PRAA),29416
"North American Lighting, Inc.",29426
Popeyes Louisiana Kitchen,29430
Miller Valentine Construction,29457
Missouri Botanical Garden,29468
Liberty Hardware,29489
MIB,29494
Merrick & Company,29497
Jefferson Lab,29517
Lakeland Regional Health-Florida,29531
INX International Ink Co.,29543
FUJIFILM Irvine Scientific,29559
Integrity Staffing Solutions,29566
Enterprise Bank & Trust,29579
Flagship Pioneering,29602
GoEngineer,29616
Gecko Hospitality (Corporate),29622
Good Shepherd Services,29623
Centra Health,29639
Dahl Consulting,29686
Alphanumeric Systems,29773
American Academy of Neurology,29781
"United Surgical Partners International, Inc",29827
"iSpace, Inc.",29848
Virgin Pulse,29905
"Whiteford, Taylor & Preston LLP",29916
Wilbur-Ellis,29922
TNDC,29961
Belfort Group,30012
ArgonDigital | Enterprise Automation Experts,30017
Cricut,30065
Palo Alto Networks,30086
Parallel Consulting,30099
Partnership Employment,30104
ATS Scientific Products,30114
Saint Luke's Health System,30130
Masonite®,30146
Metropolitan Family Services,30148
Pennoni,30167
SMP Automotive Global,30170
Jackson Health System,30207
Mills James,30215
Milton Hershey School,30216
Motiva Enterprises LLC,30225
Geonetric,30262
Fresno Pacific University,30267
Ledcor,30291
Instant Technology,30316
Intelliswift Software,30324
Hollingsworth & Vose,30335
GDI Infotech,30357
GTE Financial,30368
"El Paso County, Colorado, USA",30409
Coe College,30465
Community College of Denver,30496
Community Health Plan of Washington,30497
Claire's,30498
Community College of Baltimore County,30499
Analytic Partners,30541
Babcock Power,30551
CJE SeniorLife,30579
AAA Life Insurance Company,30587
AKRF,30602
American Reading Company,30611
Arteris,30628
TRIMEDX,30698
United Therapeutics Corporation,30703
Sun Health,30749
Tillys,30755
WSSC Water,30775
The Eli and Edythe Broad Foundation,30820
The Fresh Market,30823
The Bonadio Group,30826
Steritech,30835
SimiGon,30847
JE Dunn Construction,31065
Manifest,31079
Global Refuge,31084
National League of Cities,31107
International Code Council,31134
Knott's Berry Farm,31146
Daylight Transport,31177
Dawn Foods Global,31181
Gall & Gall,31230
First Solar,31265
Carnegie Museums of Pittsburgh,31310
County College of Morris,31316
Highstreet IT Solutions,31366
Bennington College,31386
Anson McCade,31392
Blue Cross and Blue Shield of Louisiana,31423
Chelsea Piers,31429
Adams & Martin Group,31439
"AgriBank (St. Paul, MN)",31468
Asbury Automotive Group,31480
ACCIONA,31481
Ventura Foods,31515
Yelp,31517
Worldwide Flight Services (WFS),31540
World Courier,31541
iBridge Solutions,31553
VyStar Credit Union,31580
UFCW,31610
Tecolote Research,31631
"Abacus Group, LLC",31639
"Stites & Harbison, PLLC",31661
Samaritan Health Services,31805
Satellite Healthcare / WellBound,31815
Methodist Healthcare System,31827
NV5,31850
Plains All American,31863
Presbyterian Healthcare Services,31869
Imagine Learning,31880
Keller and Heckman LLP,31891
Kyriba,31955
INTERPRINT Group,31972
Joint Commission,31975
I.T. Staffing,31985
IPM Integrated Project Management Company,32005
Hunter,32010
HM Insurance Group,32032
Fred Finch Youth & Family Services,32052
Davidson Hospitality Group,32087
Entegee,32090
Health New England,32107
Hotel del Coronado,32118
Community Partners,32136
Denodo,32150
First Merchants Corporation,32185
Clinical Reference Laboratory,32207
Cunard,32232
Buxton Consulting,32292
Athleta,32300
Audemars Piguet,32313
Accentuate Staffing,32336
AMSURG,32346
AgFirst Farm Credit Bank,32359
Aims Community College,32364
Accurate Background,32379
A Place for Mom,32380
Blue State,32391
Vacheron Constantin,32415
St. Elizabeth Healthcare,32469
Smithfield Foods,32478
Virginia Credit Union,32499
The Baer Group,32542
Shipman & Goodwin LLP,32553
SyllogisTeks,32563
Stowers Institute for Medical Research,32578
SEC Life Sciences,32629
Providence Medical Center,32635
RealManage Family of Brands,32705
San Diego County Office of Education,32711
LocumTenens.com,32727
Pendleton Woolen Mills,32749
Phillips-Medisize,32758
North Kansas City Hospital,32773
National Life Group,32788
National Fish and Wildlife Foundation,32791
Martin Brower,32815
Lighthouse,32818
"Matco Tools, A Vontier Company",32831
Mackenzie Stuart,32832
Metropolitan Washington Council of Governments,32834
Jobs for the Future (JFF),32853
KAYAK,32889
Flow International,32921
GardaWorld,32924
GIVENCHY,32987
Hornblower Cruises and Events,33005
HORNE,33006
Find Great People | FGP,33055
CPC - Colder Products Company,33115
Cincinnati Opera,33125
Circlepoint,33128
Erlanger,33167
Barentz,33181
Contemporary Staffing Solutions,33218
EnLink Midstream,33226
BOIRON USA,33240
Bumble Bee Foods,33248
CCMSI,33250
Associa,33264
"Assurance, a Marsh & McLennan Agency LLC company",33266
Astera ,33267
Associated Wholesale Grocers,33269
Alter Domus,33311
AccentCare,33338
WorldStrides,33377
ThedaCare,33419
USLI,33421
Tourneau|Bucherer,33458
Village Green,33504
Smith & Noble,33513
St. Louis Arc,33520
Summit Polymers,33521
The Haskell Company,33575
"The Buckle, Inc.",33588
TECHEAD,33605
Sunwest Bank,33619
Rimkus,33631
Rheem Manufacturing,33636
"Ryan Companies US, Inc.",33649
Roquette,33671
Prime Residential,33682
Schnabel Engineering,33700
SWCA Environmental Consultants,33711
ONEOK,33740
Presbyterian College,33782
NADBank,33800
Penn National Insurance,33801
Pavone Group ,33816
Philadelphia College of Osteopathic Medicine,33821
Oglethorpe Power Corporation,33823
Loudoun County Government,33835
McKinley Marketing Partners,33837
MSI Recruiting,33856
Lexington Medical Center,33874
National Church Residences,33878
Everbridge,33883
Medius,33901
LWCC,33962
International Forest Products (IFP),33981
Jefferson Bank,33983
Harford Community College,33991
Glumac,34034
Hillstone Restaurant Group,34070
Eastern Connecticut Health Network (ECHN),34143
Canfor,34208
Complex NTWRK,34209
Clarity Consultants,34216
Community Health Center,34218
City of Huntington Beach,34233
City and County of Honolulu,34237
DAHER,34272
DCCA,34275
Creative Associates International,34280
Chase International,34305
Arizona Department of Environmental Quality ADEQ,34310
Applegate,34333
Bethpage Federal Credit Union,34341
Amy's Kitchen,34358
"CDO Technologies, Inc.",34375
Air Line Pilots Association,34414
APR Consulting,34424
Advent Global Solutions,34484
Allegiant,34511
BrainPOP,34554
Alamo Colleges District,34580
Cook Children's Health Care System,34583
Carhartt,34585
Care New England,34595
Avesta Computer Services,34616
Baptist Health System KY & IN,34623
Availity,34624
Ballinger,34638
Cenlar FSB,34664
"CRST The Transportation Solution, Inc.",34672
Culver Academies,34698
Crothall Healthcare,34704
Farm Journal,34731
G3 Enterprises,34778
Delaware Valley Regional Planning Commission,34789
Dalton,34818
Elwyn,34821
GEHA Health,34867
Kenneth Copeland Ministries,34942
Grand Homes,34963
Frazier & Deeter,34964
IST Management,34997
National Transportation Safety Board,35048
MAU Workforce Solutions,35074
Miller Resource Group,35081
Kearney & Company,35088
Old Second National Bank,35094
Michael Foods,35121
Metropolitan Washington Airports Authority,35123
MWI Animal Health,35133
"Metasys Technologies, Inc.",35135
"Modern Technology Solutions, Inc. (MTSI)",35143
Planned Systems International,35208
Pepper Construction Group,35214
Scientific Search,35224
"Sacred Heart Schools, Atherton",35232
OtterBase,35259
SBA Communications,35298
Schrödinger,35342
South Central College,35465
Shiloh Industries,35477
ValueMomentum,35479
VCA Animal Hospitals,35504
Woodside Homes,35561
"Trident Systems, a LightRidge Solutions Company",35589
Tri Counties Bank,35595
Technical Staffing Resources,35641
Adaptive Solutions Group,35647
All Copy Products,35659
Bruker Daltonics,35680
Bigfoot Entertainment,35750
"AtriCure, Inc.",35769
Careington International Corporation,35830
Chestnut Health Systems,35840
Cardinal Logistics Management,35848
Campaign for Tobacco-Free Kids,35870
Colorado Housing and Finance Authority,35904
Eisenhower Health,35963
Deerfield Academy,35985
Ent Credit Union,36001
Doherty | The Employment Experts,36003
Emser Tile,36019
Howard Hanna Real Estate Services,36063
Higginbotham,36079
Infinite Campus,36110
Frazer Jones,36130
Jewish Federation of Cleveland,36226
KellyMitchell Group,36232
National Crime Prevention Council,36325
Mystic Lake Casino Hotel,36341
Morgan Hunter,36344
linqd.,36351
Midmark Corporation,36369
Loewe,36384
Mather,36406
Massimo Zanetti Beverage USA,36410
Merz Therapeutics,36411
Nicoll Curtin,36486
"QUAD, a SolomonEdwards Company",36519
OceanFirst Bank,36522
Orion Group,36539
O'Neal Steel,36547
Rosendin,36585
Sares Regis Group,36612
San Jose Sharks,36615
Teknor Apex Company,36642
Targa Resources,36649
Ringling College of Art and Design,36662
Revolution Technologies,36676
Torrid,36749
Wesley Healthcare,36769
The Trustees of Reservations,36821
Reading Hospital,36872
CubeSmart,36873
YMCA of Greater Houston,36879
Winmark – the Resale Company,36916
Zonar Systems,36918
iPipeline,36931
AHT Insurance,36949
"7 For All Mankind",36994
American Board of Internal Medicine,37027
CELINE,37063
Brown Advisory,37074
bisco industries,37124
"Chiesi USA, Inc.",37210
Corgan,37217
Club Car,37235
City of Worcester,37268
"City of Hollywood, Florida",37282
Enterprise Engineering Inc. (EEI),37390
Groupe Dynamite,37437
Group 1 Automotive,37441
Holder Construction,37466
Greystar,37486
JANUS Research Group,37494
H&H,37500
Graniterock,37512
Halff,37516
Grande Cheese Company,37518
Franklin International,37519
The HT Group,37520
"HR Options, Inc.",37524
HMP Global,37530
HITT Contracting Inc.,37534
"Gardner Resources Consulting, LLC",37538
IPG Photonics,37561
"Johnson Service Group, Inc.",37564
Legal Aid Foundation of Los Angeles,37590
Kaye/Bassman International,37639
JANUS et Cie,37657
Link Technologies,37694
Lincoln Investment,37697
MGT,37711
Convey Health Solutions,37722
Paycom,37759
PCC Community Markets,37761
"Milestone Technologies, Inc.",37768
Lourdes University,37781
Madden Media,37798
North Texas Tollway Authority,37829
POWER Engineers,37845
Pierce Manufacturing,37857
Philadelphia Corporation for Aging,37862
Performant Corp,37871
"Rockline Industries, people who make it right",37883
Odyssey Systems,37900
Össur,37914
Professional Sports Publications,37942
"Republic Bank - PA, NJ, & NY",37945
Seminole Hard Rock Hotel & Casino Hollywood,37985
Talbert House,38018
Softlink,38021
Reyes Holdings,38046
The College of St. Scholastica,38113
TBG | The Bachrach Group,38117
St. Ambrose University,38146
Tokio Marine America,38197
Whataburger,38204
"Waukesha County, WI",38215
Versar Global Solutions,38251
Vera Bradley,38264
TriMech,38272
UW Credit Union,38293
iLink Digital,38329
Zwanenberg Food Group,38368
American Innovations,38389
"Ambassador Personnel, Inc.",38400
Alphatec Spine,38405
"Arrowstreet Capital, Limited Partnership",38432
apexanalytix,38489
American Technion Society,38500
Bryan Health,38521
AvMed,38583
Arandell,38589
Bethany Christian Services,38605
Benco Dental,38616
"CSH, the Source for Housing Solutions",38660
"City of Thornton, Colorado",38705
Drury Hotels,38806
EMC Insurance Companies,38846
ID Technology,38879
Hypertherm Associates,38885
Holy Name Medical Center,38897
Hibbett,38900
"GAI Consultants, Inc.",38913
Gibraltar Industries,38923
Franklin Electric,38950
HRC International,38951
Good Samaritan Society,38961
Landry's,39014
Freese and Nichols,39065
Minitab,39142
Ideal Image,39168
"ICON Consultants, LP",39189
"Mercy Medical Center, Baltimore, MD",39199
LinQuest,39203
Marist School,39218
NTCA–The Rural Broadband Association,39231
National Interstate Insurance Company,39237
MCC Label,39249
Magee Resource Group,39298
Navarro College,39331
Public Health Management Corporation,39362
Nutter,39412
Nufarm,39423
Northwest Bank,39449
San Diego County Regional Airport Authority,39468
San Francisco SPCA,39469
Saint Clare's Health,39472
Parkson Corporation,39501
Tunheim,39511
R+L Carriers,39540
Taylor Root,39588
Solano County,39600
TVH,39604
Rapid7,39624
Step Up,39664
Sweetwater,39673
Weitz & Luxenberg PC ,39796
"Vector Consulting, Inc",39838
Ultimate Fighting Championship,39891
Utica National Insurance Group,39897
iMentor,39952
Thornburg Investment Management,39954
AlphaStaff,39978
Allen Lund Company,39999
Blue Origin,40018
Arthrex,40025
ATI Physical Therapy,40056
"Aerotech, Inc.",40062
Bowman Consulting,40131
Babich & Associates,40170
Bassett Healthcare Network,40244
"Cprime, Inc",40269
ERIKS,40326
City of Newport News,40370
Dynamic Office & Accounting Solutions,40397
Exeter Hospital,40433
Energetics,40461
PatientPoint®,40519
HED,40532
East Boston Neighborhood Health Center,40577
GSE Solutions,40586
Avadel Pharmaceuticals plc,40598
Hendrick Automotive Group,40639
Franciscan University of Steubenville,40678
"Kimco Staffing Services, Inc.",40757
K2 Services,40769
Inceed,40783
Jackson College,40787
JDM Systems Consultants,40805
JEVS Human Services,40808
Mount St. Mary's University,40867
Medix™,40894
Macrosoft,40910
"Liberty Personnel Services, Inc.",40956
Lowes Foods,41004
"Makita U.S.A., Inc.",41020
NorthBay Health,41046
"Naylor Association Solutions (Naylor, LLC)",41053
Plus One an Optum Company,41066
POTEN & PARTNERS,41073
PSC Biotech Corporation,41088
Phibro Animal Health,41089
Newly Weds Foods,41102
Pacific Premier Bank,41147
"Quardev, Inc.",41161
Sheetz,41165
SCS Global Services,41185
RICK ,41221
"Ricondo & Associates, Inc.",41222
Propel,41226
PEG Staffing & Recruiting,41255
RINA,41262
RGBSI,41266
Rosti Group,41274
The Connors Group,41294
The Chatham Group,41300
The Buckeye Ranch,41305
The American Legion,41306
Tekion Corp,41315
Taft Stettinius & Hollister LLP,41333
Mérieux NutriSciences - North America,41386
Sidetrade,41397
TTI Floor Care North America,41447
Suitsupply,41459
Studio Movie Grill,41470
Whitridge Associates,41509
Western Computer,41513
United Site Services,41549
Unidine,41569
Vacations To Go,41581
alliantgroup,41630
Aman,41688
Arkansas Foundation for Medical Care,41700
American Bank of Commerce,41715
AccruePartners,41754
"Akraya, Inc.",41771
abcam,41780
American Trim,41812
Bolthouse Farms,41854
Austin Film Festival,41882
Beyondsoft,41887
Anderson Power,41904
Anoka County,41914
Cobb Chamber,41938
Blount Memorial Hospital,41966
Cint,41996
Choice Logistics,42007
"Cupertino Electric, Inc.",42019
DGN Technologies,42022
Cook Systems,42054
CPL,42069
Visionworks of America,42134
Cape Fear Valley Health,42179
Elizabeth City State University,42208
DigiKey,42211
Dexcom,42221
Future Pipe Industries,42255
Entertainment Software Association,42281
Hunter Engineering Company,42328
Hospice of Michigan,42342
Hikma Pharmaceuticals,42352
Haynes International,42368
Grubb Properties,42433
Azlan ISI,42462
Hamilton Families,42489
JIL SANDER,42506
LendingClub,42519
Le Creuset,42532
Spire,42537
Insmed Incorporated,42594
JustinBradley,42595
Jos. A. Bank Clothiers,42610
Milwaukee Symphony Orchestra,42639
National Black MBA Association,42711
Partners,42737
Monument Staffing,42744
Morson Talent,42757
Detroit Opera,42764
Matter Communications,42781
"Mason Companies, Inc",42792
Lovesac,42875
OpenX,42890
NovaBACKUP ,42892
Northern Virginia Family Service,42906
On The Border Mexican Grill & Cantina,42912
PriceSmart,42933
Outsource,42962
New Jersey Performing Arts Center,42970
 Optima Global Solutions Inc.,43010
Seacoast Bank,43020
SF-Marin Food Bank,43037
Rockwood,43052
S&ME,43081
RES,43093
Golden 1 Credit Union,43212
Soliant,43271
Sparrow Health System,43278
STIHL USA,43296
Solugenix,43325
Triumvirate Environmental,43364
Sundt Construction,43374
Wates Group,43443
Voisin Consulting Life Sciences (VCLS),43458
TriCom Technical Services,43470
"York Solutions, LLC",43577
American Immigration Lawyers Association,43596
Bay Cove Human Services,43651
Alameda Alliance for Health,43676
Alarm.com,43680
Aegis Living,43707
Broan-NuTone,43729
Amherst H. Wilder Foundation,43816
Americans for Prosperity,43821
Barr Engineering Co.,43844
Gilman Partners,43876
Atlas,43896
MG+M The Law Firm,43920
Connecticut Children's,43926
Blick Art Materials,43952
"D. Hilton Associates, Inc.",44012
Clark Schaefer Hackett,44039
Community Transit,44048
California Water Service,44061
City of Modesto,44064
CentiMark Corporation,44072
FYI Solutions,44095
Flexcon,44097
FMLS,44099
EVERYTHING BUT WATER,44113
Cape Cod Healthcare,44150
EagleBank,44226
Dometic,44227
DeSimone Consulting Engineering,44230
DataMasters,44254
Epic Travel Staffing,44278
HealthCare Recruiters International,44295
Greenleaf Book Group,44312
Harmer,44315
Davenport & Company LLC,44350
"Huitt-Zollars, Inc.",44379
Hudson County Community College,44384
Gelia,44431
Globus Medical,44458
Klöckner Pentaplast,44486
Knight Foundation,44543
"Legrand, North America",44580
Jewish Community Center of San Francisco,44621
IT Associates,44661
Invenergy,44666
"Impact Networking, LLC",44730
Morgan Properties,44795
Versiti Blood Center of Michigan,44807
NW Staffing Resources,44932
North Wind Group,44942
Pregis,44960
Platt Electric Supply,44966
Paragon IT Professionals,44994
Opportunity Partners,45028
NetCom Learning,45031
NOVA® Home Loans,45042
SVAM International Inc.,45072
SNF Holding Company,45091
Partners of the Americas,45105
R.J. O'Brien,45127
SEKO Logistics,45145
Evergreen Goodwill of Northwest Washington,45153
TSL Marketing,45261
Lawrence Group,45338
The Intersect Group,45346
The Betesh Group,45365
Turner Duckworth,45510
Weatherby Healthcare,45530
Washington Performing Arts,45537
VIVA USA Inc.,45593
Palmer Group,45603
The Museum of Flight,45627
Univest,45630
ivision,45644
VENUS Fashion Inc.,45651
Vanda Pharmaceuticals,45680
Wyndham Hotels & Resorts,45708
Xanterra Travel Collection,45716
American Commercial Barge Line (ACBL),45768
College Possible,45796
Agendia,45868
American Gypsum,45888
Boston Proper,45919
Another Source,45975
Belmont Abbey College,45982
Astral Health & Beauty,45983
Behavioral Health Response ,45993
Aspen Dental,46000
"C² Technologies, Inc.",46018
AvePoint,46024
Bank of Utah,46034
Archdiocese of Baltimore,46043
Baptist Health Bethesda Hospital,46074
Badger Meter,46076
Berkshire Bank,46084
CooperSurgical,46090
Cobalt Recruitment,46097
ChemTreat,46110
Charter Global,46119
CARE,46122
Cornerstone Controls,46201
Center for Employment Opportunities,46218
City Staffing,46221
Compri Consulting,46305
"Cambridge Investment Research, Inc.",46314
City of Baltimore,46338
Evins PR,46384
ProcureAbility,46404
"EDI Staffing, an EDI Specialists Company",46414
Direct Auto Insurance,46521
EMPLOYERS,46529
Herschend Family Entertainment,46544
Hastings Mutual Insurance Company,46562
Hydrogen Group,46648
GTN Technical Staffing and Consulting,46708
Galerie Candy and Gifts,46713
Guild Mortgage,46717
Guest Supply,46723
The Friedkin Group,46754
Great Dane,46763
Granicus,46777
Foundation Fighting Blindness,46789
Langham Hospitality Group,46797
Layton Construction,46805
Keuka College,46852
Crayon,46899
Media.Monks,46926
MAPEI USA,46928
Igloo Products Corp.,46954
Kadlec,46964
"Integrated Resources, Inc ( IRI )",46970
Musco Lighting,47008
Corps Team,47024
"Morton Buildings, Inc.",47025
Moseley Architects,47027
Mindlance,47040
MaxLinear,47129
Linn-Benton Community College,47153
Messer Construction Co.,47158
Meridian Partners,47170
Lozier Corporation,47212
Powell,47260
"Planned Parenthood of Wisconsin, Inc.",47274
Novavax,47323
Northwest Federal Credit Union,47348
OCC,47420
SailPoint,47456
STCU,47471
Red Oak Technologies,47475
New York Red Bulls,47477
TYLin | Silman Structural Solutions,47489
Olon USA,47580
"The GEO Group, Inc.",47738
Vermeer Corporation,47843
"Sullair, LLC",47867
BSN SPORTS,47874
WennSoft,47899
Westport One,47901
Westlake,47905
The Webb Schools,47943
USO,47962
PIRG,47997
Wilson Language Training,48017
Zachry Group,48024
Alnylam Pharmaceuticals,48171
Alpha,48172
"Adhesives Research, Inc.",48179
Alliance Laundry Systems LLC,48204
Accountants One,48211
SCRAM Systems,48217
AVI Systems,48257
Allied World,48260
Boys & Girls Clubs of Metro Atlanta,48289
Border States,48293
Ausenco,48413
Baltimore County,48420
JobsRUs.com,48557
Destination Cleveland,48573
Carriage Services,48627
DCI Engineers,48645
CROSSMEDIA USA,48654
"City of Orange, California",48667
California Environmental Voters,48678
"DMA - DuCharme, McMillen & Associates, Inc.",48738
Essentra,48792
Exact Sciences,48835
Emerald Resource Group,48853
Do it Best Corp.,48935
Heilind Electronics,48980
Gillette Children's,48991
Douglas Emmett,49025
Drake Software,49028
Five Below,49041
Five Star Senior Living,49042
Hydranautics - A Nitto Group Company,49072
Forward Air Corporation,49105
Foremost Farms USA,49125
GoTo Foods,49135
FlexTrade,49161
Goodwill of Central and Northern Arizona,49223
Kemin Industries,49284
League of California Cities,49330
LSI Industries Inc.,49354
JMP Solutions,49441
Intelinet Systems,49452
"IDEAL INDUSTRIES, INC",49455
KEEN,49544
James Avery Artisan Jewelry,49546
"Leydig, Voit & Mayer, Ltd.",49565
NESC Staffing,49577
Liquid Environmental Solutions,49632
Marshall Dennehey ,49649
OKAYA INFOCOM,49681
Medallia,49697
Peyton Resource Group,49761
Personnel Concepts,49768
Penske Automotive Group,49779
Pond & Company,49826
Preti Flaherty,49830
Holiday Inn Club Vacations,49893
OneCoast,49928
SANDOW,50019
Princeton Plasma Physics Laboratory (PPPL),50072
Roku,50076
SERVPRO,50112
School Nutrition Association,50120
Project HOME,50150
S&B,50152
Research Medical Center,50170
Publicis Media,50215
Rishabh Software,50226
Risk Strategies Company,50227
Techgene Solutions,50296
Stardock,50317
Siegfried,50322
TAMKO,50396
T&M Associates,50400
Silverado,50432
Sourcebooks,50434
T.D. Williamson,50507
Stream Realty Partners,50511
The Morgan Library & Museum,50609
PointClickCare,50625
UT Medical Center,50686
Windham Brannon,50708
Williams,50711
Williams Kastner,50712
iCorps Technologies,50771
W3R Consulting,50801
Woolbright Development,50805
"netPolarity, Inc. (Saicon Consultants, Inc.)",50820
Winston Staffing,50826
The Adcom Group,50833
Acro Service Corp,50861
"4A's",50888
Advice Personnel,50909
Wellabe,50913
"ALTA IT Services, LLC",50923
InVue,50928
Air Evac Lifeteam,50996
American Seafoods,51005
Boys & Girls Clubs of San Francisco,51027
Boston Housing Authority,51029
Ashford Advisors,51036
ASICS Corporation,51037
Bayshore HealthCare,51062
Blue Diamond Growers,51063
"Building Material Distributors, Inc. (BMD, Inc.)",51075
Associated Electric Cooperative Inc.,51098
"American Unit, Inc",51100
"BWX Technologies, Inc.",51176
Android Industries,51177
Exos,51196
Black Hills Energy,51230
CoreMedical Group,51268
"Corrpro Companies, Inc.",51279
Concord,51301
ConcordRENTS - Concord Management,51317
"Client Resources, Inc.",51322
Coors Distributing Company,51389
Castalia,51445
CAI,51486
Central Arizona Project,51490
Cadence Group,51517
Driscoll's,51556
"DMI (Digital Management, LLC)",51648
ECCO Select,51661
"Enercon Services, Inc.",51716
"Fusion Solutions, LLC",51787
HireNetworks,51848
Helios HR,51863
Helm,51865
"Hayward Holdings, Inc.",51872
"HR Advisors, Inc.",51967
GSTV,51977
Gray,52047
Hagerty Consulting,52065
Kinross Gold Corporation,52097
Jewish Board of Family and Children's Services,52112
Infinite Computing Systems,52136
Friends of Youth,52144
John Galt Staffing,52259
KUKA,52310
Creative Planning Business Services,52324
Improving,52392
Myers Industries,52427
Moneycorp,52449
Boldyn Networks,52454
MiTek,52457
Lifepoint Health®,52488
Lick-Wilmerding High School,52493
National Board for Professional Teaching Standards,52521
Neighborhood Health Plan of Rhode Island,52537
MANE,52615
Middlesex School,52625
Mainz Brady Group,52638
Lojas Renner S.A.,52662
CBRE Global Workplace Solutions (GWS),52690
Oliver Peoples,52708
Old Dominion Freight Line,52730
Potpourri Group,52766
BlueSnap,52768
Pacific Environment,52818
Notal Vision,52831
Henry Schein Orthodontics,52863
OPEX Corporation,52874
Orange County United Way,52911
Qdoba Restaurant Corporation,52945
San Andreas Regional Center,53009
San Joaquin County Office of Education,53011
Saint Agnes Medical Center,53015
SalesPage Technologies,53019
Red Gold,53052
SBS Creatix,53118
Racine County,53124
ProHealth Longevity,53157
RDI Corporation,53163
Rinnai America Corporation,53193
Rite-Hite,53195
"TEAM, Inc.",53252
TeamSoft,53255
Tampico Beverages,53265
Tailored Management,53284
The Colony Group,53334
"The Andersons, Inc.",53348
Tews Company,53352
Stevens Transport,53377
Sloan,53452
Spiceworks,53454
Summit Law Group,53535
vineyard vines,53596
Walker & Dunlop,53688
Scoular,53708
The SYGMA Network,53714
The Partnership,53735
"Treeline, Inc.",53802
the community,53846
Yuma Regional Medical Center,53868
EDF Renewables North America,53913
ATI,53959
ABC Supply Co. Inc.,53971
"Alexandria Real Estate Equities, Inc.",53976
Albemarle County,54120
Alameda County Community Food Bank,54131
Alamo Group Inc.,54132
Alaska Native Tribal Health Consortium (ANTHC),54133
Box,54178
Bridgeport Public Schools,54291
Astreya,54325
C&H Sugar,54358
Bertram Capital,54409
Chartway Credit Union,54430
"AvidXchange, Inc.",54461
Aqua,54472
Consolidated Metco,54513
Cytel,54577
Cube Management,54582
California State University Channel Islands,54650
CivicActions,54684
CAI,54748
Clark Davis Associates,54788
CampusPoint,54799
Community Coffee,54807
Dudek,54839
Delta Dallas,54844
Delta Galil Industries,54846
Financial Additions,54877
Evans Hotels,54929
EG Workforce Solutions,55015
Darling Ingredients,55032
Dream Town Real Estate,55078
Healthcare Realty,55146
"GROM Associates, Inc.",55157
Fulton Bank,55167
Greene Resources,55170
Folger Shakespeare Library,55279
Flex-N-Gate,55296
Glenmede,55310
Forms+Surfaces,55362
G-Research,55375
Floor & Decor,55381
Great West Casualty Company,55394
GeoLogics Corporation,55406
Fraser Yachts,55450
Kobre & Kim,55563
Kite Realty Group,55571
Leafstone,55630
Illinois Health and Hospital Association ,55711
Illinois State Board of Education,55712
Modco Media,55763
Lupin Pharmaceuticals,55787
Murray Resources,55855
Mimecast,55895
Lewis Rice LLC,55931
YMCA of Metropolitan Atlanta,55972
MacGregor,55980
Limestone University,56024
Paul Smith,56108
Lozano Smith,56120
Love Communications,56138
Pew Research Center,56187
PennEngineering®,56196
Port Houston,56243
Point Foundation,56258
"PIC Group, Inc.",56274
"Netenrich, Inc.",56305
Pacific Advisors,56311
New Seasons Market,56350
New Belgium Brewing,56397
Next Ventures,56432
Odyssey Information Services,56445
Saint Paul College-A Community and Technical College,56502
Roxtec Group,56625
Rogue Community College,56662
"SBM Management Services, LP",56670
Resource Data,56699
RITA Corporation,56728
Razer Inc.,56737
"Right! Systems, Inc.",56758
SouthEast Alaska Regional Health Consortium (SEARHC),56766
Raintree Systems,56783
"Teaching Strategies, LLC",56801
STARR Restaurants,56824
SSi People,56833
The Carrera Agency,56862
"Tentek, Inc.",56880
Teamware Solutions a division of Quantum Leap Consulting Pvt. Ltd,56915
The Hillman Group,56960
Space Center Houston,56989
Syntax,57010
T. Marzetti Company,57106
TÜV SÜD,57146
Sumitomo Mitsui Trust Bank Limited New York Branch,57171
Viracon,57217
Western Express,57268
Wealth Enhancement Group,57277
Waterton,57281
Momentus Technologies,57378
TransRe,57384
The Richmond Group USA,57409
USDM Life Sciences,57421
Trace3,57432
Union Tank Car Company - UTLX,57482
VanderHouwen,57487
Chiesa Shahinian & Giantomasi PC,57517
YMCA of the Rockies,57568
Xpressdocs,57578
tCognition,57619
Allyn International,57738
Access Sciences,57749
Quid,57753
Broadway Bank,57902
"BEM Systems, Inc.",57958
"Butterball, LLC",57978
"Arcata Associates, Inc.",58081
Baker Construction,58113
CSI,58195
Conn's HomePlus,58213
Concorde Career Colleges,58214
Coalfire,58222
CareOne,58243
"Arizona Biltmore, A Waldorf Astoria Resort",58256
Core Staffing,58302
"Carney, Sandoe & Associates",58357
Cactus Communications,58396
Niche,58426
City of McKinney,58485
City of Ontario,58486
City of Lubbock,58493
Central City Concern,58498
Drees Homes,58537
Capital Health Plan,58552
Cleveland-Cliffs,58556
Etna Interactive,58626
Egg Strategy,58635
DP Professionals (DPP),58661
Fast Switch ,58696
Firespring,58721
Idexcel,58741
"DXP Enterprises, Inc.",58756
DAHLIN Architecture | Planning | Interiors,58827
Datum Technologies Group,58852
Enerflex Ltd.,58888
EquiLend,58930
Hilmar,58964
High Liner Foods,58971
Welltower™ Inc. (NYSE:WELL),58991
Gigamon,59020
HumCap,59034
HireMinds,59084
Humboldt Merchant Services,59148
Hanon Systems,59229
Haddad Brands,59238
Hagerty,59240
"Fort Washington Investment Advisors, Inc.",59268
Jasper Engines & Transmissions,59283
Georgia Highlands College,59320
La Prairie Switzerland,59462
Island Staffing,59557
"Just Born, Inc.",59577
"J.D. Irving, Limited",59634
ABC15 Arizona,59659
Keller Schroeder,59713
James G. Davis Construction (DAVIS),59720
Modern Office Methods,59755
Match Education,59770
National Association for College Admission Counseling,59803
National Inventors Hall of Fame,59810
NIH Federal Credit Union,59819
"Matrix Design Group, Inc.",59928
Loparex,59988
"Loram Maintenance of Way, Inc.",59989
MPHI,60014
MicroAgility,60016
Matrix Service Company,60049
Paula LeDuc Fine Catering & Events,60054
Inovalon,60101
Philadelphia Bar Association,60120
PIDC,60156
PLP,60208
Nederman,60281
Netsurit,60322
Norwin Technologies ,60360
PROMAN Staffing USA,60389
"OPW, a Dover Company",60393
Pyramid Global Hospitality,60437
Sandia Laboratory Federal Credit Union,60518
Saint Vincent Hospital,60529
Quantcast,60540
"Q1 Technologies, Inc.",60561
Shane Co.,60568
Services for the UnderServed,60588
Service Express,60605
Schroeder Industries LLC,60608
Rose Associates,60667
Koroseal Interior Products,60749
ProService Hawaii,60751
Protingent,60798
Riot Games,60870
The Larko Group,60947
The Connor Group,60955
Sikich,61013
Ramsey Solutions,61074
"Stokes Lawrence, P.S.",61117
SGMC Health,61134
Silver Cross Hospital,61136
SUCCESS Magazine,61158
VEIC,61235
M3 USA,61252
"Amundsen Davis, LLC",61257
Visionet Systems Inc.,61324
Motive Workforce,61341
Torani (R. Torre & Co.),61346
The Reserves Network,61400
US Farathane,61411
Tracy Unified School District,61421
The QTI Group,61453
Tire Rack,61482
Valley Baptist Health System,61519
TricorBraun,61583
Wintrust Financial Corporation,61631
Xantrion,61675
eTeam,61677
Acuren,61716
Aesop,61841
Advocates,61854
Tompkins Financial Advisors,61874
"3Degrees Group, Inc.",61886
Alerus,61984
Braun Intertec Corporation,62021
Busey,62101
BuildASign,62114
"BISSELL Homecare, Inc.",62138
"Byrne Software Technologies, Inc.",62185
CHRIS 180,62197
Bergelectric,62227
BRIDGE Housing Corporation,62237
Bank of Ann Arbor,62266
Aviation Capital Group (ACG),62359
Avamere Living,62370
"AM Technical Solutions, Inc",62373
AriensCo,62444
Connexus® Energy,62506
Crescent Electric Supply Company,62571
The Craneware Group,62582
The University of Vermont Health Network - Champlain Valley Physicians Hospital,62589
Castle Hospitality Group,62599
Commerce City,62648
Columbia Hospitality,62669
CerconeBrown,62716
Clearwater Analytics,62775
Charles Aris Executive Search,62780
CRG,62901
Flatiron Construction,62923
ebs Recruiters,62942
"Everest Consultants, Inc.",62954
First Point Group,62975
Fenner Dunlop Americas,63001
Elgin Sweeper,63052
Eliot Community Human Services,63053
Elliott Davis,63056
DynPro Inc.,63086
Dexter Magnetic Technologies,63091
"Employment Resource Group, Inc.",63122
DRB Homes,63147
Emerald Queen Hotel & Casinos,63155
Donatech Corporation,63164
Doncasters Group,63165
Dominium,63171
East Central College,63185
"Dayton Freight Lines, Inc.",63199
FUCHS LUBRICANTS CO.,63233
EcoWater Systems LLC,63265
HBK CPAs & Consultants,63295
HealthTrust Performance Group,63313
Hawthorne Executive Search,63330
GYK Antler,63335
Hyundai Translead,63357
FirstHealth of the Carolinas,63439
Fishbowl,63440
GSP International,63492
Forbes Technical Consulting,63563
Florida Cancer Specialists & Research Institute,63587
Florida Citrus Sports,63589
"Haggen, Inc.",63613
Hanna Instruments,63696
"GrayRobinson, P.A.",63713
Cognosante,63730
Jewelers Mutual Group,63757
Infinity,63794
Laborie,63800
Laitram,63806
LECO,63828
KORE1,63838
King County Housing Authority,63855
International Search Consultants,63879
Inserso Corporation,63928
InnoSource,63956
Jonathan Rose Companies,63964
"Ideal Innovations, Inc.",64056
Imaginuity,64076
Intapp,64081
Kansas City University,64168
Minnesota Children's Museum,64216
Siebert Financial,64247
Mueller Water Products,64250
Kloeckner Metals - Americas,64314
NTN Bearing Corporation,64320
National Register USA,64332
"Motus Recruiting and Staffing, Inc.",64379
Arosa,64442
Methodist University,64445
Liquidia Corporation,64461
"MRS BPO, LLC",64481
MMBB Financial Services,64501
Michigan State Medical Society,64524
Nordblom Company,64576
LL Flooring,64581
Lower Bucks Hospital,64592
MedAire,64608
Berkeley Search Consultants,64611
Per Scholas,64638
Pennsylvania Horticultural Society (PHS),64641
"Phoenix Staff, Inc.",64724
Phreesia,64726
The General®,64746
Oncor Electric Delivery,64761
Premium Retail Services,64799
PC Construction Company,64818
PSECU,64863
Oscar,64981
Pure Search,65015
Saint Mary's Health Network,65101
STP Nuclear Operating Company,65123
Q2,65137
ROSEN,65226
Messagepoint,65229
Sedona Staffing Services,65264
The YGS Group,65294
"Request Technology, LLC",65296
Renaissance Personnel Group,65299
"Raba Kistner, Inc.",65375
Prolacta Bioscience,65380
SLR Consulting,65406
TechOne,65587
The Fountain Group,65647
Exemplis LLC,65730
"Systems Technology Group, Inc. (STG)",65762
Southern Land Company,65781
Summit Credit Union,65784
TLD,65805
"TETRA Technologies, Inc.",65808
Virtelligence,65935
Waste Connections,66006
Wahl Clipper Corporation,66022
"Madison-Davis, LLC",66075
TowneBank,66105
"UGI Utilities, Inc.",66126
Total Education Solutions,66140
Torrent Technologies,66149
VARITE INC,66252
Treasure Island Resort & Casino,66270
Thieme International,66347
"Wood, Smith, Henning & Berman LLP",66379
Zolon Tech Inc.,66407
Xsell Resources,66436
Wyman Gordon,66442
World Monuments Fund,66465
Alliance Resource Group,66514
AAMCO Transmissions and Total Car Care,66525
ANMsoft Technologies,66674
"1199SEIU Benefit and Pension Funds",66705
Boly:Welch,66812
BizWest,66932
Boomi,66935
C2 Graphics Productivity Solutions,66992
Assured Guaranty,67021
Analytical Mechanics Associates,67029
Visit Austin,67138
Appalachian Trail Conservancy,67158
"Apex Companies, LLC",67179
Axiom Global Technologies,67273
Bartlett Tree Experts,67274
Conservice ,67427
Criterion Systems,67483
Creative Energy,67495
CornerStone Staffing,67507
Children's Bureau of Southern California,67538
"Carr, Riggs & Ingram",67555
Cavalier Logistics,67601
Comprehensive Healthcare,67606
City of Greeley,67657
City of Gresham,67658
Commonwealth Care Alliance,67747
Central Ohio Technical College,67761
Cape Air,67782
Etsy,67849
Dürr,67873
Duke Manufacturing Co.,67880
Erie Family Health Centers,67890
FFF Enterprises,67908
First Quality,67975
Fairbanks Morse Defense,68017
Emerge,68117
Dairyland Power Cooperative,68122
Energy Transfer,68155
Discover Staffing,68169
EnerNex,68189
HCVT,68428
Heritage Environmental Services,68463
IEHP,68485
HubSpot,68529
Fanatics,68543
GL Homes,68566
Gallagher,68629
GalaxE.Solutions,68639
Flowers Communications Group,68647
The George Washington University Hospital,68658
"Haas Automation, Inc.",68679
Goshen Health,68681
Gemaire Distributors,68688
The Foth Companies,68693
Fox Restaurant Concepts,68747
Fox World Travel,68749
Indyme Solutions,68794
International Foundation of Employee Benefit Plans (IFEBP),68875
Indegene,68889
L.K. Jordan & Associates,68940
Kronospan,68941
"John B. Sanfilippo & Son, Inc.",69067
Leslie's,69107
"Johnson, Mirmiran & Thompson",69154
JAC Products,69282
Ivory Systems,69291
Illinois Action for Children,69354
Metrie,69438
Moore Colson CPAs and Advisors,69443
Missouri Employers Mutual,69480
National Comprehensive Cancer Network® (NCCN®),69524
Links Technology Solutions,69732
Miami Country Day School,69773
Maui Jim Sunglasses,69801
Midland Recruiters,69856
McLeod Health,69867
PCS Wireless,69909
Ohio Chamber of Commerce,69925
Noir,69929
Physician Health Partners,69964
Performance Team,69989
Northeast Ohio Regional Sewer District,70095
Natural Factors,70121
"OCHIN, Inc.",70205
New American Funding,70223
OSI Group,70300
Cielo Talent,70373
Sabert Corporation,70399
Red River,70420
San Francisco Municipal Transportation Agency (SFMTA),70507
Senior Resource Group,70534
"Self Opportunity, Inc.",70560
PrincePerelson and Associates,70603
Primark,70640
Rural Community Assistance Corporation (RCAC),70696
Roto-Rooter Plumbing and Drain Service,70711
WiserWulff,70717
Smith Kroeger,70844
"Tec-Masters, Inc. (TMI)",70999
"SupplyOne, Inc.",71025
Survival Systems Staffing,71031
The Ash Group,71070
Texas American Title Company,71081
Shopbop,71099
Stearns Bank N.A.,71101
Zep Inc.,71169
Swisher,71224
Synergycom,71289
SPECTRAFORCE,71350
Springer Publishing,71374
Structured Communication Systems,71417
Tillamook County Creamery Association,71441
Smoothwall (part of the Qoria family),71447
Society Insurance,71453
Sunbelt Staffing,71470
Wallace Design Collective,71582
Tundra Technical Solutions,71611
Porter Group,71697
University of the Ozarks,71734
Vela,71887
UFG Insurance,71890
Vanir,71910
Varsity Spirit,71919
Zenex Partners,71939
ZTR,71954
iPlace,71957
WinCo Foods,72050
Emids,72060
ActBlue,72201
Aecon Group Inc.,72416
CARET,72468
Aimbridge Hospitality,72483
Bayforce,72593
BrightStar Care,72717
Anblicks,72825
BALENCIAGA,72944
Balluff Americas,72946
Audrey Golden Associates Ltd.,72952
Besen Partners,72976
Billingsley Company,73024
Aptar,73102
CareOregon,73142
Chenega Corporation,73212
Concentric Energy Advisors,73229
Capital Region BOCES,73237
CorePower Yoga,73271
Conterra Networks,73282
Chicken of the Sea,73392
CLEAResult,73414
Cascade AIDS Project,73503
Commerce Bank,73600
City of Grand Junction,73605
Communities Foundation of Texas,73646
California Lottery,73681
City of Vacaville,73687
City of Redding,73693
CentraState Healthcare System,73708
Cleaver-Brooks,73819
Exclusive Networks,73935
SharkNinja,73959
FPI Management,74016
"First Tek, Inc.",74063
elite personnel,74097
Digital Prospectors,74157
Easterseals NH,74369
East Harlem Tutorial Program,74411
Ecumen,74464
Douglas Machine Inc.,74466
Health eCareers,74477
Full Spectrum,74535
The COATS Company,74578
Henry Mayo Newhall Hospital,74580
Helix Electric,74582
HealthEdge,74601
HealthLinx®,74603
HealthCare Support,74604
ICX Group,74624
Howard-Sloan Search,74635
"Horizon Hospitality Associates, Inc",74658
Coherent Corp.,74708
"Groundwater & Environmental Services, Inc.",74790
GlobalSource IT,74827
HOLT CAT,74878
"Hall & Evans, LLC",74930
Goodwin Recruiting,74985
Harbor Group Management Company,74989
Greater Nevada Credit Union,74993
Graycor,75027
Independence Title,75061
Ken Garff Automotive Group,75070
Frontline Source Group ,75103
International Association of Fire Fighters (IAFF),75179
LJA,75193
Kraus-Anderson,75231
Language Services Associates,75262
"IMA Financial Group, Inc.",75348
Latcha,75353
Innophos,75384
Juanita's Foods,75497
Kaztronix LLC,75641
MeeDerby,75700
Lunds & Byerlys,75730
Media Recruiting Group,75739
Monadnock Community Hospital,75782
MityLite,75809
"NanoString Technologies, Inc.",75835
NYSUT,75895
Marken,75969
Mspark,76182
Loop Capital,76202
Mead & Hunt,76261
Nixon Power Services,76283
PBK,76298
Okland Construction,76312
Pembroke Hill School,76367
First PREMIER Bank/PREMIER Bankcard,76545
NWG (Northumbrian Water Group),76559
Northwest Title,76561
The New York Immigration Coalition,76662
LiveOnNY,76663
Orion,76673
"Orbital Engineering, Inc.",76693
QSC,76788
PPK,76885
San Antonio Regional Hospital,76918
Qualitrol,76953
Select Source International,77097
"r2 Technologies, Inc.",77114
Quigley-Simpson,77117
Quorum Federal Credit Union,77120
"Redapt, Inc.",77133
Quantum Research International,77153
Prime Team Partners,77159
Remington Arms Company,77191
RDV Corporation,77195
FirstService Residential Arizona,77222
Rotork,77224
Raising Cane's Chicken Fingers,77301
SAFY of America,77356
Ravago,77363
Ridgewood Savings Bank,77396
St. Thomas High School,77433
Society of Interventional Radiology,77434
Tarrant Regional Water District,77497
Tefron,77575
"TechnoSphere, Inc.",77601
Tech One IT,77610
The Kraft Group & Affiliates,77688
The Hired Guns,77695
Community Foundation for a greater Richmond,77710
Sonepar USA,77760
Shorr Packaging Corp.,77765
"Swift, Currie, McGhee & Hiers",77771
Southern Farm Bureau Life Insurance Company,77815
Syndicatebleu,77831
Southeast Community College,77847
Silverlink Technologies,77855
SystemsAccountants,77906
Storage Solutions,77923
Trustaff,78148
Veritext Legal Solutions,78184
Walker Engineering,78277
Walker Zanger,78278
Wenham Carter Group,78323
Wheeler Health,78334
Weir Minerals,78340
The Midtown Group,78412
Trailer Bridge,78514
Valley Health,78606
Ulteig,78631
"TransMedics, Inc.",78636
The TemPositions Group of Companies,78653
Tree Care Industry Association,78676
"Yunker Industries, Inc.",78702
Wilson Company,78790
WinnCompanies,78885
Workplace Options,78932
Benesch,79023
Allied OneSource,79098
Allied Resources Technical Consultants,79100
AltaMed Health Services,79135
AHA Consulting Engineers,79157
Advanced Search Group,79197
American Bar Foundation,79277
American Printing House for the Blind,79312
Abigail Kirsch,79375
Akorbi,79387
"A-TEK, Inc.",79437
Bob's Discount Furniture,79560
Bradford Health Services,79595
BridgeView,79629
Brighton Jones,79634
Linesight,79657
Celgard,79710
"AMERISAFE, Inc.",79769
Amtec Inc.,79815
Associated Industries,79823
Bennett Family of Companies,79859
ATN International,79923
Bailiwick,79947
Bernard Nickels & Associates,79950
Arista Networks,80069
Ardelle Associates,80150
"Bassett Furniture Industries, Inc.",80181
Arlington Resources,80206
ChaseDesign,80223
Checkers & Rally’s Drive-In Restaurants,80226
Concept Software & Services INC,80249
Carnegie,80301
FirstService Residential New York,80325
Teijin Automotive Technologies,80354
Copesan,80359
Cornerstone Search Group,80380
Cottage Health,80387
"CKC Laboratories, Inc.",80492
Carolina Handling,80502
Colorado Technology Association,80587
Catholic Health,80607
Cirque Corporation,80652
City and County of Broomfield,80705
California Coast Credit Union,80740
Central Business Solutions Inc.,80755
City of Thousand Oaks,80771
"City of University City, Missouri",80772
Composites One,80868
"MUFG Investor Services, U.S.",80919
FIBA,81119
FM Industries,81128
"FN America, LLC",81129
Farmingdale State College,81167
"Farnsworth Group, Inc.",81168
"Elite Placement Group, Inc. ",81326
"Digital Concepts, Inc.",81341
Easterseals Southern California,81600
Dove Technologies,81636
"GPI / Greenman-Pedersen, Inc.",81710
Hawaii Convention Center,81760
Charles E. Smith Life Communities,81794
Henderson Scott,81815
Hilton San Jose,81853
Holman,81878
HBI (Home Builders Institute),81886
IDEA Public Schools,81958
Jensen Hughes,81968
Groupsoft US Inc,82051
Gosiger,82070
TRADEBE,82095
Food Safety Net Services,82107
"GROWMARK, Inc.",82112
"H&E Equipment Services, Inc.",82153
Gateway Group Personnel,82263
Franklin Electric Fueling Systems,82304
HairClub,82339
"Halozyme, Inc.",82387
"Freeman Mathis & Gary, LLP",82407
Intereum,82471
Kenan Advantage Group,82488
Kenco Group,82489
Knape & Vogt Manufacturing Company,82569
Lackawanna College,82666
Leddy Group,82734
Latino Community Credit Union,82750
IMI,82766
"International Registries, Inc.",82791
Jones & Roth CPAs and Business Advisors,82849
Kantar,83111
Inter-Con Security,83130
Millennium Hotels and Resorts,83207
Lycatel,83229
"Mitsubishi Electric Power Products, Inc.",83302
Moneytree,83350
NMR Consulting,83485
Marc Fisher Footwear,83546
Liberty Pumps,83561
MG Properties,83571
Mentis Group,83600
Marquette Management,83642
Marquis Companies,83643
Lincoln Savings Bank,83664
Met Council,83695
Lippert,83708
MetroNational,83744
MetroStar,83745
Miami Children's Museum,83800
NonStop Consulting,83957
"PC Network, Inc.",83979
"Pattishall, McAuliffe, Newbury, Hilliard & Geraldson LLP",83990
Team Penske,84056
"Penumbra, Inc.",84061
PYA,84085
Pluralsight,84180
Premier Nutrition: The Good Energy People,84201
"PM Technologies, Inc.",84276
Open Road,84369
"Operation PAR, Inc.",84411
Opti Staffing Group,84418
Optimal Blue,84421
New York Technology Partners,84551
OTG Management,84565
Oakleaf Partnership Limited,84615
Oatey Company,84619
HCTec,84645
Gantry,84647
Oxford Solutions,84673
P.S. ARTS,84679
Pathways Personnel,84686
"Quadax, Inc.",84705
Scrubs & Beyond,84936
Sensirion,84994
Red Wing Shoe Co.,85039
RedWeek.com,85042
RDO Equipment Co.,85123
Resource Center,85243
Rain For Rent,85320
Sodecia,85459
Tech Electronics,85561
Technicon Design,85570
The Advocates,85668
 Georgia Pacific,85677
The Brewer-Garrett Company,85691
The Children's Courtyard,85708
CooperCompanies,85738
The Epoch Times,85787
Shutterstock,85823
Sonesta Hotels,85833
South Bend Medical Foundation,85885
Southcoast Health,85891
Southwest Behavioral & Health Services,85947
StoneTurn,85952
SysMind,85964
Smart IMS Inc.,86166
Smarte Carte,86170
EXP,86231
Paradigm,86404
Walker Sands,86414
West Yost,86475
Western Colorado University,86479
Weston & Sampson,86506
W2 Communications,86525
CenterSquare Investment Management,86635
Toyo Tires,86712
USIM,86722
Schemmer,86753
Transcat,86798
Transfinder,86800
Tressler LLP,86854
TriMas Corporation,86892
Thermon,86922
United Way of Central Alabama,86937
YMCA of Delaware,87294
Acre,87347
All American Poly,87355
Alonzo King LINES Ballet,87444
Admiral Insurance Group (a Berkley Company),87465
American Business Bank,87586
Aequor,87599
Affirma,87677
Aisin World Corp. of America,87735
Alchemy Worx,87804
Blue Technologies,87839
Bohan & Bradstreet,87879
Long Island Community Hospital,88016
"CAREERXCHANGE®, Inc.",88081
Buckeye Partners,88124
Buckhead Meat,88125
"BGE, Inc.",88129
Aspirus Health,88206
Amerit Consulting,88236
Buzzi Unicem USA,88253
Bellevue Downtown Association,88304
Ampex Data Systems,88309
BTHR Solutions,88387
Androscoggin Bank,88421
Berkshire Farm Center and Services for Youth,88425
"Birch, Stewart, Kolasch & Birch, LLP (BSKB)",88592
Autocar Trucks,88629
Automotive Events,88632
Avēsis,88691
Capitas Financial,88795
Capitol Federal® Savings Bank,88796
CaptiveAire Systems,88802
ClimateCare ,88812
Chemaxon,88820
Confluent,88873
Coperion,88921
"Crestline Investors, Inc.",89064
DHI Title,89097
Carrols Corporation,89186
Chmura Economics & Analytics,89224
Christian Care Ministry,89234
Cassling,89242
"Church Mutual Insurance Company, S.I.",89306
Columbus McKinnon,89459
Coterra Energy,89466
Caliber Collision,89520
Chapel Valley Landscape Company,89611
Cantey Hanger LLP,89618
Clark Pacific,89659
Egan Company,89746
Demandbase,89759
Family Health Centers of San Diego,89864
Fareportal,89938
Experiences For Mankind,90052
Dexis Consulting Group,90068
Fidelis Companies,90101
Electric Power Systems,90173
Enercon Industries,90376
Diverse Lynx,90396
DataScan Field Services,90422
David C Cook,90549
Green Key Resources,90639
Funrise,90663
Fusion Risk Management,90668
Health Care for the Homeless,90782
Novolex,90823
Hemphill - Search • Consulting • Staffing,90869
Horizon Productions,90888
Hoshizaki America,90893
Hulcher Services,90948
HydraForce Inc. ,90985
Hydro-Gear,90987
New York City Housing Development Corporation,90994
Fisher Dynamics,91021
Huntington Beach Hospital,91025
IAT Insurance Group,91071
"Flinn Scientific, Inc.",91084
"Grunley Construction Company, Inc.",91188
IFG Companies,91253
GSFSGroup,91255
Fors Marsh,91305
amfori - Trade with Purpose,91315
Frankel Staffing Partners,91452
Hansell Tierney,91565
Great Plains Technology Center,91578
Great Plains Trust Company,91579
Jared the Galleria of Jewelry,91638
Kirtland Credit Union,91653
Kohl Children's Museum,91754
LMCU,91899
Lansing Building Products,91955
JobsInLogistics.com,91974
Iowa Credit Union League,92222
Integration International Inc.,92309
Knipper Health,92349
St. Ignatius College Preparatory,92390
"Kain Colasanto, LLC",92407
Kaizen Technologies,92409
"Milner, Inc.",92489
Upbring,92604
"Miller Cooper & Co., Ltd.",92611
Morrison Express,92632
Mobile Mini Solutions,92651
Moore Ingram Johnson & Steele,92734
Montage International,92738
NFI,92750
North Carolina Department of Revenue,92776
Cisco Meraki,92950
Archer,92952
Market Performance Group,92970
Meridian Legal Search,93020
Marten Transport,93028
"Mack & Associates, Ltd.",93180
MyMichigan Health,93254
MicroVention-Terumo,93302
Mangan Inc.,93342
Peak Demand,93361
Louisville Water Company,93374
PGAV Destinations,93456
SysTechCorp Inc,93478
Aurora Flight Sciences,93493
Perennial Resources International,93514
"Norfolk Botanical Garden, Inc.",93545
"Pelican Products, Inc.",93554
Pneumatic Scale Angelus,93643
"Plant Sciences, Inc.",93675
Northern State University,93836
"Neel-Schaffer, Inc.",93843
PRI Technology,93942
Pacific Seafood,94054
Orange County's Credit Union,94138
RECARO Aircraft Seating,94355
QRC,94386
QBE North America,94447
"Recruiting Resources, Inc.",94453
Sazerac Company,94474
Shapiro,94479
SACYR,94516
Sanimax,94543
RIX Industries,94868
ProCaps Laboratories,94883
CPS Recruitment,94967
Oportun,95036
SGF Global,95126
Staff Financial Group,95267
SoftWriters,95278
TalentBridge,95313
Sussex County Community College,95320
Taste Catering and Event Planning,95409
Templeton & Company,95466
Cape Environmental Management Inc,95530
The Broadway League,95567
Sherman Associates,95664
"Shurtape Technologies, LLC",95724
"Shute, Mihaly & Weinberger LLP",95725
Southern Champion Tray,95757
Sievo,95761
"SIG SAUER, Inc.",95763
Syringa Networks,95849
Southwest Key Programs,95872
IntelePeer,96280
Vision RT Ltd,96305
Webco Industries,96406
"The Northwest Group, LLC",96642
Tootsies,96643
The November Group,96673
Trascent,96687
V Group Inc.,96691
"V-Soft Consulting Group, Inc.",96692
UFP Technologies,96702
USM Business Systems,96716
Valor Equity Partners,96781
VALID Systems,96815
Valent BioSciences,96831
Unite Private Networks,96847
Travel Traders LLC,96884
TRIAD Engineering Corp,96925
Trihydro Corporation,97016
Yellowstone Club,97051
Ziegler,97122
Womack Machine Supply,97173
MOO,97185
rbb Communications,97270
Xceleration,97376
Yancey Bros. Co.,97413
YMCA of Metropolitan Washington,97421
Wright-Pierce,97460
Verus,97464
Wpromote,97475
Allied Benefit Systems,97523
a.i. solutions,97585
Alternative Resources Company,97606
Medical Solutions,97661
Adjmi Apparel Group,97704
American Direct Marketing Resources,97718
Arizona Small Business Association - ASBA,97900
Agua Caliente Casinos,97956
"Airgain, Inc.",98027
Accounting Career Consultants & HR Career Consultants ,98127
Arrow Exterminators,98162
The Beachbody Company,98210
CB2,98584
BFS Associates,98615
Boulay,98619
"Amtex Enterprises,Inc (https://amtexenterprises.com/careers-jobs/)",98700
Analytic Recruiting Inc.,98704
Benchworks,98780
Anderson Trucking Service,98814
BRMS,98853
AppFolio,99055
Arbor Associates,99106
BioReference,99183
Blackmon Mooring & BMS CAT,99203
BizBuySell,99215
Ariela & Associates International,99258
Clinical Resource Network (CRN),99326
CareCentrix,99360
Carenet Health,99362
Capstone Advisors,99427
"Contract Professionals, Inc.",99524
CyberSearch,99655
Creatives On Call,99692
CORA Physical Therapy,99832
Child Saving Institute,99881
CaroTrans,99888
Cole Schotz P.C.,99898
CSDA Design Group,99905
Colonial Parking,99959
"Collaborative Solutions, LLC",99974
Citizen Watch America,100027
"City First Mortgage Services, LLC",100033
"Cajun Industries, LLC",100085
"Cacique Foods, LLC.",100123
Columbus Zoo and Aquarium,100134
Chamberlain University,100302
Clearlink,100451
"Estuate, Inc.",100564
"Xponance, Inc.",100783
"Fee, Smith & Sharp LLP",100890
"Dev Technology Group, Inc.",100947
Diakon Lutheran Social Ministries,100984
Dansko,101069
Diligent,101105
Dakota Supply Group,101108
Engineering Systems Inc. (ESi),101298
DivIHN Integration Inc,101320
Endeavor Real Estate Group,101354
DocuWare,101401
Engle Martin,101402
Donohue Brown Mathewson & Smyth LLC,101428
Davalyn Corporation,101459
Dead River Company,101504
"Defibtech, LLC",101573
HeartShare Human Services of New York,101752
Health Plan of San Joaquin/Mountain Valley Health Plan,101766
"GAP Solutions, Inc.",101796
Horrocks,101873
MetLife Legal Plans,101949
Hudson Valley Credit Union,102046
TRX Training,102097
Hunt Refining Company,102123
Go West Creative,102133
Global Association of Risk Professionals (GARP),102176
Global Partners LP,102179
Glanbia Nutritionals,102189
Guiding Eyes for the Blind,102266
Gables Search Group,102296
GAINSCO,102362
Golden Nugget Las Vegas,102400
Goodwill Southern California,102466
"Frakes Engineering, Inc",102603
"GENESYS Consulting Services, Inc.",102609
GEOTAB,102661
Hamilton Jewelers,102695
Kent Services,102777
James River Insurance Company,102825
Infobahn Softworld Inc,102847
Knorr Brake Company,102904
LAZ Parking,102963
Kyra Solutions,102989
"Koley Jessen P.C., L.L.O.",103023
LT Apparel Group,103060
Legal & General America,103117
Shapiro+Raj,103197
JobTarget,103222
IPTA,103289
InsightsNow,103427
Integrated Talent Strategies (ITS),103486
KIPP Massachusetts,103545
Idahoan Foods,103649
Malone Workforce Solutions,103681
J.T.M. Food Group,103835
Kane Partners LLC,103841
Millman Search Group,103923
Milton CAT,103928
Mo's Restaurants,104070
Mount Washington Observatory,104205
Morefield,104216
National Veterinary Associates,104405
National Basketball Association (NBA),104413
Grow America (formerly NDC),104427
MD&A,104493
Merchants Fleet,104499
hireneXus,104606
Masonic Homes of California,104640
Maryland-National Capital Park and Planning Commission,104659
"MacKay & Somps Civil Engineers, Inc.",104709
McCormack Schreiber Legal Search,104826
Long Ridge Partners,104869
"Mettler-Toledo International, Inc",104873
"McNeilus Truck and Manufacturing, Inc.",104895
MAA,104996
Eleven,105027
MileOne Autogroup,105063
Loyal Source Government Services,105066
Olymel,105088
Nissin Foods,105096
"Paulo Heat Treating, Brazing and Metal Finishing",105118
Petsense by Tractor Supply,105203
Phoenix American,105309
Planned Parenthood of the Pacific Southwest,105362
Pine Rest Christian Mental Health Services,105390
Presidential Aviation,105497
PM Hotel Group,105530
North Bridge Staffing Group,105556
NDBT (North Dallas Bank & Trust),105558
NuWave Technology Partners,105756
PALECEK,105797
Pape-Dawson Engineers,105843
OPSWAT,105936
Paradigm,105950
The Partners Alliance,106069
Newpark,106071
Phaxis,106083
Parksite,106091
PartsSource Inc.,106129
Robertson & Company Ltd.,106178
SSI SCHÄFER,106330
Salinas Valley Health,106371
Saicon,106383
SageView Advisory Group,106409
ServiceChannel,106481
Shamin Hotels,106551
" Krems, Jackowitz & Carman, LLP",106573
Selby Jennings,106584
Seibold Security,106613
"RedRiver Systems, LLC",106707
Reddy Ice,106714
Human Resource Dimensions,106755
"Reliable Automatic Sprinkler Co., Inc.",106900
Resource Logistics Inc.,107021
Small Business Association of Michigan,107182
Randox,107191
Raza Development Fund,107372
Stars Behavioral Health Group,107457
Technimark LLC,107622
The Chefs'​ Warehouse,107699
BuzzCo,107722
Freeman Company,107817
Shiel Sexton,107847
Dover Corporation,107854
Swire Shipping,107903
"Sweeney Conrad, P.S.",107911
Steinhafels Furniture,107999
Strategex,108163
Simmons Foods,108204
Sprouts Farmers Market,108340
Spotlight 29 Casino,108354
Skills Alliance,108365
H10 Capital,108486
"TS Tech Americas, Inc.",108488
UMC,108543
Westwood Professional Services,108854
Turning the Page,109004
The Popcorn Factory,109165
Townsend Search Group,109180
VECA Electric & Technologies,109225
VISTA Staffing,109274
U.S. Pipe,109285
The Sixth Floor Museum at Dealey Plaza,109298
The Siegel Group,109324
Valmark Financial Group,109336
United Business Bank,109524
Yield Engineering Systems,109619
YouGov,109731
MCA Connect,109766
Zinpro Corporation,109785
Woodard Cleaning & Restoration,109824
CareerSource Palm Beach County,109951
World 50 Group,109961
eRichards Consulting,110021
American Board of Emergency Medicine,110226
Alila Hotels,110240
AB Ludvig Svensson,110264
Allegheny Financial Group,110287
Allen Edmonds,110290
Alliance for Children's Rights,110329
ALPLA Group,110410
Ambry Genetics,110510
ALS,110530
Alpine Home Air,110566
ALTIVIA,110618
"Agile Resources, Inc.",110701
"10-D, Inc. Academy ● Compliance ● Info Security",110767
Air Charter Service,110790
"ATCS, PLC",110815
AirBorn Inc.,110859
Bay Area Hospital,111108
"Bluebeam, Inc.",111265
Beacon Communities LLC,111267
Boston Chinatown Neighborhood Center,111316
Kiernan Trebach LLP,111324
C.H. Guenther & Son,111485
Ceva Santé Animale,111557
Association for Psychological Science,111719
BNBuilders,111803
"Berean Group International, Inc.",111849
Berkley Mid-Atlantic Insurance Group (a Berkley Company),111960
"Bernardi Securities, Inc.",112035
Baldwin Richardson Foods,112051
Baker Electric,112076
Apple & Associates,112136
Big Tex Trailers,112221
Aquinas Consulting,112249
"ASMPT AEi, Inc.",112291
Barrington James,112333
Avo Photonics,112406
Charter Manufacturing,112536
Chemtrade,112582
CornerStone Title Company,112761
Corcept Therapeutics,112768
Control System Integrators,112785
"County of Erie, PA",112840
Cottonwood Insurance Inc.,112861
Cycle Gear Inc.,112891
Cypress HCM,112948
"DH Pace Company, Inc.",113057
"Chief Talent Officer, LLC",113100
Cognitus,113178
BILL,113254
CPH,113380
City of Goleta,113383
The Columbia Group,113436
CalPortland,113467
Educational Service District 112,113861
Edge Services,113875
Drive DeVilbiss Healthcare,113885
Etro,113960
Evolution,114044
Explorer Pipeline,114213
FXI,114256
Federal Home Loan Bank of Cincinnati,114339
Stellantis Financial Services US,114378
Elbit Systems of America,114485
Diamond Personnel,114566
The Dalton School,114664
Daikin Comfort,114685
EMC Meetings & Events,114747
Dimerco Express Group,114761
ENTRUST Solutions Group,114853
"Engineered Structures, Inc. (ESI)",114938
Division 10 Personnel,114971
EarthCam,115024
Eclaro,115116
Drax Group,115136
HTLF,115444
GA Telesis,115492
High Country Search Group,115495
"Herbein + Company, Inc.",115516
Hogan & Associates Construction,115590
Hilco Global,115609
Hydro-Thermal Corporation,115624
Houston Apartment Association,115641
Home Market Foods,115679
IDology,115804
IBACOS,115812
Flintfox - Intelligent Pricing Platform,115913
Group O,115924
"Guttman Energy, Inc.",116025
Touchpoints,116052
The Forge Companies,116164
Grand Wailea,116332
Genoa Healthcare,116394
Granger Construction,116401
"Gray, Gray & Gray",116488
Hanson Professional Services Inc.,116552
GeoSearch,116575
De Nora,116627
Kingscott Associates,116791
KONG Company,116859
Knutson Construction Services,116872
LMTS,116999
Lansing Board of Water & Light,117125
Lateral Link,117197
Johnson Brothers,117297
InTown Suites,117413
K&G Fashion Superstore,117494
Idaho Housing and Finance Association,117611
Insurance Relief,117620
Findorff,117700
ILLES Foods,117828
iMPact Business Group,117882
Implant Direct,117893
Jacuzzi Group,117983
Marathon Capital,118021
Lydig Construction,118062
"MASS Precision, Inc.",118127
Medical Mutual Liability Insurance Soc. of MD,118159
"Morris & Ritchie Associates, Inc. (MRA)",118213
Mizkan America,118233
MANITOU Group,118246
Herbein HR Consulting,118256
Mubea,118355
Myers and Stauffer LC,118422
Nashville Wire Products,118478
National Advisors Trust Company,118486
National Corvette Museum,118561
Lighthouse Lab Services,118698
Mercer International Inc.,118708
Mercadien,118727
Marvel Consultants,118767
Marquee Event Rentals,118782
"Hired by Matrix, Inc",118971
Matura Farrington,119023
"McCarthy Building Companies, Inc.",119184
Maison Margiela,119265
Manhattan Construction Company,119272
Healthcare IS,119291
Miga Solutions,119375
PBS Engineering and Environmental,119422
"Offit Kurman, P.A.",119429
"PGH Wong Engineering, Inc.",119586
Perr&Knight,119594
Pettit Kohn Ingrassia Lutz & Dolin PC,119688
Pinnacle Group,119762
"Porter Consulting Services, Inc.",119834
Preferred Strategies,119876
Northeast Georgia Health System,120000
PLM Fleet LLC dba PLM Trailer Leasing,120068
"PMX Industries, Inc.",120078
Norton Simon Museum,120205
MasTec Communications Group,120240
NetElixir,120254
"Optcapital, LLC",120332
PKF O'Connor Davies,120393
OTS Solutions,120488
"OTTO Engineering, Inc.",120639
OxBlue,120684
Nexus Health Systems,120853
Niagara Bottling,120859
Sandata Technologies,121071
"Samuel, Son & Co.",121082
Sales Talent Inc.,121091
Sam Schwartz,121107
Sciton,121157
Scannell Properties,121188
Seabrook Rehab,121192
Savant Wealth Management,121248
"Set Solutions, a Trace3 Company",121300
PRIMUS Global Services,121387
Prime Management Group Inc.,121408
Queens District Attorney's Office,121491
"R.S. Hughes Co., Inc.",121536
RiseBoro Community Partnership,121580
RehabVisions,121626
Westlake Royal Building Products,121658
Ruppert Landscape,121708
RK,121711
Repro Products,121822
Resident Realty,121875
Restech,121911
SBT,122000
RailWorks Corporation,122085
Tahoe Forest Health System,122279
STAHLS'​,122314
"TalentBurst, an Inc 5000 company",122451
Advent Talent Group,122655
Center for Internet Security,122681
The Children's Trust of Miami-Dade County,122686
The Hole in the Wall Gang Camp,122767
Hubbell Incorporated,122771
"Solutionz, Inc",122881
Sonetics,122942
Stemilt Growers,123034
Sterling Capital Management LLC,123042
Stern Grove Festival Association,123075
Source One Technical Solutions,123094
Sigmatron International,123162
Siteimprove,123361
Stroud Water Research Center,123472
SullivanCotter,123499
"Sub-Zero Group, Inc.",123511
Smart Choice®,123591
University Club of Chicago,123696
Virtue Group LLC,123822
Visiting Nurse Health System,123937
Tokio Marine Highland,123944
Gilat Wavestream,124104
Wieland Group,124258
Tjoapack,124307
The Quest Organization,124391
US Sports Camps,124541
Toyon Research Corporation,124560
The Roxbury Latin School,124612
Uncommon Schools,124759
TreeHouse Foods,124802
The Woodmansee Group,124817
THERAPY 2000,124905
"United Refrigeration, Inc.",124963
ZL Tech,125048
Zynex Medical,125241
BD's Mongolian Grill,125293
Wolf-Gordon,125327
Cleverbridge,125364
e-Zest Solutions,125527
Revver,125605
Wurth USA,125641
Wounded Warrior Project,125657
YMCA of Metropolitan Fort Worth,125683
eShipping,125892
eMetric,125906
Dynatrace,125999
commercetools,126050
Wixon,126085
WisdomTree Asset Management,126106
alice + olivia,126155
nQ Zebraworks,126230
Tipmont,126243
iiicareer | Interesse International Inc.,126405
Lexitas Legal Talent Outsourcing,126428
YOTEL,126432
"ITCO Solutions, Inc.",126434
Vivo Inc.,126437
UCFS Healthcare,126591
Numotion,126600
"TriLink BioTechnologies, part of Maravai LifeSciences",126603
EOX Vantage,126632
The Summit Federal Credit Union,126749
UNITED Pharmacy Staffing,126855
"Two Point Conversions, Inc.",127010
"The Mice Groups, Inc.",127047
West Coast Consulting,127119
"Weeks Marine, Inc.",127183
Western Forest Products,127228
"Wayne J. Griffin Electric, Inc.",127267
Walker Elliott,127315
Verigent,127588
Sun Nuclear,127686
Skyjack Inc.,127921
Spartan Technologies,128026
Stoakley-Stewart Consultants Ltd.,128138
"The Howard Company Inc. - Nation's Leader in Drive-Thrus, Digital Displays and Menu Boards",128383
Teladoc Health,128505
Tecta America Commercial Roofing,128519
The Finders,128589
Talener,128628
Talking Rain Beverage Company®,128634
"Sunstate Equipment Co., LLC",128737
Staley Technologies ,128748
"Riley Bennett Egloff, LLP®",128888
SDI Element Logic,128955
"Riccione Resources, Inc.",128971
Progression3,129106
"Resource Management Concepts, Inc.",129128
RAZR,129329
"Rosenthal & Rosenthal, Inc.",129385
"Rose, Snyder & Jacobs LLP",129443
Shearer's Foods,129544
Sealevel Systems,129645
"Scribd, Inc.",129665
Scanco,129778
"SP Associates, Inc.",129978
PathGroup,130095
Patra Corporation,130097
Osborn Engineering,130269
O.E. Strategies,130371
NuWest Group,130483
Pivotal Solutions,130927
PEI-Genesis,131153
NORD Gear Corporation,131265
Lucas Oil Products,131300
MedSpeed,131324
Mid-America Real Estate,131372
"MasterCorp, Inc.",131621
MYR Group,131648
"Martin/Martin, Inc",131756
MARVEL Infotech Inc.,131759
MercuryGate International,131762
Metropolitan Nashville Airport Authority,131801
Mentis Systems,131849
MI Windows and Doors,131880
Mark Thomas,131923
Murtech Staffing & Solutions,132125
Multiquip Inc.,132146
"Mountain View Hospital, Payson, UT",132173
Monument Advocacy,132193
Paysafe,132205
Mohawk Global,132241
Morrie's Auto Group,132277
Mobile Modular Management Corporation,132283
Macrae,132305
Mission Staffing,132319
MSI,132468
JT Entertainment,132598
JRD Systems,132614
Intellisoft Technologies,132625
igus Inc.,132660
Kaftan Communities,132688
KBI Biopharma,132861
JURISolutions Legal (JSL),132969
Innovative Driven,133074
Transcard,133078
"IRIS USA, Inc.",133103
"Interra International, LLC.",133216
Leader Bank,133367
"Kitch Attorneys & Counselors, PC",133553
Key Technical Solutions,133627
Jets.com,133659
Interior Talent,133721
Friends for Youth (FFY),133784
GBA,133810
Fremont Street Experience,133820
Hammond Power Solutions,133825
"GenStar Insurance Services, LLC",133874
Hallmark Global Technologies Ltd,133882
Haivision,133897
Gorbel,134014
PGA TOUR Superstore,134078
Price Chopper Supermarkets-Market 32,134081
Netrix Global,134353
Higgs Fletcher & Mack,134726
"Grimco, Inc.",134869
Harrington Process Solutions,134924
Futren Hospitality,134994
Entelli Consulting,135161
DeNyse Companies,135206
ESO,135275
"Direct Recruiters, Inc.",135357
Empiric,135385
"Daley And Associates, LLC.",135441
"Daramic, LLC",135522
First Supply LLC,135705
Felhaber Larson,135740
The Fedcap Group,135795
Family Service & Guidance Center,135815
Duluth Trading Company,136115
Delta Staffing,136123
Edify Technologies,136188
Editech Staffing,136191
Driftwood Hospitality Management,136195
Droisys,136203
Charles R. Drew University of Medicine and Science,136292
CompQsoft,136307
Comcentric Inc.,136509
City of Durango,136517
Columbia Helicopters,136573
Collins + Collins LLP,136629
C4 Technical Services,136684
"Coca-Cola Bottling Company UNITED, Inc.",136791
Carson LLP,136816
Curbell Plastics,136846
DASCO Home Medical Equipment,136952
"Cradlepoint, part of Ericsson",137040
Chegg Inc.,137338
Career Search International,137349
Career Systems Development Corp,137350
Avanti Staffing,137533
BioMed Realty,137572
Auto Credit Express,137616
Arc'teryx Equipment,137624
Beyer & Kelley LLC,137699
Betson Enterprises,137758
Bestica Inc.,137779
Andronico's Markets,137825
bohan Advertising,137877
AMSOIL INC.,137951
Amneal Pharmaceuticals,137969
Amotec Inc.,137971
Assigned Counsel Incorporated,138027
Ames Construction,138032
CGTech,138076
"Bremer Whyte Brown & O'Meara, LLP",138290
Asher Media,138417
BOA®,138430
axogen,138567
AtWork Group,138649
"3i People",138719
"Aavalar Consulting, Inc",138828
Visit Anaheim,139026
"Advanced Programs, Inc.",139096
Allied Reliability,139294
"Allyon, Inc.",139348
Action Property Management,139366
All Points Logistics,139477
"Alltech Consulting Services, Inc",139661
"AMER Technology, Inc.",139722
ALPI USA INC,139732
AJM Packaging Corporation,139742
Brixey & Meyer,140342
Brown & Riding,140452
Amerilab Technologies,140564
"CIRCOR International, Inc.",140581
Ball Homes,140801
Computing Technology Solutions,141118
Corporate Chefs,141230
DW Simpson Global Actuarial & Analytics Recruitment,141494
Case-Mate,141626
"COMHAR, Inc.",141634
CONTECH CONTROL SERVICES,141640
Catamount Constructors,141697
CPS/Comtech,141785
Cain Watters & Associates,141858
"Century Engineering, A Kleinfelder Company",141875
Clean Earth,141934
Chain-Sys Corporation,141953
Champion Windows & Home Exteriors,142026
eFinancial,142130
Fedway Associates,142457
First Search Inc.,142560
Dietz and Watson,142569
e-Business International Inc,142571
DSB Rock Island,142596
Element Technologies Inc,142672
EXSIF,142933
Mark Enlow Inc. DBA Enlow & Associates,143003
G.A.S. Global,143331
Herzog,143367
HexaCorp ,143371
HHM CPAs,143398
HomeTrust Bank,143442
Gi Group,143648
Food Bank of Central & Eastern NC,143657
Global Relay,143687
GLC Group,143706
Flexco,143717
Godshall Recruiting,143796
GoDigital Media Group,143812
Forge Worldwide,143892
Forest Electric New Jersey,143906
Gehr Industries,143940
Fourth Floor,143988
Halcyon Solutions,143993
HVJ Associates®,144036
Grassi,144086
Elkay Interior Systems,144105
Knife River Corporation,144237
"Kiss Products, Inc.",144240
LOGIXtech Solutions LLC,144376
LA Family Housing,144414
LabConnect,144418
Lawrence Harvey,144455
IMSM,144561
Ideaon,145016
IntegriChain,145050
J.W. Speaker Corporation,145077
JWilliams Staffing,145137
Incendia Partners,145218
Miovision,145267
Lutz,145288
Munro & Associates,145467
Mountaire Farms,145495
"NaphCare, Inc.",145522
NCM Associates,145554
Marina Sirras & Associates LLC,145675
Linetec,145785
MarshBerry,145812
MMD Services,145829
Lipman Brothers / R.S. Lipman Company,145848
Lithko Contracting,145856
LivantaLLC,145934
"Method360, Inc.",145944
Metric Engineering,145949
Macdonald & Company,145957
"Madix, Inc",146019
SPS,146075
"PAJ, Inc (Prime Art & Jewel)",146254
Ogden-Weber Technical College,146266
"Peckham, Inc.",146282
Phase IV Engineering,146426
Prairie Consulting Services,146658
Pro Global,146752
NEOTECH Solutions,146782
"Pacific Science & Engineering Group, Inc.",146857
"Neuronetics, Inc.",147038
"Robson Forensic, Inc.",147345
"Schnackel Engineers, Inc.",147505
Senior Aerospace SSP,147666
"Romac Industries, Inc.",147699
ProMach,147825
Reiser,147847
Protouch Staffing,147875
"RK Management Consultants, Inc.",147899
ProStart Recruiting Resources Inc.,147926
Roblox,147977
RVCM (RevaComm),148023
SDK,148189
"PAR, Inc.",148227
"Software Guidance & Assistance, Inc. (SGA, Inc.)",148327
Stallion Infrastructure Services,148375
"The Choice, Inc.",148590
The Caler Group,148599
STAUBER,148736
Stavis Seafoods,148738
Silex Technology ,148784
Southern HealthCare Management,148856
Vantage MedTech,148877
Springfield Clinic,149193
Veritis Group Inc,149293
Vision Search Partners LLC,149434
Whitaker Chalk Swindle & Schwartz PLLC,149617
WeDriveU,149664
THE MEDICAL TEAM,149772
"Tyfone, Inc.",149825
Total Safety,149917
"USA Properties Fund, Inc.",149934
VIZIO,150048
TriMark USA,150203
iTech US Inc,150419
Zentech Manufacturing,150489
"Reddit, Inc.",150573
Wood-Mizer LLC,150607
eHire,150772
deugro,150820
"1/ST Technology - Xpressbet and AmTote International",151007
Americo Financial Life and Annuity,151137
American Recruiting & Consulting Group,151199
"361 Services",151257
"3Core Systems, Inc",151258
"Roland Foods, LLC",151315
Arthur | Marshall,151441
Bradford White,151480
Butler/Till,151624
C.C. Creations,151633
AtWork Personnel,151656
Attolon Partners,151755
Cobb,151910
Cobbs Allen,151911
"Cornerstone Staffing Solutions, Inc.",151983
"DDJ Myers, an ALM First Company",152049
Christian Brothers Automotive,152101
COGENT Infotech,152109
"COMPA Industries, Inc.",152111
Carter Machinery,152134
"CompIntelligence, Inc.",152237
Communities In Schools of Central Texas,152243
Compu-Vision Consulting Inc.,152308
FPC of Savannah,152528
FS-ISAC,152531
"Datasoft Technologies, Inc.",152765
Heath Consultants Incorporated,152928
Girl Scouts–Arizona Cactus-Pine Council,152962
"Hire Technologies, Inc.",153026
Voyatek,153070
Hunt Guillot & Associates (HGA),153083
"Galloway, Johnson, Tompkins, Burr & Smith",153225
GeneDx,153258
Frank Mayer - Kiosks and Displays,153262
"Gaylor Electric, Inc.",153293
Hamrick's,153343
Genesis Global Workforce Solutions,153364
LF Driscoll,153456
Left Right,153531
IMCS Group,153617
National Beef Packing Company LLC,154101
MetaExperts™,154217
TPG Hotels and Resorts,154245
Michael Aram,154270
MasterWord,154310
"Ohio Gratings, Inc.",154417
"Polyzen, Inc.",154620
"Würth MRO, Safety, & Metalworking",154700
Seaga,155154
Pro Chem Inc.,155277
TechTalent Squared,155498
Tazmanian Freight Systems,155511
"SKA Consulting Engineers, Inc.",155525
Steel City Media ,155644
Stratacuity: Proven Scientific Placement,155764
Smalley,155824
"That's Good HR, Inc.",155902
THG,155925
"Wharton-Smith, Inc.",156059
Wicker Smith,156075
"Utz Brands, Inc.",156228
Vedasoft Inc,156335
Yeo & Yeo CPAs & Advisors,156391
Wingstop Restaurants Inc.,156440
"Zillion Technologies, Inc.",156470
Logically,156476
ZONIN1821 Group,156559
XPEL,156656
"CIMA ENERGY, LP",156806
United States Air Force,157235
Newell Brands,157237
American Red Cross,157239
Capgemini,157240
Siemens Healthineers,157241
Fandom,157252
Danaher Corporation,157261
First Horizon Bank,157262
Comerica Bank,157303
American Heart Association,157306
Neiman Marcus Group,157312
Princeton University,157313
Randstad Digital Americas,157324
GEICO,157327
T. Rowe Price,157329
Case Western Reserve University,157330
Centers for Disease Control and Prevention,157336
LOFT,157337
The Nature Conservancy,157338
University of Miami,157340
University of Houston,157342
Brown University,157343
Sallie Mae,157345
Eddie Bauer,157346
The Princeton Review,157348
Whole Foods Market,157353
Gameloft,157355
Southern California Edison (SCE),157357
Black & Veatch,157359
GS1 US,162205
"22Squared",162206
"3D Systems Corporation",162213
"3i Infotech Ltd.",162214
AAM - American Axle & Manufacturing,162224
AARP,162230
ABC Technologies,162234
ABM Industries,162238
Abt Global,162241
Acadia Pharmaceuticals Inc.,162243
ACCA,162244
R1 RCM,162255
Ace Hardware Corporation,162258
ADT,162293
Advanced Technology Services (ATS),162301
dentsu,162315
AeroVironment,162322
Air Wisconsin Airlines,162348
Alaska Airlines,162359
Albemarle Corporation,162361
Align,162371
Alliant Energy,162380
Allison Transmission,162383
Amway,162395
Alvarez & Marsal,162399
American Diabetes Association,162418
American Electric Power,162419
American Greetings,162422
American Museum of Natural History,162427
Amherst College,162436
EisnerAmper,162443
Amphenol,162444
Amtrak,162448
Anytime Fitness,162468
Applied Systems,162482
Apria,162486
Argonne National Laboratory,162510
Arnold & Porter,162519
Artech L.L.C.,162528
Artisan Talent,162531
HPE Aruba Networking,162533
Arvest Bank,162536
Ashley Furniture Industries,162547
ASM,162552
ASSA ABLOY Group,162556
Asurion,162563
ASUS,162564
ATF,162570
Bacardi,162616
Banner Bank,162640
Brookwood Baptist Health,162644
Battelle,162650
Baylor College of Medicine,162655
Bayside Solutions,162656
Blue Cross NC,162663
Beazer Homes,162675
Beckman Coulter Diagnostics,162677
Belkin,162683
Galapagos,162714
bioMérieux,162715
Black Box,162723
Husch Blackwell,162725
BlueCross BlueShield of Tennessee,162738
BNSF Railway,162749
BNY Mellon,162750
Bobcat Company,162752
Boise Cascade Company,162755
Bowman and Brooke,162772
Bridgestone Americas,162787
Brooks Automation,162801
Brunel,162807
BSI,162813
Bunge,162828
Bureau Veritas Group,162834
Burger King,162835
"Cadwalader, Wickersham & Taft LLP",162852
Calvin Klein,162866
Campbell,162875
Canada Post / Postes Canada,162881
Cantor Fitzgerald,162889
CarMax,162901
Catalent Pharma Solutions,162912
CHI,162914
CCC Intelligent Solutions,162929
"3Ci",162930
CDM Smith,162940
Celanese,162947
CEM Corporation,162953
Cengage Group,162954
CenterPoint Energy,162961
Northwestern Medicine Central DuPage Hospital,162964
Central Garden & Pet,162965
CGG,162985
CGS (Computer Generated Solutions),162986
C.H. Robinson,162987
CHANEL,162993
Spectrum Reach,162999
Chesterfield County Public Schools,163011
"Chico's FAS, Inc.",163019
Seattle Children's,163020
Chipotle Mexican Grill,163025
CIEE Council on International Educational Exchange,163042
Cincinnati Children's,163049
Cision,163054
Citizens,163062
CITY Furniture,163068
City National Bank,163069
City of Aurora,163071
City of Austin,163072
City of Boston,163075
City of Chicago,163077
City of Hope,163079
City of Mountain View,163082
City of Seattle,163085
Civil Air Patrol,163094
Clariant,163100
Club Med,163115
Coface,163138
Cogent Communications,163139
Colorado State University,163149
COLSA,163151
Columbus,163152
CMC,163161
CommScope,163163
Compassion International,163170
Con Edison,163188
World Market,163224
Costco Wholesale,163225
County of Riverside,163228
Crawford & Company,163248
CRC Insurance Services,163250
Creative Artists Agency,163252
Creative Circle,163253
Credit Acceptance,163255
CRH,163259
CRISIL Limited,163261
Critical Mass,163263
Currie & Brown,163302
DAI,163328
Dartmouth College,163348
Datamatics,163359
DCS Corp,163387
DDI | Development Dimensions International,163390
DLL,163394
Deltek,163414
Dentsply Sirona,163416
DFS Group Limited,163438
DHI Mortgage,163440
Diablo Valley College,163444
Diesel,163452
Dieste Inc.,163453
Domtar,163490
DP World,163494
Drake University,163499
Draper,163500
DTE Energy,163513
Dyno Nobel,163535
Eastman,163547
EBI Consulting,163551
Edwards Lifesciences,163578
Employbridge,163617
EnerSys,163632
Entergy,163640
Enterprise Events Group,163641
Enterprise Products,163643
Entertainment Partners,163644
Epic,163658
EPRI,163662
Equinox,163664
Equity Residential,163667
Ergotron,163672
Essilor Group,163690
ETS,163705
Euronet,163719
Executive Alliance,163741
EXL,163743
Express Employment International,163746
SS&C Eze,163753
FactSet,163755
Family Dollar,163761
FHI 360,163763
Amphenol Communications Solutions,163773
Ferguson ,163787
Ferring Pharmaceuticals,163789
First American Bank,163824
First Citizens Bank,163828
Fisher Phillips,163839
Flint Hills Resources,163846
Florida State University,163849
FLSmidth,163852
Follett Higher Education,163863
Foot Locker,163864
FORUM Credit Union,163878
"Fossil Group, Inc.",163880
Foster Farms,163881
Four Seasons Hotels and Resorts,163883
Fox News Media,163884
Fox Television Stations,163885
Fried Frank,163901
Bel,163905
Frontier Internet,163906
Frost Brown Todd,163907
Future,163920
Grey,163929
Geron Corporation,163982
GLG,163983
Gilbarco Veeder-Root,163991
Gilead Sciences,163993
Global Payments Inc.,164006
GlobalLogic,164008
Glocap,164009
Golin,164024
Gordon College,164026
Graybar,164041
Great American Insurance Group,164044
Radial Inc.,164075
Guardian Life,164085
"GUESS?, Inc.",164086
Gwinnett County Public Schools,164098
"Hanger, Inc.",164113
Harley-Davidson Motor Company,164123
HarperCollins Publishers,164124
BMO U.S.,164126
Harvey Nash,164131
Havas Media Network,164133
Haworth,164136
HD Supply,164150
HDR,164152
Health First,164153
HealthPartners,164156
Heartland Alliance,164158
H-E-B,164159
Janus Henderson Investors,164171
"Henkels & McCoy, Inc.",164172
Henry Schein,164175
Herman Miller,164178
Hexaware Technologies,164182
Hines,164195
Kraft Heinz,164197
Hobby Lobby,164200
Holy Cross Health,164207
Houlihan Lokey,164223
HP Hood LLC,164228
HSN,164234
Huntington Learning Center,164244
Huntington National Bank,164245
"Hy-Vee, Inc.",164249
ICBC (Insurance Corporation of British Columbia),164266
Impetus,164331
Independence Blue Cross,164336
Infinera,164346
Informa,164356
Cyient,164361
Initiative,164372
Innova Solutions,164376
Inter-American Development Bank,164401
Intermountain Health,164414
International Monetary Fund,164420
Internet Brands,164423
UnityPoint Health,164451
Iowa State University,164452
Jack in the Box,164516
Jack Morton Worldwide,164517
Jackson,164518
Jazz Pharmaceuticals,164525
"J.B. Hunt Transport Services, Inc.",164527
JetBlue,164535
JOANN Stores,164543
Wiley,164549
JdV by Hyatt,164552
K&L Gates,164569
Kaiser Aluminum,164571
Keenan,164585
Kennametal,164590
Kinetics,164603
King Soopers/City Market,164606
Brooklyn District Attorney's Office,164608
Koch Industries,164621
Kroll,164639
Labcorp,164664
Lacoste,164666
LANXESS,164682
Lawson Products,164692
LegalZoom,164705
Lennar,164711
LEO Pharma,164713
Library of Congress,164728
Life Fitness,164731
LMI,164754
Loblaw Companies Limited,164756
Lorien,164766
Los Angeles County Museum of Art (LACMA),164767
Lowe,164774
Loyola Marymount University,164775
M&T Bank,164798
Madison Square Garden Entertainment Corp.,164808
MAHLE,164820
Maimonides Medical Center,164821
Mastek,164825
Major League Baseball (MLB),164826
Major League Soccer,164827
MANGO,164834
Maricopa County,164848
Martin Marietta,164860
Mattress Firm,164876
Maxim Healthcare Staffing,164880
Maximus,164881
MBTA,164885
McCormick & Company,164888
McDermott Will & Emery,164889
McGuireWoods LLP,164891
McKinney,164894
Mecklenburg County,164906
Spark Foundry,164920
Medical University of South Carolina,164921
MEDITECH,164923
MedQuest,164924
MedStar Health,164926
Mercedes-Benz USA,164934
Mercy Corps,164936
Meritage Homes,164940
Merkley + Partners,164941
Mesirow,164945
Metro Nashville Public Schools,164956
Team One,166277
"The MetroHealth System (Cleveland, OH)",164957
MetroPlusHealth,164959
Michael Baker International,164971
Michael Best & Friedrich LLP,164972
Millennium,164987
MilliporeSigma,164988
Milwaukee Tool,164989
MindSource,164992
Mitchell International,165006
Mohawk Industries,165022
Molex,165024
Mölnlycke Health Care,165025
Montefiore Health System,165029
Moody's Corporation,165033
Moog Inc.,165034
MRINetwork,165053
MSX International,165062
MullenLowe U.S.,165069
Mutual of Omaha,165078
Hyster-Yale Group,165085
National Association of Insurance Commissioners (NAIC),165087
NOV,165109
National Park Service,165110
NRCC,165112
Navisite,165123
Nelnet,165137
Nestlé Nespresso SA,165145
Netflix,165158
NetJets,165160
Neuberger Berman,165170
Nixon Peabody LLP,165197
Noblis,165207
Northern Arizona University,165218
Northwestern Memorial Hospital,165221
Norwegian Cruise Line Holdings Ltd.,165222
Curinos,165229
NSK,165246
NTS - National Technical Systems,165251
Nucor Corporation,165257
Ocado Group,165276
Occidental College,165279
Oerlikon,165286
Ogletree Deakins,165290
Oregon Health & Science University,165292
Old National Bank,165294
Old Navy,165295
Olympus Corporation of the Americas,165299
Omni Hotels & Resorts,165302
Omnicell,165303
onsemi,165308
Oral Roberts University,165330
Oregon State University,165337
Organogenesis,165340
Orlando Sentinel,165349
Oshkosh Corporation,165353
Oswald Companies,165359
Oxy,165370
PACCAR,165374
Pacific Life,165380
PacifiCorp,165381
Partners Group,165401
Pasadena City College,165404
Packaging Corporation of America,165416
PeaceHealth,165422
PEAK Technical Staffing USA,165423
Pegasystems,165426
Pentair,165430
Perdue Farms,165441
Perfetti Van Melle,165443
Perficient,165444
Perrigo Company plc,165447
Phoenix Children's,165461
Photon,165464
Pilot Flying J,165472
Point B,165506
Premier Research,165536
Project HOPE,165557
Providence Health & Services,165568
"Berkshire Hathaway HomeServices Fox & Roach, Realtors",165582
PSEG,165586
Public Health Institute,165594
"Pyramid Consulting, Inc",165602
QBE Insurance,165607
QTS Data Centers,165621
Quill,165629
R Systems,165636
Raley's,165647
Rambus,165648
Ramboll,165649
RAND,165654
Rasmussen University,165661
RCG Global Services,165667
Red Bull,165686
REI,165697
Repsol,165707
Resource Solutions,165722
RH,165725
ResultsCX,165726
Revlon,165730
Richmond American Homes,165735
RiverPoint Group,165747
Reynolds American Inc.,165749
Bosch USA,165755
Robert Walters,165757
Roush,165775
RPA,165782
RS&H,165784
SABIC,165806
Samsonite,165833
SanMar,165845
Santa Clara University,165847
SCAN,165862
Schneider,165873
Service Corporation International,165876
Sedgwick,165908
Sleep Number Corporation,165914
Seneca Family of Agencies,165920
SER Group,165923
ServiceMaster,165924
Servier,165926
Sharp HealthCare,165938
Memphis-Shelby County Schools,165942
Sherwin-Williams,165944
Shutterfly,165949
Sidley Austin LLP,165957
"Susquehanna International Group, LLP (SIG)",165964
Sika,165970
Silicon Labs,165971
Simon Property Group,165978
"Skyworks Solutions, Inc.",165998
Slalom,166000
SMUD,166014
Softchoice,166030
SolarWinds,166039
Sotheby's International Realty,166057
South University,166065
Southern New Hampshire University,166068
Spacelabs Healthcare,166075
C1,166076
SpartanNash,166079
Specialized Bicycle Components,166083
SQA Group,166100
Staffing Technologies,166124
SP+ (SP Plus),166127
Star Tribune,166130
Station Casinos,166147
Steelcase,166153
Stinson LLP,166161
Suffolk Construction,166186
Sulzer,166189
Suncorp Group,166197
Superior Essex,166204
Sutter Health,166209
Swedish,166212
DePuy Synthes,166224
Syracuse University,166228
TAG Heuer,166241
Tatum by Randstad,166264
Telco Systems | Edgility,166299
Tencent,166328
Tenneco,166331
Texas Christian University,166338
The Beck Group,166352
Children's Hospital of Philadelphia,166358
The Clorox Company,166360
The College Board,166361
CSI Companies,166364
The Franklin Institute,166372
Gallup,166373
The Guidance Center,166376
The Hershey Company,166377
Mosaic,166386
Nebraska Medicine,166388
North Highland,166391
The Recording Academy,166400
The Warren Group,166422
The Washington Post,166423
The World Bank,166426
Randstad Engineering US,166430
Thompson Coburn LLP,166436
Thresholds,166439
thyssenkrupp,166442
Tiffany & Co.,166448
Tokyo Electron US,166470
Toll Brothers,166471
Transamerica,166486
Transwestern,166491
LandCare LLC,166512
Tucows,166530
Tucson Medical Center,166531
Tucson Unified School District (TUSD1.org),166541
Tyson Foods,166551
Ulta Beauty,166572
Ultra Clean Technology,166575
Ultra Electronics Group,166576
University of North Carolina at Charlotte,166586
UNC Health,166587
United States Holocaust Memorial Museum,166607
"United Supermarkets, LLC",166608
Universal Orlando Resort,166612
University of Central Florida,166632
The University of Kansas,166643
"University of Nevada, Reno",166657
University of Notre Dame,166658
University of Oklahoma,166659
University of South Florida,166671
University of St. Thomas,166674
The University of Texas at Arlington,166680
Unum,166707
US Foods,166714
The US Oncology Network,166716
U.S. Small Business Administration,166720
USI Insurance Services,166732
The University of Texas Medical Branch,166739
Valley Medical Center,166751
"Valmont Industries, Inc.",166753
Vanderlande,166766
Vans,166767
VCU Health,166772
Virginia Department of Transportation,166774
Transdev North America,166786
"Vizient, Inc",166796
VITAS Healthcare,166821
Volt,166839
Von Maur,166840
WE Communications,166860
Washington State University,166875
Wasserman,166877
Waters Corporation,166880
Weatherford,166897
Wegmans Food Markets,166905
The Wendy's Company,166912
Western Asset Management,166918
Westinghouse Electric Company,166921
William Blair,166939
Wilmington Trust,166943
Wilson Sonsini Goodrich & Rosati,166944
Washington Metropolitan Area Transit Authority (WMATA),166958
Woolpert,166967
Worldwide Express,166977
W. R. Grace,166979
Andersen,166985
Xoriant,166996
Young Living Essential Oils,167013
Zebra Technologies,167024
Zenith,167027
Crunchyroll,167212
Dropbox,167251
The E.W. Scripps Company,167254
GumGum,167379
PubMatic,167624
Smartsheet,167700
The Job Network,167757
Applause,167798
Zocdoc,167902
Zynga,167907
IMC Trading,200030
Safety National,200365
EXPRESS,200465
The Manitowoc Company,200589
Cerebra Consulting Inc,200685
Envision Healthcare,200715
Advance Partners,200972
Visionary Integration Professionals (VIP),201227
The UPS Store,201257
Backcountry,201258
Promethean,201287
HTC Global Services,201351
New Haven Residential Treatment Center,201524
"Brock & Company, Inc.",201662
"Custom Business Solutions, Inc.",201664
Renewal by Andersen,201778
"Reliance One, Inc.",202081
Rosenboom Machine & Tool,202287
Syblon Reid,202294
Zifo,202484
DMS Health Technologies,202528
"Luckey's Management, Inc.",202529
KBW Financial Staffing & Recruiting,202625
Centennial Talent Strategy & Executive Search,202694
NES Fircroft,202782
"Freed Maxick CPAs, P.C.",202846
Alexander Technology Group,202944
Royal Cyber Inc.,202963
Rogers Corporation,203053
Simeio,203075
"Placers Professional, a division of Placers",203204
"myHR Partner, Inc.",203227
IS&T IT Services,203274
Daniels Health,203391
Sita Corp,203479
Sigmaways Inc,203731
Greene Tweed,203942
Franklin Energy,204219
eGrove Systems,204243
Louisiana-Pacific Corporation,204367
Hogarth,204445
Click Bond,204455
Tri-Starr Talent,204715
Agiloft,204766
WM,204770
thelab,204802
Helen Woodward Animal Center,205018
"Logistic Services International, Inc.",205110
Oregon Environmental Council,205278
Vital Design,205289
CAMRIS,205431
PFF,2992703
EMERGING BLUE,205619
New Jersey Resources,205651
Nigel Frank International,205918
Trupanion,206006
ATS Global,206040
LANSA,206121
The Aerospace Corporation,206226
Allied Personnel Services,206250
Associations International,206498
ExtraHop,206637
Blue Cross and Blue Shield of Minnesota,206706
Source Financial Staffing,206799
Visionaire Partners,206800
The Carlisle Group (TCG),206944
AAR,207350
RAPP,207539
VALERE,207570
Markon,207590
Info Services,207595
Trillium Staffing Solutions,207927
Atlanta Fine Homes Sotheby's International Realty,207939
Amazon Lab126,208137
IC Resources,208224
FPT Software,208401
Cardlytics,208544
Crawford Thomas Recruiting,209004
Fusion92,209086
Level Studios,209147
AKF Group,209180
Dime Community Bank,209424
"Gurian CPA, PLLC",209468
The Mosaic Company,209610
Genpact,210064
Le Labo Fragrances,210177
North Pacific Management Inc.,210372
NRG Media,210662
National University,210965
"Pareto Solutions Group, Inc.",211129
Dairy Farmers of America,211152
New York State Office of Mental Health,211153
Teachers Federal Credit Union,211166
HealthONE,211251
ForeFront ☁,211281
Cinco Design,211315
Tealium,211380
PHD,211857
DLR Group,211981
Oliver James,212201
Tektree Systems,212259
Noblesoft Solutions,212405
Fern Expo,212478
ACU-Serve Corp.,212571
Fingerpaint Group,213096
IDOM USA,213427
Garrison,213536
Da-Com Corporation,213550
EagleView,213642
AVI-SPL,213743
FPC - FORTUNE PERSONNEL CONSULTANTS (Orlando Office),213746
ASAP Staffing Services,213873
Aras Corporation,213890
"Galileo Search, LLC",214089
Equity Trust Company,214121
ISPE,214189
WSECU,214212
The Hollister Group,214286
MTS Systems Corporation,214560
Evonik,214756
Cyara,214795
Compassus,214960
Ubique Group,215004
Samaritas,215243
Clayens US,215423
Onward Search,215561
UNLEADED,215645
Byrne,215656
"S. W. Cole Engineering, Inc.",215891
Mountain West Bank,215929
The University of Texas Health Science Center at Houston (UTHealth Houston),215953
"CDS Global, Inc.",216581
West Central Initiative,216594
Adaptive Business Group,216716
"iQuasar, LLC",216780
NELSON Worldwide,216789
"GVA Lighting, Inc.",216922
SANY America,216929
R&D Partners,217032
Terumo Blood and Cell Technologies,217145
Ampcus Inc,217273
"Comprehensive Logistics Co., Inc.",217338
Conco Services LLC,217372
The Essex Resort & Spa,217526
DONAN,217947
Olathe Health,217994
Great Hearts Academies,218019
Impact Advisors,218097
"OpticsPlanet, Inc.",218101
Ozarks Technical Community College,218367
Business Knowledge Services,218487
Slickdeals,219120
PrimeWay Federal Credit Union,219477
JBA International,219642
Metropolitan Council of the Twin Cities,219963
Kendra Scott,220139
Hyatt Hotels Corporation,220336
Nissan Motor Corporation,221027
PINPOINT Resource Group,221050
TRG Screen,221162
CSOFT International,221360
ActiveCampaign,221390
Contract Land Staff,221519
FirstBank,221810
"Ashley Ellis, Inc",221815
T-ROC - The Revenue Optimization Companies,221915
SF Bay Goodwill,221940
Quest Global,222111
"Kwik Trip, Inc.",222322
"Austin Industrial, Inc.",222423
The Geneva Foundation,222474
Averro,222632
Buyers Support Group,222708
American Water Works Association,222879
Roadtrip Nation,222975
SCN - Search Consulting Network,223003
Hutchinson Consulting,223399
Surf Internet,223479
MatchPoint,223659
Communication Technology Services (CTS),223873
"Fanning Personnel, a Division of Masis Staffing Solutions",223957
"Accredo Packaging, Inc.",223964
Modis,224006
Clarity Recruiting,224075
IT Resources,224130
Albert A. Webb Associates (WEBB),224173
Alta Equipment Company,224457
INNOVIM,224500
"Enviroplex, Inc.",224782
Saxon AI,224935
Progressive Recruitment,225056
EverStaff,225063
"DSS, Inc.",225069
USDA-FSIS,225343
Muscular Dystrophy Association,225521
Huge,225538
"Astir IT Solutions, Inc.",225796
LeaderStat,225833
CGI Digital,225920
Midwest Construction Partners,225930
"Zeiders Enterprises, Inc.",225942
"GHX Industrial, LLC",225982
Renew Financial,226362
Amazech Solutions,226418
Escuela Bilingüe Internacional,226511
BravoTECH,226898
Net2Source Inc.,226965
DMSi Software,227013
Petroplan,227268
Austin Fraser,227611
Churchill Downs Incorporated,227878
"Stange Law Firm, PC",227940
Aldebaran Recruiting,227942
"STAFF ICONS, LLC",228011
Omni Air International (OAI),228052
Quint,228068
Patrice and Associates Franchising Inc,228071
M-D Building Products,228144
Harlem Village Academies,228641
Proclinical Staffing,228650
"Synergy Business Consulting, Inc.",228790
"Synergy Consulting Group, Inc.",228791
iCST,229396
"InSource, Inc",229432
Cloudera,229433
Shift Digital,229538
Worldwide Clinical Trials,229786
The Health Management Academy,229790
State of Arkansas,229869
Zuora,229978
"Daybreak Foods, Inc.",229991
Mission Essential,230014
Ascentt,230220
Guardian Industries,230282
Clear Thought Solutions LLC,230641
Hardboot Inc. | Fractional Resources,230813
Nyrstar,230920
"Haskel Thompson & Associates, LLC - Executive Recruiters",231085
MJ Morgan Group,231127
Federal Reserve Bank of Minneapolis,231383
Freeport LNG,231681
AppleTree Early Learning Public Charter School,231715
Elk Petroleum,231758
Arizona Public Service - APS,231810
Pandora,232381
Brewer Morris,232394
Innovation Event Management,232520
VT Group (VTG),232557
Interstate Equities Corporation,232646
Businessolver,232793
San Francisco Bay University,232915
CB&I,233024
Computech Corporation,233054
Jones Networking,233259
Baringa,233894
Gainor Staffing,233922
Shrader Tire & Oil,233954
Hospice of the Western Reserve,233972
Amoria Bond,234269
Canonical,234280
Zscaler,234625
TuscoMFG,234658
Health Dimensions Group,234683
King Estate Winery,234717
"911 Restoration - The Fresh Start Company",234772
TASC (Total Administrative Services Corporation),234790
"CALIBRE Systems, Inc.",235154
"CAMP Systems International, Inc.",235327
Accolite,235348
Epicosity,235456
Hyundai Motor America,235938
"Charles F. Day & Associates, LLC",235945
F2Onsite,235984
SMC Ltd,236048
POLARGY,236155
"Emery Sapp & Sons, Inc.",236259
Veeam Software,236413
Rails to Trails Conservancy,236502
Pioneers Medical Center,236516
Consumer Edge,236535
"Ceres, Inc.",236658
Vectorworks,236688
Evans Distribution Systems,236801
Mainsail Lodging & Development,237482
Iris Software Inc.,237658
OnTrac,237791
"Yamaha Motor Corporation, USA",237925
CROFT & Associates,237939
"Re:Build Optimation Technology, LLC",237948
TurningPoint: Executive Search & Human Resources Solutions,237961
GQR,237976
Ariston Group,238664
Brooklyn Film Festival,238862
Fishbowl Solutions,239024
CSI DMC,239222
PBS,239252
OneAPPS Consulting,239533
Ambius,239674
Skidmore Studio,239755
Florida Blue,239879
EVS Broadcast Equipment,239891
Machine Solutions Inc.,239993
ReliaQuest,240158
GCI Communication Corp.,240179
Excelon Associates Recruitment,240411
Affion Public,240486
NetBrain Technologies Inc.,240588
J. Kent Staffing,240880
Multivista,240963
SRG,241214
FSA,241280
GlobalFoundries,241309
AgCareers.com,241408
Hyde Engineering + Consulting,241762
"Wall, Einhorn & Chernitzer, P.C.",241994
IPC,242157
SECU Credit Union,242227
Enterprise Solutions Inc.,242230
"Town of Gray, Maine",242349
Optime-Tech LLC,242538
QS Quacquarelli Symonds,243103
AFL,243288
Global Executive Solutions Group,243302
JCW,243711
Moffitt Cancer Center,243764
Mountain Land Physical Therapy,243858
"Core Techs, Inc",244455
TekniPlex,245148
Strategic Solutions Group (SSG),245219
Thoughtwave Software and Solutions,245238
Marni,245310
Los Angeles Metro,245312
"RealTruck, Inc.",245360
"Hearth, Inc.",245393
Understanding Recruitment,246085
Glenn Burdette,246210
Aureus Medical Group,246435
Midland States Bank,246750
CivicPlus,246768
JBL Resources,246904
"Morgan & Morgan, P.A.",247413
"Trilogy Health Services, LLC",247447
HBKS Wealth Advisors,247790
Creative Financial Staffing (CFS),248184
Convatec,248354
Maggy London Group,248371
G&S Business Communications,248494
"Reinsurance Group of America, Incorporated",248599
Agilex Fragrances,248754
Sun Country Builders,249012
WideNet Consulting Group,249216
VertexOne,249309
Proven Recruiting,249657
BioAgilytix,249673
Lantheus,249830
"Prosoft, IT Staffing and Consulting",249869
Aegis Worldwide,250099
Distinguished Programs,250138
PSI Services LLC,250164
Inmar Intelligence,250200
Total Facility Solutions,250278
"ACCENT DECOR, Inc.",250592
Balchem Corporation,250671
Grid Dynamics,250774
Sabre Systems Inc.,250820
GHG Corporation,250834
WuXi AppTec,251028
Accuro,251336
Life Search Technologies,251337
Espire Infolabs,251539
Shipley Do-Nuts,251970
ICE,252398
Resolute Forest Products,252526
Valero,252536
Fabick Cat,252938
POOLCORP,253213
Avaap,253661
Blue Cross Blue Shield of North Dakota,253815
Kessler Institute for Rehabilitation,253818
Yos Technologies Private Limited,253964
Springs Window Fashions,254060
Kivu Consulting Inc,254088
RMI,254618
i-Pharm Consulting,254644
AFFLINK | A PFG Company,254923
Florida Department of Children and Families,254995
Tracker,255252
"TTL, Inc.",255522
Community College of Rhode Island,255739
Clark Schaefer Strategic HR,256109
Elmhurst District 205 Public Schools,256227
SiriusXM,256744
STRIKE,256819
ST Engineering - Mobile Aerospace Engineering (MAE),257261
TSP,258149
Henkel,258644
China Institute in America,259108
Momentum for Health,259411
NuAxis Innovations,259492
"IDR, Inc.",259589
"Triad Financial Services, Inc.",259745
"Cascade Engineering Services, Inc.",259864
MANN+HUMMEL,259898
Synergis,260295
The American Speech-Language-Hearing Association (ASHA),260303
"RSM Solutions, Inc",260348
Worldpay,260387
"Technology Security Associates, Inc - A wholly-owned subsidiary of JHNA",260514
AST LLC,260601
Park City Municipal Corporation,260775
FPC of Atlanta,260781
Abacus Service Corporation,260986
Soccer Shots Franchising,261023
Merlin Entertainments,261456
IntraEdge,261562
Software Technology Group,261749
WorldLink US,261933
Barrett-Jackson Auction Company,262098
IPL North America,262254
BW Integrated Systems,262750
Hotwire Communications Ltd,262802
Barrister Global Services Network,263278
University Health KC,263549
"Garcia Legal Search, LLC",263824
GableGotwals,263996
Sensis,264125
Front Porch Communities & Services,264216
Foursquare,264317
Dixie Plywood & Lumber Company,264774
Habitat for Humanity-Spokane,264799
Biz2Credit,265111
LRS Federal LLC,265120
JP Cullen,265146
Caring,265272
ECS,265294
"Rely Services, Inc.",265310
Squarespace,265314
SchoolsFirst Federal Credit Union,265611
Trinity Health,265869
The Chicago Hire Company,266094
On-Demand Group,266132
National Pump Company,266267
Austin Allen Company - Professional Recruitment,266375
Avantus,266393
KI,266421
"i-Tech Support, Inc.",266461
"Alltech International, Inc.",266465
Toyota Material Handling,266626
Channing House,266635
Dayton Children's Hospital,266710
Public Health Solutions,267137
Executive Leadership Solutions,267217
Skeletal Dynamics,267294
TriStarr ,267379
"ActiveSoft, Inc",267430
"Pasona N A, Inc.",267528
Barry-Wehmiller,268072
The Alliance,268271
ROCS Grad Staffing,268278
Neumeric Technologies Corp,268355
JSI,268974
NextEra Energy Resources,269397
Bullis School,269420
"Radian Research, Inc.",269609
Emergent Holdings,269613
Kratos Defense and Security Solutions,269675
"Morales Group, Inc",269702
TrainingPros,270020
VMS BioMarketing,270028
ASB Bank,270126
VIP,270216
PTS Advance,270401
"Career Transitions, LLC",271038
Lewis Brisbois,271171
Checkpoint Systems,271541
"Mueller, Inc.",271552
Ascend Technologies,271750
JEGS Performance,272414
Rick McGill's Airport Toyota,272484
Acuity Insurance,272517
"Quik-Kill Pest Eliminators, Inc.",272529
InMobi,272972
Olympic Medical Center,273698
L+M Development Partners LLC,273755
Tennessee Housing Development Agency,273852
The Denzel Group,273882
R. C. Stevens Construction Company,274539
Blayze Group,274603
Robert A. Bothman Construction,274847
Bigtincan,275237
Linda Gaunt Communications,276308
New York State Department of Health,276385
FMS,276497
DeWinter Group,276872
Client Savvy,276920
Vertex Inc.,276981
A.P.C.,277338
Innova Solutions International,277459
ABB,277579
Action Group Staffing,277905
"Crown Linen, LLC",277922
FitzMark,277986
JorgensenHR,277990
Arch Capital Services LLC,278057
Torc Robotics,278203
MBS Professional Staffing,278243
"City of Rochester, MN",278332
Ohio Department of Rehabilitation and Correction (ODRC),278713
Spirax Group,278848
Little River Casino Resort,278965
Empire State Development,279205
Intelligize,279407
"Verify, Inc.",279535
Genex Services,279556
Adyen,279565
Strava,279570
"Resolution Technologies, Inc.",279728
True Talent Group,279753
Maintec Technologies - USA,279924
Harnham,280603
Fraser,280666
New York Air Brake,280699
IDEX Consulting Ltd,280961
NPAworldwide,281315
Plastic Executive Recruiters,281351
Empire Education Group,281580
Brink’s Inc,281590
Anchor QEA,281622
Bunting,281662
Innovative Outsourcing,281666
Comcentia,281801
Darigold,281848
RecDesk Software,282139
InfoVision Inc.,282692
The Bluestone Group,283209
Surya,283252
R.H. Sheppard Co. Inc.,283314
Marchon Partners,283515
"NEP Group, Inc.",283560
NetSPI,283714
FirstService Residential Florida,283807
Clyde & Co,284053
Conrad's Tire Express and Total Car Care,284165
"SEACON Engineering Associates, Inc. ",284483
"Synergy Enterprises, Inc.",284509
"Miron Construction Co., Inc.",284608
NAMSA,284713
HSI,285201
Conner Strong & Buckelew,285628
VOYIG,285650
Highland Consulting Group,285718
Hanes Geo Components,285904
Mission Produce Inc.,285983
GetInsured,286115
United Federal Credit Union,286306
IQ-EQ,286379
Mayo Aviation,286607
MobilityWare,286730
Berkeley Student Cooperative,286953
GreenRubino,287061
New Home Star,287076
Advanced Engineering Services,287132
The Brooks Group,287570
Morton's The Steakhouse,287711
"Sysmex America, Inc.",287724
Banc Card of America,287777
"ENSCO, Inc.",287821
TYGES MFG,287824
"City of Cedar City, UT",287899
SA Technologies Inc.,288047
Collibra,288365
Greenphire,288385
NMG Aerospace,288566
SIG Group,288851
Southeastern Theatre Conference (SETC),289513
PFP Services,289726
Envision Healthcare At Home,289869
"Pyramid Consulting Group, LLC",290010
UCC Environmental ,290493
Insituform Technologies,290512
Henderson Engineers,290678
Apex Contracting & Restoration,291014
U-Haul,291044
Elevation Marketing,291168
Grace Technologies,291182
Würth Baer Supply Company,291263
Iron Hill Brewery,291954
HealthDrive Corporation,292040
BALANI Custom Clothiers,292107
Community Health Centers,292283
Cross Country Nurses,292287
M9 Solutions,292978
Swanson Health,293088
Pacific Dental Services,293541
Medicilon Inc.,293659
Thaddeus Stevens College of Technology,293905
Foxit,294095
eLocal,294101
Tekshapers,294125
BeyondTrust,294396
Urenco USA,294483
Spectrum Staffing Services/HRStaffers Inc.,294502
Dwyer Instruments,294810
ETE REMAN,295538
"FreshPoint, Inc.",295604
Bell Partners Inc,295644
CareLink Community Support Services,296008
Blue Cross Blue Shield Association,296073
"ARMADA, Ltd.",296125
Golden Valley Health Centers,296148
Forrest T. Jones & Company,296193
Otsuka Pharmaceutical Companies (U.S.),296229
Life360,296407
Nuvento Inc,297406
Dugan & Meyers,297457
Protolabs,297505
American Traveler,297607
"Solo Printing, LLC ",297621
"Credence Management Solutions, LLC",298270
MAP Staffing Solutions Group,298313
Roth Staffing,298409
CetraRuddy Architecture,298669
GenScript,298797
Northeast Rehabilitation Hospital Network,299295
Masiello Employment Services - A Leddy Group Company,299305
Blanchard Valley Health System,299338
Pinnacle,299386
SIS International Research & Strategy Consulting,299669
Orion Innovation,299849
Ria Money Transfer,299938
Summit Fire Protection,300543
Agrace,300828
Pediatric Therapeutic Services,300890
EPIC Insurance Brokers & Consultants,300904
"FUJIFILM Cellular Dynamics, Inc",301071
"Contract Lumber, Inc.",301142
New York State Assembly,301215
Farm Credit Mid-America,301305
Hudson Advisors L.P.,301408
NordicClick,301477
Arthur Lawrence,302387
KBC A Yokogawa Company,302489
Zamias Services Inc,302759
Jewel-Osco,302777
"Library Systems & Services, LLC",302991
The Mike's Hard Lemonade Company,303109
Hoffmaster,303602
Talent Works,303611
Valet Living,303615
Camgian,303647
Raffetto Herman Strategic Communications,304021
General Atomics Aeronautical Systems,304051
Vestar,304056
Pacific Rim Mechanical,304182
Protection Strategies Incorporated,304390
Dreisilker Electric Motors Inc.,304447
MAC Incorporated,304493
Triune Infomatics Inc,304782
Aryaka,304863
ETG,305063
Schaeffler,305287
Martin Aquatic Design & Engineering,305322
Walden Behavioral Care,305697
Amphenol RF,305763
Arjo,305895
Bragg Companies,305914
Moody's,306019
NORMA Group,306049
Saatchi & Saatchi Wellness,306072
CommuniCare Health Services,306375
Farmacias del Ahorro,306618
TruStone Financial Credit Union,306862
INNOCEAN USA,307079
CN,307460
"Securitas Security Services USA, Inc.",307494
Compass Group USA,307513
Crown House Technologies,307537
Itaú USA,307553
Onco360 Oncology Pharmacy,307610
"Noise Consulting Group, Inc.",307706
John Richard,307726
Canadian Solar Inc.,307886
"Klingner & Associates, PC",307908
Norwegian Refugee Council,307965
Cordia Resources by Cherry Bekaert,308135
JDR Cable Systems,308648
DeBellis Catherine & Morreale - Corporate Staffing,309222
"Akvelon, Inc.",309542
Pressley Ridge,309688
Airbnb,309694
Rangam,310015
Galen College of Nursing,310019
Synergy Systems,310250
Wheeling Hospital,310756
Automationtechies,311205
Planned Companies,311464
SpiriTrust Lutheran®,311496
Unity Health,311559
Mayer,311631
Interpower Induction,311690
Turning Point for God,311743
Legal Aid Services Of Oregon,311752
Exo,311792
Austin Regional Clinic: ARC,311807
enableIT,311835
SCA Health,311841
Sofomation,312058
JoVE,312490
Sportradar,312538
Acronym,313195
Versapay,313431
Mosaic North America,313622
Qualtrics,314350
"S. L. King & Associates, Inc.",315794
Republic Services,315817
The Kubala Washatko Architects,316059
ThredUp,316197
All Lines Technology,316247
BenchMark Physical Therapy,316370
Planet Forward,316458
American Red Cross Eastern New York Region,316602
The Arbinger Institute,316675
Integrity Consulting LLC,316972
Capstone Search Group,317393
Streamline Defense,318294
Cyberwoven,318323
Frankenmuth Insurance,318375
Advanced Clinical,318540
"Miller Klein Group, LLC",318696
Netzel Grigsby Associates,318711
Gestamp,318785
ARC Document Solutions,318884
Olink Proteomics,318949
Moyer Indoor | Outdoor,319107
"Dayton T. Brown, Inc.",319194
Waterford School,319210
Houston Christian High School,319328
"DatamanUSA, LLC",320132
Carnegie Consulting,320311
Santander Consumer USA,321076
"Visium Resources, Inc.",321125
Women's Business Council - Southwest,321428
Mirabella Seattle,321618
NewGen Business Solutions: NetSuite ERP Consultants and Event Technology Specialists,321712
JRM Construction Management,321795
Watts Water Technologies,321986
Telna,322028
AOTI,322686
Valcor Engineering Corporation,322769
Heil Environmental,323091
"Extension, Inc",323214
System One,323296
Datavail,323777
"Civil Solutions Group, Inc.",323799
RI International,324222
NAVY EXCHANGE SERVICE COMMAND (NEXCOM),324276
Buckeye Power Sales,324410
Elanco,324604
SimonMed Imaging,324747
"WSS / Eurostar, Inc.",325397
Marketech International Corporation,325452
Prime Time Party and Event Rental,326218
"Havis, Inc.",326284
"Captive Resources, LLC",326442
Nina McLemore,326835
Convergence Networks,326987
IEA Inc.,327058
Rochester Precision Optics,327271
Appalachian Voices,327316
City of La Porte,327332
Laguna Cliffs Marriott Resort & Spa,327471
Ted Pella Inc.,327505
STGi,327508
Hearthside Food Solutions,327513
"Carrington Holding Company, LLC",327639
Eventus Solutions Group,327706
"First Rate, Inc",327838
University of the People,328489
Valdese Weavers,328568
Briohn Building Corporation,328665
Heliox,328766
Unified Life Insurance Company,328880
American Emergency Vehicles (AEV),329091
JUSTIN Vineyards & Winery,329175
NAI James E. Hanson,329724
Taghleef Industries,329835
Maxcess,331132
"Riverside Mfg., LLC",331147
New Process Steel,331302
Greensboro Chamber of Commerce,331348
Eva's Village,331355
NJ Department of Environmental Protection,331470
North Shore Steel,331482
Selsoft Inc,331504
Ztek Consulting,331509
ELM Companies,331887
Sedaa Corp,331961
"Infomatics, Inc",332139
Knapp Medical Center,332184
"LifeShare Network, Inc.",332255
Ziosk,332342
GCB Services,332372
Carlisle Interconnect Technologies,332596
The Difference Card,333392
Downing ,333426
Akron-Canton Airport (CAK),333636
Aquarius Professional Staffing,333785
LACO Technologies,333918
TLC Engineering Solutions,333988
Great Expressions Dental Centers,334135
Global Elite Group,334414
"Pacira BioSciences, Inc.",334460
Technology Ventures,334506
IFG - International Financial Group,334654
Projectmates by Systemates Inc.,334661
Empyrean,334738
Community State Bank (WI),334840
"5.11 Tactical",335297
Whisker,335660
Austin Pets Alive!,335790
Stengel Hill Architecture,335966
Advantis Global is becoming INSPYR Solutions,336165
ExtensisHR,336219
Lochmueller Group,336225
Concordia Plans,336257
Lawson,336338
Fluke Corporation,336380
MMC Group LP,337132
Everest Clinical Research,337453
LMI Packaging,339022
Atlantic Council,339105
Zeneth Technology Partners,339563
Kiddie Academy,339731
"Goodwill Industries of Southeastern Wisconsin, Inc.",340062
Guardian Access Solutions,340377
Delaget,340588
Space Coast Credit Union,341447
Tennessee Board of Regents (TBR),342372
ACCESS - Arab Community Center for Economic and Social Services,342460
Town & Gardens Ltd.,342487
"Novatio Engineering, Inc.",342597
Envisionit,342684
Loyalty360,342743
First Foundation Inc.,342803
Kendall Electric,343015
United Global Technologies,343135
Holmes Murphy,343257
Valco Melton,343264
The Dog Stop,343393
"MOGAS Industries, Inc.",343481
Globe 24-7,343654
CCS Global Tech,344299
Ehrlich Pest Control,344685
Lush Fresh Handmade Cosmetics North America,344707
THAT Agency,344868
Private Consultancy,344890
"The Land Group, Inc.",344962
Pet Supplies Plus,345295
Architessa,345348
Quadrant Technologies,345564
Lightcast,345589
Nice North America,346403
NELSON + POPE,346496
New Mexico Gas Company,346543
"Patrick Industries, Inc.",346641
RK&K,346691
PrismHR,346779
Brothers Smith LLP,347061
PhiloWilke Partnership,347401
"Nexstar Media Group, Inc.",347410
"Prudent Technologies and Consulting, Inc.",347466
Recruiting Solution Incorporated,347579
"TotalMed, Inc.",347685
Generali Global Assistance | Travel Insurance,347732
Hawkes Learning,348570
Frontier Senior Living,348649
Chobani,348709
Ballard Truck Centers,348837
Asurint,348872
ADEPT HRM Solutions,348976
RBW Consulting,348981
Kirk Key Interlock Company LLC,349029
"CVR Energy, Inc.",349088
City of East Orange,349330
"Casner & Edwards, LLP",350048
Clean Energy,350942
Melaleuca: The Wellness Company,351082
LEER Group,352037
Nippon Life Benefits,352242
Brightway Insurance,352330
United Wholesale Mortgage,352558
iTECH,352855
San Diego Metropolitan Transit System (MTS),352894
Farmer Brothers,352970
WunderLand Group,353356
Long Beach Transit,354733
TOWN & COUNTRY LIVING,354793
Black Diamond Networks,354870
Accreditation Commission for Health Care (ACHC),354988
Four Oaks,355506
"Kids Central, Inc.",355532
Spotlight Inc.,356094
Entrata,356254
VHA Corp,356311
Pegasus,356432
"Northwire, Inc.",356544
Guthrie,357168
Infectious Diseases Society of America,357844
DigiCert,357882
Productivity Inc,357957
American City Business Journals,358052
AVAILABILITY Professional Staffing,358102
Mailprotector ,358231
Adventure Cycling Association,358448
Yakima Valley Farm Workers Clinic,359783
Sun Technologies,359901
Deaconess Health System,359912
"WOW! Internet, Cable & Phone",360153
WME | William Morris Endeavor,360220
"Plymate, Inc.",360270
Fives,360308
Community Reach Center,360316
Co-op Solutions,361037
Rancho Valencia,361097
SolarEdge Technologies,361424
Buckingham Browne & Nichols School,361869
Course5i,362178
EMBREY,362181
SingerLewak LLP,362246
REPRO Rising Virginia,362321
Manhattan Strategy Group,362558
HORST Engineering,362594
Coventry Homes,362780
Greater Chicago Food Depository,362808
Burton Energy Group,363322
Dew Software,363435
"KMS Solutions, LLC",363448
Reddy Care Physical & Occupational Therapy,364428
The Borgen Project,364631
"UES, A BlueHalo Company",365347
"Newport Hospitality Group, Inc",365597
Mach7 Technologies,365659
Cedars-Sinai Marina Del Rey Hospital,365662
The Okonite Company,365944
Concordia University Chicago,365968
Signal Energy,365982
Metropolitan Transportation Authority,366025
ICM Inc,366256
Lamp Rynearson,366287
Tucker Parker Smith Group (TPS Group),366351
Windwalker Group,366476
Mountainside Fitness,366628
M Financial Group,366720
National Veterans Legal Services Program,367886
Morgan Truck Body,367977
"Millwood, Inc. Packaging Supplies & Equipment",368102
Ripple Junction Design Co.,368350
ACA Group,368728
Hydrite,368844
ClifyX,368900
"Blue & Co., LLC",369000
Robert F. Kennedy Human Rights,369003
"Wholesale Electric Supply Co. of Houston, Inc.",369099
"Milk Source, LLC",369191
Calsoft Systems,369353
Sheppard Pratt,370728
MACOM,370788
"Andrews & Cole, LLC",371279
Y-12 National Security Complex,371305
TwinSpires,371348
"REMPREX, LLC",371641
Sicuritalia S.p.A.,372184
TIM Brasil,372589
ALL4,372899
"Alliance of Professionals & Consultants, Inc. (APC)",372915
Immigrant and Refugee Community Organization,372962
ASRC Federal,373159
"Calabrio, Inc.",373234
City of Union City Government,373275
ENGEL North America,373312
Pattern Energy Group,373399
Career Group,373568
Software People Inc.,373873
"Solomon Search Group, Inc.",374199
Multi-Pak Packaging,374520
EmblemHealth,374632
PrimeVigilance ,374790
Solotech Inc.,374950
PHOENIX,374954
Colling Media,374963
Act-On Software,375185
Open Systems Inc.,375293
"Weaver Austin Villeneuve Sampson, LLP",375335
IT-SCIENT,375438
BEUMER Group,375485
The Management Trust,375894
National Signs,376850
"Equiscript, LLC",377086
Hamilton Health Care System,377647
Fourteen Foods,377841
REACH Air Medical Services,377874
Gibsons Restaurant Group,378223
JBT Corporation,378234
GLDS,378540
University of Providence,378624
Allied Solutions LLC,379775
Strategic Analysis Incorporated,379836
"Cunningham Meyer & Vedrine, P.C.",380009
Van Drunen Farms,380496
Education for Change Public Schools,380738
"ATI Restoration, LLC",380752
AHEAD,381087
"Staff Smart, Inc.",381097
Server Products,381449
"Dynalab, Inc.",382343
Rhyme,382903
Computer World Services Corp. (CWS),382936
Cadence Bank,383161
Irvine Technology Corporation,383369
Chimes,384331
North Star Marketing,384490
COMPIRICUS,384570
Brisbane Consulting Group,384685
"Intermex Wire Transfer, LLC",385058
MarketSearch Recruiting,385236
United States Environmental Services (USES),385245
FacilityONE,385366
Hire Velocity,385662
CIMTEC Automation,386372
Maropost,386756
The Body Shop Collision Repair - TX -,386895
Stark Aerospace,387501
"MacLellan Integrated Services, Inc.",387827
First Federal Bank of Kansas City,388449
"TH Plastics, Inc",389194
North Carolina Wildlife Federation,389544
Publicis Re:Sources,389561
Discovery Life Sciences,389765
Dayforce,389781
Jamaica Tourist Board,390109
Catholic United Financial,390333
ACRT,390416
iOPEX Technologies,391020
Delaware Valley Community Health,391849
Arbor Realty Trust,391896
ASSOULINE,391906
Club Z! In-Home Tutoring Services,391992
Protos Security,392021
Gulf Coast Community Foundation,392435
CorSource,392449
BCD Meetings & Events,392486
Macaroni KID,392569
Navagis Inc.,392739
Monetate,392772
"High Profile, Inc.",392790
Children's Law Center of California,392894
Empire Search Partners,393102
Toyota Boshoku America,393562
FlexTek,394226
Veterans Inc.,394395
Lakeshore Technical College,394476
Neogen Corporation,394497
Mutually Human,394517
"TAD PGS, Inc.",395004
Russ Lyon Sotheby's International Realty,395042
Mentor Technical Group,395410
Surescripts,395901
LATICRETE International,396399
A-C Electric Company,396765
Knute Nelson,396897
Ancestry,397181
KSBY,397186
Iowa State University Foundation,397202
PerkSpot,397597
Versiti Blood Center of Indiana,397738
Total Transportation Services (TTSI),397750
"Tyndale Company, Inc.",398252
Search Services,398355
"Rush Enterprises, Inc",398606
Whole Self Nourish,399457
PureLogics,399557
"360 Customer Inc.",399999
ALIPRO,400064
"Mindbank Consulting Group, LLC",400176
MedeAnalytics,400277
Leanpath,400488
Taco Comfort Solutions,400495
Twilio,400528
PAC - Petroleum Analyzer Company,401116
VIA Health Partners,401433
Emergn,401545
Premier Group Recruitment,401618
Schroeder Design Build,401801
The New York Racing Association,401896
"ANI Pharmaceuticals, Inc.",401956
Veeva Systems,402048
Taft Communications,402162
LifeCenter Northwest,402341
Kestone,403034
The Access Group,403139
MDI Imaging & Mail,403183
F.N.B. Corporation,403275
Mission Critical Partners,403393
Schuff Steel,403409
Opportune,403506
"McKim & Creed, Inc.",403593
"Midwest Tape, LLC",403646
"Vertek Solutions, Inc.",403661
FCS,403981
"William O'Neil + Co., Inc.",404119
INFOLOB,404211
VersaFeed,404776
Hand & Stone Massage and Facial Spa,404782
"GLOVIS America, Inc.",405042
SeeKing HR,405848
Equipment Depot,406004
Green Plains Inc.,406084
IPG Mediabrands,406315
"Summit School, Inc.",406419
Capstone Search Advisors,406542
Cloudflare,407222
Great Lakes Cheese,407544
The Wills Group,407810
Enthalpy Analytical,408027
PAC Worldwide,408805
The Parts Authority,408953
"Drake-Williams Steel, Inc.",409640
NOVEC,409750
ThoughtFocus,409849
Lantana Consulting Group,410058
"Hatzel & Buehler, Inc",410065
TT Electronics plc,410217
Charlotte Regional Visitors Authority,410291
SBP,410409
Men's Wearhouse,410499
CoreSite,410519
New River Valley Community Services,410541
LGC,410756
Executive Jet Management,410918
Movement Mortgage,410984
Anatomage Inc.,410992
CDT EHS Consulting LLC,412012
Ampirical,412695
px Group,412872
"Gulfcoast Legal Services, Inc",412931
HirePower,413275
Worldwide Business Research (WBR),413363
AGI,413617
Century Fire Protection,413667
Synectics Inc.,413796
"Essent Guaranty, Inc.",414015
"Falcon Realty Advisors, LLC",414097
"Context 4 Healthcare, Inc.",414102
Fleet Services by Cox Automotive,414192
TheWrap,414372
C3 AI,414478
"Kaygen, Inc. ",414551
MVF,415455
Stratasys,415728
Schimenti Construction Company,415745
Kansas City Board of Public Utilities (BPU),415928
"Jet Support Services, Inc. (JSSI)",415984
Jim Ellis Automotive Group,416108
Equity Staffing Group,416904
PRI Global,417618
Fraunhofer Institute for Building Physics IBP,417674
TAS Energy Inc.,417766
Proverb Agency,417913
Herspiegel,418039
Zendesk,418095
SAM,418440
Symbria,418469
Digiday,418547
ACR Homes,418549
"Houston Engineering, Inc.",418737
KAMO Power,418938
PHMG,419443
Goodwill Northern New England,420052
Nulty Insurance,420394
IT BY DESIGN,420558
"RogersGray, A Baldwin Risk Partner",420568
KIPP SoCal Public Schools,420856
Image Associates Inc.,421128
Avenues International Inc.,421658
"Covercraft Industries, LLC",422158
Anderson University (SC),422193
Adaptiva,422486
TIC - The Industrial Company,422503
"Automation Personnel Services, Inc.",422579
Mainstream Engineering Corporation,422897
Praxis,422976
Heritage Signs & Displays,423389
BioSpace,424124
T3 Micro Inc,424177
Blue Cross & Blue Shield of Rhode Island,424803
"AgReliant Genetics, LLC",424844
ThermaServe Mechanical Systems Services,424881
Orlebar Brown,424932
The NRP Group LLC,424952
"Fay Servicing, LLC",425066
"Country Fresh, Inc.",425272
MX,425337
"Managed Staffing, Inc.",425698
GDKN,426101
"ARK Solutions, Inc.",426121
"Council for Educational Travel, USA (CETUSA)",426144
New Relic,426253
Continental Resources,426388
Dead Talk Media,426394
Major Drilling,426567
Inteva Products,427185
Fresh Del Monte,427273
Nordic Naturals,427378
CPS,427392
The AES Corporation,427415
VectorCSP,427532
Mount Auburn Cemetery,427556
SAGE,427596
GyanSys Inc.,427685
LiveSwitch,427831
CSM Corporation,428055
Audubon Companies,428258
WDC Kitchen & Bath,428531
"Luxco, Inc.",428632
Sondhi Solutions,428834
City of South Haven,428857
Pollo Campero,428925
Camelback Resort,429411
Cellular Sales,430082
St. Joseph's Health,431617
Situation,431631
American Structurepoint,432048
Palmetto Air & Water Balance,432173
Venturi,432241
"Shambaugh & Son, L.P.",432363
Aldermore Bank,432552
Northwestern Medical Center,432701
CIB Group Services LLC,433407
Brightview Senior Living,433995
Bonobos,434092
Flywire,434598
Hilb Group,434828
"Encon Safety Products, Inc.",434982
Avant Healthcare Professionals,435208
HackerRank,435210
AE Strategies,436009
RRC Companies,436163
Daifuku Intralogistics America,436898
Free People,436931
BBA Consultants,436939
Metromont,437013
Scripps Montana/MTN,437112
"iHerb, LLC",437225
"Concorde, Inc",437341
Blue Interactive Agency,437393
Fort Smith Convention & Visitors Bureau,437405
"Adams Communication & Engineering Technology (ACET, Inc.)",437449
Cumming Group,437636
Center City Public Charter Schools,437851
"Spectrum Plastics Group, A DuPont Business",438121
Schumacher Automotive Group,438123
INSURICA,438278
Main Line Reform Temple,438321
NEON (fka Cityneon),438586
Greiner Construction,439201
Travelex Insurance Services,439482
Safari Solutions,439512
Medical Services of America,439723
VIVUS LLC,439767
Andreessen Horowitz,439909
MMG,440288
Hunter Hamilton,440542
Harvard Kennedy School,441164
SGS Technologie,441353
New York State School Boards Association,441910
Correll Insurance Group,441929
NeoGenomics Laboratories,442348
"ReCon Management Services, Inc.",442484
BioLegend,442495
Greater Lakes Mental Healthcare,443119
Adaptavist,443738
"Staffing Resource Group, Inc",444038
Triple T Transport,444171
LEVY | VON BECK | COMSTOCK | P.S.,444427
HIRSCH,444574
Stewart's Shops Corp,444782
Hogan Transportation Companies,444926
Ascend,444991
Envision Energy,445168
MRO,445193
"Sutherland Packaging - High Impact, Point-Of-Purchase Displays",445579
TEK Connexion,445686
DC Group,445700
Nasher Sculpture Center,445702
Sennovate,445759
Nexamp,446025
Ronald McDonald House Charities Eastern Wisconsin,446030
Colony Bank,446357
Celestar Holdings Corporation,446414
Brighton Collectibles,446435
Toshiba Business,446503
af&co.,447297
Crew Carwash,447337
FORMASPACE,447373
Valorem Reply,447716
Legends,447979
Story Tapestries,447992
Maryland Legal Aid,448970
Inductive Automation,449325
"Sino Biological, Inc.",449360
The Custom Group of Companies,449549
"FBC Mortgage, LLC",449579
Essential Data Corporation,449672
Shorehaven,449826
"Geographic Services, Inc.",449845
Penske Media Corporation,449914
Active Transportation Alliance,449986
WeldFit ,450013
Lutheran Community Services Northwest,450185
Mary Crane Center,450215
Lee Kum Kee USA,450279
"Photonics Service Group, Inc.",450312
Scion Staffing,450323
Getinge,451202
"NOVA Engineering and Environmental, LLC",451220
Duff & Phelps Investment Management Co.,451285
"TGI Enterprises, Inc.",451305
Mastery Schools,451455
The Phoenix Group,451961
Jupiter Medical Center,451962
"Calumet Specialty Products Partners, L.P.",452139
Eating Recovery Center,452426
Southwestern Vermont Medical Center,452467
DPS Group Global,452947
Macomb County Government,453599
CMD Corporation,453634
TriStar NorthCrest Medical Center,453726
Naperville Community Television (NCTV17),454452
Ascend Performance Materials,454464
Building Bridges Therapy,454615
"City of Delaware, OH",454896
"Badger Liquor Co., Inc.",455186
Nasscomm,455283
Catch Resource Management,455711
JFrog,455737
"University of Maryland, Baltimore (UMB)",455844
"ECG Resources, Inc.",455861
Netwrix Corporation,455932
"20/20 Foresight Executive Talent Solutions",456015
Yellow Dog Networks,456068
Codeworks IT Careers ,456189
Adept Group (Adept Packaging),456230
Goken America,456272
WECC,456691
Jackson Healthcare,456775
Celebrity Cruises,456859
"Lease & LaBau, Inc.",456872
InfoObjects Inc.,456929
MedPro Healthcare Staffing,457885
TraceLink,457886
IT Voice,457913
i4DM,458207
HGS - Hinduja Global Solutions,458327
Enpro Inc.,458345
FOX Rehabilitation,458381
NSM Insurance Group,458390
AJC Freight Solutions,458553
Tarter Farm and Ranch Equipment,458639
FreeWheel,458871
Nextiva,459293
Botanical Garden of the Ozarks,459788
Mount Sinai Medical Center of Florida,460139
Specialty Consultants Inc.,460421
Knobelsdorff,460544
Advantage xPO,461310
Verrus,461340
Ask IT Consulting Inc.,461358
Fidelis Care,461365
Catholic Charities New Hampshire,461404
Vigilant,461466
Community Healthcare Network,461498
Downingtown Area School District,461567
On-Ramps,462164
Enterprise Mobility,462318
"CHA Consulting, Inc.",462369
Kolla Soft Inc,462487
Lutheran Social Service of Minnesota,462558
Lancer Hospitality Group,463082
"Briskin, Cross & Sanford, LLC",463913
Endpoint Clinical,464541
Curriculum Associates,464988
Ivy Rehab for Kids,466300
Brain Balance,466667
Kaweah Health,466739
Heartland Business Systems,466785
EWS,466903
"Paramount Software Solutions, Inc",467038
Quality Placement Authority,467195
Unique Home Solutions,467718
Publicis Groupe,468160
Zahner,468525
WSP in the U.S.,468782
"Franco Manufacturing Co., inc.",468875
"Infowave Systems, Inc",468898
C Spire,469180
Dayspring Bank,469324
New England Federal Credit Union (NEFCU),469351
National Women's Law Center,469391
Cirrus,469487
"Horton, Inc.",469504
RefleXion Medical,469551
"On Q Financial, LLC",469597
Kovach,469607
"New Horizons Telecom, Inc.",469720
Highwire,469726
"Outset Medical, Inc.",469801
"Cabot Risk Strategies, LLC",470375
Giant Noise,470652
The Trevi Group,470963
JMT Architecture,471011
Marine Credit Union,471086
Lincare,471174
The Oregon Fruit Company,471220
Zenfair Solutions Inc,471475
Reliant Community Federal Credit Union,471812
TekSolv,472056
La Frontera EMPACT - Suicide Prevention Center,472706
University of Arizona College of Medicine - Phoenix,472833
Mott Haven Academy Charter School,473051
Marshall Craft Associates,473988
Bucks County Intermediate Unit,474384
"U.S. Tsubaki Power Transmission, LLC",474443
"N&K CPAs, Inc.",474794
"Urban Strategies, Inc",474854
Crystal Bridges Museum of American Art,475006
NikSoft Systems Corporation,475262
"Chem-Aqua, Inc.",475270
Axians France,476312
RRS Foodservice,476373
Hearst Television,476416
Hino Trucks,477154
"JBS International, Inc.",477190
Peerless Food Equipment,477630
"Infotech Spectrum Inc,",477843
Capillary Technologies,478140
"ISCO Industries, Inc.",478163
"First Coast Service Options, Inc.",478270
A.P. Moller - Maersk,479080
Trillium Construction Services,479154
CAMBA,479294
POAH Communities,479415
The National Alliance for Insurance Education and Research,479569
Echo360 ,479654
Nashville Songwriters Association International,479662
Bridge Technical Talent,479833
Matrix Finance and Accounting,479939
MNTN,480382
Alps Wire Rope Corporation,480753
PPDG,481500
Nizari Progressive Federal Credit Union,481697
DRG Talent,481729
"SHAZAM Network - ITS, Inc.",482196
TGG Accounting,482238
TRUGlobal,482272
PagerDuty,482819
Khan Academy,482962
Forbright Bank,483347
Provisur Technologies Inc,483483
Cincinnati Works,483784
Techtronic Industries - TTI,483961
Covideo,483997
IMI Agency,484002
K & S Manufacturing,484003
CALJAN,484337
"iRhythm Technologies, Inc.",484413
Electrical Components International,484604
SUN PHARMA,484735
CSM Group,484903
"BMW of North America, LLC",484969
Intelligent Conversations,484982
The Learning Experience,485407
StepStone Group,485531
FirstService Residential Texas,485573
"h3 Technologies, LLC",485892
APSI Construction Management,486621
AMN Healthcare Physician Solutions,487245
"ISEC, Inc.",487551
Northwest Kidney Centers,487582
Fast Dolphin,487820
Betterment,487830
ACS - Engineer. Integrate. Build.,487950
Jackson Family Wines,488066
Bernard Williams & Company,488228
Mitchell Martin Inc.,488281
"Inabia Solutions and Consulting, Inc.",488412
Pat Tillman Foundation,488559
The Talent Shop,488799
ON2IT Cybersecurity,489607
Nebraska Methodist Health System,490154
Universal Beauty Products Inc.,490218
ION Clean Energy,490220
NLB Services,490432
"Advanced Fire Protection Services, Inc",490592
Trinity Church Wall Street,490656
Aten Design Group,490878
Enphase Energy,491089
LBS,491462
Silicon Valley Bank,492307
Raintree Children & Family Services,492428
Three Ships,492841
Wellness Pet Company,492877
BiblioCommons,493106
"City of San Marcos, CA",493130
The Scion Group,493453
"TWO95 International, Inc",493527
"Futures Consulting, LLC",493599
Catholic Order of Foresters,493857
"Power Design, Inc.",494051
Pelletron Corporation,494870
ThreePDS Inc.,495288
Pilot Chemical Company,495689
Salas O'Brien,495856
ECODIT,496792
Attain Partners,496899
Opelousas General Health System,496934
Morgan Stanley,497017
ConnectPoint Search Group,497248
Founders Federal Credit Union,497494
AVI Foodsystems,497515
MW Builders,497649
GEOCON,497718
Colorado State University Global,497729
Rividium Inc,498361
Wildix,498704
Havtech,499768
Vitol,500589
Reynolds School District,501073
Sage Automotive Interiors,501103
Black Diamond Group Inc.,501361
Randstad Sourceright,502882
S&S Activewear,502982
goTRG,503712
"AmTrust Financial Services, Inc.",503757
Creospan Inc.,503768
InnoMethods Corporation,503931
Taylor Farms,504215
Oklahoma City Thunder,505472
Optimum7.com,505524
Murdoch's Ranch & Home Supply,505733
"Your Part-Time Controller, LLC",505749
Nickle Electrical Companies,505805
U.S.VETS,506020
The Bradshaw Group,506086
RogueSearch,506275
Ritz Safety,506460
YPrime,506788
European Recruitment,507893
Franklin Street,507963
Broward Health,508154
Mclaurin Aerospace,508556
Advia Credit Union,508668
Injured Workers Law Firm,508935
Veolia North America,508963
"Spire Consulting Group, LLC",508985
"Lucid Technologies, Inc",510293
AKAM,510681
Boston Harbor City Cruises,510683
International Search Partners,510807
Heartland Food Products Group,510883
UMS - United Medical Systems,511214
IMDEX,511438
Sedna Consulting Group,511521
MWM DesignGroup,511617
KIPP New Jersey,511863
Aluf Plastics,512239
LandrumHR Workforce Solutions,512582
Caldic North America,513110
Relay Graduate School of Education,513153
Quincy Compressor,514223
CTS Complete Technical Services,514374
The State Group,514701
"California Surveying & Drafting Supply, Inc. (CSDS)",514781
YWCA Seattle | King | Snohomish,514815
"Fori Automation, LLC A Lincoln Electric Company",515240
Missouri Department of Conservation,516830
Universal Technology Solutions (UEBIZ),516902
"Bay State Community Services, Inc.",517387
Germer International - Pharmaceutical Recruiting,517595
TCI Technology Consulting Inc,517940
griffin360,518086
CEO Inc.,518180
SearchPointNY,518206
Coretek,519574
Medicus Healthcare Solutions,519594
Nabsys,520121
European Wax Center,520215
GVEC,520304
Noise New Media,520885
Empower Brands,521084
TEEMA,521122
People Tech Group Inc,521134
Meadows Behavioral Healthcare,521160
Pantheon Inc,521479
Safran,521777
Majesco,521789
Reynolds Consumer Products,521948
Rimon PC,522876
"Advance Services, Inc.",522929
Western Integrated Technologies,522987
Tennessee Attorney General's Office,523103
TATCHA,523480
New Era Technology,524282
Big Sandy Area Community Action Program,525011
"A10 Networks, Inc",525424
Pliancy,525605
Integrated Building Systems,526102
argenx,527521
Third Party Administrator,528063
Potter Electric Signal Co.,528064
Heartland Community College,528117
"MEC (Mayville Engineering Company, Inc.)",528122
Estes Forwarding Worldwide,528191
Elmbrook Schools,528199
RED Digital Cinema,528401
Volunteers of America Chesapeake & Carolinas,528422
Rocky Vista University,528722
Canvys – Visual Technology Solutions,528830
Millennium Corporation,529068
Classy,529191
Kids Preferred,529229
The Sage Group,529548
Wayne Brothers Companies,529600
Entegee,530662
Oho Group Ltd,530677
TEC Group International,530735
Cullinan Properties,531094
iShift,531535
Catalyst Career Group | Diversity Job Fairs Nationwide & Private Interviewing Events,531590
Sylvan Learning,531631
American Tire Distributors,531693
"Alto-Shaam, Inc.",531785
ET GLOBAL - USA,531869
Trina Turk,531902
Ameriflex,532049
LGI Homes,532050
Smyth Auto Parts,533247
Responsive Education Solutions,533345
SSP America,533371
"AgReserves, Inc.",533498
U.S. Immigration and Customs Enforcement (ICE),533534
PDS,533600
AgSource,533732
Global Industrial Company,534006
"Ransom Consulting, LLC",534029
Mountain Lake PBS,534162
MP: Wired for HR,534276
Anderson Business Advisors,534521
Telestream,534757
Sprague Pest Solutions,535088
CCI Systems,535978
Wirco Inc,536060
AZCO,536160
Diversified Transportation Services,537187
Radiansys Inc.,537246
Roha,537311
"Southern Industrial Constructors, Inc.",538090
"Ada S. McKinley Community Services, Inc",538138
Donelson Christian Academy,538501
National Institute of Building Sciences,538735
St. John's Community Health,539067
"Nadine Bocelli & Company, Inc. - New York Legal Staffing, Inc.",539074
Techwave,539853
"Signature Health, Inc.",540016
Micro Precision Calibration,540477
Ebiquity plc,540777
Plymouth Rock Assurance,540808
Sunrise Group Inc.,541168
East Aurora School District 131,542075
Consult,542088
"Alan J. Blair Personnel Services, Inc.",542417
Millennia Technologies,542651
"Byers Glass & Mirror, Inc.",542719
Vinfen,542742
Veriforce,542961
"QPharma, Inc.",543022
YMCA of the Pikes Peak Region,543265
Wellspring,543343
MN2S,544159
TRG,544277
"C&G Consulting Services, Inc",545026
Lazydays,545086
Driggs Search International,545477
GL Staffing,545538
Fenway Search,545613
nTech Workforce,545751
icreatives,545791
Talon Professional Services,545865
"Montage Technology, Inc",546140
PLS Logistics Services,547009
JR Cigar,547179
Harold Grinspoon Foundation,547225
Kalwall Corporation,547998
Power System Engineering  (PSE),548016
University System of NH,548048
First National Bank of America,548161
Howden Tiger,548226
Ceterus,548383
The Doyle Group,548385
Fair Haven Community Health Care,548448
GVW Group,548542
Germfree,548688
Argo Group,549532
Rosewood Centers For Eating Disorders,550162
Chino Basin Watermaster,550412
First Financial Bank Texas,550530
Maryville Academy,550969
Oshkosh Defense,550974
Oliff PLC,551178
The Performance Group,551263
Venmo,552278
The Service Companies,552466
NuSource Financial LLC,552958
JVC Broadcasting,553631
HearingLife,553718
HoganTaylor,553954
Intricon Corporation,554463
"Parkdale Mills, Inc.",555058
MedBest Recruiting,555777
Albert Einstein College of Medicine,556031
"City of Bloomington, IL",556096
Jobs for Life,556266
Boot Barn,556402
"Gateway Technical Services, dba DSN",556799
Simms Fishing Products,557059
ECI Software Solutions,557215
Glaukos Corporation,557279
McMillan Pazdan Smith Architecture,558275
Pacifica Hotels,558939
Rebecca Minkoff,558956
Results Physiotherapy,559340
"INTREN, LLC",559661
Marion Community Schools,560529
Augusta Health,560766
Mission Regional Medical Center,563417
All’s Well,563797
Prairie Band Casino & Resort,564112
BHS Corrugated North America,564194
Automation-X,564586
UserTesting,564709
LIGHTWORKS,565826
Lubrication Engineers,567465
City Winery,567565
"XACT WAREHOUSE SOLUTIONS, LLC",567569
PTCI,568502
Brimar Industries,568624
"Infosoft, Inc.",570101
NextGen | GTA: A Kelly Telecom Company,570420
GE Aerospace,570550
AP Professionals,570739
Dantech Corporation Inc.,571160
Breeden Law Office,571214
Freedom USA,572144
Windsor Salt Ltd.,572533
Zenescope Entertainment,572769
"NVT STAFFING, Inc.",572850
"Baldor Specialty Foods, Inc.",573095
Conifer Realty,573158
"CMTA, Inc.",573197
CIM Group,573243
"Marks, O'Neill, O'Brien, Doherty & Kelly, P.C.",573263
Four Seasons Tree Care,573810
Climate Earth,573871
"Winningham & Fradley, Inc.",574859
Combi Packaging Systems LLC,574885
Housing California,575501
"Envirogen Technologies, Inc.",575641
BAPI,575810
Burtch Works,575811
"Serve First Solutions, Inc.",575869
"Ingleside Homes, Inc.",575969
"Midwest Industrial Supply, Inc",576101
PTG,577499
Urban Alliance,578065
Broekema Group ,578151
VACCO Industries,579009
"Accolade, Inc.",579052
HYUNDAI L&C USA,579539
"Volkert, Inc.",580089
Verisk,580619
Nasuni,580624
"Varsity Tutors, a Nerdy Company",581027
TalTeam,581589
PENNYMAC,581824
Safariland,581910
Integral Ad Science,582024
Karras Consulting,582316
"Persistent Systems, LLC",582324
Avenue Code,583166
Pegasus Steel (USA),584081
Hope,584401
"Spectrum Retirement Communities, LLC.",584471
UEI College,584561
FEI Systems,584683
Topcon Positioning Systems,584773
Kalahari Resorts & Conventions,585138
Grow,585184
Sono Bello,585331
ForeFlight,585393
GetYourGuide,585873
DO & CO AG,585887
KYYBA Inc,586336
MSC Mediterranean Shipping Company,586414
Hire Quality Recruiting,586520
Trident Consulting ,586645
Federal Reserve Bank of St. Louis,586648
ReDiscover,586673
Brillouin Energy,586817
Lafayette Group,586818
HexArmor,587343
"Delek US Holdings, Inc.",587493
SigmaNEST,587525
Unitis Contractor Supplies,588372
DSST Public Schools,589247
"Elite Placement Group, LLC",589376
LotusWorks,589571
Burgess Steel,589718
PRO-spectus,589859
MSRcosmos LLC,590130
"OWN, Inc. (formerly Anderson Engineering, Inc.)",590131
"HealthCare Partners, New York",590578
"R.C. Brayshaw & Company, LLC",591561
Just Energy,591781
The Partners Group,592250
Bassett Mechanical,592623
BLT Recruiting,593073
The Boelter Companies,594012
FocusCFO®,594302
"SANS Consulting Services, Inc.",594333
Baltimore City Public Schools,594464
Hendricks Commercial Properties,594849
"365 Retail Markets",594915
Motherhood Center (original Houston),595615
EnergyHub,595749
City National Bank of Florida,596009
Azelis,596464
Voca,596689
Ernest,596893
LX Hausys America,597433
Central States,597953
Corporate Resources of Illinois,598372
Sriven Systems Inc.,598783
Thomas Brooke International,599659
Reiss,599993
Voies navigables de France,600339
Security Financial Bank,600930
State Board of Administration of Florida,601509
Visit Anchorage,601906
Genesys,601919
Hayden Outdoors,602059
O.H. Partners,602066
Builders,602195
Signature HealthCARE,602239
Uplift Education,603134
"VCI (VeriCheck, Inc.)",603251
Lad Lake,603280
TK Elevator,603421
Withersworldwide,603630
"Carolina Foods, Inc.",604355
Mintec,604525
"RB Royal Industries, Inc.",604796
Solis Mammography,604967
STChealth,605130
Kent,605498
Uhlig LLC,605815
RealTime Solutions®,606276
WPTV,606295
Sun World International,606356
Cirtec Medical,606375
ColonialWebb,606385
Lexus of Watertown,606478
ARCO/Murray,606495
"White River Hardwoods ~Woodworks, Inc",606862
Siemens Energy,607957
Oliver Healthcare Packaging,608239
Caring First Home Health LLC,608249
Global Medical Staffing,608564
HealthEZ,608647
impact.com,608678
Resourcesoft Inc.,608693
"Routeware, Inc.",609107
The Pokémon Company International,609119
Grove Street Games,609198
Telecare Corporation,609279
Adams Remco Inc.,609966
North American Roofing Services LLC,610108
Lenox Hill Neighborhood House,610475
Hansen Recruiting,610608
Medi-Weightloss®,610863
US LBM,611131
Digital Turbine,611576
Ohio Department of Mental Health & Addiction Services,611987
"PSG, a Dover company",612048
Wrike,612239
Elite Editing,612300
Public Utility Commission of Texas,612493
United Bank,612636
Department of Behavioral Health and Developmental Services,612698
Cordogan Clark,612815
La Jolla Group,612877
Pierce Washington,613123
"Harry Meyering Center, Inc",613196
SBI Partners,613385
"Bridge Analyzers, Inc.",613447
Avance Consulting,613812
Allstate Peterbilt Group,614655
Optimal Staffing,614724
blueStone Staffing,614775
"The ProSource Group, Inc.",614870
Carroll Concrete,615115
Boulder Imaging,615255
Webb Wheel Products - A Marmon/Berkshire Hathaway Company,615808
PROCEPT BioRobotics,616119
Suncadia,616139
Medivet,616940
Zest Dental Solutions,617457
Harvard T.H. Chan School of Public Health,617665
Sarepta Therapeutics,617961
NexCare WellBridge Senior Living,618276
DuraTech Industries,618326
Visage Imaging,618336
Turning Point Strategic Advisors,618590
Wellspring,619425
Learning Grove,619737
Peachtree Hills Place,620188
Professional Engineering Consultants,620532
National Credit Center,620995
Empyrean,621143
Meshbesher & Spence - Personal Injury Lawyers,621180
INTO University Partnerships,621294
"Suhm Spring Works, Inc.",621939
"RQ Construction, LLC",622064
Graham,622180
Kopka Pinkus Dolin,622432
New York State Department of Civil Service,622557
RTA: The Fleet Success Company,622936
DatumSquare IT Services,623152
NJF Global Holdings Ltd,623337
Novità Communications,623444
CHAS Health,623716
Alkami Technology,624581
DigitalEra Group,624917
Logic Staffing,624965
"A. Duie Pyle, Inc.",625689
"HR Solutions, Inc.",626382
"Polysciences, Inc.",626891
"Solaris Paper, Inc",628138
Hyatt Regency Baltimore Inner Harbor,628410
PDI Technologies,628480
TXM Recruit,628489
Sitation,628842
Coca-Cola Consolidated,629227
Rice Lake Weighing Systems,629425
Ergobaby,629524
SAFEbuilt,629785
California Labor Solutions LLC,631358
Hill Learning Center,631614
Sales Empowerment Group,631652
Prelude Services,632721
Hemmersbach,633031
Odoo,633558
J Street,633654
"Kelly, Rode & Kelly, LLP",634256
Pacific Clinics,634422
Klick,634643
BCFS Health & Human Services,636533
EBG,636711
Identity Group,636832
Savino Del Bene,636890
"Kromer Investments, Inc.",639600
Time 4 Payroll,639707
Assurance Dimensions,639860
"Blue Rock Search, LLC",639979
The Hawk Group,640071
Roland Machinery Co,641230
Cosabella,641254
Edgewater Health,641288
NPL Construction Co.,641385
"Corbett Personnel Services, Inc.",641569
Ozinga,642062
Optimus - People. Solutions. Delivered.,642251
"Consumer Cellular, Inc.",642341
HealthSearch Group,642417
Corin Group,643088
People Serving People,643347
Shanholt Glassman Klein Kramer & Co. CPA,644472
Montefiore Information Technology,644531
Convene,644691
Cincinnati Metro,644865
Fall Creek®,644959
Concentric,645247
Federal Reserve Bank of Dallas,646228
Alliance Defending Freedom,647197
"E2 Consulting Engineers, Inc.",647285
StraussGroup - Executive Search Consultants,647587
Passages Malibu,647731
Prodigy Properties,647822
AlphaSights,648924
Huffines Communities,649332
A-Line Staffing Solutions,649388
"New Level Resources, LLC",649629
Meet,649827
Roberts PolyPro ,649898
Collaborative Support Programs of NJ,651069
Inside Real Estate,651176
Fire-Dex,651490
Coastal Television Broadcasting Group LLC,652083
Hercules Industries,652234
ARAUCO - North America,654145
"Ichor Systems, Inc.",656158
Brightmine,656182
"ServiceSource, Inc",656412
Prodigy Resources,657475
Polytechnic School,657616
MCI USA,658538
Anaplan,658814
"Capital Staffing Solutions, Inc.",659023
"TruHome Solutions, LLC ",659301
"Mesa Laboratories, Inc.",659469
Honor Construction & Development,659472
The Center for Alternative Sentencing and Employment Services (CASES),659695
Toyota Material Handling Solutions,660103
Rite of Passage,660180
Northern Jet ,660285
Cotton On Group,660560
Helen Keller Intl,661106
New Jersey Department of Children and Families,661843
"Boone Homes, Inc.",661985
Oboz Footwear,662089
RadGov Inc.,662171
trg.recruitment,663663
"DigiDoc, Inc. dba Public Sector Solutions Group",664795
AMI Consulting Engineers,665915
Berkley North Pacific Group (a Berkley Company),666172
"TruckPro, LLC",668124
CPG Executive Search Inc.,668211
Standard Motor Products,668844
Clarke,669241
Tri-County Regional Planning Commission,669243
"Hunt Companies, Inc",669253
JCB North America,669285
A-LIGN,669768
"Bodker, Ramsey, Andrews, Winograd & Wildstein, P.C.",670004
True Homes,670197
Protecht,670449
Encore Technologies,670462
Louisville MSD,670503
Enova International,670584
Mezino Technologies,672722
Panorama Consulting Group,672814
North American Electric Reliability Corporation (NERC),673163
FCP Euro,674210
MyPath,674301
AirMed International,675378
Square,675562
R2Net Inc - JamesAllen.com,676434
Indigo,676658
"Charles Jacquin et Cie, Inc.",677285
Ardor Health Solutions,677834
Recorded Future,678036
Clayton Services,679272
The Harris Center for Mental Health and IDD,679635
Crawford Technologies,679786
Don Bosco Technical Institute,679857
YETI,680248
Eugene Burger Management Corporation,680364
Lifetime Activities,680499
Million Air,682039
Town of Apex,682306
Greystone,683144
Gerber Collision & Glass,683310
"M & M Industries, Inc.",683420
TF Cornerstone,683606
Kenosha Public Library,683678
MBP (McDonough Bolyard Peck),683870
HireBetter,684349
Bespoke Careers,684457
"Shared Medical Services, Inc.",684686
"Concept Plus, LLC",685175
MCM WORLDWIDE,685611
Sparks Group,685741
"4 Corner Resources",685780
One Medical,686294
Make-A-Wish Alaska and Washington,686498
Non-Profit,686686
ManpowerGroup Talent Solutions,687274
Cisco ThousandEyes,687352
Immunocore,687450
"Truenorth Executive Search, Inc.",687779
The Door - A Center of Alternatives,688222
Suna Solutions,688249
Fahrenheit Advisors,688540
Commonwealth of Pennsylvania,688958
ANdAZ,689045
ProSidian Consulting,689293
Prolec Energy,689669
Simply Biotech,689849
Online Development,690108
"Informatic Technologies, Inc.",690468
"Equity LifeStyle Properties, Inc.",690568
"Delta System & Software, Inc.",690587
Akron Bio,690822
"Riley Construction Company, Inc.",690867
Saco Bay Orthopaedic & Sports Physical Therapy,691067
Choctaw Nation of Oklahoma,691458
ETS-Lindgren,691754
The Medical Center of Aurora,692925
In-Flight Crew Connections,693360
"o9 Solutions, Inc.",693467
Cardea Group,693712
Rightworks,695193
JASA,695473
HASI,696311
Vince,696318
HireLevel.,696365
Trina Solar,696485
V2Soft,696534
Berkadia,696715
Nipro Medical Corporation,696781
Icertis,697992
sweetgreen,698150
Ride North Kingsford,699101
"Dikita Enterprises, Inc.",699250
TwinBear Management,699290
Wireless Vision,699401
Riverview School,699480
Ghirardelli Associates,700137
Sterling Pharma Solutions,700448
MVB Bank,700906
ImageQuix,700995
Comar,701152
"Northwest Administrators, Inc",701236
Spectrio,701323
Unity Environmental University,701377
Nutrabolt,701483
Tower Legal Solutions,701795
loanDepot,701854
"John H. Carter Company, Inc.",702048
Health Choice Network,702173
"G.A. West & Co., Inc. ",702394
HighRes Biosolutions,703010
Direct Wire,703034
"Pinnacle Partners, Inc",703201
VT Industries,703835
"Burkett Burkett & Burkett Certified Public Accountants, P.A.",703974
"MVM, Inc.",704090
"JetSet Communications, Inc.",704462
Help at Home,705199
ASO Worldwide,705508
OneSource Virtual,705528
BEPC Inc. - Business Excellence Professional Consulting,705539
Hightower Advisors,705542
MPLC,705661
HealthTexas Primary Care Doctors ,706445
VIP Community Services,707531
SHL Medical,707656
Idaho Youth Ranch,708012
"Atwell, LLC",708393
Hydraflow,708507
Boulder Weekly,708541
"Luna Data Solutions, Inc. ",708782
Hilltop Holdings,708917
CCI Solutions,709232
"Edgerton Contractors, Inc.",709475
The Farley Center,710404
JMJ Phillip Group,710411
Zyxware Technologies,711088
Axius Technologies Inc.,712121
InfuSystem,712307
Harmony Public Schools,713845
Saint Peter's Prep,714814
SOC LLC,716317
"Princeton IT Services, Inc",716360
"New Hope, Inc.",716404
Micro Control Company,716802
Trumark Homes,716986
AuBurn Pharmacy,717072
Griswold,717080
Community Health Center of Snohomish County (CHC),717088
ANYWHERE365®,717273
Foxguard,717871
Cascade Hospital for Animals,717971
Milk Specialties Global,717995
Jacoby & Meyers Attorneys LLP,718195
Naval Facilities Engineering Systems Command (NAVFAC),718282
ISoftech Inc,718471
Barnet Products ,718476
Truveris,718526
Cardiovascular Institute of the South,718570
Lumenalta (formerly Clevertech),719642
Allen Distribution,719759
EmployStats,719778
ESI Inc. of Tennessee,720051
OASIS Alignment Services: A Division of In-Place Machining Company,720261
"DWC Construction Co., Inc.",720284
Brain Injury Association of Virginia,721068
Children's Nebraska,721189
Silversand Services,721349
Sonny's Enterprises Inc. - Conveyorized Car Wash Equipment Leader,721458
PeopleConnect Staffing,721488
Tint World® Automotive Styling Centers™,721622
Ingram Content Group,722211
Global Finishing Solutions LLC,722490
Arlington Public Schools,725097
Recology,725809
Curtiss-Wright Corporation,725907
Barker Search LLC,725969
MindSpring Partners LLC,726096
ESG,726144
The New York Foundling,726206
Hyundai Capital America,726805
Marathon Health,727156
TELNET INC.,727218
Mobile Communications America,727928
Flexjet,728285
Calsak Plastics,728312
Excelerate Energy,728320
Firefighters First Credit Union,728445
Helix Steel,728596
"Smith Power Products, Inc.",728607
Numeric Technologies,729040
AVE by Korman Communities,729043
"The Cromwell Group, Inc.",729046
"Reveille Technologies,Inc",729238
MoTek Technologies,729369
Miracle Mile Advisors,729473
MKD Electric,730660
Swoon,731128
"Bo-Mac Contractors, LTD",731245
"AerSale, Inc.",732168
IPS Corporation,732328
Workiva,732400
"Cybertec, Inc",732639
Coalition Technologies,732744
L-Acoustics,733068
Thomas Thor,733272
Tower Semiconductor,734498
Carolina Legal Staffing,734619
Beck's Hybrids,734732
"Wanzek Construction, Inc.",734752
Nutanix,735085
Annapurna,735906
ConvergePoint,736168
"MacAllister Machinery Co., Inc.",736191
Contour Mortgage Corporation,736223
"MJ Care, Inc.",736239
Markley,736366
Corbins,736377
MNK Infotech,736634
Cottonwood Tucson,736683
Rivian,737010
Painting with a Twist,737035
Alameda Health System,737554
Trench Drain Systems,737849
ARi,739652
Refresco,740278
Vantage Consulting,740469
New York State Division of Criminal Justice Services,740521
Western Power Sports (WPS),740560
Safework,741062
South Moon Under,741449
"Imagine Staffing Technology, An Imagine Company",741968
"National Write Your Congressman, Inc.",742079
PKC Group,742262
Konica Minolta Business Solutions Canada,743346
Wiregrass Construction Company,743658
Town of Davidson,743711
Optinose,743757
LMB Associates,743837
OSI Engineering,743843
InsulTech LLC,744372
Select Water Solutions,744442
SAGE IT ,744453
AOI,744608
HFA,744748
General Dynamics Ordnance and Tactical Systems,744959
Family Services of Westchester,745817
Environmental Air Systems,746141
Conexess Group,746297
Catalyst Corporate Federal Credit Union,746463
Hub Technology Group,746485
Performance Services,746802
Tampa Museum of Art,746809
Arrupe Jesuit High School,747679
Land O'Frost,748587
Beebe Landscape Services,748604
Klarna,748731
Power Personnel,748875
"Timberline Kitchen & Bath, Inc.",749285
October Three Consulting,749331
"Acertus Consulting Group, LLC",749716
Marspec Technical Products,749795
Calvert Impact ,749957
E-Solutions,750072
Making Opportunity Count,751004
MRI Software,751259
YMCA of Greater Grand Rapids,751260
SHINE Systems,751575
"TRU Staffing Partners, Inc.",751761
Ultimate Medical Academy,752761
The Viscusi Group,753083
Coaction Global,754505
"North American Development Group (""NADG""​)",755129
The Deuterman Law Group,755570
KIPP NYC,756382
Zenith Services Inc.,756569
SRS Distribution Inc.,756621
PeopleFinders,757451
DoStuff,757831
Christian Art Gifts,758016
World Science Festival,758531
Builders,758538
Valued Merchant Services,758581
Raphael Health Center,758623
Oak Ridge Winery,759432
"Pacifica Services, Inc.",759441
King's Hawaiian,759702
SolidCAM,760481
Hilton San Diego Bayfront,760554
Current Power,760913
U.S. Renal Care,760983
Legal Services NYC,761043
Aerostar (Aerostar International LLC),761121
BDG Architects,761899
FirstService Residential,762365
wikiHow,762535
"EnCorps, STEM Educator Programs",762603
Spencer Ogden,763137
"Innovative Systems, Inc.",763780
Amsted Rail,763915
Pigment,765008
Children's Institute,765222
Santa Energy Corporation,765920
Acadia Healthcare,766058
"Abrams Fensterman, LLP",766262
The Global Edge Consultants,766308
Fenceworks,766351
"Direct Sales Recruiting, LLC",766849
TekWissen ®,766876
Republic Airways,768161
E-Frontiers,768483
Acti-Kare Responsive In-Home Care,770359
North Arkansas Regional Medical Center,770551
InterCommunity,770597
Mavensoft Technologies,770743
Rampart Supply a division of Cregger Company,770812
WhidbeyHealth,771125
"Nevada Donor Network, Inc.",771688
"Silfex, Inc. - A Division of Lam Research Corporation",772837
"CrossRoad Engineers, PC",772880
Bio Careers,772977
Quest Financial,773342
Tadano Pan America,773375
SecureTek Solutions,773538
Johns Lyng USA,774058
Altimetrik,775402
Initium SoftWorks (ISW),775490
Texas Air Products,775687
CartonCraft Incorporated,775815
Proximo Spirits,775963
Auction & Event Solutions Colorado,776461
Iron Bow Technologies,776590
Triumph,776750
Dean Transportation,776909
Ascendo Resources,777243
"AFP advanced food products llc, Groupe Savencia",777448
Vivid Resourcing,778098
KARM Stores,778731
SilverDoor,778742
Washington Capital Partners,778985
KNIPEX Tools LP,779147
"Burchard and Associates, Inc.",779352
Aviat Networks,779638
Inizio Evoke,780268
"Boodell & Domanskis, LLC",780422
Compass Associates,781398
inSegment,781738
"Ecotone, Inc.",781868
Lexington Company AB,783215
Baptist Health System,783257
Bon Appétit Management Company,783421
MongoDB,783611
Artisan Creative,784330
Shopify,784652
New Age Software Services,786063
BAMM Staffing,786140
RNnetwork,786419
Branch,787067
SCIEX,787232
Employment Development Department,787339
Virginia Department of Environmental Quality,788340
Christian Healthcare Ministries,788707
"City of Portland, Maine",788977
Axtria - Ingenious Insights,789643
"Harvest Technical Services, Inc.",789681
"Universal Site Services, Inc.",790131
Bristow Group,791498
Tru Fragrance & Beauty,791541
Smith System®,792164
Storyville Coffee Company,792461
Braze,792882
"Latitude Financial, LLC",792940
The ONE Campaign,793510
"Principle Business Enterprises, Inc.",794068
Lakeshore Legal Aid,794193
JoCo,795290
StoryCorps,795507
Ascot Staffing,795551
Staffing Solutions of Hawaii,795709
"RxSight, Inc.",795755
ISSOS International,796037
"EnergyLogic, Inc.",796655
"Lindabury, McCormick, Estabrook & Cooper, P.C.",797399
Publicis Health,798828
Pharmaron,798998
DoubleLine,799030
OpenTech Alliance,799057
KEB ,800969
NYC Citywide Administrative Services,801129
EF English First ,801428
Civista Bank,801800
Goodwill Keystone Area,802433
Truliant Federal Credit Union,802614
ClearBridge Technology Group,803638
JPI,803934
Cray Huber Horstman Heil & VanAusdal LLC,804493
Brenton Engineering,804801
Larson Design Group,804928
Colorectal Cancer Alliance,805326
Proven IT,806395
Acumen Learning,807020
Grow Financial Federal Credit Union,807133
Asana,807257
"Ronald McDonald House Charities, Upper Midwest",807582
Gap,807593
Aya Healthcare,808034
Canopy,808264
Office of the New York State Attorney General,809218
Soft Tech Consulting,809238
ClearChoice Dental Implant Centers,809314
Georgetown Preparatory School,809337
Sting Alarm,809338
"Crossmark Graphics, Inc.",809360
Law Firm,809397
Management Recruiters of Tallahassee,810233
Asmodee,810300
Mortgage Solutions Financial,810707
Joss Search,811950
Magenium,812542
Blossom Tech Solutions,813166
Elastic,814025
Infojini Inc,815009
Sightline Payments,815085
Wakefern Food Corp.,816173
Tek Leaders Inc,816819
Goodwill Industries of Northwest NC,816965
"AvantGuard Monitoring Centers, A Becklar Company",816968
Brinkmann Constructors,818231
The Restaurant at Patowmack Farm,818426
Xe.com,818627
FSN (Freedom Search Network),818691
blue plate minds,818762
Nordic Global,819886
Telios Corporation,820978
Infomatics Corp,821065
Girl Scouts of Central California South,821548
Quantum Health,821612
"RTI Properties, Inc.",821640
Apellis Pharmaceuticals,821650
"Behavioral Health Network, Inc (BHN)",822071
Easterseals-Goodwill Northern Rocky Mountain,822191
West Coast University,822408
Udemy,822535
Central Peninsula Hospital,822694
Edelman Smithfield,823412
Cech Corporation,823931
F.E. Moran Group of Companies,824370
Papé Group,824456
SmartSource Technical Solutions,825052
Park Place Technologies,825290
Residential Home Health and Residential Hospice,826942
Aspiranet,827001
Russell Tobin,827183
Asociacion Puertorriquenos en Marcha,827928
Terrain,828046
"TSR Consulting Services, Inc.",828170
The Herb Chambers Companies,828390
Family Life Academy Charter Schools,829179
Rubies,829341
Palm Beach State College,829374
Fuyao Group,829626
Certara,829701
City of Greenacres,830603
Daiya Foods Inc,831571
Maison Berger Paris - emosia Group,833257
"Search Masters, Inc.",833683
WSLS 10,833913
Genesee County Human Resources,834055
"Midland Care Connection, Inc.",834250
Bil-Jax,834464
Millennium Health,835663
Anchor Heating and Air,836004
Pearle Vision,836277
Oggi Talent,836345
Playfly Aspire,836465
Simplex-IT,836474
The Preiss Company,836710
Seminole State College of Florida,837022
Rebuilding Together Peninsula,837106
Ventures Unlimited Inc,837188
Newburyport Bank,837281
Independent Pipe and Supply Corp,837291
"QBS, provider of Safety-Care",837566
Reperio Human Capital,838155
Rubicon Research Pvt Ltd,838311
Arkansas Electric Cooperative Corporation,838605
GeminiBio,839023
"Carrell Blanton Ferris & Associates, PLC",839032
Building and Land Technology,839287
Nexus Talent Solutions,839678
Guardian,839847
Layfield Geosynthetics,839894
"911MEDIA, a division of Trade News International, Inc.",840033
School District 27J,840339
JAB Recruitment,840874
"Quintairos, Prieto, Wood, & Boyer, P.A.",840919
E2,841976
Dynamic Advisor Solutions,842708
"Alamon, Inc",844654
WITRON Group,844988
Notre Dame Health Care Center Inc.,845217
The MX Group,845708
California Department of Public Health,845871
Global Rescue,845956
"Falk, Barrot & Associates, LLP",846202
USmax Corporation,846385
Rialto Capital,846443
Valley Health System,846940
Apex IT Services,846953
IMS People Possible,847311
Scatec ASA,847550
Parent Petroleum,848216
AmeriHealth Caritas,848248
DollarDays,849957
Northern Air Cargo,851438
The University of Kansas Health System,851980
Muffetta Household Staffing Agency,852030
AltaSource Group,852201
Compass Group,852267
Industrial Electric Mfg. (IEM),852298
Tierra West LLC,852398
Gamewell Mechanical Inc.,853257
Dynamic Campus,853360
PaperWorks,853537
NexCore Group,853642
Litera,853742
JG Wentworth,853789
Spectrum Control,853793
Porta-Painting - WBENC CERTIFIED,853989
School of Rock,854521
i2i Population Health,855005
Cad&Lan,855364
Reading Truck,855749
Simply360 Search,856261
Pfluger Architects,856631
Spirit Halloween,856720
Cryoport Systems,856887
CloudZero,856969
Chileda,857246
Calgon Carbon Corporation,857495
"Gramercy Surgery Center, Inc.",857700
AdventHealth,858214
Firebirds Wood Fired Grill,858623
GlobalPoint Inc,859069
Killick Group,859307
"Patriot Software, LLC",860124
Critical Project Services,860335
Concord Technologies,860456
Kinder's Premium Quality Seasonings & Sauces,860458
Full Circle Health,860833
FST Logistics,860860
Pinnacle Search Partners,860919
Sunrun,860999
Fiverr,861427
"Hesnor Engineering Associates, PLLC",861612
"Association for Energy Affordability, Inc.",862962
Harter Aerospace,863009
Exertis | Jam,863212
Greenfield Community College,864261
CK Construction,865558
Agency MJ,865764
The University of West Alabama,865825
ABC Home & Commercial Services - Texas ,866389
Leading Path Consulting,866507
"Community Solutions, Inc. (CSI)",866718
BTI360,866788
Bluffton Township Fire District,866905
Interfacio Ltd,867761
Monroe Hospital,868314
Brilliant®,868336
Service Motor Company,868951
Crystal Equation Corporation,869128
Coriell Institute for Medical Research,869492
Hennepin County Sheriff,869524
SourceAudio,869909
Providence Anesthesiology Associates,870900
"CESO, INC.",870977
Hampel Corp.,871040
"Eventida, Inc.",871108
Henderson Harbor Group,871133
Medical Facilities of America,871502
Metalsa,873825
Wonderland Child & Family Services,874009
Arizona Department of Gaming,875335
Xsolla,875431
WAHVE LLC,875966
TOP Worldwide LLC,876048
Molecular Products,876123
Molded Fiber Glass (MFG) Companies,876196
Jim 'N Nick's Community Bar-B-Q,876225
"PVI Holdings, Inc.",877430
ifm,877499
ANOTECH USA,878353
Tech Observer,878413
Delta Utility Services,878481
SPIbelt,878499
Penn Foster Group,878513
Advisors Excel,878533
ScaleneWorks People Solutions LLP,878597
"Denham-Blythe Company, Inc",879040
MacPaw 🇺🇦,879486
COREcruitment Ltd,880202
Winner Aviation,880669
Rose Medical Center,880808
Xylo Technologies,881102
"VAALCO Energy, Inc",881148
TCWGlobal,881304
Good Feet Worldwide,881424
Pinnacle Healthcare Consulting,882674
Lakeland PBS,883225
RiverWoods,883471
"Stanley Black & Decker, Inc.",884316
Comptech Associates,885787
City of Montgomery,886425
"VECARIUS, Inc.",886457
Nevada Attorney General's Office,886705
Lightspeed Systems,887484
LGH USA,887776
Butler Machinery,887799
Centurion,887894
ABC 10News San Diego | KGTV Channel 10,888055
St. Mary's Healthcare System for Children,889392
"Risk Placement Services, Inc.",889599
francesca’s®,889841
Analytica,889902
NATA- National Air Transportation Association,889952
VDart,890145
Marcum Search,890161
Sagimet Biosciences,890543
The Trade Desk,892001
"360 Tour Designs",892530
ARTHALAND,893018
WRS - Worldwide Recruitment Solutions,893807
"Traylor Bros., Inc.",893928
"Hillmann Consulting, LLC",893983
LTS - Video Solutions for Security Professionals,894315
"KS Engineers, P.C.",894471
Cedar Fair Entertainment Company,894610
Addition Management,894640
"Johnson & Johnson, Inc.",896415
Petaluma Health Center,897906
"Premier Placement, Inc.",899339
Keck Medicine of USC,899708
"CEDARVILLE Engineering Group, LLC (CEG)",899790
"Encore Electric, Inc.",900736
Entech,901502
Adams Group,902605
Shaffer Distributing Company,902762
Texas Alcoholic Beverage Commission,903054
Aegistech,903138
"Certifi, Inc",903491
Riverbend Sandler Pools,903687
Softdocs,903862
Prime Coverage Corp.,904119
Stanton Optical,904246
ID Logistics US,905282
Francis Ouimet Scholarship Fund,905283
AbitOs Accountants + Advisors,905367
"Engineering Services Group, Inc.",905676
Eptura,906401
Bowman Williams,906633
Kerridge Commercial Systems,907307
Empeople Credit Union,908087
Dental Care Alliance,908113
American Hospitality Group,910095
Cerity Partners,911430
Astrix,911461
"Whirlwind Steel Buildings, Inc.",912157
Universal North America,912312
"Sunray Enterprise, Inc.",912358
Colasanti Companies,912360
Virginia Department of Health,912494
TechniBlend™,912675
"Quantix, Inc.",912694
Thumbtack,912833
Mariner Finance,913665
Saint Andrew's Episcopal School,914254
Westminster Canterbury Richmond,914890
"USA Cares, Inc.",915154
Barnard,915215
WebTitle Agency,915584
Catchpoint,915922
SMS group USA,917029
Jacob Burns Film Center,917185
Cetera Financial Group,917557
Radian,917641
SunStar Strategic,917706
EquiTrust Life Insurance Company,917707
Spear Physical Therapy,917742
"Inventory Locator Service,® LLC",917979
KSAT,918035
"Wanner Engineering, Inc.",918334
Present Music,920080
A.G. Rhodes,920209
"Enzo Life Sciences, Inc.",920392
Arizona College of Nursing,920424
T3 Live,920618
"Sabre Industries, Inc.",920954
Catholic Charities of the Archdiocese of Washington,921112
Educational Insights,921340
Get Connected by Galaxy Digital,921509
Prima Theatre,921636
HealthPRO Heritage,922502
The Institute for Family Health,922640
Cantex,922983
Quantic Wenzel,923557
NTS Unitek,924002
Sepro Group,924962
"BFW Group, Construction Project Managers",925074
Brooks International,925260
Okta,926041
Oak Hills Church,926086
The Hiller Companies,926979
MedCerts,927284
JB Poindexter & Co,927781
Klas Government,927981
East Bay Agency for Children,928045
Internal Fire Pilates,928047
Nisivoccia CPAs,928766
Russo & Gould LLP,929276
Room to Grow,929462
"Great Southwestern Construction, Inc.",929568
Melwood,929836
Macrospect,931495
The Ford Agency,931863
Maven Recruiting Group,931923
Wisconsin Watch,932138
GH Advertising,932155
Discovery Land Company,932563
Soundview Consultants LLC,932755
St. Joseph's Health,932766
Siri InfoSolutions Inc,933942
AgCountry Farm Credit Services,934077
Summit Orthopedics,934361
Renesas Electronics,934588
Forney Independent School District,935060
AllSaints,935956
Cornerstone Banks,936460
"Synchrony Group, LLC",936483
Driven Brands Inc.,936584
Booster,936620
MODAA CONSTRUCTION,936885
Wyss Institute at Harvard University,936915
Warby Parker,937112
Valiantica Inc,937217
MCRA,937325
Association of Community College Trustees,937393
"Midwest Steel, Inc.",937678
ZEISS Group,938659
East Liverpool City Hospital,938801
Brickhouse Resources,939336
"Glacier Bancorp, Inc.",939521
John Zink Hamworthy Combustion,939844
The Hoyt Organization,939903
Swipeclock,940888
Saint Michael's Medical Center,941454
"Nugget Market, Inc.",941488
DK Security,941677
Primoris Services Corporation,942009
The Suddath Companies,942920
"SmartWorks, LLC",943057
WRK Engineers,943113
McLane Global,943426
Expo Convention Contractors Inc.,943798
Sennheiser,945178
Finatal,945273
Family Service League - Long Island,945727
Castolin Eutectic,945733
IRONCLAD Marketing,946084
"Naderi Engineering, Inc.",946114
"Centizen, Inc.",946242
State Farm Insurance Agency,946386
CAPTEK® Softgel International,946408
Tandem Diabetes Care,946628
Rooftopia,946811
Tao Group Hospitality,946966
First United Bank,947663
BCforward,947715
Madewell,947791
Energy Fuels Inc,947812
BluSky Restoration Contractors,947908
Mi Familia Vota,947989
Pritchard Industries,948098
Netvision Resources Inc,948528
Williamsburg Landing,948550
Peterson Manufacturing Co,948847
Mercedes-Benz of Sugar Land,948851
Dennis Group,948981
ICP,949762
The Woodlands Resort,950746
Working Solutions LLC,950751
Price Heneveld LLP,950965
Armstrong Transport Group,950989
"Tenstreet, LLC",951005
Massachusetts Eye and Ear,951130
"Benore Logistic Systems, Inc.",951132
Four Leaf Properties,951177
WCG Construction,952628
Nachawati Law Group,952784
National Youth Advocate Program (NYAP),952788
KB Search Team,953310
Ivystone Group LLC,954213
"VRX, Inc.",954757
Expert Technical Solutions,955494
Taitem Engineering,955524
"Onsharp, Inc.",956749
Dixon Valve,957015
Bert Nash Community Mental Health Center,957131
First National Bank and Trust,957193
Acelero Learning,957210
Asian Americans Advancing Justice | Chicago,957397
Natek Energy ,957722
APPLIED Adhesives,957775
Wilde Wealth Management Group,959354
Agape Home Healthcare,959738
DAOU,959877
"Advanced Behavioral Health, Inc.",960918
SAPSOL Technologies Inc. : Systems and Process Solutions for your Enterprise,961273
CLEAR,961661
Tahoe City Public Utility District,962257
Alliance Ground International,962407
Crane Engineering,963375
Vistra,963427
First Response Security,963624
"Reqroute, Inc",963739
Bunzl Distribution NA,963770
Judson Group,964208
Gordian,964248
Career Opportunities International,964511
Visit Shreveport-Bossier,965405
LAN Associates,965407
Provisions Group,965474
Optimist Youth Homes and Family Services,965557
"Niagara Partners, Inc",965703
Gupta Media,965942
Webber,966006
D3 Search,966085
Go1,966527
AmeriLife,966976
ZipRecruiter,967124
Tactile Medical,967220
Cross River,967395
JMC Aviation,967563
KRG Technologies Inc.,969396
"Fairview Search Group, LLC",969699
Method Communications,969725
Shady Grove Fertility,969826
Salt,970538
Finlays,970588
SNI Companies,971273
Continental Electrical Products,971511
"Dynatron Software, Inc.",971542
Van Metre Companies,971890
Qsource,973991
St. Luke's Health System,974098
Garden of the Gods Resort and Club,974416
Just A Start,974997
ZAG Interactive,975681
Diamonds Direct,976529
ARCURE BLAXTAIR,976806
St. Anselm's Abbey School,978056
"Tempest Technologies, LLC",978324
First Fed,978382
Reliable Software,978668
University of Maryland Medical System,979374
Knack,980641
Dechra,981244
Hebeler LLC,982361
Berkeley Research Group,982614
CM&B ,982797
Monster Energy,983286
Essentia Health,984169
Coleman Worldwide Moving,986093
The Heico Companies LLC,986234
Shepherd Insurance,987005
TTS Solutions Inc,987321
EC M&A,987613
Shannon Waltchack,988555
"Adventure Media and Events, LLC",988615
VEIT,988653
Meet Rise,988690
Berkley Oil & Gas (a Berkley Company),988887
LifeSpan medicine,989170
Electric & Gas Industries Association (EGIA),989815
Cheyenne Regional Medical Center,990745
Lower Cape Fear LifeCare,990776
Ohio Department of Natural Resources,991319
International Food Products Corporation,991363
Adaptive Health,991400
"The Liberty Company Insurance Brokers, LLC",991576
AU10TIX,992782
Fiduciary Decisions,994103
Vector Disease Control International (VDCI),994191
Valley Forge Educational Services,994464
Agri-Fab,995075
Hire Up Staffing,995190
Chamberlain Group Financial Services,995453
Med-Trans Corporation,995588
iConn Technologies,995875
"The Dermot Company, LP",996149
Propel HR,996655
KCC Companies,997179
Linqto,997773
Kansas Department of Health and Environment,998131
Easy Dynamics Corp,998305
Bournewood Health Systems,999245
AimHire,999780
Tokio Marine HCC,1000415
ACA Talent,1000626
Moses Lake Industries,1000636
Landmark Business Services,1000783
Divisions Maintenance Group,1001824
Action Facilities Management,1002254
"Automated Logistics Systems, LLC.",1002412
Atlas Bolt & Screw Company,1002639
NAPA Auto Parts,1002773
More Than Words,1002880
"Nelson-Jameson, Inc.",1003053
Rylem Staffing,1003064
"Medifast, Inc",1003134
Terranea Resort,1003889
IMS Integrated Merchandising Solutions,1003933
International Bath and Tile,1004269
IT Unlock,1004356
Visual Comfort & Co.,1004436
Inno-Pak,1004459
Tutera Senior Living and Health Care,1004855
Trystar,1004891
Rooftop Films,1005649
"Orange and Rockland Utilities, Inc.",1006350
The Beverly Hilton,1007435
Proflow Pumping Solutions,1007530
MAREK,1007571
Krapf Group - School Bus and Transportation ,1007910
ClearanceJobs,1007957
AssociationVoting.com,1007962
"Thompson Industrial Services, LLC",1008238
Inolex,1008255
Instinct,1008271
Caresoft Global,1008422
Medical Search International,1008624
Northeast Center for Youth and Families,1009990
TransTech Energy,1010123
Costa Farms,1010140
Tacoma-Pierce County Chamber,1010238
Evergreen Real Estate Group,1010446
Cascade Health ,1011103
Hirschmann Car Communication GmbH,1011518
LICCAR Fund Services,1012260
Tri-North Builders,1012324
Envida Social,1012577
Real Staffing,1012623
Sev1Tech LLC,1013110
"Toledo Engineering Co., Inc.",1013189
The ELM Group,1013591
Technostrides Inc,1014710
Apex Clean Energy,1014734
Egnyte,1015589
HBF,1015717
"Prodege, LLC",1015739
iHire,1015745
BitPusher,1016007
Palo Pinto General Hospital,1016817
"Silk Road Medical, Inc.",1016945
Big Shoulders Fund,1017004
Atlanta Public Schools,1017056
CFG Bank,1017299
Mallet Design Build,1017708
West Valley Community Services,1017807
Gradient,1017879
Saladmaster,1018230
LESC,1019807
Rosecrance Health Network,1020702
POLYWOOD®,1022431
Sherweb,1022548
Corcentric,1022601
National Trench Safety,1022728
Rebecca Taylor,1022898
"Summit Group Solutions, LLC",1022975
FIAF - French Institute Alliance Francaise,1023386
Lori's Gifts,1023624
HCL Global Systems Inc,1025072
JTC Group,1025207
Health Management Associates,1025311
First Student,1025446
"Signature Graphics, Inc.",1025753
VirTra,1025815
RL Enterprise & Associates: Recruiting & Staffing,1025996
Drexel Building Supply,1026261
Keytel Systems,1027175
IV League,1027285
MAVAL Industries LLC,1027558
Lazy Dog Restaurant & Bar,1027866
McInnis Inc.,1027869
HireTalent - Diversity Staffing & Recruiting Firm,1028156
"EXB Solutions, Inc",1028217
RT Specialty,1029285
"Coordinated Care Services, Inc. (CCSI)",1029798
Ketner Group,1029879
Marqeta,1030330
"23ABC (KERO-TV)",1030395
Jordan Manufacturing,1030518
My Possibilities,1030624
D. E. Shaw Research,1030814
"TTC, Inc.",1031662
"Orthopedic Rehabilitation Associates, PC",1032163
Acceleration Partners,1033036
"The University of New Mexico Foundation, Inc.",1033540
"Norlift, Inc.",1033728
Greater Philadelphia YMCA,1034009
PGL (Perimeter Global Logistics),1034220
"Dragados USA, Inc.",1035245
Honolulu Star-Advertiser,1035335
Siebert Williams Shank,1035683
UW-Madison Housing,1035742
Systems Ltd,1036202
Real Capital Solutions,1036595
Strategic Talent Partners,1036685
McIntosh Box & Pallet,1037566
Indiana Donor Network,1038152
InductEV,1038250
Vapor Power International,1038580
LutechResources,1039599
"California Rural Legal Assistance, Inc.",1039840
Active Minerals International,1040010
Respawn Entertainment,1040695
F-o-r-t-u-n-e Personnel Consultants of Troy (FPC-Troy),1040738
Sonova Group,1041095
Indiana Municipal Power Agency,1041443
KIND,1042218
Catholic Charities of Baltimore,1042230
MedTeam Staffing,1042778
Nebraska Public Media,1043057
Tyson & Mendes,1043063
Noto Group Executive Search,1044152
Project Bread,1044717
The Middlesex Corporation,1045120
Western Reserve Area Agency on Aging,1045198
University of Colorado Medicine,1045296
Greater Des Moines Partnership,1045324
Haefele Flanagan,1045378
FOX'S,1045582
SRA Staffing - SRA Group ,1045637
Neighborhood Loans,1045761
Real Hospitality Group,1045781
"Chicago Financial Search, Inc.",1046833
Liberty Health,1047174
"Bay Cities Paving & Grading, Inc.",1047203
Waianae Coast Comprehensive Health Center,1047206
Keller Augusta,1047500
"Episcopal Health Services, Inc.",1047896
Crenlo Engineered Cabs,1049102
Planet Depos,1049635
Reproductive Medicine Associates (RMA Network),1050601
Hard Rock Hotel San Diego,1050905
Premier Healthcare Professionals,1050934
Ideal Credit Union,1051055
Microbiologics,1051105
Tambourine,1051184
sourcemantra,1051620
MKS2 Technologies,1051720
iWealth,1051897
Natera,1051903
"Anveta, Inc",1051998
Mariner,1052664
Wolverine Power Systems,1052686
TeachTown,1052946
François & Co.,1053630
MedTech Healthcare Consultants,1054156
Quality Theorem,1054393
Trinseo,1054905
dna Communications,1055583
Child Guidance Resource Centers,1055862
Sobi - Swedish Orphan Biovitrum AB (publ),1056356
"Morgan Consulting Resources, Inc. - Healthcare Executive Search",1056618
Themesoft Inc.,1056670
BRAYN Consulting LLC,1056780
Credit Karma,1057159
WGA Consulting Engineers,1057235
Garven Design Group,1058216
Engrain,1058806
Visual Edge IT,1059029
IBSS,1059436
Speedy Septic,1059482
City of Sun Prairie,1059492
Copper Run Distillery,1059504
Point & Pay,1059609
"Wilbert Funeral Services, Inc.",1059690
"Sigma Solve, Inc.",1060709
"1st Employment",1060858
Apollo Technical,1061851
Bully Pulpit International,1063038
"Furniture Enterprises of Alaska, Inc.",1063313
"Right Executive Search, LLC",1064013
William James Recruitment,1064454
Peak Vista Community Health Centers,1065105
Packsize,1066369
Datadog,1066442
PWR Advanced Cooling Technology ,1066481
Newcomb and Company,1068029
Archaeological Institute of America,1068366
Titan Machinery,1068426
Harris County Public Health,1069062
Robovision,1069814
DC Water,1070148
Kavaliro,1070686
Hooker Furnishings Corporation,1071048
"ControlPoint Technologies, Inc.",1071103
Riverside Healthcare,1072126
Damco Solutions,1072142
Rent The Runway,1072347
Bravens Inc.,1072429
Hudson Pacific Properties,1072529
High 5 Games,1072533
Virginia Transformer Corp,1072910
Talent Focus Executive Search and Consulting,1073013
ConGlobal,1073325
International Quadball Association,1073444
Naval Nuclear Laboratory (FMP),1074444
MPA Recruitment,1074964
Riverside Community Hospital,1075010
Los Robles Hospital and Medical Center,1075046
Regional Medical Center of San Jose,1075061
Rockwood Wealth Management,1075072
Southern Hills Hospital and Medical Center,1075106
Health Care Service Corporation,1075434
EPS Security,1075513
ANR Group Inc,1075962
"Indiana Automotive Fasteners, Inc.",1076033
CapRadio,1076050
Robert Heely Construction (RHC),1076175
Jconnect Infotech ,1076320
FrontStream,1076858
Vital Energy,1076974
Surge Staffing,1077068
Ryan Specialty,1078837
The Oakleaf Group,1079114
FLANDERS,1080671
DiaMedica Therapeutics Inc.,1081075
USIC,1082026
ExecuSource,1082195
Lescombes Family Vineyards,1083074
Sherman Oaks Hospital,1083489
ABN AMRO Clearing USA LLC,1084020
OpenSesame,1085547
Bauer Foundation Corp.,1086439
"Clover Leaf Solutions, LLC",1086737
"Smith & Associates, LLC.",1086745
BuildingReports,1086800
NYS Office of General Services,1087079
Haag Global,1087151
Clinical ink,1087315
Synergy Interactive,1087408
MAS ACME USA,1087560
Green Hedges School,1087755
"Sungrow Power Supply Co., Ltd.",1088079
Korea Investment Corporation,1088311
YWCA of Greater Harrisburg,1088372
Integrass,1088884
LaundryLux,1089202
"Century Business Technologies, Inc.",1089204
Employvision Inc.,1089558
JeffreyM Consulting,1089952
MAG Aerospace,1090323
"Apex Tool Group, LLC",1090622
"Air Transport International, Inc.",1090634
SolarCraft,1090796
Thorne,1091069
"MSR-FSR, LLC",1091704
BPO Recruit,1092280
Centennial Group,1092777
erg group,1095246
"Vanderheyden, Inc.",1095737
Ad,1095818
"Community Options, Inc.",1096036
"Millennium Print Group, A Subsidiary of the Pokémon Company International",1096167
"Technicon Engineering Services, Inc.",1096173
Marsh McLennan,1096648
Small Business Majority,1096698
Stella & Chewy's,1097546
"ADR Application Development Resources, Inc.",1097607
Envita Solutions,1097803
"Technical Resources International, Inc.",1098262
Sigma Resources LLC,1098458
Harbor Wholesale,1098754
Minnesota Department of Human Services,1098868
Ruth Ellis Center,1100063
Intern Queen Inc.,1100068
"Clean Air Lawn Care, Inc.",1100328
Holder Properties,1100400
Doubletree by Hilton Chicago Magnificent Mile,1100591
Tanger,1100792
Freeport-McMoRan,1100944
Smashburger,1101054
"ETS, Inc.",1101759
Pure Hockey,1102373
Rogue Ales & Spirits,1102521
PRISM,1102596
Jan Marini Skin Research,1102706
"Burrow Global, LLC",1102833
CunninghamLegal,1104109
Southwest Florida Water Management District,1104193
"Sensor Electronic Technology, Inc",1104341
Adecco,1104359
Ovative Group,1105221
St. Gregory Recovery Center,1105358
North Hill Needham Inc.,1105385
"Associated Students, San Francisco State University",1106438
Connvertex® Technologies,1106954
Seoul Semiconductor,1107151
Super Products,1107600
Labatt Food Service,1107795
Affinity Management Group,1107900
Circle Graphics,1108764
Servicon,1109109
Horizon Health Services,1109157
Proterra Inc,1109341
WHOOP,1110454
Bonhams Skinner,1111304
Oak Valley Community Bank,1111845
"Group Management Services, Inc.",1112708
Western Exterminator Company,1113121
Override Health,1114147
Enscicon Corporation,1115352
Service Partners,1115372
Sky Factory,1115743
Alvogen,1116080
Radley James,1116353
SGA Design Group,1116823
"Vishay Precision Group, Inc. (VPG)",1116890
Compass Tech International,1117266
PBF Energy,1118373
Arnold Companies,1118621
Amalgamated Sugar Company,1118764
Turning Pointe Autism Foundation,1119770
Impulse Creative,1119919
Action Food Sales,1120131
pepperl+fuchs,1120218
Earls Kitchen + Bar,1120223
UAS International Trip Support,1120816
"Klepper, Hahn & Hyatt",1121618
Virginia State Corporation Commission,1121984
Shelgin Partners Recruiting Agency,1121995
"Advanced Communications and Electronics, Inc. ",1122021
CBTS,1122072
"Haynes Group, Inc",1122148
Buckelew Programs Inc,1122347
KeHE Distributors,1122744
ProCare Therapy,1124026
Pinterest,1124131
ZoomCare,1124499
Guaranteed Supply Company,1124641
Western Spirits Beverage Company,1124752
Thompson Thrift,1124924
AleSmith Brewing Company,1125021
Shake Shack,1125676
Mandalay Homes,1125938
"EffectiV Internet Solutions, Inc.",1126170
Beatitudes Campus,1126457
"EIT, Inc.",1126511
Fulcrum Construction,1126642
"Platinum Healthcare Staffing, Inc.",1126777
Giant Food,1127295
ZWILLING J.A. Henckels LLC,1128175
The Sack Company,1128334
"Baanyan Software Services, Inc.",1128661
HKA Enterprises,1128772
Prime Healthcare,1129552
The Seven Hills School,1129637
Sycamores,1130658
Fieldpiece Instruments,1130682
Watkins Wellness,1130907
Moss & Associates (Construction),1131351
PMP Management,1133000
ModMed,1133049
River Edge Behavioral Health,1133633
Merz Aesthetics,1133946
Sterling Distributors,1134536
First Baptist Atlanta,1134645
Mermet USA,1135248
"Transamerica Financial Advisors, Inc.",1135292
Ergon Inc.,1135347
All Weather Insulated Panels,1135689
National Contracting Center,1136547
Bipartisan Policy Center,1136638
InterMountain Management,1136912
PINKERTON | Comprehensive Risk Management,1137591
The Travel Corporation,1137800
Lakeside International Trucks,1137888
"Altus Power, Inc.",1138023
IT America Inc,1138065
Quten Research Institute,1138353
"Century Communities, Inc. (NYSE:CCS)",1138369
Fathom Realty,1138689
Vetcor,1139444
Laurel Springs School,1140035
UASI,1140216
Origin Bank,1140546
Secure Transportation,1140707
CB Insights,1140722
Treasury Wine Estates,1140750
Westchester Institute For Human Development,1141810
CMDS,1142201
Caligor Coghlan,1142497
Super Systems Inc (SSI),1142560
"Renntech, Inc.",1143555
SICIS,1143999
FutureWork Systems LLC,1144632
HERVIS Sport- und Modegesellschaft mbH,1145589
Georgia Department of Audits and Accounts,1145681
HealthNet,1145825
Health Union,1145944
Cooper-Booth Wholesale Company,1146019
JW Marriott Las Vegas Resort & Spa,1146328
ACC Aviation,1146340
"Williams Overman Pierce, LLP",1146342
Cheryl Garcia & Company,1146569
Remodel Health,1146830
KRA Corporation,1147291
Stella-Jones,1149007
Specialized Recruiting Group ,1149193
"HOWCO, Inc.",1149235
Facility for Rare Isotope Beams (FRIB),1149244
Strategic Concepts in Organizing and Policy Education,1149297
"MATCOR, Inc.",1149301
Sudler Property Management,1149540
"PeopleWare Staffing, Inc.",1149971
Mungo Homes,1150965
"Community Mental Health Affiliates, Inc. (CMHA)",1151065
Crump Life Insurance Services,1151276
"Corelation, Inc.",1151508
Avidia Bank,1151626
Holtec International,1151762
Gatehouse Partners,1151803
"REV Group, Inc",1151859
Advanced Diabetes Supply,1151910
Herzig Engineering,1152123
Orange Barrel Media,1152410
Detroit Engineered Products,1152888
Cognitive Group | Part of the Focus Cloud Group,1153088
"Tecomet, Inc",1153096
"EFP, LLC.",1153423
Family Office,1154342
Burnham WGB Insurance Solutions,1154648
Alma Bank,1155494
Crescent Bank,1155618
Travel Incorporated,1155646
CGS Business Solutions | INC 5000 Company,1156293
Home Creations,1158232
Premier America Credit Union,1159419
Equiniti,1159938
Teak Isle Manufacturing,1160138
Sonnax,1160236
Cherriots,1160416
"Setpoint Integrated Solutions, Inc.",1160424
PahRoo Chicago Appraisal & Real Estate Consultancy,1160830
Rural City of Wangaratta,1160951
Wilmar Sugar Australia Limited,1161603
DICE (EA Digital Illusions CE AB),1162260
Dynamic Real Estate Assistance & Management,1162571
Alliance Advisors,1162572
Elma Electronic,1162667
Farah & Farah,1163674
GILLIG,1164772
OSS Health,1164803
"BG Products, Inc.",1164978
"P E Systems, Inc.",1165014
LogicMonitor,1165219
Portsmouth Atlantic Insurance,1165758
Kyruus Health,1166417
CGT Staffing (CompuGroup Technologies),1167425
Progress Lighting,1167427
Accurate Personnel LLC,1167582
A Safe Haven Foundation,1168031
AltaPointe Health Systems,1169849
Rise Technical,1170014
Smith Arnold Partners,1170165
Richard Harris Law Firm,1171036
Times Microwave Systems,1173099
Populus Select Ltd,1173323
"Sprout Social, Inc.",1175268
Bob's Watches,1175330
Brilliance.com,1175642
Kimball Electronics,1176781
"2Life Communities",1177054
Capital Premium Financing,1177103
Top Prospect Group,1177191
dormakaba Americas,1177302
"VeriSource Services, Inc.",1179477
JD Martin Company,1179682
"United Employment Group, Inc.",1179884
Diverse Staffing,1180728
Ascend Schools,1181086
JumpstartMD,1181273
"Hawkins HR Consulting, LLC",1182417
Able&Co.,1182531
Syndicated Equities,1182553
Avesta Housing,1182899
South Carolina Department of Employment and Workforce,1183247
Marmon Utility,1183601
RevenueWell,1183856
Cheshire Medical Center,1184811
Thermo Systems,1184888
Discover Technologies,1185381
Wet Willie's,1185424
City of Dacono,1186641
O'Neil Digital Solutions,1188867
ImageFIRST,1188909
WilsonHCG,1189097
Home Care Pulse,1189322
United Health Services,1189394
"Milliner & Associates, LLC",1189413
TS Bank,1189796
Barcel USA,1190133
"Onelead Co.,Ltd.",1190456
Premier Transportation,1190937
Atlantic Residential,1191375
Make-A-Wish North Texas,1191714
Texas Department of Information Resources,1191778
Kate Somerville Skincare,1191835
MarinHealth,1192815
MathWorks,1194036
"Glastender, Inc.",1194336
Shrewsberry & Associates,1194746
Phenom,1195173
KBRA,1195377
Victory Brewing Company,1195396
"Synergetic, Inc.",1195818
Aladdin Temp-Rite,1196636
PrairieCare,1196920
Ceco Concrete Construction L.L.C.,1197139
Satwic Inc,1197199
Opes One,1197526
Alabaster Police Department,1197788
Allied Steel Buildings,1199371
Tampa Bay Watch,1199425
KTek Resourcing,1199482
Blomquist Hale Solutions,1200217
Advanced Marketing Strategies,1200322
The Sandi Gentry Team-REMAX Lakeshore,1200486
Feedvisor,1202146
Holland Partner Group,1202286
Learning A-Z,1204008
International Country Club,1205597
L. & J.G. Stickley,1205763
MSC Cruises,1205858
Power Stop LLC,1206036
"MCG Energy Solutions, LLC",1206052
HELMUT LANG,1206276
SpotOn,1206743
Pacific Staffing,1207327
"Munger, Tolles & Olson LLP",1207387
BlackDog Advertising,1209846
PDI,1210252
DBSI Services,1210463
Lids,1210593
Innovative Construction Solutions,1210777
Private Family Office,1211050
National Staffing Solutions,1211063
STONE Resource Group,1211135
"HMP Properties, LLC",1211552
Timberline Manufacturing,1212669
"Scientific Applications & Research Associates (SARA), Inc.",1213134
Goodstone Inn &  Restaurant,1213296
"CJ & Associates, Inc",1214100
The Fund for Women and Girls,1214165
Introba,1214303
Lucid Software,1214453
Atlantic Group,1215629
Save the Sound,1216446
San José Clinic,1216717
Behr Paint Company,1216867
Lyle Health - Healthcare Recruitment Experts,1217051
Jordan Valley Community Health Center,1217647
Ultragenyx,1218233
Alibaba Cloud,1218665
Lutheran Child & Family Services of IN and Northern KY,1219396
BGI Genomics,1219436
Ovivo,1222117
Treehouse,1222129
"NeJame Law, P.A.",1222894
Piab - A brand by Piab Group,1223584
"Carma Laboratories, Inc.",1224253
Quantum Resource Professionals,1224454
Ebenezer,1224492
Fresh Healthy Cafe,1224618
Boston Semi Equipment,1224963
Railcrew Xpress,1225121
Hamlyn Williams,1225192
Child Mind Institute,1225301
Calvary Christian Academy,1226520
Airswift,1227813
"TSP, a Syneos Health company",1228140
Brio Living Services,1228213
FloSports,1228344
Resultant,1228497
Cambridge Eating Disorder Center,1228798
American Dental Education Association (ADEA),1228837
Fred Smith Company,1229017
Phoenix Energy Technologies,1229654
DC News Now,1229656
Vectra AI,1229716
Resolve Tech Solutions,1230090
Midea America Corp,1230481
Recovery Ways,1230595
Hudson Auto Group,1230807
GAIA,1231075
Sterling Foods,1232616
Denver Zoological Foundation,1233019
Nordic Ware,1233366
Families In Schools,1234587
Schoolhouse,1236567
Teasdale Latin Foods,1236687
Westbrook Energy Group,1237006
Del Grande Dealer Group,1237463
Precision Metal Works,1239084
rms Company,1242034
Sears Home Services,1242080
Design Ready Controls,1242378
Lovely Bride,1242766
"Peckham Industries, Inc.",1242877
IntegraServ,1243039
"Raptor Technologies, LLC",1243589
The Robert Joseph Group,1243674
Red Nucleus,1243700
Click Here Digital,1243980
OneStream Software,1244326
Ferrilli,1244951
Haynes Mechanical Systems,1247000
"Sunrise Systems, Inc.",1247220
Ridgeview,1247487
Reunitus,1247510
Rural King,1247902
SAS Retail Services,1248216
"BLH Technologies, Inc.",1248708
FilmRise,1249413
NCHFA,1250602
Saviance,1250658
"Armata Pharmaceuticals, Inc.",1251463
CalRecycle,1251510
"Medisolv, Inc.",1251913
CytomX Therapeutics,1252704
Navarro Research and Engineering,1252897
UC Health,1252954
Artex Risk Solutions,1252993
Technical Solutions Inc.,1253375
Conscious Minds Studios,1253387
Catawba Valley Health System,1253502
Intellect IT,1253581
Grammarly,1253671
"Nichols, Cauley & Associates, LLC",1253690
Ford's Theatre Society,1253709
Lightstone,1253950
Union Square Events,1254463
Pearson Packaging Systems,1254572
"BEKO Technologies, Corp.",1256152
"Systems, LLC - Poweramp | DLM",1256481
Romack Inc.,1257105
"True Group, Inc.",1257192
BroadcastMed,1257299
"National DCP, LLC",1257738
Vantage Data Centers,1257837
Fusion Academy,1258341
TELUS International,1258653
Springboard Health,1258846
Heritage Companies,1259121
Hilton Salt Lake City Center,1259256
MTX Group,1259668
G&W Electric Co.,1260561
H Mart,1262640
Whitesell Group,1262896
Associated Materials,1263534
Journalism and Women Symposium (JAWS),1263903
"AquantUs, LLC",1264953
ForceBrands,1265257
The Academies of Math and Science,1265442
Vestian,1265719
DESC (Downtown Emergency Service Center),1265972
Elite Asia,1266211
"Belvedere Trading, LLC",1266312
Florida Health Care Plans,1267359
CrossCountry Freight Solutions,1267571
Customers Bank,1267995
"Labor On Demand, Inc. ",1268542
"WestEast Design Group, LLC",1268566
"HeartFlow, Inc",1269161
Tennessee Wildlife Federation,1269456
"TBEI, Inc.",1270134
Juno Search Partners,1270342
CleanSlate Centers,1271305
Gerald Group,1271542
TRAX International Corporation,1271599
Froedtert Health,1271806
Yamaha Corporation,1272635
Oil and Gas Job Search Ltd,1273097
"Volkswagen of America, Inc",1273631
Ohio Department of Administrative Services,1275357
Windsor Fashions,1276166
Propel Schools,1276240
"Rise Services, Inc.",1276705
YipitData,1277290
Alumni Hall Stores,1277302
Allergy Partners PLLC,1277307
Fondation KANPE Foundation,1277348
Resource 1 LLC,1277958
"Partner's Consulting, Inc.",1277980
OneDigital | Resourcing Edge,1278517
GigaGen Inc,1278574
TechStar Group,1279135
Husky Rack & Wire,1279208
"Techaxis, Inc",1279270
Stefanini North America and APAC,1279359
Pinellas County Government,1279498
DuPont Community Credit Union,1280243
Smith Community Mental Health,1280492
Integrated Power Services,1280557
Asta Crs Inc,1281852
Interstate Packaging,1282089
The Green Recruitment Company,1282324
"Signature Performance, Inc.",1282591
Light Efficient Design,1283580
Hawthorne Residential Partners,1283753
IMCS,1283982
Paymentus,1284249
VBeyond Corporation,1284511
The Yurconic Agency,1284538
Real Estate Equities,1284908
Genzeon,1284913
UICGS / Bowhead Family of Companies,1284978
Axelon Services Corporation,1285000
ProviderTrust,1285745
EKKO Title,1286113
The Rittenhouse,1286302
Senox Corporation,1286746
Outward Bound Adventures (OBA),1286867
W3Global,1286891
Lincoln Electric System,1287066
"WithumSmith+Brown, PC",1287825
Oak Street Funding,1290387
Enviva,1291588
Mt. Hood Meadows Resort,1292129
Sanctuary Clothing,1292458
Alexander Wang LLC,1292486
Mad,1292509
Phillips Management Group,1292798
Foundation Partners Group,1293049
Airxchange,1293591
ARMS,1293789
Santa Barbara Auto Group,1294561
Alaka`ina Foundation Family of Companies,1294698
Weidner Apartment Homes,1294704
Ritz-Craft,1294914
Kidney Specialists of Southern Nevada,1294941
"Calico Brands, Inc.",1295126
Star International LLC,1295214
Snelling Hospitality Executive Search,1295230
Fast-Fix Jewelry and Watch Repairs,1297898
"Lawhon & Associates, Inc.",1298113
"Allied Modular Building Systems, Inc.",1299059
"Signature Estate & Investment Advisors, LLC",1299114
Oxford Global Resources,1299267
OceanaGold Corporation,1300194
Tricon Residential,1300249
Nidec Motor Corporation,1300289
"Blain's Farm & Fleet (Blain Supply, Inc.)",1300309
Robin Judson Partners,1300563
Future Fence Company,1300779
"Docker, Inc",1301808
Coastal Community Foundation of SC,1301889
"Walrath Recruiting, Inc.",1302410
Alicart Restaurant Group,1302898
AbbVie,1304385
Bold Reuse,1306146
Avantor,1307665
Chenega Security SBU,1308355
Jo Malone London,1308410
Midwest Filtration,1309067
DealerBuilt ,1309361
B2 Management & Consulting,1309570
Team Velocity,1309680
Lowell Inc.,1309964
Bernard Nickels & Associates Legal Staffing LLP,1310532
"STM Consulting, Inc.",1310741
Yulista Holding LLC,1310815
Ancra Cargo,1311052
University Health Services,1311272
Elation Health,1311678
QSI,1311847
The GRA Group,1312123
NP Agency,1312688
Charter Wire,1312747
VeeAR Projects Inc.,1313100
IPS Technology Services IPSTS,1314202
LSEG (London Stock Exchange Group),1314683
Ferrari of Atlanta,1315779
NextPhase Search,1316321
McNaughton Bros. Inc.,1317683
"Viridian Therapeutics, Inc.",1319223
Direct Selling News,1319959
"Pappas Restaurants, Inc.",1320056
Ralph L. Wadsworth Construction,1320522
WHC Energy Services,1321145
"TotalKare of America, Inc.",1321226
MACPAC - Medicaid and CHIP Payment and Access Commission,1321873
Opteon AUS & NZ,1322244
Conspicuous,1323519
Marco Rubber & Plastics,1324164
"Rycon Construction, Inc.",1324597
Brunello Cucinelli,1324613
MEF Associates,1324941
OTC Markets Group,1325454
Ocean Mist Farms,1325694
"Senior Aerospace, Jet Products",1325886
Rootstack,1325982
Carole Fabrics,1326119
Safety Center Incorporated,1326971
RBP Chemical Technology,1327829
AgileEngine,1328565
Advanced Software Talent,1328643
SEAFRIGO,1328834
Monte Nido,1329750
"Sutro Biopharma, Inc.",1329898
MartinBauer,1329947
Uniphore,1331150
UJAMAA Construction,1331578
"Cameo Global, Inc. (Acquired by New Era Technology in 2023)",1331632
Richards Building Supply Co.,1331777
WesleyLife,1332287
"TEC Group, Inc.",1332329
DeKalb County Solicitor-General's Office,1332922
"AGTEK Development Company, Inc.",1333032
Securance Consulting,1334362
Intone,1335118
Allied Stone Inc,1335801
BeiGene,1337177
SOGECLAIR,1337571
"HTI Cybernetics, Inc.",1338162
"Ronpak, Inc.",1338506
Topgolf,1339209
"International Trip Planning Services, LLC",1339873
The Hagerman Group,1340204
Oldcastle BuildingEnvelope,1340308
"Signature Healthcare, MA",1340385
Alice Hyde Medical Center,1340634
Outcomes®,1340717
GSM Roofing,1340825
Onin Staffing,1341246
Teza Technologies,1341833
Sauder Manufacturing Co.,1342014
Laveen Elementary School District,1342100
FINRA,1342448
One&Only Resorts,1342925
"Rubbercraft, an Integrated Polymer Solutions Company",1343149
"Weller & Company, Inc.",1343808
Wish,1344398
DevCare Solutions,1344410
America's Christian Credit Union,1346497
Vanderbloemen,1346678
Mowery & Schoenfeld,1346908
Boston Mutual Life Insurance,1348564
FloodGate Medical,1348779
Derrick Corporation,1348828
johnnie-O,1349493
Kraft Sports + Entertainment,1349712
Santa Maria Community Services,1350200
ACS Cloud Partners,1351156
"Neenah Enterprises, Inc.",1351399
Archery Trade Association,1351400
Zimmermann,1353018
CSG Talent,1354109
SEnergy,1355424
Apple Bank,1356007
Schilling Paradise Corp.,1356549
NOTCH (Northern Tier Center for Health),1356677
"Universal Field Services, Inc.",1357032
Flexfit,1357181
Gesa Credit Union,1357658
Spectrum Center Schools and Programs,1357922
Innergex,1358298
TravelNurseSource,1358653
Sintesys North America - ServiceNow and NearShore Specialists,1359521
Funko,1359624
"Agile Global Solutions, Inc",1360062
Alphacrucis University College,1360127
Aarki,1360209
ELEETE Real Estate,1360279
Serena & Lily,1360319
Thompson Greenspon,1360392
Bella Cosa Jewelers,1361009
Feedly,1361916
Florim USA,1363642
Duncan-Parnell Inc.,1363988
KAnand Corporation,1364228
Cross Insurance,1364235
Sevenson Environmental Services Inc.,1364494
YMCA of Greater Brandywine,1365126
Island Home Center & Lumber,1365746
Pan-Pacific Mechanical,1366002
MSPC Certified Public Accountants and Advisors,1366127
Anthony & Sylvan Pools,1366457
"Criterion Technology, Inc.",1366546
"Campbell Transportation Company, Inc.",1366785
OneStaff Medical,1366800
The HistoryMakers,1367328
MRD Apartments,1367338
National Indemnity Company,1367563
Assurance Technologies,1367825
Embark,1368864
Kent Outdoors,1369051
Presque Isle Downs & Casino,1369238
HRK Advisors,1369344
FORCE Communications-Powered by Petauri™,1371627
Aimic Inc,1372291
Nando's PERi-PERi North America,1372314
XKL,1372477
Hoffman Weber Construction,1372870
iBusinessSolution,1372950
D&D Technologies,1373028
Hopper,1373602
California Museum,1373626
Energy CX,1373658
"ChanceLight Behavioral Health, Therapy, & Education",1373835
MJ Recruiters,1374135
Casey's,1374310
Installed Building Products,1374480
Treatt,1374695
Idaho Forest Group,1374999
YWCA Madison,1375100
The Commonwealth Companies,1375545
ALI Conferences,1375630
Hargrove Engineers & Constructors,1375914
Williams Homes,1376154
Academic Partnerships,1376946
Senior Flexonics,1376949
Freshworks,1377014
United Steel,1378125
TFMoran,1378616
System Soft Technologies,1379045
AscendHire,1379106
Soltis Investment Advisors,1379257
American Orthodontics,1379355
Citizens Crime Commission of New York City,1379795
Birch Family Services,1379912
Lake Lawn Resort,1380287
Haven Behavioral Healthcare,1380865
New Hope Treatment Centers Inc,1380955
Tactical Wealth Management,1381051
Luminous Tec,1381054
Company One Theatre,1381065
"Joeris General Contractors, LLC",1381506
"Dunham & Jones Law Firm, P.C.",1381676
Expert Executive Recruiters (EER Global),1381832
Acrisure,1382996
Lenz Truck Center,1383652
American Screening Corporation,1383902
Bellwether Staffing Solutions,1383931
TekisHub Consulting Services ,1384369
Stealth Mode Start-up,1384888
Watson Electrical,1386018
The World,1386080
RPM Living,1387626
SSG Recruitment Partnerships,1387875
"Search Max, Inc",1388212
Baton Rouge Area Foundation,1388304
Asian Americans Advancing Justice - Asian Law Caucus,1388547
MBM Hospitality,1388679
Movement Search & Delivery,1392051
"Integrated Medical Systems, Inc.",1392401
Harris County Toll Road Authority,1392689
Special District Risk Management Authority,1393557
RETS Associates,1393718
Bloomberg Philanthropies,1393899
BTI Solutions,1394281
Keyes Coverage Insurance Services,1394696
Kitsap Mental Health Services,1394810
Seneca Resources,1394857
Karen Kane,1395151
Katmai Government Services,1396029
CAVA,1396725
American Heritage Credit Union,1396879
Universal Pure,1399385
SpectrumCareers,1400125
RiverSpring Living,1400172
"Drake & Associates, LLC",1400397
The Vincit Group,1400720
FlexTrades,1400801
"QRGA, LLP",1401484
IN DEMAND Recruitment & Consulting Inc. ,1401846
Family Life Communications,1402017
CBH Care,1402502
ProSearch,1402825
Headwaters Group,1403143
Ateeca Inc,1403634
Good Karma Brands,1403725
Fruition IT,1403805
Warwick Jewelers,1404302
EVkids,1404432
Bailey's Moving and Storage,1404653
The Brand Guild,1404838
American Women Artists,1405344
Ramp,1406226
SoulCycle Inc.,1407039
Alliance Building Services,1407502
Barrett & Stokely,1407633
"Software Methods, Incorporated",1407981
AMAG Technology,1408056
"ADB Companies, LLC",1408094
WVU Medicine Princeton Community Hospital,1408404
ASA Architects,1408415
Centriworks,1408497
"Surgery Partners, Inc",1408734
Dairy Star,1408927
Vantage West Credit Union,1408967
Virgin Galactic,1409042
North Texas Municipal Water District,1409198
Fleet Feet,1409218
CBEM LLC,1409335
LVI Associates,1409798
Badger Infrastructure Solutions,1410985
Instructure,1410999
"Bug Out Service, LLC",1411183
Smyth Jewelers,1411367
Brattleboro Retreat,1411940
Club Pilates,1412470
Aversan Inc.,1414581
"Faith Group, LLC",1415110
Radiant World Trade Services,1415626
Purple Orange Digital Communications,1416143
Bill Luke Automotive Dealerships,1416300
iRiS Recruiting Solutions,1417153
Drayer Physical Therapy Institute,1417167
FoodMix Marketing Communications,1417393
International Vitamin Corporation,1417605
AppDirect,1418447
GitHub,1418841
MATTER ®,1420454
SolidProfessor,1423544
East End Resources,1427139
Becker Furniture,1429486
First Help Financial,1430329
Blue Star Families,1431100
"Space Age Electronics, Inc.",1431185
PRECISIONheor,1431241
"MSS Solutions, LLC",1431726
Gubra,1434445
Wego Chemical Group,1434685
"Quest Analytics, LLC",1435011
Botsford Associates,1435126
Mach Machine Inc,1435779
The JDI Group,1437263
Johnson & Sekin,1438172
Glenbrook High School District 225,1438207
CMK Select,1438364
"3A Soft Inc",1438446
Free Arts NYC,1439331
BizEquity,1439333
Travel Placement Service,1440067
Steiner eOptics,1440904
"Seeking Health, LLC",1440960
Superior Air-Ground Ambulance Service,1442109
L2R Consulting,1442947
Palmer Square Capital Management LLC,1443200
MacDonald Search Group,1443330
BMA Group Global,1444016
"R.C. Fields & Associates, Inc.",1444317
Systematic Business Consulting,1444794
Dr. Phillips Center for the Performing Arts,1444957
"Regency Integrated Health Services, LLC",1445217
Air Comfort ,1446879
"Foundations in Learning, developer of WordFlight",1446884
Trinity Search Group,1447037
Samsung Electronics America,1447520
Moooi,1448806
"Prequel Solutions, LLC",1451404
VySystems,1452948
"Collegiate Peaks Bank, Division of Glacier Bank",1453205
"The Fashion Network, Inc. Fashion, Online E-commerce and Retail Recruitment ",1453402
Ziontech Solutions Inc,1453914
LG&E and KU Energy LLC,1457149
Complete Staffing Solutions,1457175
FACTORY PR,1457439
The Carolan Group,1457702
Tuscaloosa City Schools,1457940
Milestone Equipment Leasing,1458635
"T.W. Frierson Contractor, Inc.",1458842
Aztalan,1459113
"Engenuity Group, Inc.",1459351
National Association of Social Workers North Carolina Chapter,1459455
"Manning Personnel Group, Inc.",1459822
Mitchell Wine Group,1460354
"Astria Therapeutics, Inc.",1460572
Lauber Municipal Law,1460748
Smart Warehousing,1462126
Marmon Aerospace & Defense®,1462308
ProRecruiters,1463851
Easygenerator,1465209
Target Specialty Products,1465287
"Meador & Jones, CPAs",1465603
"C.W. Matthews Contracting Co., Inc.",1465721
Open Lending,1465907
Mediafly,1468444
Educated Solutions Corp,1468533
Monumental Sports & Entertainment,1468926
Priority1,1469134
"Geocomp, Inc. and GeoTesting Express, LLC",1469914
Marcone Supply,1469921
Vacasa,1471368
"Del Oro Consulting, Inc.",1471697
Chenega MIOS SBU,1472684
"Cyperus Group, Inc",1473329
AccentPDIR fka Accent Control Systems,1473796
"RECON Environmental, Inc.",1473979
"BizTek People, Inc.",1474199
Vensure Employer Solutions,1475190
ZRS Management,1476269
DuckDuckGo,1476706
The Michelson Organization,1477627
ID.me,1478477
Petra Automotive Products,1478785
Private Media,1478859
Murray McIntosh & Associates,1479721
First Service Credit Union,1480446
Mandel JCC of Cleveland,1480987
Downtown Raleigh Alliance,1481176
"Strazzeri Mancini, LLP",1481892
Minutemen HR,1481982
Vitus Energy LLC,1482371
Parts Town,1482552
Exeter Finance,1482824
Dude Perfect,1483514
Bell Environmental,1485063
NYS Division of Homeland Security & Emergency Services,1489630
SK Food Group Inc,1490257
"PRISM Plastics, Inc.",1490433
The Retail Network,1493837
SRS Consulting Inc,1494955
Kevin Edward Executive Search,1495075
"PharmaIN, Corp.",1495405
Indigo Real Estate,1495873
The Portofino Hotel and Marina,1495885
Lord Gurman & Lewis,1495958
HR Pundits Inc ,1495991
Bishop John T. Walker School for Boys,1496003
Blackwood Group LLC,1496276
Chandler Inc.,1497966
Murphy USA,1497977
PMG GLOBAL,1498833
TCGplayer (an eBay company),1499102
"Elliott, Powell, Baden & Baker Inc.",1499669
"American Linen and Uniform Supply of NM, Inc.",1499970
Digital Brand Architects,1500854
The Michaels Organization,1501714
The Country Club of Scranton,1501722
Goodwill Industries of Middle Georgia and the CSRA,1502536
"Mid America Health,Inc",1502762
CSI Construction Company,1503180
SBH Fashion,1503525
Delaware Breast Cancer Coalition,1503749
"Evriholder Products, LLC",1503821
Larkin Street Youth Services,1503954
TriState Capital Bank,1505704
Gauthier Biomedical Inc.,1505813
Health Carousel Nursing & Allied Health,1506196
Controlled Products Systems Group,1506726
Premier Sotheby's International Realty,1507521
Pro Global US,1507579
Trustpoint.One,1507960
Wisconsin Distributors,1508260
K-Source Inc,1508388
Stanton House,1508753
The Miami Foundation,1509949
Ameris Bank,1511193
"Naik Consulting Group, PC",1511215
Productsup,1512210
Emanuel Medical Center,1512529
Schulte Hospitality Group,1512982
"Nyle Systems, LLC",1514335
"Triumph Financial, Inc.",1515366
Yotpo,1515446
Power Play Marketing,1515688
Sporting Kansas City,1519367
"Zinn Insurance, LLC",1519439
The Source Magazine,1519925
ABI Document Support Services,1520163
Samson Rope Technologies,1520543
UiPath,1523656
WGI Inc.,1523998
"Topson Downs of California, LLC",1524357
Procare Solutions,1524736
Vetoquinol USA,1524912
Milwaukee Transport Services Inc. (Milwaukee County Transit System),1524968
"Guardian Flight, LLC",1525419
Construction Information Systems Inc.,1526729
HR Exec Recruiting Firm,1527043
Blake-Ryan & Associates,1527064
Max Mara Fashion Group,1527347
START Treatment & Recovery Centers,1528180
Rio Grande Community Development Corporation,1529646
California Skin Institute,1532867
"Ashley Stewart, Inc.",1534786
Cosentino North America,1535609
Gavin de Becker & Associates,1536386
Presbyterian Children's Homes and Services,1539342
Ideal Restoration Inc,1540117
Peoplelink Staffing Solutions,1540474
"Albany ENT & Allergy Services, PC",1542382
"Benrich Service Company, Inc.",1543093
Toptal,1545609
Applied Resource Group,1545783
Motivo,1547250
"The Behavior Exchange, Inc.",1547574
Private Sector,1547653
WKBW-TV,1548994
Bader Scott Injury Lawyers,1549111
KELLER,1549596
Hebrew SeniorLife,1550114
Soho House & Co,1550138
Erie Home,1550714
The Nugget Group Your Partner in Progress,1550826
The Home Depot Canada,1551117
Tarte Cosmetics,1551516
Engage Partners Inc.,1551641
Gen II Fund Services,1552084
"Atlantic Management Resources, Inc.",1552331
U.S. Silica Company,1552579
CompTech Computer Technologies,1552586
Yubico,1554297
C2FO,1555109
drawchange,1555695
MHEC,1556071
"iWorx Systems, Inc.",1556142
"Tempaco, Inc",1556149
WP Engine,1556180
MKT400,1556237
O3 Technology Solutions,1556457
Urbane Systems,1556615
Econsteel Supply,1556683
Girls Inc. of Tarrant County,1556689
Thrive Scholars,1557059
Crown Castle,1557409
Peak Potential Therapy,1559003
Jersey City Free Public Library,1560126
Bay Shore Staffing,1560402
CareATC,1560914
MMC Contractors,1561283
NCW,1561445
FCC Environmental Services,1561506
Dunhill Professional Search & Government Solutions,1561782
Best Formulations,1562365
Blueprint Interactive,1563344
AMX,1564776
Steiner Construction ,1565707
Saint Francis Ministries,1566268
"Intercare Therapy, Inc.",1567908
Demant,1570328
Annexus Group,1570432
Aptonet Inc,1570865
Michigan College Access Network,1571360
Partner in Publishing,1573225
Demeter's Pantry,1574275
Neos Consulting Group,1575652
"Sidock Group, Inc.",1575703
Junior Achievement of San Diego County,1575984
NewSouth Window Solutions,1576969
Jamboree Housing Corporation,1577486
Charlie's Produce,1577707
Blethen Berens,1579747
Hamel Builders,1581868
Manatt's Inc.,1582142
Metz & Associates PLLC,1582517
EECON Construction Services,1582659
"RIVA Solutions, Inc.",1584011
Housing Authority of Kansas City MO,1584246
AED Brands,1584428
KGH Autism Services,1585410
HCT Healthcare Transformation,1585669
Ardagh Group,1586478
"I.K. Hofmann USA, Inc.",1587704
Vernovis,1588346
Candos Insurance Agency,1588734
MSD of Warren Township,1589069
Episource,1589496
Nevro,1589941
Unissant,1592400
InSite Real Estate,1592702
Beacon Light Behavioral Health System,1593071
Prospect Schools,1593331
Springstone,1593346
Google DeepMind,1594050
PromptCare,1594436
BITZER US,1595527
Harris Allied,1595660
O'Neil Langan Architects,1596264
Impact Property Solutions,1596601
Pact,1596641
Aumcore LLC,1597161
Mitchell Lewis & Staver,1597768
Agama Solutions Inc,1597847
"ECC Technologies, Inc.",1597932
Kronos Consulting (Aerospace Engineering),1598367
Annalect,1599309
NYS Office for People With Developmental Disabilities,1600946
"Sessions, Israel & Shartle, LLC",1603501
SCI Engineered Materials. Inc,1603624
Assel Grant Services,1603781
Wright Contracting,1608191
"Systemart, LLC",1608684
Stevens Capital Management LP,1608778
The Photonics Group,1611662
SimpliSafe,1611904
USR SYSTEMS LLC,1612129
"Community Living, Inc.",1612362
Mason Frank International,1612465
Community Access,1612488
Slack,1612748
VanAire,1612777
"The Brixton Group, Inc.",1613038
Marathon TS,1613092
Bio-Rad Laboratories,1613226
Med-Metrix,1613698
"Capitol Strategies, Inc.",1613944
Community Behavioral Health,1613972
IS3 Solutions,1614062
Luxottica,1614240
Platform Recruitment,1615645
Opus Regulatory Inc.,1617751
GameChanger,1618074
Origami Risk,1618165
American Council of Engineering Companies (ACEC),1619932
Team JAS,1620907
Jeni's Splendid Ice Creams,1620962
Xenon arc,1621615
T3 Trading Group,1623211
Alcatraz City Cruises,1623306
Atika Technologies & BPM,1623491
Rian Immigrant Center,1625168
"RJ Schinner Co., Inc.",1626786
Sustainable Forestry Initiative,1627062
Focus Staff,1627284
DSI Tech,1628221
Capstone,1628890
Lagunitas Brewing Company,1629106
Halifax Fan Group,1630212
LGIM America,1631222
"Bennett, Bricklin & Saltzburg LLC",1631547
Pure Storage,1632202
West Shore Home,1632380
Company name (Withheld),1632571
Forthea - Digital Marketing Agency,1632978
Vantage Specialty Chemicals,1633066
Charleston Promise Neighborhood,1633419
JumpStart Advisory Group,1634209
Cibola General Hospital,1634459
Trinity Property Consultants,1636633
Zoro.com,1637984
The Cavanagh Law Firm,1639816
On Location Hair and Makeup,1641078
"Elford, Inc",1641260
Cobra Carbide ,1642006
Pronix Inc,1642843
United Software Group Inc,1644718
"Electric Power Group, LLC",1645086
Window Treats Inc.,1645141
"Pinnacle Specialty Group, Inc.",1645229
The Tile Shop,1646245
C² Multimedia,1647354
REVOLVE,1647525
Howard Technology Solutions,1647800
Titanium Engineers,1647803
AV Squad,1648409
"Thur & Associates, Commercial Real Estate Services",1649842
"TERRA Engineering, Ltd.",1650170
Winter Park Library,1650461
University Medical Center of Southern Nevada (UMC),1651819
City of Riviera Beach,1652504
RevLocal,1653937
The Uncommon Thread,1654428
"QUICK USA, Inc.",1654504
"Rackley Roofing Company, Inc.",1654971
"East Harlem Council for Human Services, Inc.",1655306
Natsoft,1655316
Jade Global,1656268
Atkore,1657063
JAX INC.,1657843
University of Tehran,1657928
Derex Technologies Inc,1658333
Columbia Forest Products,1658561
Tepa Companies,1658799
Cherry Hill Dodge Chrysler Jeep RAM,1659022
MOD Pizza,1660010
Mile Bluff Medical Center,1660474
Poline Search Partners,1660811
TelForce Group LLP,1660845
Materne North America - GoGo squeeZ,1663642
Mojang Studios,1666639
National Disability Institute,1666794
PANGEATWO,1666908
BKS Partners,1666998
Pine Environmental Services LLC,1667132
Quantum Vision,1668011
Sienna Charles,1668620
"Cotchett, Pitre & McCarthy, LLP",1669489
The City of Castle Pines,1669537
ACS Professional Staffing,1670700
Hammer Prep,1670794
HealthWell Foundation,1672939
Safra National Bank,1672986
"SMX Services & Consulting, Inc.",1673439
ISS Facility Services - North America,1673695
MVAR Media LLC,1674743
"Monte Financial Group, LLC",1674880
PSI (Proteam Solutions),1674945
Brava! for Women in the Arts,1675748
Veritex Community Bank,1676191
South Orange County Community College District,1677195
Equip for Equality,1677664
Antea Group USA,1679078
Solhem Companies,1680198
NorthStar Anesthesia,1681064
Tapper's Jewelry,1682168
GDI Integrated Facility Services,1682895
MCI Carpet One,1682943
Lorven Technologies Inc.,1683442
St. Vincent de Paul of Baltimore,1683487
The John Thomas Dye School,1683757
Lucid Motors,1684122
Soleo Health,1684870
Atyeti Inc,1685110
SaniSure,1686785
"GE Appliances, a Haier company",1687254
Manasquan River Golf Club,1687419
UN Women,1688026
Knight Office Solutions,1688526
Banyan Search,1689331
"Tura, Inc.",1689349
Mathys+Potestio / The Creative Party®,1689845
Knowesis Inc.,1693850
MTech Systems,1694446
Fulton Grace Realty,1695160
"Vehicle Service Group, A Dover Company",1696374
Generations Healthcare,1697050
Pye-Barker Fire & Safety,1697124
"Metis Technology Solutions, Inc.",1697130
First Farmers and Merchants Bank,1697958
Northbound Executive Search,1698028
Huck's Food and Fuel,1702914
"Prince George's County, Maryland",1703027
Avero Diagnostics,1703759
Satori Mortgage (NMLS:  4190),1704219
"Westmount Realty Capital, LLC",1705516
St. John's Catholic Newman Center,1705633
"Bracebridge Capital, LLC",1705878
Salamander Collection,1705927
"OAC Services, Inc. ",1706059
LCG Advisors,1707111
GLA University,1707389
GRG Banking Equipment (HK) Co. Limited.,1707404
TEAM Concept Printing,1709292
Locality Streaming,1710825
Earthgrid,1712525
AOG Living,1712844
Godfrey & Wing,1713530
BREITLING,1715746
Bobbi Brown Cosmetics,1716548
OTR Engineered Solutions,1716792
The Bar Method,1717755
INDOCHINO,1718034
Medical Guardian,1718412
St. John's Episcopal School,1719218
Pinnacle Advisors,1719544
Rocket EMS,1719894
Search Solution Group,1722553
Emerging Vision Inc. dba Sterling Optical,1723637
The Bergaila Companies,1724775
Prime Secured,1725373
Tech24,1725592
Etna Supply,1725692
"Momentum Search Partners, Legal Search and Staffing",1726253
Phaidon International,1728091
Naztec International Group,1729413
YMCA of Southwest Florida,1729930
Laserax,1731254
Searchlight Inc,1732280
AAA Northway,1732931
SWBC Mortgage Corporation,1734694
"HBC-radiomatic, Inc.",1736518
Zumbro Valley Health Center,1737013
Ziehler Lawn Care,1737481
Haute Chefs Los Angeles,1738747
NeerInfo Solutions,1738971
L&T Technology Services,1739031
OMEGA SA,1739561
New Horizon Academy,1741641
SisterLove,1741663
INSPYR Solutions,1742506
Premier Orthopaedics,1743251
ComTec Information Systems (IT),1745669
Outpatient Imaging Affiliates,1745685
GMA Garnet Group,1746389
Materion Corporation,1748427
Brilliant Earth,1750100
Biomerics,1750310
The Emlin Group,1750455
Jennings Social Media & Martech,1751464
QualStaff Resources,1752020
Oakworth Capital Bank,1752456
One Million by One Million (1Mby1M),1753184
Brilliant Infotech Inc.,1753550
KNUTH Machine Tools USA,1756231
United Way of Racine County,1757020
Cambridge Security Services Corp,1757051
Friendship Village STL,1757281
Emergent Professional Resources L.P. (EPR),1757361
Oregon legislative Assembly,1757798
Be. Workplace Design,1757867
Playa Hotels & Resorts,1758714
Bond Consulting Services,1758830
"Tech Providers, Inc",1759010
Horizon Ag-Products,1760708
"J.W. Poole, Inc.",1762590
Texas A&M Foundation,1763396
CCS Construction Staffing,1765887
Vivint,1766026
Sukhi's Gourmet Indian Foods,1768028
Perry Homes,1768090
WVU Hospitals — Ruby Memorial Hospital,1768093
S&G Content Marketing,1768169
LeanTaaS,1768624
Wise,1769571
Hussmann,1770225
CareersInFood.com,1770776
Georgia Firefighters Burn Foundation,1771105
"Asset Based Lending, LLC",1771124
Webb Design,1771409
Motorola Solutions,1771432
Oakridge Staffing,1772177
"The Walstrom Group, Inc.",1772344
Southwest Airlines Pilots Association,1772348
Continental Realty Corporation,1772462
Obsidian Solutions Group,1776228
Pacific Sales Kitchen & Home,1776322
Satomi Kawakita Jewelry,1776620
Lamoreaux Search ,1778622
ElitAire,1778726
AMI Network,1779663
"Thomas Pest Services, Inc.",1782276
"Alliant Technologies, LLC",1782858
HPA Design Group,1782908
CSTK,1783676
National Council for Mental Wellbeing,1784305
Kerns Fine Jewelry,1784355
DataStax,1786002
"The Wolfe Companies, LLC",1786427
MATHESON,1786479
Carlisle Construction Materials,1788903
Woods Services,1788994
Eccezion (formerly Eder Casella),1789866
"GPN Title, Inc.",1790656
"Independence Now, Inc.",1791354
Public Preparatory Network,1791668
GotPrint,1791674
Preferred Floor & Tile CO. ,1791755
Cyma Systems Inc,1792232
Pinstripes,1792592
Little Flower Children and Family Services of New York,1793590
AirReps,1793759
Sulzer Creative Agency,1796630
Stopp & VanHoy CPAs and Business Advisors,1796887
Associate Staffing,1798047
Oceans Healthcare,1798087
Foodsmart,1798546
"Impressions whq, Inc.",1798894
Hillcrest Transitional Housing,1799170
Hyde Park Restaurant Group,1799935
Weifield Group Contracting,1802856
Lighthouse Technology Services,1803436
Saint Elizabeth Community,1804052
Summit Materials,1805509
Thrive4Health,1806790
Las Vegas Sands Corp.,1807052
Tekniforce,1809549
OUTSCALE,1810300
TechStyleOS,1810796
Just Right! Destination Management,1811580
First American,1811868
VIM Technologies Inc.,1812071
Building Products Company,1813115
Ancona Jewelers,1814029
Stop Soldier Suicide,1814552
NACUSO,1814622
Whatcom Community College,1814987
Uber,1815218
OPEN Health,1815720
Tangle Teezer Ltd,1816591
The Craig School,1817158
SAP Partner Company,1817492
Luxury Realty Group LLC,1817645
Spreetail,1818775
Lavu Inc.,1818919
Frontier Business Products,1821048
"Spectrum Solutions, Inc.",1821191
FanDuel,1821549
Brevillier Village Nonprofit Senior Housing and Health Care,1821762
Guardian Group,1822057
USALCO,1822067
"Delrecruiters, We specialize in placing management level candidates up through C-Level Executives",1828087
Martha Schwartz Partners,1828593
EOS IT Solutions,1828842
American Directions Research Group,1829381
Floyd|Snider,1829760
The Arbor Behavioral Healthcare,1830132
"Arrow Tru-Line, Inc",1830587
Dutch Bros Coffee,1830653
SITE Staffing Inc.,1831165
Medley Equipment Company (Buy. Rent. Lease.),1831634
The Stracuzzi Team at RE/MAX Community,1832050
League to Save Lake Tahoe,1832103
iAccess Technologies Inc,1832259
Crinetics Pharmaceuticals,1832311
Fidelity National Title / Law Firm,1832363
Capital Energy Services,1833121
"Intercontinental Terminals Company, LLC",1835162
Headspace,1835869
CoreTrust,1836151
"Nissenbaum Law Group, LLC",1836824
PCI Pharma Services,1837539
WE ACT for Environmental Justice,1838643
CME Corp.,1838991
IXL Learning,1839577
Omega Healthcare Management Services,1840979
Shalom Hartman Institute,1842330
SoftNice,1842410
Healthcare IT Leaders,1842435
TEC Equipment,1842856
Charney Chiropractic Back Rehab & Wellness,1843038
"Landmark Properties, Inc.",1843942
"Clinical & Support Options, Inc.",1843955
"Cardinal Heating, Cooling, Plumbing & Electric",1844107
Synchrogistics,1844187
Hawaiian Humane Society,1844365
SEKISUI Diagnostics,1844624
Network Craze Technologies,1844927
Exxact Express,1845179
USA Compression,1845876
MDR,1846050
Backyard Products,1847386
Image Comics,1848032
Lou-Rich,1849513
"RLR Associates, Inc.",1849605
Morisey-Dart Group,1850066
"Asset Solutions, LLC",1850706
BURGEON IT SERVICES,1850810
Arrowmac,1851642
ChowNow,1852109
Unity Search,1853048
Hot Bread Kitchen,1853061
Physical Rehabilitation Network (PRN),1853240
"NRS - Northwest River Supplies, Inc.",1854896
NextGen Federal Systems,1855796
Powerplay Retail™,1856927
Loloi Rugs,1857712
HomeServe USA,1857984
Goodspeed  Merrill,1858005
Community FoodBank of New Jersey,1861137
SSCG Media Group,1861270
TekStream Solutions,1861293
DT Engineering,1861546
First Savings Bank,1862749
RHP Properties,1863877
Professional Search Network,1864571
Integritus Healthcare,1867264
Moncler,1867321
"Virtus Recruiting, LLC",1868579
Midland Industries,1871163
Genesis Legal Group,1871697
Both Hands Foundation,1872358
"Cornerstone First Mortgage, LLC",1872542
Billion Oyster Project,1872726
"Ascii Group, LLC",1872740
Trojan Storage,1874251
TEKVANA INC.,1876865
TeamPeople,1878108
QuantumScape,1878695
The PeterSan Group and PeterSan Legal Staffing,1880308
Conscience Bay Company,1880392
BH Properties,1880869
The Employer Group,1880896
Acts Housing,1881724
Global Advanced Metals,1884820
Sibelco Group,1884851
EAD,1885550
Elk Grove Unified School District,1885848
Conga,1885974
Florida Lifestyle Homes,1886386
Gabriele & Company,1886875
"Alison Brown Placement Specialists, LLC",1888066
Silicon Ranch Corporation,1888257
Adamson Ahdoot LLP,1888269
Apex Logistics International,1891059
United IT,1891806
The Sentinel-Record,1891868
Crittenton Services,1892793
Culture Amp,1892859
HireMoxie,1895909
Thrive Communities,1897707
Lucosky Brookman LLP,1898104
Ted Todd Insurance,1900704
Ultimus LeverPoint Private Fund Solutions,1901416
J. J. White,1901519
Softpath Systems Pvt Ltd,1901578
RSQUARE MEDIA INC.,1901874
KR Wolfe Inc.,1903591
"Unique Comp, Inc (UCI)",1903990
The Specialists Ltd.,1907225
Mondrian Alpha,1908485
PT Solutions Physical Therapy,1908498
"Hallisey & D'Agostino, LLP",1909732
NAM Info Inc,1909776
Pacific Guardian Life,1910013
Talution Group,1910344
Gus Perdikakis Associates,1910700
UW School of Medicine and Public Health,1911450
Halmar International,1911506
"1st Security Bank of Washington",1912061
National Training Network (NTN),1912157
Procore Technologies,1912597
The Mount Vernon School,1913817
Wisconsin Union,1915627
STG Logistics,1916623
For Eyes,1917100
Geographic Services Inc.,1917341
Nitrogen,1917520
Golden Pass LNG,1920792
Finway Group,1921392
Triad Bank,1923930
HaF Equipment,1924238
All City Management Services,1924353
Crossroads Courier,1924808
MEC2:  Mechanical Engineering & Construction Corp,1926878
The Spinrad Group,1926904
Career Path Services,1927783
"KMD Construction, LLC.",1928867
Indiana Farm Bureau Insurance,1929375
Zuri Furniture,1929488
Karsun Solutions,1931320
INARAY Design Group,1932287
The Gramon Family of Schools,1934883
West Paw,1935855
ba&sh,1936704
Psycho Bunny,1938458
Resource Employment Solutions,1939404
"Aequor, Allied Division",1939559
Momento USA LLC,1939771
Harlingen Medical Center,1939984
Saxon-Global,1940159
UniqSoft Inc,1940403
Strategic Systems Inc,1941146
MMR Strategy Group,1942275
"David S. Brown Enterprises, Ltd",1944368
Abraxas Youth & Family Services,1944535
Riverside Research,1945102
Fusion Medical Staffing,1945473
Mustard Seed Market & Cafe,1946119
Hawaii State Department of Education,1946139
DivergeIT,1947294
Paragon 28,1947586
EP Wealth Advisors,1947980
LandrumHR,1948749
Marin Community Clinics,1951644
"Tellurian, Inc",1951952
First Security Bank Montana - Div. of Glacier Bank,1952897
Agency 8 Staffing and Recruiting,1953029
Crossover Health,1953058
WeWork,1953412
WaferWire Cloud Technologies,1953635
Interface Education Services,1955113
Lessard Design Inc.,1955208
Jackson Properties (Sac),1955599
Environmental Consultants (ECI),1957412
Rentokil Pest Control North America,1960010
MidSouth Bank,1960149
The Women's Foundation of Colorado,1960805
Aviation & Missile Solutions,1961369
ChenMed,1963255
China Labor Watch,1964430
Four Points by Sheraton Norwood,1964685
"Project Resources Group, Inc.",1964844
Jericho Road Community Health Center,1964930
Highmark Builders,1966708
RUSCO PACKAGING INC,1966918
"Communities In Schools of Charlotte Mecklenburg, Inc",1967933
Orthopaedic Specialists of North Carolina,1968173
Clemens Food Group,1968415
All America Threaded Products,1969385
"Ocean Associates, Inc.",1971965
"La Causa, Inc.",1974544
Oticon USA,1975219
"Cenergy, LLC",1975304
My3Tech,1975865
Rokt,1977526
"Aphena Pharma Solutions, Inc.",1977915
Anta,1978115
INTER-PAPIER Handelsgesellschaft mbH,1979353
Jacob & Co,1980447
Dalke and Sons Construction,1981024
MyEyeDr.,1981395
"Conquer Cancer, the ASCO Foundation",1981970
Emmi Roth,1982316
Agrex Inc.,1983053
Educational Environments,1983258
"Carnow, Conibear & Assoc., Ltd.",1983367
PamTen Inc,1984030
SHARE! High School Exchange Program,1984409
"Style Crest, Inc.",1986967
BenGlassLaw,1988115
Giordano's - Famous Stuffed Pizza,1989384
Achieve Beyond,1989952
Sunrock,1990101
Salt Life,1990203
"Paramount Law Group, PLLC",1991814
Insperity,1994496
County Commissioners Association of Ohio (CCAO),1995723
Tague Lumber Inc.,1995890
CXC Solutions,1996422
Quontic,1996696
Fracht Group - North America,1996803
Hetzel Design,1997978
"S2 Analytical Solutions, LLC",1998879
"Maryhaven, Inc.",1999674
Young Transportation & Tours,1999695
"Zonatherm Products, Inc.",1999758
RSM Facility Solutions,2000852
"Trilyon, Inc.",2001226
Flexion Inc.,2001359
Merchants Capital,2003255
Project:LEARN of Medina County,2005892
Graywolf Press,2007174
AnnieMac Home Mortgage,2009895
Tiger Analytics,2010798
"eSystems, Inc.",2012403
Flexton Inc.,2012779
Urbano Design & Build LLC,2013243
Redis,2014725
MRIGlobal,2014981
Pyramid Technology Solutions,2015890
Probe,2016218
Texas Pharmacy Association,2017202
Babylist,2018147
Bluebird Network,2018812
Honolulu Waldorf School,2019502
Valley Forge Financial Group,2021903
Hilton Vancouver Downtown,2022373
PIC Solution,2022857
Flight Crew International,2023329
Tri-Cities Airport (TRI),2024031
Scion Executive Search,2024458
"TE Wire & Cable LLC, a Marmon | Berkshire Hathaway Company",2027661
Easton Utilities,2027711
magicplan,2030200
Gateway Mortgage,2030800
"Blast Cleaning Technologies, Inc.",2031039
Professional Case Management,2031248
Quincy Recycle,2031259
Qcells North America,2031597
Medix,2033166
The IMA Group,2033586
The Guild for Human Services,2034542
Maine Antique Digest,2036638
"Mayvin, Inc.",2037982
TOP Group - Japanese Recruiting Agency,2039570
Town East Heating & A/C Co.,2040473
SemiNex Corporation,2042034
Whitaker Technical,2042616
Library Foundation of Los Angeles,2043778
Professional Diversity Network,2043953
"Industrial Electronic Supply, Inc.",2044818
Prodware Solutions,2045626
ZURU Toy Company,2047152
Southern Tide,2047607
Charter Trading Corporation,2048969
"Promantis, Inc.",2049094
"3ASYSTEMS LLC",2049248
Clear Creek County,2049294
Dashlane,2049626
Wingz,2052652
"WEBB, ZSCHUNKE, NEARY, DIKEMAN, LLP",2053212
PGP Title,2053817
Allstate Insurance Agency,2055246
Peoples Bank,2055609
PS Companies - Executive Search,2056138
Doconade Lawyers,2056503
Zufall Health,2056643
Scopely,2057437
ADAPT Technology,2058251
Coim USA Inc.,2058618
Employ-Temps Staffing Services,2058838
Brokers Central LLC,2060251
National LGBT Chamber of Commerce (NGLCC),2060617
Air National Guard Recruiting,2061386
National Small Business Association,2061777
Focus Financial Partners,2064318
The HR SOURCE,2064641
PACE Staffing Alternatives,2065236
Warrenton Steel -Metal Distributor - Waterjet Cutting,2065679
Gotham Organization,2065819
Texas Department of Banking,2067724
"D. Miller & Associates, PLLC®",2068240
Beneficial State Bank,2070896
"Sacramento Native American Health Center, Inc.",2071234
"Navitas Partners, LLC",2074102
"Young, Thagard, Hoffman, LLP",2074842
Abacus Group,2079141
GTS Group,2079272
Harrison Street,2079519
Canopy Life Sciences,2079661
Agenus,2080230
Rexel USA,2081025
Habitat for Humanity of Collier County,2081245
Sanford Insurance,2085160
Davis Phinney Foundation,2085386
IWP Family Office,2085745
Paul Transportation Inc.,2086763
Hire Counsel,2086774
"Grant Industrial Controls, Inc.",2087346
"Signet, LLC",2087390
Solutions by Text,2087756
Chainway ,2088722
The Greater Sarasota Chamber of Commerce,2090179
Aurora BayCare Medical Center,2090390
Lawyers On Demand,2091531
Towne Insurance,2092246
Visions Adolescent Treatment Centers,2092398
McGriff Tire & Service,2092737
Burns Management,2093671
"Prime Fiduciary Services, LLC",2095382
IMRI,2096694
Fora Financial,2097372
FinWebTech,2097504
Sibylline Ltd,2099165
Baptist Health Boca Raton Regional Hospital,2100290
"Spruce Technology, Inc.",2102204
Career Options Recruiting Solutions,2106638
First Tech Federal Credit Union,2106853
Shames Construction Company,2107301
CalWest Educators Placement,2107535
"Pinnacle Claims Management, Inc.",2108532
Tanium,2109024
Carey Richmond & Viking Insurance,2111243
RIMOWA,2111459
Ecoroll Corporation Tool Technology,2111831
"Medallion Midstream, LLC",2112537
California Air Resources Board,2113530
GovCIO,2113831
"J.R. Berry Search Group, Inc.",2114711
Evolve,2114845
Royalty Staffing,2115036
"Miller Mechanical Specialties, Inc.",2117177
Forest Lawn Memorial Parks and Mortuaries,2118349
"Buffalo Biodiesel, Inc.",2119627
Oakland Heritage Alliance,2120229
Global Applications Solution,2121426
DSJ Global,2121817
Davis-Ulmer Fire Protection,2122671
"Ingalls Shipbuilding, a Division of HII",2122794
"Newport News Shipbuilding, A Division of HII",2122939
Community Music School of Collegeville,2123337
"Preferred Credit, Inc.",2123540
Rich Logistics,2123580
"RAM Aviation, Space & Defense",2123594
Caplugs,2124512
LEAD Technical,2125239
Hall's Culligan Water,2125741
SOLitude Lake Management,2126444
"JD Fields & Company, Inc.",2128757
Agency 720,2128914
"Sinomax USA, Inc.",2129224
MW Partners,2129908
Clover,2129930
Privatus Care Solutions,2130232
Solmax,2130429
Perception,2132061
Atlanta Athletic Club,2132152
Croud,2132275
swipejobs,2132939
Shionogi Inc. (U.S.),2134473
Bedrock Detroit,2134810
Green & Healthy Homes Initiative,2136773
"The Baton Rouge Clinic, AMC",2136938
InVision Human Services,2136962
"Altenloh, Brinck & Co. US, Inc.",2137082
Independent Insurance Agent,2137348
DigDeep,2138463
"Cooper Oates Air Conditioning, Inc.",2138729
Quality Career Pathways: Medical Certification School,2138749
"Sekas Law Group, LLC",2139418
Everlaw,2139901
USF Federal Credit Union,2142288
Scully and Scully,2142793
SkyBridge Resources,2143963
Weitz Investment Management,2143979
Worldwide Assurance for Employees of Public Agencies (WAEPA),2144386
EnergeiaWorks,2144755
Certco Inc.,2147835
REEDER Construction,2148133
LifeLabs Learning,2148400
International Yacht Brokers Association (IYBA),2148991
Rand Group,2149985
Anatol Equipment Manufacturing Co.,2150532
Advanced Classroom Technologies,2150924
H-S International,2150951
Broad River Retail,2151102
Brush Creek Partners,2151154
Portage District Library,2151278
CEG,2155110
Interstate Renewable Energy Council (IREC),2155338
Ascend Learning,2155460
Technical Chemical Recruiters,2155470
LSI ,2155566
KWG,2158668
Thriveworks,2158708
Job.com,2159366
CarneyCo,2159897
AiCure,2160548
"EKS Group, LLC",2163948
"Carlex Glass America, LLC",2163962
Venteon,2166352
Bell International Laboratories,2166651
Atlas Toyota Material Handling,2167473
The University of Vermont Health Network - Central Vermont Medical Center,2168076
Truity Partners,2168893
Google Fiber,2171947
Bridgeview Mortgage Corp.,2172673
H. J. Oldenkamp Co.,2173297
Evergreen Gavekal,2173365
R & L Spring Company,2173728
GoldOller Real Estate Investments,2174866
HNL Lab Medicine,2175765
Avenues The World School,2178013
Porter Group LLC,2180226
Mersino ,2180684
"Haley Ward, Inc.",2181040
"Affinity Management Services, LLC",2183493
EVAPAR,2183609
Confidential,2183652
Living Spaces Furniture,2183946
Neurovations,2184732
New England Legal Search,2185307
"Barron Peck Bennie & Schlemmer Co., LPA",2185881
UF Health Central Florida,2188200
F&G,2188830
Aero Crew Solutions,2188919
Embarc,2189335
"Government Tactical Solutions, LLC",2189867
Privia Health,2190221
Simon,2190633
eCommerce Placement,2191784
"Metalcraft of Mayville, Inc.",2192142
Upstream 360,2192637
GFL Environmental Inc.,2193256
Hvantage Technologies Inc USA,2194032
Hilton New York Times Square,2196154
"Fluent, Inc",2197238
Americor,2197293
"Georgia IT, Inc.",2197296
LaGuardia Community College,2197876
Strategic Wealth Planning,2198025
"Swire Coca-Cola, USA",2198856
St Peter's College,2200014
Saviynt,2200287
Armstrong McGuire & Associates,2202547
UNITE HERE HEALTH,2202562
Kahua,2203309
Experis,2203697
Gateway Pet Guardians,2203829
Talentify.io,2204084
JAR Systems,2204102
Federal Transit Administration,2204354
E-Z Weld Group LLC,2204496
"Wickers, Wickers & Admans LLP",2204626
Garden City Hospital,2205342
Rapid Response Monitoring,2205498
RIANS,2207055
"AccuTemp Products, Inc.",2207698
"NPR of America, Inc.",2207758
Pioneer Industrial Corporation,2207894
M3BI - A Zensar Company,2209560
Avanti Polar Lipids,2209853
"PMA USA (Performance Matters Associates, Inc.)",2210400
Plum Market,2210923
Pride Health,2213829
CASA of Morris and Sussex Counties,2214435
Foster Printing,2214527
Cardinal Group Companies,2214607
USHEALTH Advisors,2214679
Construction Solutions Group,2214694
Anglepoint,2217184
Insight Financial Services,2217508
PTA Plastics,2217515
Aquent Talent,2217719
Maddisoft,2219323
Flagship Healthcare Properties,2220867
Spot On Talent,2221086
Connexis Search Group,2223177
MarketScale,2223993
KnowBe4,2225282
HB Specialty Foods,2225409
ICL Group,2226109
"Guy Roofing, Inc.",2226943
Omada Health,2227727
Atlas Insight,2229686
Richard Attias & Associates,2230045
Texas-New Mexico Power (TNMP),2232249
Isadora Agency,2232398
Binary Blue,2232425
Houston Area Women's Center,2233024
Public Service Company of New Mexico (PNM),2233035
Kraft Tool Company,2233858
AppsFlyer,2233984
(ISSA) International Sports Sciences Association,2234530
Sterling Trustees,2234995
proMX,2235366
Direct Line Global,2236254
"Allied Consultants, Inc.",2236492
Blueprint Medicines,2237668
Next Act Theatre,2238568
The McGee Group,2240141
Strategic Employment Partners (SEP),2240218
Evolutyz Corp,2241093
LiveRamp,2241197
"Ginkgo Bioworks, Inc.",2241894
Phusion Projects,2244498
Brazos Valley Schools Credit Union,2245363
AEG FUELS,2245479
"NutraBio Labs, Inc.",2245981
Powin,2246151
"OOLY, LLC",2246277
SunSoft Online,2246926
FUJIFILM Diosynth Biotechnologies,2248203
FALCON,2248407
GPI / GPRO,2248728
"City of Concord, NC",2248849
Mometrix Test Preparation,2248871
Constellium,2249972
NeurAbilities Healthcare,2250414
Assured Nursing Inc,2250464
Oxford Tax Recruiting,2251475
Sacramento Children's Home,2251777
CNH Reman NAFTA,2252218
Canon USA,2253872
Vardot,2254443
Summit,2254693
Coda Search│Staffing,2254994
Insightglobal,2255436
Cartwright Search Group,2256999
SWI - Innovation Delivered,2257256
Progressive Roofing,2257294
Nexwave,2259276
McCann Health Managed Markets | An IPG Health Company,2259910
The Hanover Theatre and Conservatory for the Performing Arts,2259964
Rentable,2260243
MRG Exams,2260670
Inspire Medical Systems,2260687
Remitly,2261199
PROLIM Corporation,2261227
"Shelly Leeke Law Firm, LLC",2262067
National Asian Pacific American Women's Forum (NAPAWF),2262447
First Federal Bank,2263009
Chinese for Affirmative Action,2263104
Daimler Truck North America,2263179
Paul Mitchell The School Las Vegas,2263354
CONMED Corporation,2263834
Hootenanny,2263960
CAMS (Community Association Management Services),2266395
"PreScouter, Inc.",2266952
"ESS, Inc.",2266983
Healthmark Industries,2267501
RSC Solutions,2267949
Iopa Solutions,2268314
LogixHealth,2268831
Tranzeal Incorporated,2269862
VisionGift,2269868
Elliott Scott HR,2270762
Westside Family Healthcare,2272022
Minute Media,2273802
Symetrix Inc.,2274266
Rapiscan Systems,2274461
Terminal Supply Company,2275164
Easterseals New Jersey,2277907
"Aqua Finance, Inc.",2278008
APL Logistics,2278459
Lorimar Winery,2278924
Go Rentals,2279553
Separators,2280086
True Productions,2280174
BLM GROUP,2281034
NeuroPsychiatric Hospitals,2281119
Moderna,2281734
Saint-Gobain ADFORS,2282551
Goodwill of Central & Southern Indiana,2282875
Central Bank,2282887
Ranger Technical Resources,2283087
"DataStaff, Inc.",2283870
Larson Communications,2284023
StratusIQ,2284138
Zitro,2285988
"Connector Specialists, Inc.",2286723
Mobicip,2287304
"ZO Skin Health, Inc.",2287828
Hudson Gate Partners,2287833
"Cafua Management Company, a Dunkin Franchisee ",2288217
Deciphera Pharmaceuticals,2288802
Life Flight Network,2288934
Instagram,2289109
"Ensinger Precision Components, Inc.",2289840
"LGSTX Services, Inc.",2290100
M3 Networks,2291000
Principal Healthcare Solutions,2291981
Prelude,2292971
"Encore Semi, Inc.",2293043
Schaefer Advertising Co.,2293270
BigMarker,2293301
"Cirrus Systems, Inc.",2293632
inSync Staffing,2294627
Northern Forest Center,2294645
"The First Electronics Corporation, A Trexon Company",2294739
SoCalGas,2295646
Salesloft,2296178
Abel + Schafer | Komplet,2296781
CityVet,2296993
"SnapDragon Associates, LLC",2297786
Merchant Industry LLC,2298476
OurFamilyWizard,2299407
SoFi,2301992
"Bridger Photonics, Inc.",2302094
Enterprise Peak,2302172
Strategic Recruitment Solutions,2302548
National Safety Apparel,2302613
Chapters Health System,2302874
VSi PARYLENE,2303165
Lightware Visual Engineering,2303444
Creative Kids Learning Center,2303634
Belimed,2304332
American Fidelity Sales Careers,2304806
"Turn 14 Distribution, Inc.",2307358
TMEIC,2308431
All County Paving,2308707
Market Masters Media Group,2310543
Veoci,2310709
Digney York Associates,2311870
"Key Corporate Services, LLC",2311952
Manpower,2312083
Javits Center,2312145
The Cubbison Company,2312147
"Pros2Plan, a division of Spinnaker SCA",2313067
SHINING 3D,2313590
EA Team Inc,2314143
Kruidvat,2314351
"SOVA, Inc. ",2316063
SpanIdea Systems,2316216
AlphaSense,2316358
Armstrong Builders LLC,2316373
Independent Financial,2317935
Cleartelligence,2319092
Warren Whitney,2319884
FordDirect,2320275
Twitch,2320329
"Arizona Digestive Health, P.C.",2322484
Family Allergy & Asthma,2322919
Stream Data Centers,2323244
YourIT,2324363
Franklin Fitch,2324727
"EagleVision Performance Solutions, Inc.",2325697
Division Nine,2326194
Terminix Triad,2326416
Turnberry Solutions,2326570
HR à la carte Inc.,2327567
Balsam Brands,2328049
STUDIO Architecture.,2329009
Intellicept Inc,2329087
Pronto Insurance,2329618
BIP.Monticello,2329805
"Econtenti, Inc",2329852
Harper Associates,2330605
PB Built,2331524
Banyan Software,2331708
Podiumwear Custom Sports Apparel,2334403
Ontra,2334910
"Memphis Recovery Centers, Inc.",2335410
Midwest Remediation,2335683
Canopy One Solutions Inc,2336815
Rosie's Place,2337318
Virginia Center for the Creative Arts (VCCA),2337615
Alliance Medical Center,2337869
"Global Procurement Solutions, Inc.",2338127
Informa Markets,2339560
PADEL COURTS DELUXE,2340408
Actian,2340954
Consumer Direct Care Network,2341258
USDA Animal and Plant Health Inspection Service (APHIS),2341517
"Charles P. Johnson & Associates, Inc.",2341681
"Hardesty, LLC",2342688
"Singareddy Info Tech, Inc",2342745
C Spire,2343421
Palmer Legal Staffing,2344266
Balance Staffing Company,2344502
Q-mation,2345349
Stephens Landscaping Professionals,2345357
Security National Life Insurance Company,2345404
BioSTL,2345420
"Weinberger Divorce & Family Law Group, LLC",2345493
Concentric,2346012
Spot Freight,2346444
Brixmor Property Group,2346552
"Option 1 Staffing Services, Inc.",2347127
Duke City Redi-Mix,2347133
"La Posada Green Valley, AZ",2347222
MacuHealth,2347830
Zing Recruiting,2347883
"Murphy & Associates, Inc.",2348603
PulsePoint,2349382
Compass Asset Management Group,2350260
Whole Latte Love,2351348
"CareMetx, LLC",2352463
"Sargents Equipment & Repair Service, Inc.",2352712
Briarlake Partners,2353620
Chris-Tel Construction,2353982
Williams Asset Management,2354894
DLH Corporation,2354924
Diversity Talent Scouts- Executive Search Firm,2357397
National Child Traumatic Stress Network (NCTSN),2358400
RPC Company,2359322
"Kirk-Rudy, Inc.",2359411
"Center Point, Inc.",2360867
AmericanAg,2361831
MY HR,2363309
Biblioso,2363384
"TechUnity, Inc.",2363576
Genesis Diamonds,2364800
UBIS,2365527
Print NW,2365939
Capax RM,2366536
Advantex Professional Services,2367127
"Yorke Engineering, LLC",2367193
Global Accounting Network,2367316
Statcomm/PSI,2368390
Real Time Consulting LLC (RTC),2368590
Dataminr,2368665
"NewSouth Technologies, Inc.",2368769
"Pulice Construction, Inc.",2370198
Orange County Superior Court,2371015
Genisis Technology Solutions,2371681
Xylem,2372885
ewo,2373835
Equiliem,2375518
Beacon Specialized Living,2375692
Alpha Net,2377207
Olsen Day,2377435
Yorkville University,2378290
The RealReal,2378851
Mobilelink,2378989
Energy Jobline,2379156
Fapon ,2379384
Interlink Talent Solutions,2379623
CPI Selection,2380725
dentalcorp,2381271
"Progressive Community Health Centers, Inc.",2382753
"Vistar, A PFG Company",2382822
Pacific Retirement Services,2382849
Amazon Web Services (AWS),2382910
Cummings St. Thomas,2382996
Shape Corp.,2383821
Mural,2384213
Goosehead Insurance Agency,2385130
Precision Technologies,2385278
Genesis Capital LLC,2385490
Gushcloud International,2385691
Segrera Associates,2388424
KIPP Metro Atlanta Schools,2388479
OMNI Consulting Solutions,2389408
"Kisling, Nestico & Redick, LLC (KNR)",2389912
Freshpet,2389955
Advantmed,2390229
Vernon Litigation Group,2392439
CEC®,2392640
"THOR Solutions, LLC",2393170
"Bell & Associates, Inc.",2393241
LoanCare,2394540
Cambia Health Solutions,2394593
Fortune Brands Innovations,2394652
ThinkingAhead Executive Search,2394667
"Equity Advisor Solutions, LLC.",2394853
Ametros,2396274
Randstad USA,2396310
CDRP Technologies,2396335
KIPP Philadelphia Public Schools,2396645
Lincotek Medical,2396923
Balance Marketing Group,2397652
ECAMSECURE,2397917
DKKD Staffing,2399284
Hixon Zuercher Capital Management,2399688
Midtown Alliance,2399879
XeoMatrix,2400156
The Acuity Group,2400217
CSR Engineering,2400874
BeSmartee,2400951
"STANTON Interior Concepts, Inc.",2402056
Cardell Media Ltd,2402229
"Hire IT People, Inc",2403625
Slater Slater Schulman LLP,2403990
Corporate Travel Service,2404549
"OmniTek Consulting, Inc.",2405132
Golden Eagle Properties,2408830
Independent Financial Partners (IFP),2409046
Inclusion Cloud,2409140
WellStreet Urgent Care,2409707
Pastilla,2411622
Veris Law Group PLLC,2412796
MMGY Global,2413236
AdTheorent,2413577
Holland Pump,2414023
"Aqueduct Technologies, Inc.",2414446
"Blackmere Consulting, LLC",2415472
Element Materials Technology,2415664
FINN Partners,2417014
The Gunter Group,2417135
Cyril Bath Company,2417568
SDi Fire,2418068
GelSight,2418722
"4word",2419093
The Honest Company,2419103
ClassLink,2419927
GuidePoint Security,2422099
Diag Partners,2422181
Kinema Fitness Inc,2422400
EOS Fitness,2424687
OpTech,2425438
Signal,2425713
Auctis Corporation,2426324
"InfoVision21, Inc",2426405
Bynder,2427738
Definitive Healthcare,2428290
Chamber of Commerce Hawaii,2429568
Crew,2430084
C-SUITE ASSISTANTS,2430330
Compass Consulting,2430577
XPO,2430668
"Brinson Benefits, Inc.",2431080
"DAC, Inc.",2431263
FRANK PR NYC,2431331
Chewy,2433416
Computershare U.S.,2433545
Research Innovations Incorporated,2434204
imatters,2434292
"Five Rings Financial, LLC",2434847
Scotlynn,2435986
CLA (CliftonLarsonAllen),2437248
O'Hara's Son Roofing Company,2440000
"Flogistix, LP",2440233
Mend.io,2440656
"Quasius Construction, Inc.",2441196
Homefix Custom Remodeling,2441445
The Everygirl Media Group,2441823
"Eos Energy Enterprises, Inc.",2442165
AVA Energy,2444155
Managed Resources,2444543
"3 Bridge Networks",2446198
Interactive Resources - iR,2446468
Smart Energy Water,2446546
Prolink,2447993
"Tunnell Consulting, Inc.",2448616
"Care Security Systems, Inc.",2448893
Beneficial Talent Source,2450045
Porchlight,2450496
Alteriver,2451777
Money20/20,2452204
Coursera,2453129
The Peninsula Hotels,2453783
ACT Professional Solutions,2454189
HelloFresh,2454643
Conexus Recruiting,2455262
Flyers Energy | A World Kinect Company,2455339
Guidelines International Ministries,2455697
"411 Locals",2455773
HR-1,2456671
Evolent,2456776
Redstone Residential,2457082
BICO Drilling Tools,2457103
GeoComply,2457172
"KMC Systems, Inc.",2461574
Z&A Recruiting,2461983
Consumer Financial Protection Bureau,2463373
Miracles for Kids,2463641
GoodRx,2466850
Symbotic,2467378
Afinitas,2468405
Ettika,2468813
"Zodiac Solutions, Inc",2468875
Aquent Studios,2468967
Imperial PFS,2470316
"Truist Insurance Holdings, LLC",2470497
PATH ,2470561
KWS Group,2470835
"CELSIUS Holdings, Inc.",2471716
RemX | The Workforce Experts,2471868
CAREonsite,2472741
"Veracity Insurance Solutions, LLC",2473196
USEReady,2473380
Beyond Basics Physical Therapy LLC,2473394
"Southwest Accounting Resources, Inc",2473548
INVAR Technologies Inc.,2474282
Integrity Rehab Group,2474441
Planet Pharma,2474662
Level Agency,2474814
Udacity,2475568
Northwestern Medicine,2475616
"McDonald Toole Wiggins, P.A.",2477473
Nvizion Solutions,2477827
Ecological Restoration & Management,2478347
TalentWoo,2478935
"Ibotta, Inc.",2480157
"House Buyers of America, Inc.",2480456
StaidLogic,2481809
Upstream Rehabilitation,2483719
"Hope 4 Healing, Inc.",2484328
Foley Equipment,2485931
"Intouch Chiropractic | San Diego, CA",2486581
River City Construction LLC,2487099
Blue Genes Research (BGR),2487896
The Talent Source Inc,2488924
Clearwater Free Clinic,2489833
ALKU,2489937
Foster Graham Milstein & Calisher,2490323
Raso360 ,2490606
Gypsum Management and Supply,2491610
"AND Law Offices, PLLC",2491896
NTT DATA North America,2494361
Lumen Solutions Group Inc.,2494694
Behavioral Innovations,2495862
Katz Banks Kumin LLP,2496717
Mahler Private Staffing,2497038
CrowdStrike,2497653
Oticon Medical,2498108
East Suburban Sports Medicine Center (ESSMC),2498513
InRhythm,2498968
Right at Home of Columbus,2499144
Gusto,2499210
Stanley David and Associates,2499431
Incedo Inc.,2499560
AP Rochester,2499922
Snapsheet Inc,2500100
ConsultAdd Inc,2500598
Duetto,2500904
Creamos Solutions Inc,2501820
"Advanced Conversion Technology, Inc.",2502595
Walters Hospitality,2502955
Noom,2503130
RiVi Consulting Group L.L.C,2503830
PrideStaff Financial,2504462
The Focus Group ,2504518
Coffee Meets Bagel,2504677
SYCN Auto Logistics,2505701
Ultimus Fund Solutions,2506326
HireArt,2506549
OpenWeb,2506872
Yale New Haven Health,2507675
"Tenth Avenue Holdings, LLC",2507823
DraftKings Inc.,2507852
iBuy,2508768
WalkMe™,2508846
New Ground Inc.,2508972
FTSi.Tech,2509162
"Harris, Finley & Bogle, P.C.",2509192
Becker Wright Consultants,2509347
Electric Picks Jewelry,2510617
Vastika Inc,2511837
Dal Poggetto & Company LLP,2511924
Moxie Pest Control,2513215
"Dubuque Bank & Trust, a division of HTLF Bank",2514336
SpectraMedix,2514540
The Reisner Group,2515756
Call & Nicholas,2516403
Hub Recruiting- a ZRG Partners Company,2517134
Evidencia Scientific Search and Selection Limited,2517347
Algas-SDI,2519923
Miramar Pembroke Pines Regional Chamber of Commerce,2520241
Makena Partners,2520470
Taziki's Mediterranean Cafe,2521528
"Silver Spring Foods, Inc.",2521654
Eaton SAKS International Group,2523630
monday.com,2525169
Douglass Industries,2525235
Potomac Riverkeeper Network,2525728
Experis UK,2526913
iHealth Labs,2529188
Pinnacle Technology,2530287
Court Appointed Special Advocates of Philadelphia,2530559
"Connect Search, LLC",2531104
Zoom,2532259
Hirewell,2532635
Qumulo,2533593
MarketOnce,2533682
Ellucian,2536305
"Spinnaker Search Group, LLC",2537426
Stepherson & Associates Communications,2537632
Tallgrass Film Association,2537672
Blue Health Intelligence,2538921
CNC Foundations,2540203
New York Global Consultants Inc. (NYGCI),2540271
Stone Management,2540588
Sunrise Hospital,2540641
MountainView Hospital,2541700
"ElectriCom, LLC",2542272
Bend the Arc: A Jewish Partnership for Justice,2543509
Cygnus Professionals Inc.,2543692
Urgent Team,2543818
Shinola,2543868
Copywriter Collective,2544689
Gentherm,2545469
MLee Healthcare Staffing and Recruiting,2545750
Dextpro,2546692
"Southern Pipe, Inc.",2546897
Alaska Regional Hospital,2548094
Eastern Idaho Regional Medical Center,2548099
Ogden Regional Medical Center,2548108
St. Mark's Hospital,2548109
Chemetall,2548588
"Groundswell, Inc.",2548923
"Source Associates, LLC",2548967
People Corporation,2550611
PURE Insurance,2550852
"Stem, Inc.",2551046
"Total Pro Roofing, LLC",2551071
Red Mountain Weight Loss,2551202
EDGE Business Systems,2551380
GoodWe,2551475
Custom Earth Promos,2552185
Near North Health Service Corporation,2552224
Abacus Solutions Group,2552423
Diligente Technologies,2552597
"Air Solutions Heating, Cooling & Plumbing Inc.",2553549
MediaNews Group,2553945
"Roig Lawyers, a NAMWOLF member law firm",2553960
Optimum Healthcare IT,2555069
"Quantum Imaging & Therapeutic Associates, Inc",2555331
Community Choice Financial Family of Brands,2555454
VisionSpark   ,2555767
Rockwell Capital Group,2556683
Coast Music Therapy,2556955
Trueline,2556957
"Alliance Consulting Group, Inc.",2560086
Diverse Marketing,2560241
Global Law Advocates PLLC,2560449
Fit2Run-The Runner's Superstore,2560828
AdNet/AccountNet Inc.,2561953
"Mintek Resources, Inc.",2562023
"Tanisha Systems, Inc",2562128
Warriors Recruiting,2562318
Ipsos North America,2562378
MASC Medical Recruitment Firm,2562534
Contentful,2562699
Tris Pharma,2563046
STR,2563298
Colas USA,2564886
In-Telecom,2564990
Park Hyatt,2564992
Hyatt Place,2564994
Hyatt House,2564995
Grand Hyatt,2564997
Constellis,2565117
Blast Fitness,2566140
Team Rehabilitation Physical Therapy,2566991
Genoa Employment Solutions,2567052
H+M Industrial EPC,2567179
Capewell,2567200
AFS Logistics,2567371
"The Manely Firm, P.C.",2567427
i3 Bank,2567550
"DeMayo Law Offices, LLP",2567649
Searchability®,2568439
The Girls'​ School of Austin,2569093
Ciresi & Morek,2569274
SummitStone Health Partners,2569287
"Unimacts Global, LLC",2569441
Vector Solutions,2571668
Kings Dining & Entertainment,2573460
Digital Capital Advisors,2575099
LearnUpon,2575430
The Federal Savings Bank,2575634
Saatva,2575734
BWC Executive Group,2576467
Phillips 66,2576548
Fowler High Precision,2576685
Jacksonville Business Journal,2578059
Bioventus,2578208
Ratio,2578284
ezCater,2579812
Freddy's Frozen Custard & Steakburgers,2579830
STAND 8 Technology Services,2579911
WestPoint Financial Group,2580832
Bluewater,2580945
Premise,2581389
"McDonnell & Associates, P.C.",2581754
Dynamic Yield by Mastercard,2582575
Golden Cannoli,2583163
OppFi,2583647
OLIVER Agency,2584122
HCA Florida Blake Hospital,2584453
HCA Florida Lake Monroe Hospital​,2584457
HCA Florida Englewood Hospital,2584469
HCA Florida Oak Hill Hospital,2584489
HCA Florida Osceola Hospital​,2584492
HCA Florida Bayonet Point Hospital,2584494
Venture X,2584729
Tower Loan,2585163
PLZ Corp,2586020
"Alcor Solutions, Inc.",2586261
Connections Personnel,2586409
Grid Careers,2586579
Solü Technology Partners,2587248
Chelsea Groton Bank,2587294
Purple Ink llc,2587322
ROKA,2587678
Les Langues du Monde,2588649
Hand and Orthopedic Physical Therapy Specialists,2588769
Pioneer Healthcare Services,2589107
Good Times Restaurants Inc.,2590023
Park Hyatt Chicago,2590843
NOW CFO,2591453
Quincy Mutual Group,2592230
Endless,2592772
ING,2594164
SeyTec,2594422
"Tuff Shed, Inc.",2594668
LCS,2596040
CESA 6,2596575
Doctors of the World USA,2599374
"DCS Contracting, Inc.",2599529
APAIT a division of Special Service for Groups,2599965
"Thermal Care, Inc.",2600261
Columbia University School of Professional Studies,2600576
ParentSquare,2600726
Athletic Greens,2601032
Crescens Inc.,2601226
Keter Environmental Services,2601238
CS Recruiting,2602188
Tachyon Technologies,2604933
DataClover,2605615
Oxnard Family Circle ADHC,2606109
Mom's Meals | A Purfoods Company,2606446
Keystone School,2608049
"Levelset, a Procore Company",2608095
Linnworks,2608676
Loberg Construction Company,2609441
"I.T. Solutions, Inc.",2610793
Centralized Vision-Virtual Safety & Security Monitoring,2610819
Worldline,2611817
Teaching Channel,2612282
Tiff's Treats Cookie Delivery,2612425
Volpara Health,2613021
CR Marketing,2613268
In Bloom Florist,2614427
"The Galante Architecture Studio, Inc.",2614691
Hoosier Security,2615743
Piper Companies,2615835
FIGS,2615959
Travefy,2616019
Parkridge Health System,2616230
GLP US,2616977
Pressed Juicery,2616992
MissionWired,2617438
Unclaimed Baggage,2617452
LRS Healthcare,2618313
Xinnovit,2618373
ANG INFOTECH LLC,2619868
Empire Communities,2619947
Air Force Civilian Service,2619961
Lyft,2620735
The Virtual Bench,2620935
GREENBRIDGE,2622009
"Tendercare Home Health Services, Inc.",2622061
"Smith, McDowell & Powell, A Law Corporation",2622336
Mamsys World,2623352
Zacks Investment Management,2623363
"Pathway Society, Inc.",2624664
Cristaux International,2624928
"Mark-Taylor, Inc.",2626019
LeanData,2627327
Hilton Anatole,2627350
CodeForce 360,2627812
Blue Ocean Ventures,2628392
Water & Wall,2628791
Mackinnon Bruce International,2629015
LP Analyst,2629457
Hiring Steps,2630770
CitiStaffing,2631743
NAVEX,2632918
Beyond Meat,2634332
"Fairmont Chicago, Millennium Park",2636265
"Fairmont Orchid, Hawaii",2636280
Kundel Industries,2636533
"McCrometer, Inc.",2636973
Ageless Men's Health,2638267
Willingway,2638295
Sojourner House,2639195
Hayek Medical Devices,2639249
FORTIS Resource Partners,2639534
Group PMX,2639755
Teikametrics,2640556
ReaderLink,2640606
Axiom Technology Group,2640665
KeyStaff Professionals- A Division of Midwest Staffing,2640689
Meridian IT Inc.,2640965
"Magnet-Schultz of America, Inc.",2641066
O'Connor Company,2642004
United Material Handling,2642068
LifeMoves,2642086
Numentica,2642477
Sensiple,2643302
"WNC Roofing, LLC. ",2643510
CDA InterCorp,2643717
Stealth Communications,2643783
Guardant Health,2644051
TCP Software,2644323
Archipro Staff Agency,2644365
"Philadelphia Works, Inc.",2645437
California Department of Managed Health Care,2647561
MK Search,2647784
"Geotemps, Inc. / Geopros, Inc.",2647892
Central Insurance,2648566
"Paradigm Group, Inc.",2648958
"Partnership Resources, Inc.",2650722
English Mountain Recovery,2650980
"PSA Airlines, Inc.",2652476
Columbia Advisory Group,2652511
Asenium,2653084
GeoBlue,2653644
Hillel at UCLA,2653804
Snap Finance,2653869
"SEARCH Group Partners, Inc.",2653956
E.L.F. BEAUTY,2653969
AeroRepair Corp,2655348
Franklin County Home Care,2656267
PadSquad,2658145
New Orleans Ernest N. Morial Convention Center,2658755
"614 Media Group",2658839
Triveni IT,2659878
Nouria,2660181
Teez Agency,2660657
Elevate,2662595
Synergy Technologies,2662740
YWCA Evanston/North Shore,2662858
CalArk Inc.,2662993
NP Digital,2663195
Deerpath Capital,2663291
Workshops Empowerment Inc.,2664143
Pieology Pizzeria,2664486
"Host Healthcare, Inc.",2664556
Lineage,2664890
Adena Corporation,2666164
Beyond Yoga,2666617
Walker Lovell,2666875
"Kupper Engineering, LLC",2667440
Federal Reserve Bank of Richmond,2667723
Stone Central New York,2668093
Veterinary Practice Partners,2668792
Lakeview Hospital,2670206
"SunVest Solar, LLC",2671492
Prime 8 Consulting,2671560
"AAA Northern California, Nevada & Utah",2671586
Progressive Leasing,2673675
Cynosure Technologies LLC,2673722
Fusion 360,2673934
Strategic Solution Partners,2674719
"Aerodyn Engineering, LLC",2675169
Vibracoustic,2676627
Media Riders Inc.,2677750
Lifespark,2677974
Golden Technology,2678950
Accion Labs,2680000
"Prinsco, Inc.",2680791
Logikk,2681218
GE Digital,2681277
O'Donnell/Snider Construction,2682354
"CinemaTech, Inc.",2682425
"Arkansas School for Mathematics, Sciences, and the Arts",2682538
Optomi,2684081
Plaid,2684737
Amplify,2684883
NewPoint Media Group,2685020
Carolina Restoration Services,2685638
Layco Electric Innovations,2685997
V R Della Infotech INC- V R Della group,2686249
Glia,2687116
Smith-Midland Corporation,2688901
"Kodiak Gas Services, Inc.",2689119
BayOne Solutions,2689946
City of Madera,2692259
Palm Beach Health Network Physician Group,2692884
BriskHeat Corporation,2692976
WEEKLEY | SCHULTE | VALDES | MURMAN | TONELLI,2693747
TruGreen,2694961
AllCampus,2694995
Einbinder & Dunn LLP,2695283
Sioux Falls CASA,2695315
Cubiscan,2695414
Skywalk Global,2695488
Drybar,2695628
Global Lending Services LLC,2696025
"Londontown, Inc.",2697724
"Kanomax USA, Inc.",2697825
Alpha Technologies Inc.,2697872
Encadria Staffing Solutions LLC,2697980
Results at Hand,2698014
DuPage Pads,2698283
"Gromelski & Associates, Inc.",2698874
Concero,2699082
"Capstone Logistics, LLC",2700167
The Voleon Group,2700263
Building Services of America (BSA),2700583
MemorialCare,2700663
Quantum Search Partners,2701198
Industrial Clicks PPC,2701213
Core Group Resources,2701866
Stanwich Energy,2702568
Pavillion Agency,2702886
Foley Products Company,2703890
Lalor Family Dental,2704330
Advanced Diagnostics Healthcare System,2704379
Willis Klein,2706571
Financial Synergies Wealth Advisors,2706901
WebTPA,2708254
BME Services,2708302
Capilano Properties,2708460
orangepeople,2708565
Fleur du Mal,2710555
Pushpay,2710878
"SD Solutions, LLC",2711102
"Resource Informatics Group, Inc",2711806
"1WorldSync",2712421
Hilton Columbus Downtown,2712856
Reformation,2713586
Cash Store,2715192
The SEED School of Maryland,2716011
Harris Health System,2716056
Blue Yonder,2716085
Sonobi,2717659
Glatt Group,2718193
"Elizabeth Rosario Law, PLC",2720225
"Stealth Monitoring, Inc.",2720583
Davidson Homes,2720633
Farm Credit of the Virginias,2721696
Brightspeed,2721914
Dealers United,2722082
California Commercial Security,2722154
ZealTech,2722174
Pro-Tek Consulting,2722336
"Lotlinx, Inc.",2722433
AMH,2723098
ECA Recruiters,2723730
zkipster,2723848
Bailey,2723935
Parents And Children Together,2725336
Flix,2726149
Kip Hunter Marketing,2729100
Harvard Resource Solutions LLC,2730196
RJ-Staffing,2730271
Textron Specialized Vehicles,2730341
Browne Trading Company,2730523
Geohazards,2730541
Massachusetts Trial Court,2730891
Altar'd State,2731194
Aparium Hotel Group,2731814
Excelta Corporation,2732162
MurCal Inc.,2732283
Instacart,2732417
EPIC Rx,2733340
"Nelson Institute for Environmental Studies, University of Wisconsin-Madison",2733966
Mason County PUD No. 3,2736217
ATC,2736308
Kapco Metal Stamping,2736320
Northstar Recycling,2736489
"onXmaps, Inc.",2736516
"Thorpe Design, Inc.",2737686
Regional Finance (Regional Management Corp.),2737970
Dave's Ultimate Automotive,2738154
BlackRock Resources LLC,2738312
Agilis,2738899
Advisor Employee Services,2739236
Primary Health Solutions,2739563
EDR (Environmental Design & Research) ,2740447
🚀YOCHANA,2740813
Little Giant Farmer's Market,2741008
"Walsh, Colucci, Lubeley & Walsh",2741981
Talroo,2742352
Cinq Music Group,2742649
Sphere Digital Recruitment | Best Small Company 2022,2744200
Mercury Broadband,2744764
The Arc Central Chesapeake Region,2744779
Butterfly Effects,2745115
Gardner Inc.,2745764
Blue Signal Search,2746223
TruCapital Partners ,2746246
Franden | Farris | Quillin | Goodnight | Roberts + Ward,2746644
Seismic,2746866
OBXtek,2747538
Thrive Workplace,2748494
Backblaze,2749627
Invitae,2750410
Forward Together,2750505
Pashtek • Salesforce Partner,2752604
 EGN Consult & Recruit,2753017
Aeyon,2754376
Medasource,2756204
Ethos Consulting Group,2758286
Merchants Bank IN,2759588
Group 8A,2759713
Skagit Regional Health,2759874
Arctic Wolf,2760138
Platinum,2761935
Ashford Communities,2762589
Oculus VR,2763277
"Charter Choices, Inc.",2763881
Agemark Senior Living,2764432
Teledyne Microwave Solutions (TMS),2764631
General Plastics & Composites LP,2765364
VC5 Consulting,2766294
Canteen North America,2767555
St. Catherine's School,2767733
Dalata Hotel Group,2768963
"Lonestar Forklift, Inc.",2769781
PUSH Agency,2769835
Via,2770100
Dataiku,2770554
Orangetheory Fitness,2773083
Health Source Group,2773655
"Superior Lubricants Company, Inc.",2773713
Capstone Partners Financial and Insurance Services,2773857
Govini,2774159
Corcoran Sawyer Smith,2774458
Hyperice,2774780
"Software Professionals, Inc.",2775427
Vital Farms,2776020
Skybeck Construction,2777233
"Hippo Education, LLC",2779429
Mondi Group,2779632
Invitation Homes,2780388
North Dakota Insurance Reserve Fund,2780525
Bugcrowd,2784151
The Wright Group-Food & Beverage Solutions,2784702
Minnesota Housing,2784840
Fintech,2785182
Collier Legal Search,2785186
"Kaleidoscope Family Solutions, Inc.",2786423
JZW Architects,2786526
King Law Offices,2788180
Rang Technologies Inc,2788204
Alivio Medical Center,2790216
Resort Lifestyle Communities,2790630
Hudson Hospital & Clinic,2792684
Joseph P Mangione Inc,2793026
Golden West Food Group,2793127
Be The Change Revolutions,2793205
Bonusly,2793314
Trelleborg Applied Technologies,2793699
Segal Trials,2793759
"United Business Solutions, Inc.",2794879
Deployed Logix,2795957
"T-Solutions, Inc.",2796024
"Krauth Electric Co., Inc.",2796354
Hostwinds,2797536
Catapult Health,2798052
Lutheran Partners in Global Ministry,2798492
Pike13,2800792
Seattle City Light,2802262
Tax Advisors Group LLC,2803360
Quore ,2803591
Ambiance Matchmaking,2803601
Your SmartSource,2803605
"Sudden Wealth Protection Law, PLC",2804734
G-P,2804770
Devfi,2806184
Craft Worldwide,2808059
BBSI Portland ,2808482
IQPC Exchange,2808921
Foguth Financial Group,2809975
Navigate Power,2810305
"King & George, LLC",2810881
LifeMed Alaska,2812998
"Dynamic Structures & Materials, LLC",2813181
Parachute Technology,2815197
Southeastern Wind Coalition,2816718
Connex One,2818667
Awardco,2820889
BGIS,2821582
Semrush,2821922
National Rural Water Association (NRWA),2822009
KLR Executive Search Group LLC,2822187
PJ Trailers,2823382
The Real Deal,2825278
Vivid Racing,2825609
"Cornerstone Property Management, CREG Inc.",2825662
Lifescale Analytics,2827674
ServiceTrade,2828803
Lynn Engineering,2828997
Zefr,2829249
HashiCorp,2830763
Authority Partners,2831404
North American Dental Group (NADG),2831596
Building Service 32BJ Benefit Funds,2831734
Stony Brook Medicine,2831762
"Boston Government Services, LLC (BGS)",2832056
Steel Sports,2832100
CMI Media Group,2832833
"Actinium Pharmaceuticals, Inc.",2833189
Next Level Displays,2833399
Willard Jones Real Estate,2835314
UrbanBuilt LLC,2837158
Advanced Care Partners,2837174
EarnIn,2837417
Talkdesk,2837787
Tezo,2838035
SAXX,2838505
ZimZee Recruiting,2838631
RICEFW Technologies Inc,2840488
Morrow & Associates,2840847
"Real Estate Personnel, Inc.",2841474
Arch,2842574
Grand Strand Medical Center – HCA,2842641
Colorado Coalition for the Homeless,2842750
SRI Tech Solutions Inc.,2842769
English Language Programs,2842926
Holovis,2843280
Redbock - an NES Fircroft company,2843538
Flowtec Group,2844322
Sage Dental,2844769
Quickbase,2845325
Employer Direct Healthcare,2845524
The ExeQfind Group,2845760
Tarrant Roofing,2846909
Truck Country,2847411
"HC Company, Inc.",2847461
AM Retail Group,2847472
Yolo Transportation District,2847498
Techfellow Limited,2848076
Anatis Bioprotection,2848578
MSD,2848937
Vector Talent Resources,2849059
Mediant Health Resources,2849478
Benevis,2849719
Canva,2850862
Home2 Suites by Hilton,2852377
The Black Tux,2852568
Engineered Combustion Systems,2853195
Altura,2853570
NYS Office of Information Technology Services,2855312
Charger Logistics Inc.,2855513
Revel Systems,2855734
ViskoTeepak,2856513
LSG,2857108
Coinbase,2857634
Empowered Staffing,2857693
ACCESS PT,2860360
The Untitled Magazine,2863593
OneWorld Community Health Centers,2865550
Compass,2866215
Versique Search & Consulting,2867580
Jones Grove IT Recruiting,2867730
WiredHive,2868856
Great Minds,2869053
"Viking Kitchen Cabinets, LLC",2869329
TechTrueUp,2869639
Autumn Communications,2869660
Opthea,2869679
Custom Engineering Co.,2870946
EPM Scientific,2870989
Barrett Petfood,2871184
Great Oaks Legacy Charter School,2871311
"DiNatale Water Consultants, Inc.",2871729
Access Holdings,2871865
SkyWater Search Partners,2872912
"RxBenefits, Inc.",2873210
Loch Lloyd Country Club,2873395
Rocket Travel by Agoda,2874852
"ATA Services, Inc.",2876913
VRS Recruitment (US),2878599
JMR Global | Executive Search,2878981
CFR International,2879537
CPG,2880064
"YesLiberia, Inc.",2881424
Goodwill Industries of Greater New York and Northern New Jersey,2881668
"Capstone Real Estate Investments, LLC",2881706
Ashley Global Retail,2881963
Network Rail Consulting,2881995
American Pulverizer Company,2882264
SWAN Capital,2882605
MiQ,2883353
"Censis Technologies, Inc.",2883827
Bunzl Processor Division,2886123
Carmine's Import Service ®,2886570
SentinelOne,2886771
Sebela Pharmaceuticals Inc.,2886952
Stratfield Consulting,2888764
"George Sink, P.A. Injury Lawyers",2997739
"Kirsch Transportation Services, Inc.",2890553
Island Networks,2890618
ZeroFox,2890672
HOMELAND LLC,2890763
zTrip,2891295
Energy Pipe & Supply,2891752
Business Sweden,2891929
UI Health,2893296
Homewood Retirement Centers,2893627
RPL International,2896658
Byer Steel,2896981
Centex Technologies,2897074
Femtotest,2897317
Executive Search Partners LLC,2898257
Rootshell Inc,2899266
Spinelli Kilcollin,2899729
"The Drake Hotel, Hilton Worldwide",2899754
Fullmind,2901216
NorthPoint Development,2901736
"80Twenty",2901787
Center for Creative Arts Therapy,2903813
"Hamilton Insurance Group, Inc.",2903834
PFES,2904046
Lambda,2906528
Contrast Security,2908247
gpac,2908367
Vizance,2908618
"Milo's Tea Company, Inc.",2908786
Klaviyo,2908815
Vinted,2909062
TruBridge,2909139
Artportunity Knocks,2909637
"Bloomin'​ Brands, Inc.",2910408
Champion Foods LLC,2910514
MMIT (Managed Markets Insight & Technology),2911058
On,2912258
Procare USA,2912983
Blue Chip Talent,2913349
Prime Source Foods,2913460
"Peak Resources, Inc",2915456
Guzman Energy,2915791
Exelegent,2916425
Teneo,2917251
Alston Wilkes Society,2917582
Croghan Colonial Bank,2917783
"TransAm Trucking, Inc.",2919476
LR Paris,2919549
UA Brands (Uniform Advantage Brands),2919706
Symmetrio,2920057
Innersense Organic Beauty,2921122
"Denken Solutions, Inc.",2922575
"ARC Industries, Inc",2923589
Considine Search,2924743
Toppan Merrill,2925058
Apetan Consulting LLC,2925555
Schechter Reed,2925665
HCA Florida Memorial Hospital​,2925688
Pilates Plus WV,2925776
Partners in Special Education,2925873
"Horizons Hampton Roads, Inc",2925878
Amp Americas,2925954
GameChange Solar,2926074
Music & Arts,2926262
Mejuri,2926340
Axalta,2928089
IMG Academy,2928156
Helen Keller Services (HKS),2928166
Swedish Medical Center,2928506
iQGateway,2929376
"Valaurum, Inc.",2930679
Coastal,2931319
Excis Compliance,2931380
Lime Talent,2933416
Fraza,2934248
ApTask,2934678
American Iron & Metal (AIM),2935299
Software Technology Inc.,2935380
"10 Fitness",2936412
Zoetis,2936694
"Fry Construction, Inc.",2936909
"Larry White Associates, Inc.",2937169
Myticas Consulting,2937226
"Associated Building Maintenance Co., Inc.",2937259
Easterseals Louisiana,2937669
"908 Devices",2939816
Georgia Department of Public Health,2939959
Tim Lewis Communities,2940456
SierraConstellation Partners,2940479
Steam Logistics,2941725
"Zingaro, Fidler, Wolfe & Co.",2941868
Sodoro Law Group,2942073
Arnold Motor Supply,2942357
EHPlabs,2942820
Hilti North America,2943678
Illumio,2945048
"Sterling Infrastructure, Inc.",2945454
Keller Logistics Group,2947832
Best Version Media,2948811
WVU Medicine Berkeley and Jefferson Medical Centers,2949041
CPAP.com,2949165
"85SIXTY",2949451
Fireside,2950721
Deserve,2951516
Patient-Centered Outcomes Research Institute (PCORI),2951523
Emerson United Inc- Strategic Search and Recruitment,2953258
Buchheit Inc,2953394
Access Global Group,2953670
Vital Hands,2954357
Hired In Michigan Employment Agency,2954538
Prescient,2956211
Almanac Realty Investors,2956799
"RM Palmer Company, LLC",2956803
Anne Arundel Dermatology,2956810
FareHarbor,2957445
BSA Health System,2958097
Overland Park Regional Medical Center,2958789
SpanTran: The Evaluation Company,2959344
HiEmployment Staffing Services,2959380
Prestige Healthcare Resources Inc.,2960725
Taazaa Inc,2961568
Affirm,2963249
Roofing & Reconstruction Contractors of America LLC,2963361
GeoStabilization International®,2963621
Boone Health,2965963
ConnectPay Payroll Services,2966073
Fontaine Modification Company,2968364
North Carolina Department of Public Safety,2972588
Piclo,2972806
Leidos,2973906
Rensselaer County Regional Chamber of Commerce,2974770
Innsbrook Resort,2977057
Perry Weather,2978540
"SJS Executives, LLC",2979375
NewCold,2980051
Sierra Meat & Seafood,2980402
The Kansas City Free Eye Clinic,2980821
KMS Lighthouse,2982156
Bernheim Forest and Arboretum,2983285
"Cole Engineering Services, Inc. (CESI), a By Light Company",2985341
Aditi Consulting,2985733
bizjobz LLC,2987600
BigRio,2987720
Ideal Building Solutions,2987778
Funnel Boost Media,2988330
Drive Social Media,2988823
"Job Shop, Inc.",2989222
Donnelly & Moore Corporation,2991861
Diptyque Paris,2998033
MedClean,2998262
Sunray Informatics Inc,2999272
Caribe Hilton,2999319
Hermès,2999687
Talent Table,2999886
University of Wisconsin-Madison School of Pharmacy,3000028
Foundation Recruiting and Consulting,3000753
"VersaTech, Inc",3000918
FULLBEAUTY Brands,3002024
Evolution Networks,3002900
AKT Health Inc.,3002974
Spectra360,3003740
Rally House,3005636
Fraud.net,3005998
"Windings, Inc.",3007084
"National Heart, Lung, and Blood Institute",3008545
Blackhawk Aerospace,3009236
Hilton Tampa Downtown,3009569
Vertisystem,3009879
First Financial Group ,3009895
Whova,3011879
Retail Options,3013882
"Eckman Wealth Management, LLC",3014350
Piedmont Medical Center,3014599
Oscar Health,3014788
Harry's Inc.,3014990
Roosted ,3015082
Spino Inc,3017055
BuzzClan,3018149
Onward Robotics,3019147
Avenues Recruiting Solutions,3019440
Superior Contact,3020750
"CrossCountry Mortgage, LLC",3021785
Iowa Select Farms,3023479
Hello Heart,3024029
Centria Autism,3025557
Faherty Brand,3025562
New York Hilton Midtown,3026148
"Myrick Recruiting, LLC",3026495
SeqMatic,3029158
Oak Street Health,3029525
The Talent Magnet,3029574
Kellton,3029766
Canadian Executive Search Group (USA) Inc / Division of Arrow Group of Companies,3030357
Socure,3030975
Accordance Search Group,3031014
Catholic Funeral & Cemetery Services,3031213
INTERSTATE BRICK,3031253
AKVARR Inc,3031290
"Brudis & Associates, Inc.",3031332
Radinnova,3032528
Stone Alliance Group,3032973
Nextlink Internet,3033597
Planned Parenthood of Greater Ohio,3035612
UWorld,3036189
Snapdocs,3036427
Justworks,3037695
Saratoga Center for the Family,3038153
California Correctional Health Care Services,3038230
Qeexo,3038283
CentralReach,3038501
"Landmark Construction Company, Inc.",3040133
Ruffino's on the River,3040496
HCA Florida Gulf Coast Hospital,3041808
"Spectrum Investment Advisors, Inc.",3042726
Mondo,3042775
Coverys,3042905
Measurabl,3043089
"Healogics, LLC.",3043325
Ghilotti Construction Company,3043634
HackerOne,3043691
Maxson Associates,3044821
KeenLogic,3045278
Dorkin Inc.,3047174
"Luxury Brand Partners, LLC",3047890
"Environmental Advisors and Engineers, Inc. (EAE)",3048555
IN2IT ARCHITECTURE,3048570
Dole Sunshine Company,3048848
District Taco,3050387
Concrete Strategies LLC.,3051099
Helion,3051270
Fast Pace Health,3051709
VSP Vision,3053315
VSP Optics,3053342
Alta Trust Company,3053453
Bluehawk Consulting,3056209
Athena Recruiting,3056329
Pattern®,3056912
Lochness Medical Inc.,3058308
Urban Roots,3058895
FloQast,3059072
StaffSource,3061662
Renovo Financial,3062037
LAUNCH Technical Workforce Solutions,3062514
CIS (Citycounty Insurance Services),3063563
Career Smart Executive Recruiters,3064940
Narvar,3064987
Madison Reed,3066118
Puget Sound Pipe & Supply,3066178
UG2,3066202
Cro Metrics,3066550
"Burtons Grill, LLC",3068622
Sparus Holdings,3070868
"Perry, Johnson, Anderson, Miller & Moskowitz LLP",3071652
Talent Advisory Group (TAG),3071863
Cyclonaire- Pneumatic Conveying Solutions,3073663
ProfitableRooms,3074211
Bentham Science,3074478
Castor,3075405
Mosaic Life Care,3076091
AppLovin,3076102
Voya Financial,3077431
Catapult Solutions Group,3077586
Precision For Medicine,3077719
National Field Representatives,3077992
How To MANAGE a Small Law Firm,3080429
CommunityWorks,3080567
SMC Integration Solutions,3082160
"Career Connections, LLC.",3083295
ACERTUS,3084959
Dry Goods USA,3085295
Wecom Fiber,3085403
Monolith,3086177
Pathful Inc.,3086317
"Patel, Greene & Associates, LLC (PGA)",3086329
ZOLA Electric,3087003
Impossible Foods,3087544
North Kansas City Schools,3087844
Precise Solutions,3088100
Steel Nation,3089057
Urth Caffe,3089114
Jefferson Union High School District,3090323
"Sealing Technologies, a Parsons Company",3090427
Cloudbeds,3091870
Sunstar Talents Inc,3092503
Valley Wide Cooperative,3094255
GroupA,3094595
Secure Base Counseling Center,3098071
"ACCESSbank, Omaha Nebraska",3099966
"Studio71, LP",3100088
Ecoplexus Inc.,3100120
CTG - Crestwood Technology Group,3100133
Edge Home Finance Corporation,3101344
PREMIER Design + Build Group,3101797
Black Propeller,3102438
NDX Human Capital Solutions,3102516
Hot 8 Yoga,3103320
"Kester Search Group, LLC ®",3104271
Skillz,3104354
ICM Group,3105337
JMA Wireless,3105986
None at this time,3107621
Pocket Nurse®,3107808
Greater Cincinnati Behavioral Health Services,3108190
West Elm,3108914
Skedda,3109431
"Jazwares, LLC",3109444
Challenge Manufacturing,3110301
Aha!,3110591
Ambiente European Tile Design,3111324
"Wood Litigation, APC",3111666
AEC Resources,3112510
Less Stress Instructional Services,3112613
method studio,3112861
App Academy,3113247
CEDARst Companies,3115498
"Lakeside Foods, Inc.",3115845
Worldwide Golf,3115862
"Scadea Solutions, Inc.",3118196
LTK,3118688
Celonis,3118913
Impact for Equity,3119195
CGTN America,3119373
Leica Biosystems,3119548
Fetch,3119710
Ferrara,3120038
Open Influence,3121945
Digital Wave Technology,3121954
Signode,3122069
Glocomms,3123217
"goldplaited, LLC",3125275
Specialty Restaurants,3125763
Biote,3126750
SouthEast Bank,3127143
Acra Lending,3128778
Boys & Girls Clubs of South County,3129063
Flexport,3131483
Agency on Aging of South Central Connecticut,3132204
Mohawk Mountain Ski Area,3132483
Altra Running,3133014
Envision Radiology,3133098
iSpine Clinics,3135367
biomodal,3135599
"PES Group, Inc.",3135862
EnVogue International,3140107
Rise Resourcing,3140607
"S & B Finishing Co., Inc",3140649
Carmeuse,3143310
Circet USA,3143812
Swanson Studio,3144158
Altus Recruiting,3144239
Yes You Can!,3147457
Kwest Group,3147665
Academics In Asia,3148517
RUSH Copley Medical Center,3149662
Work & Co,3149853
"Dedicated Tech Services, Inc.",3149870
DJK Custom Homes,3150288
Kingspan Insulated Panels North America,3150520
"University of Florida Jacksonville Physicians, Inc.",3150592
TalentRemedy,3150784
Lodgify,3151385
"Maxor National Pharmacy Services, LLC",3152219
Protégé Hunters,3152496
Gulfport Energy Corporation,3152520
"ArchitecturePlus International, api(+)",3154905
Exede Search Partners,3154911
TSS - Temporary Staffing + Search,3155296
"Weiser Security Services, Inc.",3155387
"J. Aaron & Associates, LLC.",3155506
Bridge Property Management,3155937
Pacific Ag,3156001
"STS Trailer, Truck, and Equipment",3156998
ServiceTitan,3157549
Oxford Casino Hotel,3157708
Bprosys,3157926
Eagle Eye Networks,3158433
Save The River / Upper St. Lawrence Riverkeeper,3158575
Snap! Mobile,3159554
Lab Alley,3161493
Radiology Partners,3161829
EPGD Business Law,3162855
"FinQuery, Formerly LeaseQuery",3163130
Carta,3163250
Koddi,3163836
PLAYSTUDIOS,3163838
Creative Business Inc.,3165226
Sunnova Energy,3165266
CRMG,3165591
Solstice Consulting Group LLC,3165672
Community Veterinary Partners,3168573
"Brock & Scott, PLLC",3170262
Unite Us,3175451
LVT (LiveView Technologies),3176725
Hitemco,3178377
McLaren Health Care,3180238
Ahead Human Resources,3180610
"Gaubert Oil Company, LLC",3180795
Canyon State Electric,3181205
AVASO Technology Solutions,3181342
Save the Children US,3182370
Oloop Technology Solutions,3183646
Fladger Associates,3184635
Professional Sports Partners,3188139
Perimeter Medical Imaging AI,3191158
Ophthalmic Consultants of the Capital Region,3192599
Kenworth Truck Co.,3193019
WCG,3198248
GenesisCare,3198634
KMA Human Resources Consulting,3199683
Smartly,3199750
San Antonio College,3200139
Werfen,3200228
Planet,3200474
Global Power Components,3200679
TATRO,3203975
DoorDash,3205573
"SMCP – Sandro, Maje, Claudie Pierlot, Fursac",3209046
Connexions,3209636
Minnesota IT Services,3209772
Partnership HealthPlan of California,3211412
American Threads,3212537
Boat Outfitters,3213234
BellSimons Companies,3214187
OpenGov Inc.,3214432
California High-Speed Rail Authority,3214518
HCA Florida Capital Hospital,3215566
Jersey College,3216326
"Merchants Distributors, LLC",3216549
Sterling St James LLC,3217283
MWNN - MetroWest Nonprofit Network,3217708
The Crosby,3218076
Elevate Semiconductor,3218079
"Toyota Tsusho Systems US, Inc.",3218383
Streamworks,3219401
Pediatrix Medical Group,3220813
"Horizons Sustainable Financial Services, Inc.",3221101
Acima,3221675
Ohio BWC (official),3221752
Perpetual:,3223364
𝐃𝐫𝐮𝐟𝐟𝐞𝐥 𝐃𝐞𝐬𝐢𝐠𝐧 𝐚𝐧𝐝 𝐋𝐚𝐧𝐝𝐬𝐜𝐚𝐩𝐞,3223465
AssuredPartners,3223482
"Collaborate Solutions, Inc",3223787
Affinity Search Partners,3223866
Ann Taylor,3224366
The AM Agency,3224847
DISCO,3225165
Synthego Corporation,3225833
Intuitive Machines,3225834
ChoiceLocal,3228267
NCCAOM,3228724
MARQ Labs,3230428
HoYoverse,3230444
"DirectViz Solutions, LLC",3231326
Neuropsychiatric Institute LLC,3231452
Team Cymru,3231546
Lob,3231576
Acorns,3231773
AMVETS Department of California Service Foundation,3233162
andros,3233382
RIIM,3234670
FireSeeds,3234958
Berner Air Curtains,3235175
FiscalNote,3235980
"Connect Staffing, Inc.",3237135
Albireo Energy,3237229
Decca Recruiting ,3237769
ASU Foundation for a New American University,3238042
Saatchi & Saatchi (We Are Saatchi),3240627
Case Auctions ,3241161
Joe Amara Executive Search,3242683
Seminole Gaming,3243195
Top Shelf Project Management,3243324
Brain Corp,3244944
SPEC Building Materials,3245277
Project Hope Alliance,3246637
Alphaeon Credit,3246779
Vision InfoTech Inc.,3247477
Cobalt,3248626
Knauf North America,3249089
"Sullivan & Schlieman Wealth Management, LLC",3250711
Eaton Realty,3251634
Wavepoint 3PL,3253589
SageSure,3253871
Robinhood,3254263
Kadean Construction Company,3255851
Metro Global Ventures LLC,3256227
Chint Power Systems Americas,3256390
Himalayan Dog Chew,3256409
Gray Matter Analytics,3260446
Medical Device Innovation Consortium (MDIC),3262058
Shorelight,3262516
Tech Talent & Strategy,3263362
Chesapeake Search Partners,3263648
RoviSys Building Technologies,3265166
swipejobs,3265403
API of NH & Delta T Distributors,3266384
Oaklawn Psychiatric Center,3266416
Mustang Special Utility District,3266578
St. Pius X High School,3266676
Southeastern Grocers,3267360
Health Carousel,3269250
Tide Cleaners,3269327
Beacon Health System,3269373
Housecall Providers,3269473
BlackFin Square,3269550
Graton Resort & Casino,3269674
TalentSphere Staffing Solutions,3269685
The Sterling Choice,3270028
Kani Solutions Inc,3270913
San Diego Youth Symphony and Conservatory,3271386
Motive,3271606
Loma Linda University Health,3271761
Zoom North America,3272381
Mindoula,3272531
Skilled Wound Care,3274695
MILLS & NEBRASKA,3275268
Collegis Education,3277848
Alignment Health,3278075
Quality Reviews®,3278172
BHcare,3279822
LawnStarter,3280182
Episcopal School of Acadiana,3281296
Premise Health,3281403
CTS Engines,3281893
Harvest Healthcare,3282116
"Rivero, Gordimer & Company, P.A.",3282327
DecksDirect,3282769
Grubhub,3283052
Local Government Federal Credit Union,3283544
Oliva Gibbs LLP,3283566
JOE & THE JUICE,3283701
FORWARD Platform,3283857
ARCO National Construction Company,3286848
US Aggregates,3288269
"Advanced Therapy Concepts, Inc",3288381
Greencrown Energy & Water,3289302
Sonora Quest Laboratories/ Laboratory Sciences of Arizona,3292101
Investco,3292397
ŌURA,3293310
Oiselle,3293801
Bear Real Estate Group,3293893
"Morrison Construction Company, Inc.",3294025
Famly,3294390
Covetus,3294602
Bent Pixels,3294979
Intelletec,3295320
Carroll Engineering Corporation,3296572
Benchmark Human Services,3296660
Step Out Buffalo,3296819
River Hospital,3297172
FACES SF,3297247
Peerless Chain,3298491
e-TeleQuote Insurance Inc.,3299186
MGA Homecare,3299457
Lexical Intelligence,3299509
Clientfit Technology Consulting,3299606
PAM Health,3303327
Origami Rehabilitation,3304061
Three Trees,3306282
Superdigital,3307418
Pathways Consulting Group,3307823
Rocket Lab,3308308
"Law Beez, Attorneys in Motion",3308310
CBS News and Stations,3309820
Dragonfly Pond Works,3311479
Arcadia,3311632
Times Media Group,3311723
"Quality Production Services, Inc.",3312170
Three Six Zero,3312861
PureCare Dental of Bend,3313368
Mizner Country Club,3313608
Matrix Service,3313811
EXPANSIVE,3314078
"Pyramid Healthcare, Inc.",3314826
Daigle Law Group,3316635
Karam Law,3318205
LaunchSource,3318359
Anxiety Treatment Center of Greater Chicago,3320303
Henderson Drake,3320864
Neo Prism Solutions LLC,3321547
Design Manager,3322345
Kutler Tax Resolution Inc.,3323711
Action Equipment and Scaffold Company,3325877
Old Dominion Mechanical,3325878
Plaxonic,3325979
BrickRed Systems,3326615
HYPREVENTION,3327877
PNCC: Print | Signs | Design | Promo,3329408
Niles Township High Schools District 219,3329909
"Asphalt Materials, Inc.",3330256
Likarda,3330795
Aplomb Technologies Inc,3331109
Townsquare Interactive,3331119
Hyve Solutions,3331503
maven,3333693
"Lakeside Project Solutions, LLC",3335439
Tower Sealants,3336351
Aramark Facilities Management,3336906
Hilton Waikoloa Village,3337452
"Corona Environmental Consulting, LLC",3337531
Netskope,3338050
SchoolMint,3341034
One to One Health,3341847
Radiant Systems Inc,3342169
FYZICAL Therapy & Balance Centers,3342418
Colectivo Coffee,3342808
Indiaspora,3345041
Flashpoint,3346075
"Advanced Correctional Healthcare, Inc.",3348019
"Seymour Staffing Professionals, Inc.",3348195
Electrum,3349912
"Gladstone, Weissman, Hirschberg & Schneider, P.A.",3350876
"McClelland Consulting Engineers, Inc.",3351354
WideGroup::Interactive,3351630
Aurora Energy Research,3354218
Regis,3354404
VRN Technologies,3354713
Reese Hackman,3356549
GYMGUYZ,3356706
Orange EV,3356761
SimplyHome,3356842
WalkWater Technologies,3356865
Solutions Physical Therapy & Sports Medicine,3357207
Denmark Ashby LLC,3357242
Banc of California,3358873
"Hire Road, Inc.",3360348
New Energy Equity,3361646
Tandem Theory,3361986
Athene,3362620
Comstock Companies,3363096
Our Lady of Lourdes Regional Medical Center,3363746
Froggy's Fog,3363784
Minnesota Department of Revenue,3364317
VisaNation LAW GROUP PLLC,3364410
"Reputable Staffing, Inc.",3364560
Launch Consulting Group,3364772
Condé Nast,3365729
Leadership Greater Chicago,3366591
VeSync (US),3374179
AMERY CHEVROLET,3474437
StarVista,3474439
"Premier Mechanical, Inc.",3475514
PlushCare,3476726
Sarasota County Schools,3477170
Primary Recruiting Services,3477320
Databricks,3477522
Commercial Partners of Texas,3478848
TeamViewer,3479536
Fuel Talent,3479676
The AES Group,3479953
Target Optical,3480281
Central Indiana Educational Service Center,3480801
"Batesville Products, Inc.",3481186
Snowden Lane Partners,3482298
Wellmore Behavioral Health,3482447
Avita Pharmacy,3482968
"American Security Associates, Inc.",3484962
OTR Solutions,3488196
Arc Initiatives,3488422
SwankTek Inc.,3488697
Arc3 Gases,3489770
Stranberg,3494076
Commonwealth Real Estate Services,3495415
"Patterson Companies, Inc.",3495423
"BEL Environmental Engineering, LLC",3495811
Synergy Equipment,3496036
ActOne Group,3496915
"AGS Capital, LLC",3498146
Laser MD Medspa,3498236
Ark Transportation Ltd.,3501176
Evac Group,3501318
Webflow,3502352
Forward March Inc. - Your Success is Our Mission,3502810
Gifted Travel Network,3503047
Centricity Research,3503580
The Center for Aquaculture Technologies (CAT),3504458
Orora Packaging Solutions,3505550
Gorra Financial Group,3506354
Twist Bioscience,3508131
Gotham Greens,3508668
Xometry,3509022
Executive Technocrats Inc,3509026
Kabinet King USA,3509898
Circle,3509899
White Glove Storage & Delivery,3510898
Realtor.com,3513586
Sevan Multi-Site Solutions,3514329
VSA Resorts,3515485
ClickJobs.io,3516935
Futran Solutions,3517936
OhioGuidestone,3518578
BridgeAthletic,3518691
Ada Developers Academy,3518909
iboss,3520250
Codex ,3520744
Farmer's Fridge,3521364
St. Peter's Health Partners,3521798
Orbis Group,3522089
Red Cedar Homes,3523284
KIPP Jacksonville Public Schools,3523317
World Vision USA,3523887
Juniper Communities,3524548
International Leadership of Texas,3525398
BDG,3526554
Farm Bureau Insurance of Michigan,3527948
The Humane League,3530004
Great Waters Financial,3531009
NantHealth,3531884
Allegion,3532968
Latitude Legal,3533175
Cato Networks,3533853
AZPetVet,3535291
"Randolph School, Huntsville",3536137
PharmaACE,3538921
"DEPCOM Power, Inc",3538986
One Tech ,3539069
OMD USA,3540705
Consensus,3540957
IPolarity,3541916
Horsemen Investigations,3541957
Vuori,3541960
Hilton Short Hills,3544817
OBERD,3545040
Fuse3 Solutions,3545223
Next Level Business Strategies Inc,3545690
Cortechs.ai,3545834
"Trilliant Food & Nutrition, LLC",3546749
"Waynsys, Inc.",3548324
Servsys Corporation,3549076
PASCO (Personal Assistance Services Of Colorado),3552006
HealthTrust Workforce Solutions,3552395
M3 Placement & Partnership,3552572
PHC Corporation of North America,3552581
Quote.com,3554649
Alo Yoga,3555747
"MOjO Marketing, Inc.",3556203
Velvet by Graham & Spencer,3556531
Ojo Spa Resorts,3558550
Handshake,3559341
Outreach,3559595
Busby Park Recruiting LLC,3559874
Vivaldi Music Academy,3561800
"Teksys, Inc",3562430
MLK Community Healthcare,3563085
TriVista Recruitment,3563676
PACE of Southwest Michigan,3566289
"FUJIFILM Electronic Materials U.S.A., Inc.",3566856
Coding With Kids,3566921
Communication Concepts,3569223
Anonymous,3569228
City Lifestyle,3570660
"FUJIFILM North America Corporation, Imaging Division",3571946
Western Alliance Bank,3572530
Mondee,3572661
JRI Hospitality,3572673
Millard Public Schools,3573073
Questar Properties,3573957
Coro,3574843
Nomilk2day Headhunters,3575823
Feuji Inc,3577168
Campos EPC,3579155
Home Chef,3579761
Minnesota Pollution Control Agency,3579935
Urbanleaf Landscapes,3580601
Under Canvas Inc.,3581550
HS Ad North America,3581812
Gunther Group LLC,3582403
"RealTime Laboratories, Inc.",3583046
RoundTable Strategic Solutions,3583354
Oxford School District,3584498
Jolt,3584674
"Best Wade Petroleum, Inc.",3585747
HireQuest Direct,3586114
UW-Madison College of Letters & Science,3586991
Theery,3588039
Forward Tilt,3588576
TJO - Total Joint Orthopedics,3589965
"Park Place Finance, LLC - Hard Money Lender",3591263
"Citadel CPM, Inc.",3592199
Atascadero Glass Inc.,3593114
Sharp Medical Staffing,3593157
BAND-IT IDEX,3593286
Eureka! Restaurant Group,3593693
Harrison Gray Search & Consulting,3593828
Jazz Solutions Inc,3595401
"Suttons Creek, Inc.",3595709
Innosoft Corporation,3596426
Nevada Volunteers,3596915
BitGo,3597797
BOWA Construction,3598340
Forge,3598625
Kavanagh Construction Company,3598633
Fast + Epp,3598972
Acenda,3599281
Abbie Jones Consulting,3600665
"Assembly Media, Inc",3601388
Essel Environmental ,3601427
ONE Gas,3602147
WeTravel,3602771
Tier4 Group,3603143
Roers Companies,3603539
"PermiaCare (formerly Permian Basin Community Centers, MHMR)",3605800
East 57th Street Partners,3605891
Marine Layer,3606973
DigniFi,3607492
ALTEN Technology USA,3607929
A-Jax Company,3609752
Onyx CenterSource,3610698
Autobody News,3611842
LUXE Properties,3611959
ZIVA Strength,3612631
Westside Children's Therapy,3613594
Coast Incorporated,3614025
"Progilisys Solutions, A Talent Groups Company",3614410
Viridian Staffing,3615364
"Global Solutions Group, Inc.",3615984
Fit Recruiting,3617392
Optum,3617422
UnitedHealthcare,3617441
Quantiphi,3618960
Gold Coast Interiors,3619738
Satair,3620109
"SFP Hydraulics, Inc.",3620482
Red Canary,3621373
Sarah Cannon Cancer Institute,3621525
"PMCS Group, Inc.",3621765
Waldorf Astoria Park City,3622144
Lift Brands,3624367
Sandberg Goldberg Bernthal Family Foundation,3624477
A Day's March,3625103
"Forward Networks, Inc.",3625337
DAWSON,3625572
"Climate Pros, LLC",3625996
Built ,3626039
Randstad Life Sciences US,3626487
Autotech Ventures,3627214
"4D Molecular Therapeutics",3627510
Lexitas Pharma Services,3627955
Inszone Insurance Services,3628082
Banyan Global Learning,3628432
"Element Engineering Group, LLC",3631283
Society6,3631804
One Firefly,3633597
The Steely Group,3634748
Atlanta Ventures,3635947
Jim Trenary Automotive Group,3636379
Betches Media,3636723
Discovery Senior Living,3637229
Global Atlantic Financial Group,3637701
Gateway Management Company,3637765
Youth on Course,3637901
Alchemy Software Solutions,3638332
HCLTech – Engineering and R&D Services,3638581
AphroSoft,3638696
Shifamed,3642430
Sunglass Hut,3642491
Southeastern Surveying and Mapping Corp.,3644472
Quail Creek Country Club,3645136
D'Andrea Visual Communications,3645194
Element6Talent,3646098
Textron Aviation,3646465
Episode Solutions,3646575
AVI-SPL Canada,3648024
"Goserco, Inc.",3648935
ROC USA,3649076
GOAT Group,3649864
TempExperts,3650049
"Scribe.ology, LLC.",3650661
Mindful Health Solutions,3650966
Post Holdings,3651927
BetterHelp,3651935
"BRICKELL PERSONNEL CONSULTANTS, INC.",3652278
"Greco and Sons, Inc.",3652299
"Platinum Enterprise Solutions, Inc.",3652928
Marvel Marketers,3653638
Snowflake,3653845
Fullstory,3654338
Place Services Inc.,3654671
West Power Energy,3655447
"ProHarvest Seeds, Inc.",3657999
MZ North America,3658720
Supportive Care,3660674
"Total-Western, Inc.",3662174
Meeting Street Schools,3662560
Crane Payment Innovations,3663133
NK Interactive,3663288
HYATT Hotels,3663581
F45 Training,3664691
Take Command,3666557
Golden Hippo®,3669466
Family Health La Clinica,3669533
"Florida Construction Connection, Inc. ",3670040
RKD Group,3671885
CareSet,3672069
rebel Financial,3672378
"eTek IT Services, Inc.",3672940
Thrive Market,3675758
Weedmaps,3676172
Chick-fil-A Restaurants,3676298
Elite Corporate Solutions,3678555
ROOT3 Marketing & Business Development,3680938
"Tucker-Rose Associates, LLC",3682545
Everus,3682566
Safe Fleet,3683451
Kern Health Systems,3684109
"10x Genomics",3684165
Ziffity Solutions,3685800
Southern Polymer,3690240
SunTechPros Inc.,3690322
KNAPP North America,3691365
Cabin Creek Health Systems,3692202
"CareDx, Inc.",3693158
Lument,3693643
Career Group Companies,3695092
EmazingGroup - INTO THE AM & iHeartRaves,3696072
Tulsa Community Foundation,3696174
American Trust,3697766
West Coast Trial Lawyers,3698299
Tek Tree LLC,3700354
VideoAmp,3704165
CareerStaff Unlimited,3706049
PROFLUENCE RECRUITMENT,3706420
March Capital,3708541
"Lorber, Greenfield & Olsen, LLP",3709686
"Hunter Douglas, Inc.",3710352
Sky Ridge Medical Center,3711368
"Top Source Talent, LLC",3711549
"Magellan Financial & Insurance Services, Inc.",3714038
ASM Global OKC - Paycom Center / Prairie Surf Studios,3714386
Elevate,3715155
Pryor Associates Executive Search,3715179
Industrious,3715593
Dallas Healthcare Consultants,3715929
"The Marlin Alliance, Inc.",3716339
Favor Delivery,3716348
CLOTH & KIND ,3717084
Law Office of Bryan Fagan,3717355
DNOW,3717968
FOX Sports,3718376
"Aero Controls, Inc.",3719167
Hope Inspired Ministries (HIM),3719466
Northwest Asthma & Allergy Center,3719550
Verde Technologies,3719923
"Piedmont Ear, Nose, Throat & Related Allergy, PC",3720974
The Coffee Quest,3722296
"StaffWorks, LLC",3722383
New Era CPAs LLP,3724467
Georgia Association of Broadcasters,3725398
Senior Financial Group,3725981
"LivCor, a Blackstone Portfolio Company",3726409
Library Furniture International,3726461
Thermal Concepts,3726781
"Snohomish County, WA",3728247
Five Pack,3728344
Sacramento LGBT Community Center,3728829
"Brink Constructors, Inc.",3728894
"Javen Technologies, Inc.",3730982
Sempra Infrastructure,3731368
American Transportation Research Institute,3731680
Unitea,3734005
"Key Insurance of Pensacola, Inc.",3734016
"Nicole Yvette Signature Events, LLC",3734129
"Superior Industrial Solutions, Inc.",3734137
Turn/River Capital,3734741
Round Barn Labs,3735184
Velocity Black,3735584
Fogg Filler,3735638
Endeavor Charter School,3737341
Scout from University of California,3737404
Shoreline Fruit LLC,3737467
EASE Logistics,3738414
Coherent,3738422
Chime,3738695
At Home Group Inc.,3738912
Physicians' Clinic of Iowa,3739576
Qivliq Federal Group,3740047
CGTN,3740421
Fortuna,3741338
NexMetro Communities,3741589
YUPRO Placement,3742270
"3Headed Monster",3742736
Sleeper,3742895
Sepragen Corporation,3742939
Holiday Inn Long Beach Airport and Conference Center,3742961
Kalmar,3743186
TeleSpecialists,3743212
SPOTIO,3745206
"Murphy Tractor & Equipment Co., Inc.",3745229
Coastal Millworks Inc.,3746819
Texas Tech Credit Union,3747526
Smith Douglas Homes,3748916
matzoball.org,3749050
LaunchDarkly,3749939
Cohesity,3750699
Ushur,3750775
Manner Polymers,3752251
Elite Dental Partners,3752771
California Department of Health Care Services,3753860
"Savvy Search Solutions, LLC",3758715
"Pylam Dyes (Pylam Products Company, Inc.)",3758794
Peak Rentals,3760004
Akima,3760423
Texas A&M Engineering Experiment Station (TEES),3761392
"Doyle Land Services, Inc.",3761443
Third Plateau ,3761808
Bronco Wine Co.,3761960
Hiab,3762280
MOGEL,3762655
"Traverse Group, Inc.",3762659
Kehillah Jewish High School,3765597
Dynamic Discs,3765603
Allen Institute for AI (AI2),3766239
Washworld Inc.,3766741
Delibert Employment Solutions,3766977
SMOORE,3769114
Benchling,3769390
Veritas Steel LLC,3770145
Pearce Services,3771055
Polymaker,3771406
ShipBob,3772163
Cornerstone Defense,3772194
HQ,3772528
Ohana Real Estate Investors,3772837
INA Solution,3777778
Industrial Service Solutions,3777955
Oregon Lottery,3778347
"360 Industrial Services",3778671
"IdeaHelix, Inc",3779159
"Cadent, powered by Syneos Health",3779208
CDI Engineering Solutions,3780788
National Processing,3781178
Theisen's Home Farm Auto,3781475
Veritiv Corporation,3781515
"Satsyil, Corp. | SBA Certified 8(a) Small Business, 8(a) STARS III GWAC Holder",3781946
Ameritech College of Healthcare,3783248
RWE,3783876
Srimatrix Inc.,3785467
"Premier Medical Staffing Services, LLC",3786763
Proliance Consulting,3787302
Kraken Digital Asset Exchange,3787845
PopHealthCare,3788626
TriTech Software & Services,3788642
Building Blocks,3788875
Wheeler Staffing Partners,3789747
Lamark Media,3793030
Roper Whitney,3793529
Active Pest Control,3794478
ALIS Software LLC,3795582
Postman,3795851
MUFG,3795888
Legacy Preparatory Charter Academy,3797139
Rudish Health,3797361
"The Standard, High Line",3797866
Indigo Slate,3797960
CV - Christian Vision,3799891
BluePoint Mortgage,3801661
RightTalents LLC,3802195
Connect Savannah,3803088
Solenis,3804538
"Abtrex Industries, Inc",3804706
Reviva Inc.,3805712
HSK Technologies Inc,3806039
Hero Digital,3806580
BetterUp,3806620
Nextracker Inc.,3807153
Sonata Learning,3807696
California Department of State Hospitals,3807788
Klingman's Furniture & Design,3807914
Cypress Creek Renewables,3808676
Flexe,3808729
CloudRay,3809356
OsteoStrong,3810432
HealthJoy,3810899
Splan Unified Badging & Visitor Management Solutions,3812057
Keysight Technologies,3812750
Hilton Austin,3813803
KPG99 INC,3815031
Synchrony,3815936
Companions Journeying Together,3816067
Ardent Mills,3816881
Arrive Logistics,3817357
iBridge Techsoft ,3820097
"Southlake Automation, Inc.",3822197
Heaven Gifts,3822450
Akidev Corporation,3823685
Dr. Squatch,3823786
Wuxi AccoBio Biotech Inc.,3824109
TekInvaderZ,3824621
I&I Sling Inc. ,3824667
Rina Yoga,3825089
Aspire Health Partners,3825114
Creative Triplet I Explainer Video Company,3826870
Law Rocks,3826958
Dan Burghardt Insurance Agency,3828509
"Next Level Recruiting, LLC",3829683
Horizon Realty Advisors,3829698
Job Juncture,3830959
Grey Dog Media,3831523
Lending Science DM,3831729
"Del-Air Heating, Air Conditioning, Plumbing and Electrical",3831791
Calm,3832633
GradGuard - College Life Protected,3832964
JTS,3833780
Amazing Lash Studio,3834377
Babbitt's Powersports,3835202
Rochelle Porter Design,3835277
Enact Mortgage Insurance,3835866
mroads,3837152
SVL Inc.,3838296
The KYA Group,3838332
Elite WorkForce Inc,3839791
IMPACT Technology Recruiting,3840237
Primed Business Consulting LLC,3840696
CCMC,3841186
Foundation For CHOICE,3843202
Greater Omaha Packing Co.,3845097
"KalVista Pharmaceuticals, Inc.",3845343
Nikon SLM Solutions,3847649
Liebwein Recruitment,3849680
Peak Pharmacy,3851600
"Gregory Industries, Inc.",3853586
CrescentCare,3853649
Literary Arts,3855523
Warming Trends,3856913
CKP,3857614
BWE Home Theater,3857972
HopSkipDrive,3858302
Gulfstream Strategic Placements,3858569
Verana Health,3859106
Product School,3861577
Magnetic Group,3862704
Red Lobster,3863363
The Pineapple Agency,3863756
BSL Consulting,3864416
Motus Integrated Technologies,3865111
KnowHireMatch,3865176
Scorebird,3867019
Montrose Environmental Group,3867031
Washington Cities Insurance Authority,3874144
Coffey McPharlin Trial Law,3877442
Once Upon A Child Scottsdale,3877993
Republic Finance,3879704
"Mid-South Transplant Foundation, Inc.",3879913
Summit BHC,3880691
New Waterloo,3880812
Pella Windows & Doors Mountain West,3880846
Swish Analytics,3886282
Baptist Health - Central Alabama,3887559
Carnegie Hero Fund Commission,3889191
Betacom,3890135
Glenkirk Presbyterian Church,3893132
Cold Spring Tavern,3898491
Monica Ros School,3900454
ONCORE Construction Consulting Group,3901119
NELCWIT (New England Learning Center for Women In Transition),3903192
Regents Academy,3904651
Craftweld Fabrication Co. Inc.,3912963
"NOVUS Professional Services, Inc.",3917855
"Sturgeon Electric Company, Inc.",3920632
Marki Microwave,3925966
Alfred Street Baptist Church,3928165
Larchwood Inns,3930203
Accu Reference Medical Lab,3930673
LISA Academy,3932137
"Crane Rehab Center, LLC.",3932986
Waldron Mercy Academy,3934077
Western Orthopaedics,3935809
Pine Manor Inc,3936100
Montessori Unlimited,3936135
The Harmonie Club,3936174
TriStar Skyline Medical Center,3936609
Energy Swing Windows,3937380
Mickey Truck Bodies,3937514
Lippert Mechanical Service,3937977
OMIC USA Inc.,3940345
"PennFab, Inc.",3941961
Solebury School,3948062
Dimar Manufacturing Corp,3951171
Atlanta Youth Academy,3951845
Fivetran,3954657
Craig Krull Gallery,3955276
Green Bay Plastics,3956745
Contra Costa Jewish Day School,3957430
Granite Links ,3958304
United Enertech Corp.,3958522
Skydio,3959849
David French Music ,3960176
Flat Track Coffee,3960977
Saks OFF 5TH,3961319
Ginnie Mae,3961464
EvidenceCare,3961685
"Sunlite Plastics, Inc.",3961883
Marquis,3963254
Align Production Systems,3963611
"Self Financial, Inc.",3964848
Intero Chiropractic,3965393
Checchi Capital Advisers,3965520
Accelon Inc.,3966490
California Education Partners,3967388
Dialpad,3967399
HB Staffing,3967402
Axient,3967883
Isani Consultants,3968463
Staffing with Bliss,3969108
Bearpath Golf and Country Club,3969173
Mid Oregon Personnel Services,3970527
City Of Hermosa Beach,3973841
PAM Transport,3977587
Trinity Basin Preparatory Public Schools,3979535
Janus of Santa Cruz,3991248
TIDAL,3991657
Avista Senior Living,3991770
Airtable,3991822
"EVE Energy Co.,Ltd. ",3994381
Palisades Group,3996636
Cox Automotive Inc.,3997420
Alpha Publishing,3997424
Golden Gate Regional Center (GGRC),3998424
Info Way Solutions,3998479
Zentek Infosoft ,3999028
Washington River Protection Solutions (WRPS),4000994
BioNTech SE,4001311
Fort Financial Credit Union,4003981
Dynamic Transit Company,4004906
Hyla School,4005593
La Raza Community Resource Center,4005785
Ortho Rhode Island,4005968
Smart Style Hair Salon,4007230
Galley Printing Inc,4008436
Tom Thumb Supermarket,4010009
"Wilkinson Ecological Design, Inc.",4010054
"Building Plastics, Inc. (BPI)",4010807
Barry Farmer Draperies,4011273
"All Insurance Agency, Inc.",4012470
American Metals Supply,4013449
Mount Prospect Academy,4015761
Howard Fertilizer Co,4016419
"Associated Universities, Inc.",4017715
Boise Contemporary Theater,4017860
CUI Solutions,4017953
Bank of Idaho,4018188
LRT Restoration Technologies,4018220
Foothill Animal Hospital,4018926
Specified Components Company,4019128
PROformance OM,4020444
"Central WV Community Action, Inc.",4021071
Arrowhead Engineered Products,4021758
Bennett Academy,4022252
We Can Ride,4022256
"Clinicas del Camino Real, Inc.",4023956
"Vision 3000 IT Business Solutions, Inc.",4024697
Randalls Food Market,4025697
Tutor Time Childcare,4025744
Rainbow Municipal Water District,4026134
Reston Hospital,4026446
Engineered Exhaust Systems Inc,4026614
North Suburban Medical Center,4026714
Diamond Braces – Premiere Orthodontics and Invisalign,4027018
Rio Grande Regional Hospital,4027213
Northern Maine General,4027350
Lehigh Regional Medical Center,4027798
"Solari Enterprises, Inc. ",4027854
Jacobs Trading Company,4027883
The Seawane Club,4028354
HCA Florida Fort Walton-Destin Hospital​,4028380
Valley Sanitary District,4028608
United Methodists of Greater New Jersey,4028816
Vaughan Nelson Investment Management,4028848
Savannah Pedicab,4029241
Havel,4029310
Kirna Zabête Inc,4030310
Lazer Logistics,4030721
NDI Engineering Company,4030966
Texas Orthopedic Hospital,4031023
Specialty Foundry Products,4031199
Glacier Bank,4031604
"Bechtel Plant Machinery, Inc. (BPMI)",4031911
Retirement Unlimited Inc,4032655
Harlingen Country Club,4033304
Old Oakland Golf Club,4033604
Arms Acres,4034001
Florida Pest Control,4034136
Town Of Truckee,4034605
Pacific Summit Energy LLC,4034752
Johnny Was,4035035
California Department of Social Services,4035873
"61st Street Service Corp",4035924
Klein Epstein & Parker - Digital Bespoke,4037459
Allfast Fastening Systems,4068264
BioTissue,4072874
Stamford Public Schools,4094193
"American Sugar Refining, Inc.",4111455
Us Technology International Private Limited,4127066
SMKSoft Inc,4127235
Snap-on,4128972
Select Physical Therapy,4147463
Gateway Staffing,4150008
Family Daycare Home,4170474
University Retirement Community,4173472
CD Peacock,4191612
Top Stop Convenience Stores - A Division of Wind River Petroleum,4193374
Johnson County Mental Health Center,4193643
Geary Pacific Supply,4197006
"Diversified Services Network, Inc.",4203087
Atlantic MEDsearch,4221501
Everest,4221934
Milber Makris Plousadis Seiden,4224618
Portillo's,4228600
JC Ford Company,4232899
San Manuel Band of Mission Indians,4235104
Illini Restorative Care Ctr,4245242
Wacker Chemical Corporation USA,4245359
Petricca Industries Inc,4264213
Holmdel Imaging,4264265
"D-Patrick, Inc.",4268901
Genlabs Corp,4273342
Radiant Visions,4277361
WholeTrees® Structures,4284397
Bryt Designs,4285293
MatchBuilt,4285303
Premier Family Clinic,4285947
Business Needs Inc.,4289180
Rockaway Animal Hospital,4292644
Ontarget Staffing Inc,4293163
"Redi Shade, Inc.",4303621
Cath Lab,4309335
New Settlement,4319345
"NHS Management, LLC",4335648
"Tropicale Foods, LLC",4342671
Cherokee County School District - GA,4348467
"Munch's Supply, LLC",4358460
Primavera School,4366361
Bingham Equipment Company,4369905
Foote Printing Inc.,4372252
Isaac Morris Ltd,4380406
"Wisconsin Community Services, Inc.",4383829
North Shore Counseling Center,4392006
"APAC Mississippi / Tennessee, Inc.",4392733
Evergro Landscaping,4401089
Footwear Unlimited Inc.,4403189
REGIONAL federal credit union,4404462
Arrowhead Behavioral Health,4406534
Osceola County School District,4406757
ATS Welding Inc.,4413635
Simpler Trading,4418329
Southern Tea,4424094
Lenmar Consulting Inc,4432660
Mitchells Drug Store,4437149
Secured Land Transfers,4445846
Goldschmitt and Associates (G&A),4447979
Caputo Cheese,4451588
Empire Packing Company,4458861
Atala Physical Therapy,4460056
Riverwood Healthcare Center,4464449
barton CPA,4467206
Goldbelt Tram,4473718
Cosmetic Surgery Of Las Vegas,4473754
Ocean State Research Institute,4477142
GITS (Global IT Staffing),4482684
Creekview Orthodontics,4493454
Riverstone Animal Hospital,4495117
Todd Snyder,4499861
Made by Mary,4514749
Vistula Management Co,4517088
Appalachian School Of Law,4530445
WestStar Prosperity Group,4530832
Tri Scapes Inc,4536538
Teph Seal Auto Appearance,4536627
Logic Environmental,4546517
TOP Jewish Foundation,4553072
"Villager Construction, Inc. ",4554017
SAVE Electronics,4555344
Advanced Contractors Inc,4567897
Pulsafeeder Engineered Products,4587171
Davis Wire Corporation,4592324
Vehicle Maintenance Program (VMP),4594437
Idaho Timber,4612261
Reed Food Technology,4621459
Lionberger Construction,4623704
Discovery Day Camp,4642639
Rohadfox Corporation,4643229
Eckinger Construction Company,4645754
Aylo Health,4648472
Harley School,4648890
Rogue Valley Manor,4650968
Roskam Foods,4652261
SEACORP,4674489
King Operating Corporation,4689924
Los Angeles City Attorney,4694549
Seattle Human Services Department,4697690
Columbus Country Club,4704513
Vesta Realty LLC ,4705365
Mavis Tire,4723171
"LDG Development, LLC",4724571
HEULE Precision Tools | North America,4728561
Lakeview Industries,4740314
Kitchen Dog Theater,4747817
The L.E. Myers Co.,4752376
Palace Law,4753170
Interfaith Of The Woodlands,4753841
MBK Real Estate Companies,4757303
Savannah Distributing Co Inc,4759599
May Dugan Center,4764296
John Rocchio Corporation,4768803
"Robert Bearden, Inc.",4773048
Kansas Imaging Consultants,4777564
"Van Ert Electric Company, Inc. (Electrical Contractor, Telecommunications, HVAC, Arc Flash)",4779632
KP Aviation,4782108
California State Controller's Office,4783635
"ShoffnerKalthoff MES, Inc.",4785104
EHS Insight,4785856
Ring,4787585
"Reed Leeper, P.C.",4788849
Medical Edge Recruitment,4789153
Interview Kickstart,4790142
"MWResource, Inc.",4790380
Stratascale – An SHI Company,4791832
Nova Ukraine,4791980
Leaves Personal Care,4792627
CyberSN,4793263
Nexuses - B2B Growth Agency,4793545
Moon Juice,4794371
Hopebridge,4794621
FMH Material Handling Solutions,4794637
Gotion Inc.,4794951
Wolf & Shepherd,4795366
Wilco Source,4796324
FreshRealm,4796993
AAA USA,4797977
"Rutledge Group Resources, Inc",4798709
City of Aspen,4801474
Rust Construction,4802123
Carbon,4802576
"Spruce InfoTech, Inc",4803413
Böning Ship Automation USA,4805509
Health Alliance Solutions,4807270
Rothy's,4807609
Millboard,4807779
Bridge Investment Group,4808751
Fornaro Law,4809889
Aroma360,4810482
GoMacro,4811406
Commerce Trust ,4811525
Montgomery County Government,4811997
Velocity Consulting Solutions,4812585
The CSP Group,4814443
Peak Sports MGMT,4814686
OnPoint Medical Group,4815108
Potomac Point Group,4815504
Teachable,4815896
Archer,4816126
Executive Career Partners,4817128
PVComplete,4817322
McDowell Hetherington LLP,4817793
All Star Labor and Staffing,4817796
Espinoza Consulting Services,4818145
"Atrenne Computing Solutions, LLC.",4818407
Orion Lending,4819790
Suntex Marinas,4820469
TalentLink Solutions,4820801
Scintillon Institute,4821721
Alliance for Pharmacy Compounding,4822893
Suntek Systems Inc.,4823147
StreetCode Academy,4823597
Magnify,4823650
Preferred Apartment Communities,4824537
GrubMarket Inc.,4824711
GoHealth Urgent Care,4825356
Shakopee Mdewakanton Sioux Community (SMSC),4826384
O i get it.ai - Fake News Filter,4826917
Anduin Transactions,4827416
Premier Resources Group (PRG),4827450
Kahu Malama Nurses,4828770
Valiant Residential,4829800
Claim Academy,4831058
Calico Life Sciences,4831059
Medmastery,4835262
rh contract,4835993
DataSkate,4837940
Ferrari South Bay,4839544
Visby Medical,4839873
Rubrik,4840301
Golden Hills Orthopedic & Sports Physical Therapy,4841327
"Giuliani Construction & Restoration, Inc.",4841593
SpineZone,4844885
"Element Science, Inc.",4845307
RaezerConnect,4848080
Israel Firstfruits Center for Economic Advancement,4849016
Echodyne,4850672
"Qorvo, Inc.",4851811
AskNicely,4853948
Gravity IT Resources,4854165
Concerto Renal Services,4858114
County of Santa Cruz,4859694
St. John's Community Services,4860009
Design Pickle,4860800
"Radeus Labs, Inc.",4861044
Times10,4861069
Pepper Foster Consulting,4861113
MMIT Business Solutions Group,4861196
ChemSource Recruiting,4862162
Empire Construction,4866209
TN HomeBuyers | Sell Your House the Easy Way!,4868400
Proper Hospitality,4868751
Science 37,4869017
RealREPP,4869959
SprintRay Inc.,4870191
Geopaq Logic Inc,4870269
Intermountain Rigging and Heavy Haul,4871396
Atlas Search,4872007
Gopuff,4872230
"Par Pacific Holdings, Inc.",4872597
ALIGN Executive Search,4872663
H.W. Kaufman Group,4874266
TurnCare™,4973999
"Creative Benefits, Inc.",4975240
BizXL Catalyst,4976119
"Degree Controls, Inc.",4982073
Toshiba Global Commerce Solutions,4983419
Kadence,4984057
Skillable,4985352
Recursion,4990022
Skopenow,4990300
Mazzella Companies,4992099
Southern Proper Hospitality Group,4995343
Wren Laboratories,4995367
Credible,4995769
Editas Medicine,4995975
Gibel & Associates Inc.,4996247
Liberty Construction: Dental and Medical Office Build Outs,4996709
Connatix,4999305
"International Citizens Group, Inc.",4999732
BlueSky Resource Solutions,5000254
"The Goodkind Group, LLC",5000890
"FPC of Greensboro, NC",5002719
Cynet Systems,5003556
DriveWealth,5004213
Segal,5004550
Soben,5004635
TestingXperts,5005549
New York State Department of Public Service,5005961
"Peoples First Insurance Services, LLC",5009379
Fronius USA,5010523
Land Life,5012520
Logisoft Technologies Inc.,5013435
Darktrace,5013440
DealHub.io,5013510
goop,5013850
George DeLallo Company,5014059
Albert Cliff,5014471
"Frye & Company, CPAs",5014703
Sequoia Financial Group,5020128
Aptimized,5022019
Brillio,5022712
"W.C. Construction Company, LLC",5023795
Tech-Nique Partners,5025162
Markham Vineyards,5025769
Genpro Inc.,5025943
IFIT Solutions,5026422
Kimberly Bryant Design Group,5028248
Deutsch Family Wine & Spirits,5030929
FFP,5033574
Center for Social Dynamics,5034592
Hampton School District SAU 90,5034686
Voce,5036213
Exterior Source,5037848
Fraser Dove International,5040504
Woodsville Guaranty Savings Bank,5040587
Nyla Technology Solutions,5040750
Rice Tire,5041471
The Finders Staffing Solutions,5042164
KRC Machine Tool Solutions,5042488
Regent Properties,5043387
TonaLaw,5043408
Northwind Group,5044885
StackAdapt,5045143
Resia,5045836
"Performance Painting Contractors, Inc",5046158
STRUCTURAL TECHNOLOGIES,5049091
Parnell Veterinary Pharmaceuticals,5049303
"TechnoGen, Inc.",5049917
Wheels Up,5050817
Gradiant,5050924
HiredChina.com           国际人才招聘网,5051303
Pullman Services,5051809
"American Heritage Financial, LLC",5052673
New Acquisitions,5055637
"InSite Group, LLC",5056417
Recruitment Entrepreneur,5060389
Capital Square,5060482
Tremco Commercial Sealants & Waterproofing,5061336
EntityKeeper,5061731
ANALYGENCE,5061776
"Morris Furniture Company, Inc.",5061783
AdvantageCare Physicians,5062412
WINT - Water Intelligence,5062917
Rutgers School of Dental Medicine,5070861
Pendo.io,5071271
"Hexagon Safety, Infrastructure & Geospatial",5071314
VIVA Railings LLC,5071501
Paper,5071575
Commonwealth Joe Coffee Roasters,5073544
Earnest,5078432
Leviticus Fund,5079407
Atrium Centers,5079435
Symplast EHR,5082157
ARM Environmental Services,5083092
Horst Excavating,5086217
Day One Agency,5088683
Durham Distillery | Conniption Gin,5089805
Biogensys,5090097
"Resolute Management, Inc.",5091896
Team Ruby Henderson,5093945
Strategic Office Support,5094262
Independent Advisor Alliance,5094986
Ripple Effect Artists ,5095359
Sante Group Companies,5095714
"Environmental Research Group, LLC (ERG)",5096142
Aequor Healthcare Services,5097344
Chain IQ Group AG,5100724
WellNow Urgent Care,5101150
"Renaissance Lakewood, LLC",5101712
GitLab,5101804
Toast,5102948
Veronica Beard,5105257
"Domino Technologies, Inc.",5106598
Hadar,5106790
DBM Global Inc.,5111449
"Monarch Recruiters, LLC",5113924
IRMCA - Indiana Ready Mixed Concrete Association,5117988
"Search Masters, Inc.",5118334
GALE,5122178
Stone Security,5125145
Centerline,5127650
GPS Hospitality,5128510
Shellpoint Mortgage Servicing,5129433
Friday Services,5130294
The Class Produce Group,5134580
Reputation Elevation,5135487
MacFawn Fire & Flood Restoration,5138121
"Plastic Express, Inc.",5138564
RapidSOS,5139117
United Communications,5139627
RWM Casters,5141795
Heller Fundraising Group,5143068
KNM Resources,5143671
PowerToFly,5150994
Pacific Retail Capital Partners,5153912
"ExcelGens, Inc.",5155930
Datasys Consulting and Software Inc.,5156208
HC2 Productions Inc.,5157473
Crystal Lagoons,5167090
Prolific,5168486
WattTime.org,5171555
"BroadFutures, Inc.",5172712
Bruker,5174388
"phia, LLC",5178974
Orgvue,5179983
Henley & Partners - The Firm of Global Citizens®,5180201
Averity,5191635
The VanNoy Firm,5192884
"TENAX Technologies, LLC",5193395
Caliber,5193471
Power Tee,5194669
"Fagron, Inc.",5196734
CAROLINA LEGAL ASSOCIATES,5198602
Footprints to Recovery,5201079
DAI LLC dba DAI Restore,5203491
Optima Partners ,5206085
"Parra Consulting Group, Inc.",5206888
Center for Latino Progress - CPRF,5209619
"Avenues of Counseling and Mediation, LLC",5209769
WJ Media Group LLC,5211082
ExecThread,5211152
South Jersey Gas,5211872
"SEH Excavating, Inc.",5213044
Polyram Plastic Industries Ltd,5213457
Woden,5215734
Abzena,5216276
New River Electrical Corporation,5216403
Q-SAQ INC,5219754
CH Carolina Herrera,5220332
Heitmeyer Consulting,5221388
WTA Architects,5221457
Cambridge Mobile Telematics,5224218
MidAtlantic Recruiters,5224248
Launch Expeditionary Learning Charter School,5224252
Fort Point LLC,5229910
"A&B Machine and Design, Inc.",5232812
"PMO Partners, LLC",5232996
Unicon Pharma Inc,5236573
Wonderful Sales,5237260
Ascent Roofing Solutions,5237568
Lansweeper,5239202
InEight,5239866
myGwork - LGBTQ+ Business Community,5240076
Mainstay Medical,5242205
SouthState Bank,5242206
"Aledade, Inc.",5243263
Acquisition Professionals LLC,5243742
BGB Group,5245686
"Shirley Parsons, North America",5247803
TorcSill Foundations,5249377
Pelham Berkeley Search,5249400
Delta Dental of North Carolina,5249428
EM3,5251650
"FoodScience, LLC",5251869
Harmony Senior Services,5253673
"BlackTree Technical Group, Inc.",5257416
Roswell Marine,5259937
Hunter Bond,5260693
Axle,5262434
Thomas Duke Company,5263682
Hawthorne Lane,5263995
Perchwell,5266142
National Park Trust,5266540
New York State Department of Taxation and Finance,5270559
GCG - We Make Connections Possible!,5271203
Willie's Superbrew,5272991
Peer Consulting Resources Inc.,5273603
"HX5, LLC",5273669
RE/DONE,5273808
"Advanced Recovery Systems, LLC",5274161
ATSG,5274886
SkySpecs,5275893
Burns & Wilcox Brokerage,5275921
Access Justice Brooklyn,5278549
Baron,5280026
Spinnergy Solutions LLC,5280359
SKANWEAR®,5284528
Conversica,5285477
HYPR | The Identity Assurance Company,5287595
Vida Group International,5291361
TherapyWorks Inc.,5291966
Alliance Mobile,5295853
Better Cotton,5296614
Nakupuna Companies,5301913
Baccarat Hotels & Resorts,5301939
"1 Hotels",5301959
RYAM,5303168
Legacy Engineering,5303876
Wesbuilt Construction Managers,5304844
Rutgers University Foundation,5305550
Ensemble Health Partners,5307136
Capricorn Retail Advisors,5307141
Raw Jūce,5307822
Detroit Land Bank Authority,5308829
Jobs.de - Kariera Group,5309005
Javitch Block LLC,5310247
Neighborly Shop,5310297
CyRAD Solutions,5310514
Curate Partners,5310955
HireQuest Inc.,5311121
"Corporate Ladder Search Partners, Inc.",5312447
SportsMed Physical Therapy,5312630
L.E.R. Public Relations,5316404
Fubo,5316737
University Recruiters,5323150
Carbyne,5337585
Geloso Beverage Group,5339420
Haven Technologies,5339453
SUNY Polytechnic Institute,5340064
Autism New Jersey,5341805
"3Search",5343739
Lieber Institute for Brain Development,5344686
techolution,5345313
Barton Careers,5347063
"Stone Search, LLC",5347110
TRU Simulation,5347639
"ISA REALTY GROUP, LLC",5347749
For Pete's Sake ® Cancer Respite Foundation,5348602
"Hyperfine, Inc.",5348965
G4i Staffing Support Inc.,5350373
Dress for Success Cincinnati,5352221
Technical Source,5352284
Raas Infotek,5352294
Capital Analytics,5354054
"Productions Unlimited, Inc.",5354765
"Yank Technologies, Inc.",5354841
Baltimore Regional Housing Partnership,5355640
HRUCKUS,5356751
Elsdon Consulting ltd,5359035
Partners For Quality,5359133
"4A Consulting, LLC",5359633
Munk Pack,5362664
LanguageBird,5364456
"Lillup : Reshaping the way we work, learn and live.",5365891
Percepto - Autonomous Drones,5366007
Winnow,5366082
NexHealth,5366106
Innovu,5366274
CloudMasters,5367422
Solid Biosciences,5368403
IntelyCare,5368909
TriNetX,5369561
ExeQut,5371342
Spectrum360,5376010
Restaurant Zone Recruiting,5376471
The Kendal Corporation,5377622
MSys Inc.,5378395
Colonna's Shipyard,5378847
CareTeam Solutions,5379098
"Ernest Maier, Inc",5381681
Animal and Plant Health Agency,5382177
Aurum Search Limited,5382377
"Immunome, Inc.",5383510
"Summit Technology Services, Inc.",5383773
Ververica | Original creators of Apache Flink®,5385380
Top Quality Recruitment (TQR),5385541
Empower,5386170
MBK Senior Living,5386474
Oxa,5388757
HP,5390798
Kalibri Labs,5390815
Flywheel,5390837
Liberty Mutual Surety™,5392019
Accountfully,5392333
Duravant,5393304
"Dignari, LLC",5395456
Trilogy International,5396344
hackajob,5396873
Cyber Sphere,5397161
Recruit 121 Group,5397240
EmpiRx Health,5397395
"TrueCoverage, LLC",5398432
Fit Factory ,5399183
symplr,5400751
Aligned Data Centers,5402475
"Express Employment Professionals of Fort Worth, TX",5403271
"Branding Iron Holdings, Inc.",5411300
"BlueScope Buildings North America, Inc.",5415008
"Wing Inflatables, Inc.",5418942
Roycemore School,5421971
Comet Group,5424580
"T. Sendzimir, Inc.",5432535
Jammin Java,5448253
"Engineered Floors, LLC",5468341
"Hirani Engineering and Land Surveying, P.C.",5471644
Lakeside Pediatrics and Adolescent Medicine ,5488760
ETV Endowment of South Carolina,5504023
ST Engineering - MRAS,5511398
DRISHTICON,5513055
Midland Diesel Service,5529576
The Boston Calendar/Joyraft,5536040
Oshkosh Chamber of Commerce,5546240
Intermountain Lift Truck,5553132
President Abraham Lincoln Springfield - a Doubletree by Hilton,5561459
Alaska Energy Authority,5563580
"Houston Cancer Institute, PA",5579526
Pioneer Search Group LLC,5584148
Aptitude Medical Systems,5615100
TOMZ Corporation,5627265
Competition Auto Group,5648350
Hogan Transports,5654192
Hobbs Brook Real Estate,5663522
The Midwife Center ,5678058
The Applied Research Laboratory at Penn State University,5687496
"F&ME Consultants, Inc.",5687867
HardHat Workforce Solutions,5688806
Shasta Regional Medical Center,5706805
Boston Orthotics & Prosthetics,5712977
County of Passaic,5714300
Lewis Investments,5721150
Minnesota Valley Electric Cooperative,5723034
Naval Supply Systems Command (NAVSUP),5755372
Directive,5770386
Public Service Telephone Company,5773649
Formula  Imports,5788813
Performance Personnel Services & Fabrication,5796151
Woodbridge Home Solutions,5798498
"Allen Concrete & Masonry, Inc.",5802809
Kite Pharma,5807055
Progress Residential®,5813401
Delaware Christian School,5814724
Tandem/Neal Associates,5818254
Deutsche Windtechnik,5821433
Mammoth Hospital,5829678
Odic Incorporated,5833119
CBS Sports,5851138
Mutual of Wausau Insurance Corporation,5888289
DEXSTA Federal Credit Union,5896972
Status Labs,5897898
PetSuites,5900470
"Cherokee Millwright, Inc.",5902075
"Coastal Careers, Inc.",5902134
Karen Ann Quinlan Hospice,5905961
Main Street Produce Inc,5913532
"Jackson Demolition Service, Inc",5915531
Walton Enterprises,5929518
Ricardo plc,5932033
San Pasqual Fiduciary Trust Company,5937862
Foothills Credit Union,5946232
Richardson Pribuss Architects,5953044
Staffmark Drivers,5968916
Ravago Manufacturing Americas,5970395
The Wellsville Group,5974300
ATRO Parts,5975887
Providence Revolving Fund,5983394
"Blois Construction, Inc.",5998788
Sax Alley,5999808
V&V Supremo Foods Inc,6017632
Applied Research Solutions,6017665
IMAGINiT Technologies,6030871
Fairmount Homes Inc,6036788
Fortune 500 Companies,6043285
California Retina Consultants,6051386
North Vista Hospital,6059153
CHRISTUS St Frances Cabrini,6062532
Buckeye Fire Equipment,6073655
Denver Corporate Search | DCS,6075380
Precision Edge Surgical Products Company LLC,6090675
CONSORTIUM HOLDINGS LIMITED,6116988
ExamWorks,6117985
Brauser Maimonides Academy,6136448
DC Department of Human Resources,6151908
Nexus Pharmaceuticals,6175502
DCS SECURITY LIMITED,6185034
"Crescent Energy Services, LLC",6197255
Growth From Knowledge,6209800
Pacific Sundance Construction,6245048
TELA Bio,6249924
Swift Supply,6254597
Garden Grove Hospital,6255594
Third Coast Bank,6273609
Seattle Public Utilities,6275726
Recovery Centers of America,6278073
Barry E Walter Sr Co,6282446
Call the Car,6309787
Clinical Dynamix,6313879
Daksta | Connecting Mission Critical Talent,6315957
Rinker Materials ,6326422
Velcro USA,6341885
Turnberry Ocean Colony,6346976
Pyle USA,6366940
Shockwave Medical,6367266
"Pinnacle Treatment Centers, Inc.",6367974
"Butler Tool, Inc.",6372379
"360 SOC, Inc.",6374862
"ClearCaptions, LLC",6374991
WorkSpan,6376081
ICAT Logistics: Detroit Agency,6377088
QYOU MEDIA,6378499
Benjamin Douglas,6379951
Vantage Point Consulting Inc.,6380749
United Guard Security Inc.,6381133
Vista Outdoor Inc.,6381676
Vuesol Technologies Inc,6382239
Continuum Solutions,6382861
Brookfield Global Recruitment Services,6384921
Focused Support LLC,6384942
Bitrefill,6385279
Input Output (IOHK),6385405
"Cleo Consulting, Inc.",6385880
KK Software Associates,6387246
Five Keys Schools and Programs,6389974
iFIT,6390334
Metadata,6391875
Highway West Vacations,6396939
Sansure Biotech Inc.,6397938
Garman Partners,6402481
Matic,6402921
Chicago Pacific Founders,6403355
The Dyrt,6404239
"Kendo Brands, Inc.",6406167
Joby Aviation,6407329
Taroko,6407440
"Sapere Environmental, LLC",6407780
unspun™,6408283
All4Labels - Global Packaging Group,6408422
"Kura Oncology, Inc.",6409368
Homeless Children's Network,6412624
Veale Outdoor Advertising,6412901
Gilson Daub,6412957
Marque Urgent Care,6415123
Swyfft,6416328
MKM & Associates Structural Engineering,6416768
Florence Copper,6418698
First 5 Alameda County,6418784
Cayuga Centers,6418978
TopBuild,6422939
None,6423583
Fitness Together®,6424563
Game Rant ,6426920
Honor,6426921
Revolution Medicines,6428660
Impact Justice,6431697
AspenRidge Recovery,6431713
"West Virginia Paving, Inc.",6432276
Peerless Insights,6435210
Caltrain,6435799
NinjaOne,6436301
Doyle Dennis LLP Trial Lawyers,6436693
design it studio,6437013
Unity Source Group,6440282
Energy Transport Logistics,6442045
Amazon Business,6442186
"Poseida Therapeutics, Inc.",6442899
Supreme Optimization,6443292
Ojas Innovative Technologies Pvt Ltd,6444370
New Home Co.,6445385
The Counseling Center Group,6445402
"Method Recruiting, a 2x Inc. 5000 company",6447213
"Azazie, Inc.",6448646
Landsea Homes,6449564
The Sampson House,6450362
KEVIN.MURPHY,6451216
Revi ,6451824
Night Lights,6452386
Legal.io,6452409
Samsara,6453825
Cloud and Things,6455591
The Legacy Senior Communities,6458715
Mitsubishi Power Americas,6459690
Talent Acquisitions Group Inc - Executive Search Firm,6459955
Once Upon a Farm,6460373
"Retail Insights, LLC",6460595
Blue Forest,6461317
Sole Source Capital LLC,6461553
Reece USA,6461864
Divergent,6462746
"Ursus, Inc. ",6464060
Martindale-Nolo,6464080
Homebase,6464539
Integra FEC,6465593
SunEnergy1,6466404
CG Oncology,6470127
"Consolidated Aircraft Supply Co., Inc.",6471406
Not applicable1,6472728
Sunset Finance,6473637
Recasens USA,6480498
Pierce Refrigeration,6482450
Modesto City Schools,6486571
"Mid Continent Steel and Wire, Inc.",6487082
USDA Rural Development,6494900
"Property Paving, Inc.",6496065
Avant-garde Health,6496262
Black Women For Wellness,6508981
TriStar Summit Medical Center,6516614
Riggs Distler,6518533
MKT Fastening LLC,6522041
Absolute Resolutions Corporation,6526855
Brillius,6529017
Avon Oaks Country Club,6529720
Ashe Memorial Hospital,6536381
Newport Healthcare,6547149
Hampton Roads Academy,6551174
bellagreen,6555654
Lynx Systems,6556800
VA Enterprises,6560564
Buffalo Rock Company,6569061
BlackSky,6573912
Vander Weele Group,6574648
b.well Connected Health,6575301
ByteDance,6575553
Calculated Hire,6575603
Pocketbook Agency,6575960
"Relevant Industrial, LLC",6577155
Gigster,6582187
PAIGE,6583153
Caylent,6585178
"Redaptive, Inc",6587396
Ceribell │ AI-Powered Point-of-Care EEG,6587602
"Interior Concepts, Inc.",6588622
Würk,6590514
Pursuit,6592912
"828 Venue Management Company",6593203
Vanguard Healthcare Staffing,6596681
North End Teleservices LLC,6596884
CrewFacilities.com,6597526
Helix,6598087
Everlance,6598131
Good Samaritan Health Center Atlanta,6598424
PrettyLitter,6599532
Outschool,6600171
Soyventis North America LLC,6600290
Ottimate,6600800
Dolan Auto Group,6600920
Ustech Solutions,6603028
Moment,6608042
"Griffin Global Systems, Inc.",6608050
Fluent Commerce,6611279
TELUS International AI Data Solutions,6611939
"Bridgewater Consulting Group, Inc.",6614031
"Kaufman Hunt, Inc.",6615577
Business Integra Inc,6615723
TriSearch,6616944
Hansen Talent Group (HTG),6618000
Netradyne,6622341
Curology,6622369
Raise Commercial Real Estate,6622534
Bloom Talent,6622886
"ABA Pathways, LLC",6623050
Oaks Integrated Care,6623506
Res Ipsa,6624905
Elevate Labs,6626130
Fort Point Beer Company,6628798
Ludwig Marketing & Sales,6628871
Unplug Meditation,6629833
Lorient Capital,6629943
ANINE BING,6630513
Drawbridge Recruiting & Staffing,6630554
Bright MLS,6630714
Hunter International Recruiting,6631661
SITECH Hawai'i,6634109
Perfict,6635656
Surge Energy America,6636995
TechTriad,6638223
STAUD,6638724
The Demarco Group,6640935
Supreme Staffing ,6642867
bakerly,6643819
All American Gutter Protection,6644543
Turo,6645688
TalentZök,6646428
Eastward Partners Inc.,6648075
"Accounting Breeze, LLC",6648815
Ellis and Company,6648824
Nuna Inc.,6649017
Company 9 LLC,6650168
LeafLink,6650518
SIMONMILLER,6651250
LILT,6652390
Tracts,6652764
"DailyPay, Inc.",6654085
FullStack Labs,6654288
Fusion Plus Solutions Inc,6668888
Community Works Design Group,6677739
Publix Pharmacy,6683229
"Physician Affiliate Group of New York, P.C. (PAGNY)",6687194
Marborg Industries,6706504
Banesco USA,6715264
De Wafelbakkers,6719734
Great Strides Rehabilitation,6724637
HCA Florida Poinciana Hospital​,6732937
HOKA,6736818
Key Biscayne Yacht Club,6737425
Saint Joseph Mercy Health System,6756178
Alessi Bakeries,6762949
Eagle Springs Golf Club,6780652
Kelly Services,6782778
Bishop Gadsden Episcopal Retirement Community,6790316
HuMetis Technologies Inc.,6791218
iLocatum,6793658
Seminole Hospital District,6794274
Generator Supercenter,6796686
ASAP Group,6799623
Starke Ayres (Pty) Ltd.,6801620
Nationwide Trailers,6808876
VOYlegal,6818806
New Mexico Junior College,6819511
Joveo,6820764
BridgeBio,6824982
Williamson County CASA,6827779
Heritage Roofing & Construction Company,6827920
Thomas & Sons Distributor,6829392
Lewisco Holdings,6833158
Career Success Schools,6839710
"Westminster Canterbury Lynchburg, Inc.",6844514
Reese Pharmaceutical,6868090
Cornilleau,6883742
Hoosier Feeder,6888648
Kevin Kay DDS,6889603
"RSC Mechanical, Inc.",6890039
Parkridge East Hospital,6891304
Robinson Helicopter Company,6898426
ofi,6922425
HR Search Partners,6925904
Jowat Corporation,6933015
Grant a Gift Autism Foundation - Ackerman Center,6976330
Action Water Sports,6978215
Black Rifle Coffee Company,6978821
FORVIS,6994834
Wallick Communities,6999404
Alameda Family Services,7000318
Eagle Promotions,7003079
Veterans Evaluation Services,7004380
The Pavilion at Williamsburg Place,7007487
Landscape Garden Centers,7009523
Holmberg Mechanical,7013823
Howe Machine & Tool Corp.,7016388
Finch Turf Inc.,7019291
Attitude on Food,7024115
Leaf Medical,7030702
Galaxy i technologies Inc,7032083
Central Contra Costa Sanitary District,7039349
Tendy Law Office,7041911
Mohawk Valley Health System,7042786
Living Resources,7043194
Pink House Alchemy,7045247
Comprehensive Community Health Centers,7045554
Taylor Counseling Group,7058052
Dakota Bodies,7066262
California State Transportation Agency,7071441
"TRS Roofing Systems - Houston, LLC.",7077271
Bristol Hospice,7079588
Dreams Travel Consulting,7080743
Santa Fe Recovery Center,7083767
Building Resource Management,7084807
Caldwell Marine International,7085547
The Front Climbing Club,7093246
Carry-On Trailer,7099540
"Team Builders Recruiting and Consulting, LLC",7099708
InnoTECH Staffing,7109453
Arc Drilling,7121740
Patrick Allen Companies,7124511
Alpha Alt Fund Services,7131712
Mobile Medical Support,7137020
Iowa River Hospice,7156904
MHK,7162381
Jet Direct Mortgage,7164053
Frank & Eileen,7164249
GoWin Search LLC,7168048
"Central Florida Tapping & Construction Services, Inc.",7168697
Milestone Investment Advisors LLC,7182018
Carwin Pharmaceutical Associates,7188147
Truck & Transportation Equipment Co. Inc.,7189652
Empire Truck Sales,7197240
Acme Refrigeration,7209158
WarrenAllen LLP,7210019
Premio Foods Inc.,7210039
Proximate Technologies Inc,7217382
Greenwood Group Inc.,7221143
Las Palmas Medical Center,7237044
CRM Services,7241507
AcceptanceNow,7244582
H Window Company,7249817
MAK Technologies LLC,7260866
Ragland & Associates LLC,7270305
Capricorn SpA,7274855
Nalbach Engineering,7312936
SPEED NORTH AMERICA,7321278
Sky Zone,7322732
ib vogt GmbH,7334651
LLS Team GmbH Internationale Spedition,7489162
Twin Lakes Recovery Center,7539963
Airwallex,7572649
HireGrowth Executive Search Group,7575346
Saildrone Inc,7575795
The ATS Team,7577057
ALX Oncology,7577544
Effy Jewelry,7578010
"Matrix Research, Inc",7578446
Progress Solutions ,7578907
Eisner Health,7579168
Ginger Labs,7579929
"Spark Talent Acquisition, Inc.",7581413
Four Corners Property Trust,7581439
Applied ABC,7582039
S4 Search Partners,7582079
Bailey Cowan Heckaman PLLC,7584148
The Mogharebi Group,7584433
Avetta,7584447
Forcepoint,7584467
"Makers Nutrition, LLC",7584619
SalesPoint Incorporation  ,7585929
TEK NINJAS,7586071
HiBob,7586104
Traliant,7587245
"Edgewater Federal Solutions, Inc.",7587252
Roya.com,7587278
GrayWolf,7587370
Integrated Defense & Security Solutions (IDSS),7587393
Ironclad,7587729
Pacific Search Firm,7588197
Kedrion Biopharma - USA,7589034
"The Emery Company, LLC",7589561
"Triple C Housing, Inc.",7592245
"adHere, Inc",7596343
Compendium Group LLC,7597285
Zoox,7597308
"Tailored Brands, Inc.",7598403
Sterett Crane & Rigging,7599586
Tri Pointe Homes,7599998
"Clover Consulting, Inc.",7600286
EROS Technologies Inc,7600398
VibrantCare Rehabilitation,7600444
RBI Private Lending,7601115
InstantServe LLC,7602005
Commercial Bank of California,7602011
St. John Paul II Foundation,7603239
Vaxcyte,7603371
Resident Magazine,7610637
International School of Music,7632582
McLaren Engineering,7683721
"Drummond Carpenter, PLLC (SDVOSB)",7788232
Green Thumb Industries (GTI),7788794
Bunchful Enterprise,7789547
Velocity Risk,7790400
Precedent Hospitality & Property Management,7790573
Heylper AI,7792665
Opusing LLC,7794161
"Atlanta Compressor, LLC",7795959
"Granite Capital Group, Inc.",7796505
Abyss Solutions Ltd,7796570
Kidokinetics,7796655
Sonder Consultants,7798698
MycoWorks,7798818
Epik Solutions,7799176
NantWorks,7799654
Veta Health,7800262
Freedom Property Investors,7800928
"The Structures Company, LLC ",7801046
Sigma Computing,7801411
SANY Group,7802972
OYNB,7803213
Blackstone Talent Group,7803233
STONE AND STRAND,7803528
Moku Kitchen,7803563
Forgen,7804394
Next Insurance,7805032
BMR Infotech - India,7853868
NewAgeSys Solutions,7893064
"7 Mindsets ",7926576
PGIM,7926885
Super7,7926890
My Friend's Place,7928799
Givebutter,7929171
"Levenson Schweitzer Attorney Placement, Inc.",7929479
Flynn Group,7929696
ElsterSearch,7929713
BitcoinIRA,7929721
Oak View Group,7929903
Canvendor,7931934
Sunbit,7932639
OneMain Financial,7932726
del Lago Resort & Casino,7933020
Physical Therapy NOW Franchise,7933207
Delta Material Services ,7933324
Greentech Renewables Norcal Division,7934058
LeadStack Inc.,7934671
Milestone Property Management,7935210
hi5.agency,7937048
Toyota Connected North America,7937286
Weee!,7938295
Ashley Addiction Treatment,7938588
Indus Group Inc,7939193
Royal Albartross,7939802
"King Technologies, Inc.",7940386
Cephas Consultancy Services Private Limited,7940537
Swift Strategic Solutions Inc,7941225
Teleport,7941233
Automox,7941257
ServiceCore,7941455
Michelle Harwell Therapy,7943280
Carbon Health,7943612
Therabody,7944399
"Self Esteem Brands, LLC",7944410
"WEBCO HR, Inc",7944692
Pathways Counseling Services PLLC,7944769
Pivotal Talent Search,7944952
Panoramic Doors,7945562
Swisslog Healthcare,7945686
Allied Property Management,7946447
White Glove,7947901
Vaporesso,7948099
Sentient Lasers,7952064
Shield AI,7952659
Prophecy,7953678
Hydration Room,7954392
Cal Solar Inc.,7955004
FMT Solutions,7955494
Brand Experience,7956911
Mission Services LLC (MSI),7957610
Fetch 📦,7958141
Region 6 Systems Integration,7958613
International Youth Federation (IYF),7959205
Lexitas,7959581
SOLATO,7959834
Connected Dealer Services,7959985
McBride,7960715
Cooperative Farmers Elevator,7961580
Red Door Escape Room,7961594
Techcyte,7961728
FastGrid,7962292
Accord Group Holdings LLC,7962296
Intellibee Inc,7962426
Forward,7962441
ByFusion,7962718
Tallgrass Freight Company,7962797
Veryable,7962985
FifthColor,7964412
"Transcendia, Inc.",7964914
Whole Brain Health Initiative,7965357
"edm architecture & engineering, p.c.",7965434
Trek Contracting,7967584
Metro Cruise Services,7968027
EarnUp,7969790
A Breath of Hope Lung Foundation,7970166
AstraWorks,7970989
ROCK,7971677
TechEra IT Consulting,7972763
TEK Inspirations LLC,7973087
Prim + Co,7973806
Velo3D,7973813
The Golden Touch Group,7978015
IntelliX Software Inc,7990291
The CAR Group,7997901
Idle Hour Club,7998864
Virginia Ear Nose & Throat,8000365
Nouvelle Analytics,8010930
YZ Productions,8015335
Parker Unified School District,8031717
Empower Professionals Inc,8047188
BTC POWER,8052981
Port of Longview,8060959
Ortiz Enterprises Inc.,8064405
Ascend Federal Credit Union,8074390
Ohio County Healthcare,8089540
"Classic of NY, Inc.",8097909
Iconma LLC,8098422
Integrated Oncology Network,8099546
"Mountainlands Community Health Center, Inc.",8101484
Sunny View Medical Ctr,8112658
Foothills Bank - Division of Glacier Bank,8122274
MBC Real Estate LLC,8134064
IL MAKIAGE,8135750
Nortera,8145866
Interior Alaska Roofing Inc,8149299
Iwanciw Functional Funware,8154219
Berkeley Hall Club,8172693
Chautauqua Opportunities Inc,8182062
Advance Steel Company,8207737
"ALD Thermal Treatment, Inc.",8208643
"CAVCO, Inc.",8210641
Toolpushers Supply Co,8212333
Koch Agronomic Services,8217691
Wabtec Corporation,8239496
Desert Son of Santa Fe,8240436
St. Elizabeth Physicians,8254251
Guayakí Yerba Mate,8260343
Mary Bridge Children's Hospital,8261108
Mimbres Memorial Hospital and Nursing Home,8267042
Griffin Masonry,8268170
Glenmere mansion,8269161
CHD Property Management,8274930
Alliance for Clinical Trials in Oncology,8279107
Bird Marella,8281337
Production Transport,8286400
"FMI, a Spirit AeroSystems Co.",8291584
"Davis Bews Design Group, Inc.",8320669
Tucoemas Federal Credit Union,8357749
Johnson Feed Inc.,8363553
Healthcare Staffing Professionals Inc.,8366018
Stanford Medicine Partners,8375598
Refuge House Inc,8379016
El Dorado School District (Arkansas),8381118
Weidenhammer Systems Corp,8393456
Springbrook Community Church,8394661
"Entech Resources, LLC",8397157
State of Wisconsin Investment Board,8411438
Accurate Transport ,8413551
Savannah River National Laboratory,8421360
Umbra Cuscinetti Inc,8422243
"B2B Transportation Services, Inc.",8426274
Capelli New York,8437227
Papadimos Group,8438166
Prosperity Life,8439832
"Somerset Tours & Travel, Ltd",8442206
Camp Creek Inn,8447835
Innovative Renal Care,8463119
Cybersecurity and Infrastructure Security Agency,8475150
Spotsylvania Regional Medical Center,8479403
alba,8479639
Abilities Plus Inc,8498368
Fairview Park Hospital,8510372
Innovative Roofing Group,8525342
"Health Doctors, Ltd. ",8540825
Wyandot Behavioral Health Network,8545620
ContraVest,8548779
Revesco Properties,8577252
"NS Pharma, Inc.",8583666
"The Hoover Institution, Stanford University",8588250
Harwood Rubber Products,8601032
Scientia Vascular,8601404
Jamison Professional Services,8616268
Streib Company,8628486
SSA Marine,8632001
Quail Park Communities,8639647
Veterans Engineering,8642628
G&H Staffing Companies (Temp-Secure Staffing and LSE Staffing),8662007
Avancez LLC,8698192
"Batchelor & Kimball, Inc.",8698610
Smith Imports LLC,8703927
Pinehurst Surgical Clinic,8717595
KIOTI Tractor,8722436
Child Garden Montessori,8728090
Martin Wine Cellar,8729621
Trinity Terrace,8730544
"Albano Systems, Inc.",8742066
"RMB Products, Inc.",8742543
RAW Equipment Building Materials Corp,8751016
Rural Metro Fire Department,8766721
Palo Alto VA Hospital,8778907
Creative Landscaping & Nursery,8783311
TEKenergy llc.,8795411
"Bristol Group, Inc.",8795906
AWC Frac Technology,8804785
RUSH Oak Park Hospital,8816493
The University of Vermont Health Network,8821879
David Meyers Associates,8825932
"Metal Processing Group, an Affiliate of The Heico Companies",8838419
Food Bank of Alaska,8849197
Illinois Environmental Council,8853802
Weiss Construction,8873026
ACLU of North Carolina,8874819
Pelham House Resort,8880350
"Sepp Leaf Products, Inc.",8885116
Hexagon Geosystems,8885157
VarcoMac LLC,8893448
South Dakota Highway Patrol,8895347
"MetriTech, Inc.",8908096
Renewed Vision,8913985
Independence Realty Trust Inc.,8917706
The North Side Bank & Trust Company,8919656
Desert Valley Hospital & Medical Group,8948083
Atlantic Outdoors,8951937
Empire Airlines,8960316
ONICON Incorporated,8966794
Phoenix House of Florida,8977863
Beam General Contractors,9018632
InterDent Service Corporation,9024780
Kipling,9035038
Harvestone Low Carbon Partners,9046316
Fromm Smith & Gadow,9056852
Fortune Dynamic Inc,9060021
Waldorf Astoria Monarch Beach Resort & Club,9069775
Arnold Ventures,9119121
Uprite Construction Corporation,9133914
NewBridge Employment Services,9136696
TEACHING-FAMILY HOMES OF UPPER MICHIGAN,9144983
General Secretariat GS-DDPS,9148556
Seastrom Manufacturing Co. Inc.,9158552
Root Canal Specialty Associates,9162229
"Cardinal Compliance Consultants, LLC",9180986
ThreatQuotient,9181396
Golden Goose,9182321
Prime Legal Staff Corporation,9183565
"KRS Holdings, Inc.",9183828
Dal-Tile LLC,9184151
TOTEME,9186366
Nexus Staff Inc.,9189272
Diati Staffing,9190691
Altius Building Company,9192818
TechIntelli Solutions,9195529
DSS (Direct Scaffold Supply),9201234
The Jonus Group,9201883
Podium,9203219
Eclipse Building Corp,9203486
Deutsche Beverage + Process,9203734
Tock,9204176
Avocados From Mexico,9204237
Magneto IT Solutions,9204586
Hello! Destination Management,9205130
"Eva Garland Consulting, LLC",9207337
Leviate Air Group,9207354
Blu Pagoda LLC,9207564
Summit Drilling,9209201
E-IT,9211944
"The Baltimore Therapy Center, LLC",9213875
Med-Lab Imaging,9213987
"Hennepin Home Health Care, Inc.",9214810
Blackdragon,9214987
Saragossa,9215489
Ankura,9216906
Vernis & Bowling,9217282
The Seat Shop,9217515
"Glossier, Inc.",9217565
R&R Human Resources Solutions,9219224
Jacksonville Children's Chorus,9219708
SARACA,9219843
Precision,9220290
French Color & Fragrance,9220470
Planet Healthcare,9223341
Edvenswa Enterprises,9224142
Quartet Health,9224794
Medical City Healthcare,9225358
Grayson Search Partners,9228228
Integrated Protection Systems,9228612
Forsyth Barnes,9229026
Viant Technology,9230160
"Comfort Medical, LLC",9230518
Xcelacore,9232299
M Square Media (MSM),9232507
PFS - Professional Financial Services,9234138
Magna Search Group,9236263
KENZO Mode,9237399
Dream Finders Homes,9238130
"Carve Communications, Inc.",9238167
Orlando Senior Health Network,9238292
Modernize,9238762
Nuvitek,9240735
LCMC Health,9241727
"CR Minerals Company, LLC",9242014
Mactac North America,9242944
Tacos 4 Life Grill,9246095
TechMatrix Inc,9246433
Vytalize Health,9249424
Farmer Focus,9251041
EquipmentShare,9251256
UR Global,9252081
CAMI NYC,9252935
Crash Champions,9254907
Enqbator,9257498
Halliwell,9257961
"City of Burlington, NC",9260100
Community Bible Church San Antonio,9260399
Titus Talent Strategies,9260752
Progressive Materials,9261843
JOB TODAY,9263869
Ajulia Executive Search,9264236
Nivid Technologies,9265022
Mason,9266888
Gemini,9266905
Global Recruiters of Bentonville (GRN),9269648
Astrohaus,9271289
Morrison Living,9272534
KPS Life,9274453
Wyngate Solutions,9275800
A-SAFE USA,9279891
"Precise Software Solutions, Inc.",9280354
The Valley Health System,9280686
Our Lady of the Angels Health,9280999
Veterinarians International,9283019
PHILLIPS Management,9285384
UF Health,9286450
Tribune Publishing Company,9288762
TOOGANN TECHNOLOGIES,9289595
American Express Global Business Travel,9291107
Atlanta Holistic Family Law,9292905
Terra,9293417
Infinite Consulting Corp,9294904
Vestre,9301827
Citrine LLC,9303488
Experior Financial Group,9304109
CrowdRx,9307751
LM Restaurant Group,9309648
Best High Technologies LLC (BHT),9312786
Peoplelink Group,9313238
"AHIA, LLC",9313339
"JRG Partners, LLC.",9313790
Red-D-Arc,9316614
Sovos,9317334
Environment America,9317562
Navy Region Southeast Fleet and Family Readiness (FFR),9317806
HAAS Alert,9319142
"MacroSys, LLC",9322150
Charity Advertising and Marketing Partners,9322987
Revology Cars LLC,9323159
Anzu Partners,9324633
GiveCampus,9325135
Cherry Health,9325390
EG Life Sciences (now Eliassen Group),9325840
LONGHORN STAFFING SOLUTIONS,9326435
Atlantis IT Group,9327257
Mount Nittany Health,9328779
PriceSenz,9328925
CIRSA (Colorado Intergovernmental Risk Sharing Agency),9329299
SIXGEN,9329448
Genuine Search Group,9331883
Our Lady of Lourdes Women's & Children's Hospital,9332405
"Comegno Law Group, P.C.",9333758
Gallman Consulting,9334157
WEKA,9334204
TradeLink Solutions Company,9335155
"The Law Office of Dalton & Associates, P.A.",9336927
Charlotte Tilbury Beauty,9339049
vMOX,9340686
EBM Software,9341266
"Decision Technologies, Inc.",9341571
"TEXEL-Seikow U.S.A.,Inc.",9342255
Empower Pharmacy,9344169
MULTIVAC USA,9346523
"Cunningham Business Systems, LLC.",9347852
True Vision Enterprises Inc.,9349917
Agileana,9350447
Hearst Health,9353551
Ecotech Hydro Excavation,9353773
FlexShopper,9354834
EvolveMKD,9354878
Resolian,9355645
"Millennium Space Systems, A Boeing Company",9356698
Economic Innovation Group,9357069
Noor Staffing Group,9358294
ARMStaffing,9359127
Flexicrew Technical Services,9361151
Vidmob,9363216
"Industrial Communications & Electronics, Inc.",9363538
Atrius Health,9367057
Prime Care Managers,9368781
"Serta Simmons Bedding, LLC",9370513
Tenna,9371883
JD Ross Energy,9372063
Publicis Health Media,9372159
Korpack,9376916
Omega Point,9377043
Blackpoint Cyber,9381059
CycleBar,9382289
New York Disaster Interfaith Services (NYDIS),9382700
"Geo-Technology Associates, Inc. (GTA)",9384111
AMS Staffing Inc.,9385135
Space Executive,9389630
XL Pro Staffing and Consulting Group,9391120
The Chemours Company,9392485
OSL Retail Services,9392615
Sebastian Tech Solutions,9393466
"Engineered Materials Solutions, LLC Wickeder Group",9395008
Heights Finance Corporation,9395787
Lone Star National Bank,9395979
River Oaks Baptist School,9396936
Opendoor,9398436
Nebraska Department of Health and Human Services,9398613
Landing Point,9400085
"GEOST, a LightRidge Solutions Company",9400761
HCA Houston Healthcare,9401140
Moore,9404886
Bumble Inc.,9408755
Flint Firebirds,9409731
Tekmetric,9412019
"Progyny, Inc.",9414302
Sayari,9414559
CloudMoyo,9414987
Hire Element - Accounting & Financial Search,9415632
PACE Southeast Michigan,9415689
Family Support Services,9422009
"84.51˚",9422017
Bellus Mantra,9422268
Quality Media and Laminating Solutions,9422557
Go Healthcare Staffing,9425697
SimpleTire,9426510
SoftSages Technology,9428125
TMAC's Direct Hire (Executive Search) Service,9428364
Giroux Pappas Trial Attorneys,9428663
"Engineered Software Products, Inc.",9429023
GovPilot,9429735
Nicolaides Fink Thorpe Michaelides Sullivan LLP,9430082
"EnduraCare Acute Care Services, LLC",9430135
Ferrari of Central New Jersey,9430451
Thomas Watson Group,9432446
OcularIT Solutions,9432479
Rocket Industrial,9432616
Momentum Drives,9432864
Trans Ova Genetics,9433443
Bio-Techne,9434280
Coates Group,9434519
Denali Therapeutics,9435633
"Spatial Front, Inc",9436983
"TLI - Transco Lines, Inc.",9437589
John Hughes Company,9438134
OCI Global,9439796
"HR ELEMENTS, LLC",9440280
Atlantix Partners ,9443085
Volunteers of America Colorado,9443644
Upper Great Lakes Family Health Center,9444566
DASH2,9444989
LINC ,9445512
"Automated Collection Services, Inc.",9445937
StrongDM,9446266
EDZ Systems,9446798
"ERP Recruiting, LLC",9447811
MiMutual Mortgage,9448797
Loveland Housing Authority,9451655
PAS Research,9452485
US Acute Care Solutions,9453230
"iCare Health Solutions, a VSP Vision™ company",9453499
Hallmark Financial Services Inc.,9454809
AgAmerica,9454833
MedStar Washington Hospital Center,9455425
"Craft Construction Company, LLC",9459104
CFMOTO Powersports Inc,9459851
Delmock Technologies Inc. ,9463631
New Jersey Innovation Institute,9467195
Core Spaces,9470309
Guideline Healthcare,9472599
Serv-U-Success,9473284
Victorian Senior Care,9473521
"Precon Marine, Inc",9473776
Puffco,9473780
Blueridge Restaurant Group,9476328
The Peoples State Bank,9476379
Schwartz Sladkus Reich Greenberg Atlas LLP,9479383
Piranha Fabrication Equipment,9481810
Sea Cloud Cruises GmbH,9486195
Central Point Partners,9487758
Optimas Solutions,9488000
Muckleshoot Casino Resort,9488240
CSuite Financial Partners,9488625
RVD Communications,9489406
Oregon Health Authority,9490460
Synergy Consultants & CPAs,9495463
"1891 Financial Life",9495757
Amiga Informatics,9496229
Integrative Emergency Services,9496791
ASG,9499281
Washington State Department of Services for the Blind,9500249
Tectorius,9501445
"24M Technologies",9501749
"IDEX Health & Science, LLC",9501853
P3 Health Partners ,9502095
Matech,9505319
Elucidata,9505562
New Story ,9506368
Huston Vineyards,9525112
TOPEKA PUBLIC SCHOOLS,9533368
Green Circle Growers,9549370
Lockmasters Inc,9551765
TEGNA,9552085
Bmocbiz Inc. a Midas franchisee,9552824
DEES BEAUTY SALON,9564729
"Soil Solutions, Inc.",9565856
Crossroads Community & Corsica River Mental Health Services,9569593
DCL Corporation,9588448
VONS,9596847
Acadium,9601283
Westminster Village,9609539
Jamestown Community Center,9615932
"EBSCO Industries, Inc.",9620181
Nielsen Eye Center,9631155
Williams & Connolly LLP,9634300
Maranatha Christian Academy,9641086
Fischer Paper Products,9647178
LaBella Intimates & Boutique,9651354
ClinicalMind,9661451
"99 Ranch Market",9662527
Honey Salt,9665532
RUSH TRUCK LEASING,9667254
Sofidel America Corp.,9675921
"Endo Technologies, LLC",9682879
Rainforest Cafe,9689783
KAK Industry,9700152
"URBN (Urban Outfitters, Anthropologie Group, Free People & Nuuly)",9714055
Daniella Ortiz ,9725360
Printful,9730586
THE IMPACT AGENCY,9741300
Breville | Sage,9759865
DILLONS,9788554
Alexander Leigh Center for Autism,9800758
Pavilions,9813477
"EMCOR Government Services, Inc.",9823329
Tremco CPG Inc.,9826283
Mediahub Worldwide,9852679
Matrix Providers,9857280
"Empire Emergency Apparatus, Inc.",9874658
Cedar Rapids Community School District,9882207
Avalon Apparel,9891445
Altor Solutions,9895907
Headquarters Barbershop,9900162
Sumeru Inc,9901130
Clipper Petroleum,9926376
GENERATIONS SALON,9933752
TECO Peoples Gas,9934934
Project VOYCE,9949014
Lamb Weston,9964946
Levolor,9965312
Home365 - We're hiring,9999975
Coca-Cola Beverages Florida,10001423
Achievement Center of LECOM Health,10001514
Ingenics Corporation USA,10006176
Ocean Downs Casino,10008411
Capital Rx,10008489
TREW HR,10008677
Angels Senior Living,10009594
Common,10009632
REN-ISAC,10009808
LogicGate,10009944
ITG Brands,10010758
FocusPoint®,10011193
Full Sail Brewing,10011408
Patagon Search,10012974
DCH Advisors,10013095
The Bardstown Bourbon Company,10013619
Optiv,10016224
Arkansas Department of Education,10016505
"Keating Law Offices - Chicago, IL Trial Attorneys",10016839
AAI,10017107
Lidl US,10017468
Williams Architects,10017490
TPF Nursing Agency,10018018
Order.co,10018538
True Health,10019024
The Brazos Group,10019753
"Communication Science, Inc.",10021178
"Penn Arts & Sciences, University of Pennsylvania",10021476
First Northern Bank of Wyoming,10021510
Blueprint Staffing,10023105
DBI Consultants,10024629
Vistant,10025334
Edgewell Personal Care,10025523
ScreenCloud,10025737
Chexology,10026037
Simsona CORP,10028072
Sandstone Care,10032721
Cadillac,10035586
WestRock Company,10035810
AUTO1 Group,10037458
Foundation for Food & Agriculture Research,10040097
CKW Financial Group,10040835
SMART Golf & Fitness Instruction,10041063
Sendbird,10043307
Snyk,10043614
The Apothecarium,10043727
Yanfeng,10047989
Dedrone,10048388
ZABS Place,10048739
CARsgen Therapeutics,10048828
Daviess Community Hospital,10051064
Turbo Solutions,10051115
Ventegra,10052668
Palo Alto Networks Unit 42,10052935
Arcis Golf,10054235
XTX Markets,10055264
Quavo Fraud & Disputes,10055464
True Food Kitchen,10056054
Promoveo Health,10057893
HealthTrackRx,10060894
XRC Ventures,10062024
lloyd,10062279
Paynada,10062724
SEAT Center (Social Enterprise and Training Center),10067558
Summit Agricultural Group,10070656
"Omniskope, Inc",10071781
Gentis Solutions,10072976
Omnitail,10075796
KNS International,10075825
Marquis Health Consulting Services,10077526
NCMIC,10077927
InAmerica Education,10087198
Country Meadows Retirement Communities,10087902
Tandigm Health,10093812
SROA Capital,10093999
QUANTAM,10094133
The King's Academy,10094895
Broadgate,10095893
Health & Rehab Solutions,10096205
"GMA Construction Group | Griggs Mitchell & Alma of IL, LLC",10099212
DoubleTree by Hilton San Diego-Mission Valley,10102568
ACCEL Schools,10103375
Dynamic SRG,10104312
"Peninsula Behavioral Health, WA",10107087
Talentful,10108343
COMMONWEAL,10108518
"Lightwave Logic, Inc.",10109554
DECA Dental Group,10110776
Buzko Krasnov,10111603
PowerSchool,10114126
"Talon Simulations, LLC",10115449
"Northstar Refrigeration, Inc.",10116802
"Cretex Companies, Inc.",10117514
Umbrex,10117714
Success Academy,10118775
Reliant Mortgage LLC,10121132
CareerAve LLC,10123571
Downtown Houston+,10126275
Planet Technology,10126963
Bluewater Hayes Inc.,10127369
Parkar Digital,10127906
JNBA Financial Advisors,10127950
DNI (Delaware Nation Industries),10129073
Doppler Automotive,10132185
Mitchell Martin Healthcare,10133836
Spectrum Vision Partners,10134055
Commonwealth of Kentucky,10135152
R2 Global,10140364
Ridgeback Recruiting,10141417
Hilton New Orleans Riverside,10143362
"Furmano Foods, Inc.",10145432
"Harvard Protection Services, LLC.",10146632
Farmina,10146704
Minnesota Department of Transportation,10146731
Creighton Community Foundation,10148930
"Niantic, Inc.",10149011
Spencer Riley,10149697
Ingevity,10150635
Associated General Contractors of Alaska,10150946
Trouw Nutrition,10151384
Morae,10151555
"Global Transport, Inc",10152544
iWebGrocer,10152598
Excel Recycling,10153344
Wolfspeed,10153839
"Cintal, Inc.",10156547
Harper Harrison,10159385
Denali,10161874
Massachusetts Eye Research and Surgery Institution,10162898
Aspire Software,10165687
Invoke Staffing,10167790
Groove Jones,10168712
Kansas Appleseed Center for Law and Justice,10169731
"TCI Co., Ltd. 大江生醫",10169887
Medical Engineering Consultants,10169899
The William Vale,10170827
Huntress,10172550
Tideline,10173006
Fortira Inc.,10173750
"Exodus Transitional Community, Inc.",10173845
Blueground,10173880
Explorer Chick Adventure Co.,10175915
Enlighten,10176475
Harrah's Resort Southern California,10178464
Hunting Able 化工猎头,10178707
Dash Technologies Inc,10182862
Joyson Safety Systems,10183533
The Lotus Group LLC,10187215
Rehab Without Walls® Neuro Rehabilitation,10188483
Boston Hire,10191345
AMA,10193028
Saylor Physical Therapy,10193891
SPX Technologies,10195773
Incendium Consulting Ltd,10196700
Simon Group Holdings,10196809
PAR Government,10197101
HomeServices Insurance,10199874
Human Interest,10200066
Intesa HR,10201130
"NORY, Inc.",10201381
Unity National Bank,10202388
TemperPack,10203820
Express Employment - Hamilton County / Specialized Recruiting Group,10205455
Blink Health,10206331
Nylon Consulting ,10206981
TMB (Trusted Media Brands),10207751
Redstone Search Group,10208087
"enVerid Systems, Inc.",10208248
KDSC,10208762
United Sports Brands,10209308
Sandpiper Hospitality,10210469
The Y (YMCA),10211444
"City of Germantown, TN",10213128
Brist Mfg,10215152
Kiniksa Pharmaceuticals,10215930
RADCO Residential,10217361
Marcone Plumbing,10221259
Hilltop Securities Inc.,10222602
Community Action Services and Food Bank,10224550
Cape Fear Commercial,10225354
Sweetwater Pain and Spine,10225381
Zomedica,10225696
Plastics Engineering Company (PLENCO),10227928
Focus on WD,10234588
Paro,10234785
Captivated Business Texting,10235986
Allspring Global Investments,10236817
My Melrose,10236932
Seven Mountains Media,10237508
Clean Power Marketing Group,10237650
"Springville Center for the Arts, inc.",10241576
Sintavia,10243020
Inspirit Senior Living,10243344
Harbor Light Software Inc.,10245006
CONFLUX SYSTEMS,10247020
AMP,10250054
PJT Partners,10250583
CosmoProf Beauty,10250840
"GoldenWolf, LLC",10251910
Island Creek Oysters,10253962
NEOTech,10256755
Tempus AI,10262473
Alexander's Markets,10264196
GP Transco,10265385
"CornerStone Consulting Group, Inc. in Pittsburgh, PA",10265804
Cleveland Kitchen,10266768
Performance Foodservice,10266947
"Take2 Consulting, LLC",10267286
Ting Internet,10267447
Appzlogic ,10267542
BlockApps,10267837
Newco Coffee,10269477
RD Management LLC,10270811
Maiden Home,10274378
UPG Enterprises LLC,10274543
"UbiQD, Inc.",10276896
TeamNow,10278948
Merative,10279209
Splash ,10279322
GE Renewable Energy,10279761
HireSparks AV Recruiting,10280092
sundays studio,10283516
Servitas,10284134
Consonus Healthcare,10284360
RHM Staffing Solutions,10286832
DNSFilter,10288375
Kubota Tractor Corporation,10291774
Altasciences,10292265
Aiven,10294984
Grane Rx,10296591
ModRN Health,10297216
CareerNation,10297249
Kelvion,10297346
DEVELON North America,10297362
Sharp Business USA,10297627
PALNAR,10298482
Finhabits,10298952
Pine & Company CPAs PLLC,10299491
Greyson Clothiers,10300741
Exotec,10301627
Mullenix & Associates,10303214
Vets Pets,10305563
Equitas Academy Charter Schools,10307034
"Stellar Consulting Solutions, LLC",10309372
"Mercedes-Benz Vans, LLC (Charleston, SC)",10309578
Lilling & Company LLP,10309844
Trans Advantage®,10309925
Specialized Recruiting Group - A Division Of Express Employment Professionals,10312695
City of Grand Rapids,10316175
Trustbridge,10318892
KAPITAL,10324456
Lenora Systems Inc,10324459
Hanwha Vision America,10329293
iBusiness Funding,10329649
Pelago,10330889
Veda,10331477
SLRIS,10332758
RJC Group,10333877
Root Inc.,10334169
Edgility Consulting,10334807
Sidekick Health,10337231
ProAmpac,10341654
Journey Group,10341733
Allbirds,10343298
TYG,10344785
Archrock,10345035
Career Movement,10346400
Qentelli,10346547
Insight Apparel,10347221
TheGuarantors,10347780
Vallum Associates,10348811
Lime Trading,10350210
Frank Recruitment Group,10351887
Interim HealthCare RMC,10352410
"American Public Education, Inc. (APEI)",10353616
Quotacom,10355175
Centex Rehabilitation,10355208
Jones Sales & Marketing Group,10355580
SPAR Information Systems LLC,10356220
"NextEra Energy, Inc.",10357210
"QuVa Pharma, Inc.",10358016
BigLynx Inc,10358495
"FREEBIRD STORES, Inc.",10360104
Merge IT,10360760
Datanomix,10361775
"International Spine, Pain & Performance Center",10362787
"Continental Dairy Facilities, LLC",10363126
Fortress Information Security,10363650
Fortis Bank,10364146
"Pajarito Powder, LLC",10365897
SiteOne Landscape Supply,10366520
Emeritus,10367223
SunWest Aviation Inc.,10367327
SPAN ALASKA TRANSPORTATION,10367702
Blum USA,10367916
Custom Outdoor Furniture & Restrapping,10368171
Coastal Ridge Real Estate,10369709
LexisNexis Risk Solutions,10371941
West Michigan Works!,10372776
In-Finite Search Solutions,10373623
Diversified,10375170
Zeochem,10375774
George White Chevrolet,10376920
"Executive Cleaning Services, Inc",10378739
Fortive,10378892
"Campbell & Company, Wealth Advisors & Certified Public Accountants",10383919
Samuel Staffing,10384905
Ensono,10387357
Adient,10387626
Cohen Veterans Network,10387646
The Farmer's Dog,10387822
KonnectingTree Inc,10387848
Incipient Corp.,10388125
LifeStance Health,10388528
"Guardian Law, LLC",10389213
JLA Architects,10389553
"SubcoDevs, Inc [Software Product Engineering] 🚀 Looking for Results? Let's talk!",10393438
"First Star Logistics, LLC",10395301
Rackner,10395596
Q² Solutions,10396016
GRAIL,10399839
RSVLTS,10402744
Cheetah Technologies,10402752
TEC Industrial Maintenance & Construction,10403924
Atlantica Sustainable Infrastructure Plc,10405804
Seismos,10405985
Werken in Gelderland,10407841
Piper Maddox,10407976
Ashley James Group,10408350
Purple,10408914
MONSE,10410330
Instawork,10410445
Craig Bradford Associates,10411046
Blue Spire Inc,10416260
Tovala,10416900
Spectrum Search Group,10416987
Ocean House Collection,10417521
Navy Region Mid-Atlantic Fleet and Family Readiness (FFR),10417676
Alchemy Techsol,10418607
"TEK Electronics, LLC",10419224
The Mom Project,10420321
Agility,10420425
KCG Companies,10420654
Emergence Health Network,10423278
Black Clover,10423855
Imagen Technologies,10424759
"Millennium Recruiting, Inc.",10425374
Sooner Marketing,10427263
Minnesota Department of Health,10428103
WadiTek,10429986
"14 West",10430760
Elias Elias,10435503
eMeasurematics - Industrial Autonomous Solutions,10436097
LevelUP HCS,10439499
Healthmap Solutions,10442082
Empowers Performance,10443100
Rocket Loans,10444953
Halo Burger,10445135
Iceberg Cyber Security,10445287
AKRE & Associates,10445796
InterEx Group,10447496
Brightflag,10448147
Centene,10448504
Kyler Professional Search,10448873
"Everest Emergency Vehicles, Inc.",10448902
Cascade Manor (Oregon),10449630
Milan Laser Hair Removal,10451941
Amperity,10453006
Hirelux,10453943
Gong,10454372
"Contemporary Amperex Technology Co., Limited",10454704
GRN Hudson (Global Recruiters Network),10456707
Thor Companies,10462531
Too Good To Go,10463013
AFC Industries,10463859
Inter-Continental Cigar Corporation,10464447
Shelterhouse,10464972
Greenlife Healthcare Staffing,10466334
Corporate Connections LLC,10467131
SquareWorks Consulting – NetSuite Partner,10469462
MC Recruiting,10469473
Hirexa Solutions,10469647
OhioMeansJobs Allen County,10469927
Classkick,10471330
ICO Bath,10473376
"Talent Finders, LLC",10475495
Ascot Group,10476214
Armada Hoffler,10476364
Vista Life Innovations,10482895
Vynca,10485868
GForce Life Sciences,10485992
You Gotta Believe! ,10489214
Monarch Healthcare Management,10489655
Teaching Lab,10494033
Stasis Drilling Solutions,10495119
Empower Missouri,10495405
Warrenton Dermatology & Skin Therapy Center,10496118
Complete Business Accounting,10498033
Continental Tide Defense Systems,10498337
Bethel Bible Village,10498629
De Nigris USA / Food Specialties Trading,10500730
"Tree Care, Inc.",10503904
Ciox Health,10504343
"MGROUP, Inc",10504457
Fountain Hills Unified School District,10506761
North Starr,10507274
"Barnes & Noble Education, Inc.",10507318
SIGVARIS GROUP USA,10509944
Revature,10510386
InsCipher,10512316
Diagram Ventures,10513391
DocCafe,10514179
Liberty Military Housing,10514957
Express Employment Professionals – Hawaii,10515085
"American Farm Bureau Insurance Services, Inc. - AFBIS, Inc.",10515104
ZymoChem,10515109
Satyam Venture Engineering Services,10515345
JConnelly,10516193
Flocksy,10516296
Schrill Technologies Inc.,10516388
Spark Power ⚡,10517009
Nestlé Health Science,10517709
Factbird,10518752
Prometheus Security Group Global (PSG),10519885
Numero Data,10520445
Ardurra,10520737
Elevate Health Sciences,10523166
Hyatt Vacation Ownership,10523181
AJ Capital Partners,10523214
Beacon Group,10526382
Cowen | Rodriguez | Peacock,10527247
BrightView Landscapes,10527806
Blue Sky Communities,10527838
OneSkin,10528162
Transvirtual ,10530800
"3P CAREERS * INTERIOR DESIGN * ARCHITECTURE * CIVIL ENGINEERING *",10533123
Alcami Corporation,10536316
Green Rhino Recruitment,10536403
Providence Community Health Centers,10538752
Burn Boot Camp,10538826
Masis Professional Group,10540544
"MGN Logistics, Inc.",10542523
Premier Pain Treatment Institute,10543593
Arable,10544694
ektello,10545600
PAP Consulting Services,10549350
Cover Genius,10554060
EazyML,10558668
Restream,10559670
Craftner Inc,10559767
Restaurant Brands International,10560210
"Rosewood Washington, D.C.",10561288
Gomes Group,10564558
Omnicom Health Group,10566099
Industrial Systems Consulting,10568131
Focus People,10571530
Council of Western State Foresters,10572843
Dynalectric Oregon,10572924
"Stratice, LLC",10573548
Madison Black,10573666
Franco Uomo,10577631
TBWA\WORLDHEALTH,10579793
Anglin Civil,10579958
"Betsy Bash, LLC",10580467
"Comprehensive Sleep Medicine Associates, PA",10580738
SquarePeg,10581613
Judge Direct Placement,10583513
RevsUp,10583666
Chesapeake Lighthouse Foundation,10584789
Hearts & Science,10588449
Reconstruct Inc,10588586
Ledgent Technology,10592585
Bethesda Game Studios,10592686
Stagwell,10592830
Mutual of Omaha Mortgage,10592886
TriSource,10593599
QUANTEAM - North America (RAINBOW PARTNERS Group),10594479
Anomalo,10595640
Flowco Production Solutions,10597379
Care Access,10597889
gridX,10599040
Soni,10599076
"KG Workforce Solutions, LLC",10600376
Lakeshore Management,10602071
Hippo Insurance,10604033
"AppLab Systems, Inc",10604245
Socially Powerful,10608262
"Clear Protocol, Inc.",10608496
PJS of Texas,10608945
Trinity Health At Home,10609370
Siaraa,10611639
Red Bull Distribution Company,10611993
Nerd Power,10612400
"Cliecon Solutions, Inc.",10612451
AC3,10612514
ELOKON Group,10612888
InBloom Autism Services,10616538
"Kyowa Kirin, Inc.- U.S.",10617028
SOLA Pharmaceuticals,10617084
RYZE Claim Solutions,10618855
Integra Connect,10619345
OHLA USA,10619365
Precision Medicine Group,10619522
Dahua Technology USA,10619865
RippleMatch,10620373
Entrusted Advisors,10622127
The GreenFields Continuing Care Community,10622205
The Quad Preparatory School,10625595
StaffBright,10628617
Tenstorrent,10629072
Saliense,10629989
Varo Bank,10630755
Noveon Magnetics Inc.,10630764
ButcherBox,10630787
BENlabs,10631558
International Rett Syndrome Foundation,10631691
BlackLake Security,10631870
"Southland Steel Fabricators, Inc.",10632872
"CHC LEARNING CENTER, A Program of The Center For Handicapped Children, Inc.",10633731
"Southern Building Group, Inc.",10634503
Hoxton Circle,10634512
"Engen Contracting, Inc.",10635824
Joe Mineo Creative,10636269
American Negotiation Institute,10638094
Ciena Healthcare,10638654
"Global Fire Protection Group, LLC",10638731
Milk Makeup,10639070
Maven,10640787
Dana-co LLC,10642638
DEPT®,10643678
ARSENL ,10646311
J.Sheppard Associates,10646709
"Universal Logistics Holdings, Inc.",10650147
The JPI Group,10650177
CEMEX USA,10653459
Lattice,10653469
RITWIK Infotech Inc,10653666
Wambolt & Associates,10653685
Arcus Biosciences,10658604
Elior North America,10658646
OrganOx,10659218
SOLV Energy,10660750
"Milestone Brands, LLC",10661018
"Resi Media, LLC",10662222
Ingenium Talent,10663129
One Community Health,10663630
BYREDO,10665641
American Foundation for Addiction Research,10670605
Wizehire,10673871
Above the Bar,10674187
Quanata,10674518
"Serviceaide, Inc",10676753
IsoTalent,10681428
OneSeven,10681626
HYR Global Source Inc,10682123
ADSANTEC,10682189
"LDIS, LLC",10685133
Lakeview,10685878
The Anderson Search Group,10686491
Boutique Recruiting,10688698
SPG - Specialty Program Group,10688925
TIMBER,10689129
The Officer's Club ,10691015
Mestek Machinery,10694264
Vallure Agency,10695663
Allied Universal,10696913
Medici,10697039
DAE Wealth Management,10698429
Kubrick Group,10698880
Vertiv,10699418
Rocket Pharmaceuticals,10699784
Aptevo Therapeutics Inc,10701943
Greater Good Charities,10703110
Burrow,10703182
Elliott-Hamil Funeral Home,10732145
Neon Canvas,10758382
Alloy,10774599
Prison Fellowship International,10774626
"Empire Candle Co., LLC",10776366
PostPilot,10776370
Pinnacle Staffing Group,10776442
Hearst Autos,10777665
Spring Health,10779476
Anderson Frank,10779758
"Salutem, A Daniel J. Edelman Company",10780565
Circle Line Partners,10786800
VieCure,10788836
eJAmerica,10789157
Conduent,10794364
OneTrust,10795459
Biohaven,10795763
Burton Recruitment Limited,10797226
Zelis,10797668
AmberBox Gunshot Detection,10798761
HOTWORX,10798977
Relativity Space,10799650
Transcend Solutions,10799820
Publicis Sapient,10801655
"Solari, Inc.",10801746
Avocor,10804206
Good Dye Young,10813252
Arvato,10816367
Elektrofi,10816619
Cynet Health,10817835
Gardner Law,10821931
Prospectacus,10821963
SageSpring Wealth Partners,10822209
Chenoweth Law Group,10822567
Independent Sports & Entertainment (ISE),10825910
Honeycomb Software,10826331
"Alliance Services, Inc.",10826403
New Healthcare Solutions,10827112
"Skyline Med Staff, LLC",10827488
"Gebhardt & Kiefer, P.C.",10827700
E78 Partners,10827754
UK HealthCare,10831504
Hondros College of Nursing,10831935
Vibrent Health,10834213
"CareMax, Inc.",10836222
MasayaCo,10837749
AdQuick,10838707
Bay Breeze Dentistry,10841162
Avacend Inc,10841679
Sound Royalties,10842755
"BoxUp, Inc.",10843160
The Church of St. John the Divine,10844000
The Ned,10847180
Barnum Financial Group,10851139
DDB Health New York,10851613
Moth+Flame,10852386
ilani,10852401
Nexus Brand Group,10852858
"JSK Recruiting, Inc.",10852993
Pozent Corporation,10853319
Peritus Inc,10853673
Waste Recruiters,10854663
Integer Holdings Corporation,10854676
Airfinity Ltd,10854741
Altice USA,10855353
Vitality Living,10855369
Plein Air Agency,10855640
PEOPLE FORCE CONSULTING INC,10857149
Quisitive,10860178
Great Jobs KC,10860381
Westminster Communities of Florida,10860894
TDA,10860999
Arconic,10862414
Dentrust Optimized Care Solutions,10862420
Grus Construction Personnel,10862632
isolved,10862921
Hackensack Meridian Health,10864447
Hibernia Wealth Management,10866295
"Emerald Broadband, LLC.",10871941
FieldPulse,10872551
"Crown Staffing Solutions, L.L.C.",10873816
Fulcrum Therapeutics,10875172
CAN Community Health,10875478
NineDot Energy,10876146
Furniture Bank of Southeastern Michigan,10877113
Function of Beauty,10877282
Copado,10877423
Trident Medical Center,10877848
"3E Management, LLC",10878590
Skywire Networks,10882394
Carolina Therapy Connection,10882554
Georgetown Visitation,10885123
Book Harvest,10885509
Jellysmack,10887016
GoWide Solutions,10889208
flyExclusive,10889358
R&J Components,10890768
Lucid Services Group,10890823
Astranis Space Technologies,10891165
"Express Employment Professionals - Rochester, Troy & Clinton Twp.",10891527
dbt Labs,10893210
NewtonX,10893993
Lake County Health Department and Community Health Center,10894643
Dandy,10894709
HungryPanda Ltd 熊猫外卖,10897264
Law Offices of Charles R. Frazier,10898312
Revenue Media Group,10900001
We Make Change,10903272
"Your Empowered Sexuality, Inc.",10904622
Pinheads,10906316
AURA Devices,10908672
EverydaySpy,10908865
DuraServ,10910965
Ethos Veterinary Health,10917711
FAZ Forensics,10917983
JSS Search,10919243
Ethos,10920863
"Delviom, LLC",10923928
RapidDeploy,10927131
Platte Valley Companies,10929981
Chamberlain Advisors,10931357
Catanese Classics,10937898
Kaynes,10938208
CAES,10940355
LifeMine Therapeutics,10940444
Landscape Management Group,10945787
SciPro,10949908
OK COOL,10950386
I3 INFOTEK INC,10950732
Clarivate,10950962
Elica Electric Co,10957929
Chenega Professional Services Strategic  Business Unit,10958324
iDEAL HIRE,10959043
"Colorado Latino Leadership, Advocacy & Research Organization",10960846
Ifeel - Humanising Growth,10964358
Storm Search,10964862
Angove Partners,10966839
"AvantGarde, LLC",10970058
Bridge33 Capital,10971222
Carex Consulting Group,10974065
New Story Schools ,10978173
Arthur Grand Technologies,10980260
DroneUp,10981144
Carnegie Title LLC,10985993
Madhive,10987088
"Elms Interior Design, LLC",10987562
Bollinger Motors,10987865
Cedar,10988174
The Dotcom Team,10989141
Elevate Digital,10995060
De Novo HRConsulting,10996500
The Aviary Recovery Center,10997245
Valere Event and Video Productions,11000892
Beyond Finance,11001218
Brooklyn Kura,11002780
Centiva Capital,11005017
The Restoration Hotel,11005191
Vine Technology Solutions,11006242
"WealthyCo, Inc.",11008036
ABME,11008179
Emburse,11008286
Segal Marco Advisors,11008478
DC Tutoring & Mentoring Initiative / The Civic Leadership Project,11009583
RightWorks,11009726
"Vir Biotechnology, Inc.",11010301
Northeast Remsco Construction,11010767
Horizon America Staffing,11013815
Victory Solutions Enterprises Inc.,11014995
Formation Bio,11016612
Factorial,11016997
Muck Rack,11018784
Capital Health (US),11022681
UnitedMasters,11022780
GRÄS Lawn ,11027396
Brighton Health Plan Solutions,11030712
NS BlueScope,11031022
"Tech Army, LLC",11031659
FlyQuest,11033020
"Centurion Consulting Group, LLC",11033790
Nexien Inc.,11035433
Craft Equity,11040553
PartnerOne,11043585
The NewsGuild of New York,11044219
Empowered Hospitality,11044738
Astra,11046103
TopView Group,11046264
C2R Ventures,11047577
ASRC Industrial,11048808
"Dragos, Inc.",11050198
Manychat,11058494
Metrix Logistics Group,11060696
Element Service Group Mechanical LLC,11061032
SVK Technology Solutions Inc,11061848
"Y2K Engineering, LLC.",11061951
Procession Systems,11062133
Grafana Labs,11062162
Heart To Beat LLC,11062886
Calculate,11063092
J&D Management,11064723
E.S. Sutton,11064780
Selby/Artists Mgmt,11065040
"Ilarraza Law, P.C.",11065656
Felicity House NY,11071490
Glazer Properties,11072571
solo.io,11074869
TransPerfect Legal,11075807
Robbie AI,11076214
Laudato Si' Movement,11076247
Key Autism Services,11076962
Ahlstrom,11079792
"Axis Construction Mgmt., LLC.",11080031
Murphy Schiller & Wilkes LLP,11080278
SKF Electrical Corp.,11080374
Chainbridge Solutions,11083884
LesJeudis,11084085
Pepper,11084724
"Dynamic Retail Promotions, Inc. ",11090822
Prime Video & Amazon Studios,11091426
Trident Maritime Systems,11095483
Maine Strong Balance Centers,11096363
Deepwave Digital,11096645
Boca Recovery Center,11097035
EdiliziAcrobatica® S.p.A.,11099242
"15 Seconds of Fame, Inc.",11102714
Jannine Abadi Associates,11106689
Clear Engineering Recruitment,11107995
Citizen,11108263
ADHD Dude,11108838
USAFacts,11109003
Obsidian Security,11110209
Silgan Dispensing,11112095
BakeMark,11112604
SparkCharge,11113762
"Quaker Transportation, Inc.",11115121
iWorld Professionals,11115535
Education Success Foundation,11118257
Vennbridge ,11118774
ITV America,11120510
Orange Pay,11121154
Hi Marley,11123095
Sugaright (Division of CSC Sugar),11129259
ONI,11130292
Mount Sinai West,11131921
Emonics LLC,11133123
Law Firm,11134147
DHL Express,11135982
Techniplas,11136682
Veracity Software Inc,11137552
Amcord Care Inc.,11137683
Hudson Health,11139291
Partners Behavioral Healthcare,11141118
Collage Group,11145741
Chantecaille Beauté,11150218
Neutrino Advisory,11150948
Genuin,11153452
Finastra,11153805
EAB,11158088
"Primecare Home Care Services, Inc",11158118
Webull Financial,11159822
"Global Threat Solutions, LLC",11159993
NewBeauty,11166018
Green Knight® Metal Roofing ,11168497
Turn2Partners,11169077
Lynch Mykins Structural Engineers,11170704
Cube Hub Inc.,11170816
Level Access,11173457
Walmart Global Tech,11174522
Exela Technologies,11174620
United States Marine Corps,11175823
Trader Interactive,11178018
Inspire! Care 360,11180281
Your Expert Tech Inc.,11181770
Long Finch Technologies LLC,11187415
Selzer-Ornst Construction Company,11189309
HomeSource Systems,11191877
Applied Biological Laboratories Inc.,11193064
"Coalition, Inc.",11193112
Dosch Marshall Real Estate (DMRE),11193721
Fluence,11196102
Ohio Department of Agriculture,11198806
Manchester Community Music School,11199248
SE Group,11204268
Compliance Group Inc,11204351
Ascend Elements,11205780
Dale WorkForce Solutions,11208030
"Manning College of Information and Computer Sciences, UMass Amherst",11209565
Virtual Service Operations,11212367
Odyssey Behavioral Healthcare,11213855
Synchro,11217443
Conrad Fort Lauderdale Beach,11220088
Ageility,11227630
"The Oakley Group, LLC",11228463
Metropolitan YMCA of the Oranges,11229705
Private Medical,11230660
Indsafri,11232689
The Outreach Team,11233523
AD Energy Recruitment,11233997
POSHI,11238451
Engtal,11241935
Foundation Risk Partners,11243322
Intellyk Inc.,11243687
#twiceasnice Recruiting,11246635
Vecna Robotics ,11250876
InProduction,11251474
PedIM Healthcare,11257062
Hitachi Vantara,11257500
BWise Trailers,11257573
The Kota Alliance,11259248
Prose,11260291
"Heartland Water Technology, Inc.",11260586
New York City Mayor's Office of Management and Budget,11264985
Wavemaker,11266049
Trinity Health Of New England,11266342
Envirta Technologies LLC,11267443
Earth Animal,11268368
West Virginia Housing Development Fund,11268466
"Select Recruiting Group, LLC",11269080
DistroKid,11269286
Aptiv,11273203
Galaxy,11275244
Hampden Park Capital & Consulting,11276495
"Cambrae Business Strategies, Inc.",11276702
New Jersey Schools Insurance Group,11278121
Blackfield Associates,11279458
Portsmouth Regional Hospital - New Hampshire,11282314
BGS Consulting,11290283
AcctPositions,11294318
Quartile,11297449
VNA & Hospice of the Southwest Region,11297555
Bergen New Bridge Medical Center,11302698
Axiom Path,11307040
Victra - Verizon Authorized Retailer,11308812
Vascular Institute of Chattanooga,11309571
Mobile Air & Power Rentals,11312272
Clarifi Staffing Solutions,11313740
Corsha,11314359
YER USA,11317039
ShorePoint Inc,11317510
United Energy Workers Healthcare,11320190
"La Plaza, Inc.",11320358
Avanciers,11325362
Apartment Management Consultants LLC,11326986
Anonymous ,11330413
Nickol Global Solutions,11331252
PhyNet Dermatology LLC,11333215
The Diplomat Beach Resort,11334156
Avenue Living,11334281
Village of Lincolnwood,11334745
Auria,11335633
Action Network,11337016
Holistic Industries,11337201
Ribbon Communications,11338267
Gains In Bulk,11340747
Ion International Training Center,11348603
EyeQ Monitoring,11352933
Advarra,11352981
VXXIV Corp.,11353843
"Urban One, Inc",11354758
Sidecar Health,11355601
Damascus,11356675
Nurse First Travel Agency,11357247
IANULY Talent Accelerators,11361546
NInfo Systems INC,11362215
"School Sisters of Notre Dame, Atlantic-Midwest Province",11363630
"Sterling Lawyers, LLC (Illinois)",11364659
Team San Jose,11364936
TechSur Solutions,11366390
Gridiron IT,11368736
ANDRITZ Feed and Biofuel,11369433
"Standard International, LLC",11369684
R.P. Brennan,11378892
"Belle Noble Entertainment Group, LLC",11381036
"Pulmonary & Critical Care Consultants, Inc.",11391725
The Lawt,11392612
Top Stack,11400117
DAVID BAGGA COMPANY,11401148
Fifth Wheel Freight,11401699
GHR Healthcare,11402317
University of Iowa Center for Advancement,11402346
"Reese Enterprises, Inc.",11408919
Syneos Health,11408925
"Monteverde Engineering & Design Studio, PLC",11416779
Accede Solutions Inc (accedesol.com),11417958
nVent,11418434
Syneos Health Commercial Solutions,11418511
"Kelley Clarke, PC",11418953
TalentPlug LLC,11419009
Felius Cat Café & Rescue,11419745
The AZEK Company,11420022
Nutrien,11420962
"QCR Holdings, Inc.",11427160
Imac Raffles Group,11427309
"Blockchains, Inc.",11430130
Reyes Coca-Cola Bottling,11430850
Hatch,11433680
TalentWealth,11435844
Lead Lab,11444024
Waystar,11444741
Crunch Fitness - Undefeated Tribe,11446603
"WV Departments of Health, Health Facilities, and Human Services",11447285
West Chester University Foundation,11449977
JW Marriott Nashville,11454058
VRS Disability Management,11454994
Encompass Health,11455183
Vituity,11457596
Faropoint,11462259
XGen Pharmaceuticals DJB,11463828
Ergalis Médical,11463985
"Agilant Solutions, Inc.",11467712
Covert Alert,11468737
Destination Travelcare,11469759
Groundworks,11471407
Acquire,11473142
City of Chesapeake,11474958
Young Scholars Charter School,11477684
RPG,11477851
PLUS U.S. Corporation,11483966
Giesecke+Devrient,11486116
NationsBenefits,11490204
X4 Technology,11494547
BioTalent,11494597
Custom Truck One Source,11498706
Denver7 (KMGH-TV),11500365
SaaS Academy,11501953
RumbleUp: Powerful Political Texting,11503646
Coshocton Regional Medical Center,11505030
Atlas,11506594
SightSpectrum,11506900
The Guest House at Graceland,11510012
Rockefeller Capital Management,11511462
firstPRO 360,11511502
CPM,11516753
Neurogene Inc.,11518312
THE WELL,11528688
KEB Wealth Advisors,11529534
XIRCLS - 360° Martech Stack & Decentralized Collaborative Marketing Network ,11530041
Northspyre,11535237
Lee & Associates Greenville / Spartanburg,11537915
Talent Acquisition LLC,11539657
London Approach,11540172
Johnson & Johnson MedTech,11542591
HeartPlace,11543141
Prescient Security,11543407
"Broadway Construction Group, LLC",11543481
ITB-MED,11550272
WolfCreek Consulting,11551557
rmg digital,11551821
Catalyst Nutraceuticals,11552333
Allogene Therapeutics,11552592
Indotronix Avani Group,11553420
Book+Street,11554148
Ryze Agency,11554229
"ConnectMe Capital, llc",11554520
Inrika Inc,11555124
Paradigm Windows,11555433
Creative People,11555586
Catapult Federal Services,11557245
Clutch,11557250
Millennium Hilton NYC One UN Plaza,11561915
Society of St. Vincent de Paul Detroit,11564116
EdTheory,11564573
Optimus Steel LLC,11565578
TireHub,11571601
Azure Sky Management Consulting,11676886
Standvast Fulfillment,11678678
Validity Inc.,11679353
UNICOM Technologies Inc,11682570
Expedite Technology Solutions LLC,11682674
Mirror Matter,11683180
Peraton Labs,11683433
Innovative Construction Group,11683846
MedUS Healthcare,11684118
Mindful Care,11685050
Brinks Home,11688760
Cookies United LLC,11690772
Smart IT Frame LLC,11692984
Syzygy Integration,11694859
Fullsteam,11695207
Collins Aerospace,11695727
AccessParks,11699758
Octagon Group,11700280
Zenith Energy U.S.,11700629
Profectus,11704221
Pass Gallery,11704543
Vivacity Tech PBC,11704822
"Parker Placements NY, Inc.",11705937
My Marketing Recruiter,11708656
Augustinus Bader,11709296
Ready®,11713778
Oldcastle Infrastructure,11713929
AnswersNow,11714437
Soluna,11716822
Reelarc,11724679
Avenu,11734407
"Manulife Investment Management, Timberland and Agriculture",11736296
Levitate,11737049
adaptt,11737521
Certa.ai,11744621
FS Vector,11750382
DOWC,11750875
Valiant Integrated Services,11752085
insightsoftware,11754526
Army Futures Command,11754751
Cannonball Moments,11756277
Facilities Plus ,11757079
First Mid,11760648
ReefPoint Group,11760932
Life Edit Therapeutics,11764480
I'RAISE Girls & Boys International Corporation,11769061
"Riley Brothers, LLC",11770844
Vanator RPO ,11771877
Career Studios,11772061
Bank OZK,11777418
Keurig Dr Pepper Inc.,11777511
Stova,11779403
WSN,11784644
Back 2 School America,11785039
Embassy Suites by Hilton Minneapolis Airport,11785783
ASCENDING Inc.,11787695
Dental Revenue,11787701
Resideo,11787788
"Taconic Resources for Independence, Inc.",11787819
Verano,11791278
NAVERIS,11792931
Robertson Stephens,11794042
ShipIn Systems,11794227
Conrad New York Downtown,11796149
Anonybit,11797980
"180 the Store",11804756
Exyte,11805291
CenterGrid,11805546
SALUS,11808228
Emet Digital®,11809425
Strategas Asset Management,11810741
AXA XL,11813143
SpaDerma,11813677
RAZOR,11815285
SymphonicHCM,11816264
Making Air Right,11816572
Elara Caring ,11818084
"Iron EagleX, Inc.",11818978
"Hasbani & Light, P.C.",11819083
MedOP Solutions,11820252
Next Level Solutions,11824033
Pursuit,11824457
A.G.P./Alliance Global Partners,11825661
NYC Department of Social Services,11827982
Canoe Intelligence,11828351
Mercy Urgent Care & Occupational Medicine,11829529
Canvas Credit Union,11830178
Greenleaf Foods,11831747
Olympus Energy LLC,11835651
Mullan Inc,11838199
Enexus Global Inc.,11841554
Vimerse InfoTech Inc,11843767
Skyborne,11845263
Current Global,11854633
United Utility,11854657
Norbut Solar Farms,11856266
Stawnychy Financial Services Inc.,11860387
Immunovant,11861601
"Rowe Weinstein & Sohn, PLLC",11864713
Retool,11869260
Von Tobel ,11869640
FlexStaff Careers,11872253
Scherzo Music School,11876655
BridgeCare,12096461
"Pinnpack Capital Holdings, LLC",12178876
BDE Architecture,12178909
Elevation Health Partners,12180273
Recruiting Simple,12577804
Teleios Collaborative Network,12580161
SHAKE,12580368
Misfits Market,12583195
Swap,12585411
Zivaro,12585742
Ascen,12590908
Catalyst Life Sciences,12595126
Acolad group,12595581
MoonPay,12596773
TriStar Southern Hills Medical Center,12598944
NEMA,12599925
Mauser Packaging Solutions,12605993
Prisma Health,12606850
Redesign Health,12609591
Outright,12609607
Phyton Talent Advisors,12613218
SOLVE(D) | An IPG Health Company,12617617
Alldus,12618960
ERP Initiatives Group Inc,12620272
"City of Lakewood, Ohio",12622667
Dooner Social Ventures,12624728
NACD Texas TriCities Chapter,12624871
Pro Source Home Buyers,12627115
"Unknown Studio, Landscape Architecture & Urban Design, LLC",12627190
Arcoro,12629847
Hilton Boston Back Bay,12631273
VML,12631336
TowFLEXX,12639550
INNIO Group,12644759
Milestones Psychology,12649451
The Planet Group,12651721
Frontwave Credit Union,12651831
Straumann Group,12658339
HolcimUS,12669435
Ikon Technologies,12670967
"Winston Hardwood, Inc.",12672350
Tential Solutions,12672576
Verkada,12699415
Liquid Instruments,12870079
McKelvy & Kim Search,12892804
HIKINEX,12893069
Arias Sanguinetti | Trial Lawyers,12894901
"Critical Care, Pulmonary and Sleep Associates",12895041
Lavior ,12899171
Mynd,12899396
e3 Diagnostics,12900033
Createch - Creative + Tech Staffing,12903073
"Historical Arts & Casting, Inc.",12903828
Extension Sales & Marketing (ESM),12904405
Sivaltech,12906613
Vyaire Medical,12906635
VivaHire,12907420
"Dominion Realty Group, LLC",12908131
Hearth,12908147
Direct Funding Now,12908209
California Department of Human Resources (CalHR),12908540
The Doctors of Physical Therapy,12908649
ClickUp,12949663
Freespira,12949753
Provision People,12951519
dataplor,12953819
Alector,12954251
"Audit Data Search, Inc.",12954313
Axiom Space,12955216
Russell Marine LLC,12957054
Kognitiv Inc.,12957178
Leeds Professional Resources,12957244
leAD Sports & Health Tech Partners,12959267
Bridge Home Health & Hospice,12959312
DME Express LLC,12960277
Crisp,12977708
"Platinum Legal Search Group, LLC",12979710
CompWorldWide,12981134
Serenity Healthcare,12984051
UF Health Cancer Center,12987574
ElleVet Sciences,12990402
TOPSYS IT,12991466
Carrier,12991711
UnicornSourcers,12992200
Groq,12994410
Segra,13009774
Aetos Capital,13018811
Rowan,13019116
Branca USA,13021252
Swoon,13021795
CereCore,13023396
Endeavor Streaming,13024544
PSSI,13024731
Kapitus,13026779
Girl Fit Physical Therapy,13029865
Headway,13030788
FIFCO USA,13032226
OG Esports,13034183
Downstream,13038487
Christian Cowan,13039491
"Sana Biotechnology, Inc.",13039965
Liberty Home Mortgage Corporation,13041595
Valuetainment,13044603
AirLife,13047130
Spektrum,13049834
startup technology project ,13050833
"C2Dx, Inc.",13051664
Mantra Health,13051865
Botanicals Spa & Suites,13052348
Museum of Jewish Heritage – A Living Memorial to the Holocaust,13053837
"Conway Eader, Attorneys at Law",13057969
Workhuman,13073186
magniX,13176795
Addverb,13178640
Austal USA,13179119
Linnovate Partners,13182634
Global IT Con. LLC,13185265
Rovco,13185421
"Aezion, Inc",13192207
Avtech Solutions Inc,13194554
National HR Solutions,13197795
Superbeo,13202040
KHYATHI INFORMATICS LLC,13210834
Group Nine LLC,13211176
"Cira Infotech, part of MGT",13213968
UDMIDEAS,13214866
Fusion Business Solutions (P) Limited (FBSPL),13215798
Applycup Hiring Solutions | Top Recruitment & Staffing Agency,13221092
Career Soft Solutions Inc,13226580
"Oreva Technologies, Inc.",13229222
ALOIS Solutions,13242175
Purple Drive Technologies,13248636
ACCLiiVE ,13249094
BIGO,13251179
ST Global LLC,13253099
ICS Global Soft,13263380
Fluxtek Solutions Inc,13268370
Eximious,13275448
Trail Blazer Consulting LLC,13279793
Veridic Solutions,13284458
Atrium HR Consulting,13293878
Dimiour,13301966
Satguru Technosoft Consulting Group Inc. (STCG),13305769
ALOIS Healthcare,13308801
"TechGroup America ""TGA"" - A Software Development, Data Analytics and Digital IT Solutions Enterprise",13316106
OKX,13323120
JC Consulting,13323712
Laiba technology,13328290
Quantum World Technologies Inc.,13331595
Global Information Technology Inc,13332022
Alpha Silicon,13332717
A.J Worldwide Services,13334448
DVG  TECH SOLUTIONS PVT LTD,13338268
US IT Staffing ,13340892
Centraprise,13345578
"AeroDirect, Inc.",13345819
CloudTern Solutions,13356126
Skillvoice Inc,13356179
RATP Dev USA,13359870
Snappyhires,13362722
Juul Labs,13365425
RecruitInflux,13365439
Cactus Life Sciences,13371763
LifeStyles Healthcare,13383668
Crox Consulting Inc,13391662
PSRTEK,13391879
ConsulTree Consulting Services LLC.,13392268
Tekskills Inc.,13395274
Insights Opinion,13405241
Invences Inc.,13406030
Ampstek,13423341
MUSCLEROX - Pigments with MUSCLE,13432651
Tech Mahindra Business Process Services,13434885
HMG AMERICA LLC,13463160
Rohini IT Consulting LLP,13465471
CalTech IT Solution-Staffing & IT Services,13469068
Advanced Knowledge Tech LLC,13574568
Connect io IT Pvt Ltd,13585911
AdmirablePro,13594153
Youth Power Technosoft LLC ,13600484
Your Corporate Life,13609029
REQ Solutions,13613470
Venusgeo Solutions,13617580
"Intello Group, Inc.",13624369
"MARS-TECHNOMINDS, INC",13625069
INSTITUTE OF CERTIFIED CASH FLOW ADVISORS,13636669
USCTEK - Recruiting & Staffing,13637042
Aapico Steps,13644688
Rael,13646621
Softcom Systems Inc,13655403
HiTek Staffing LLC,13658056
Swift Technologies Inc,13660588
Independent Consultant,13664753
"Aptino, Inc.",13672385
Ace Technologies,13705949
Programmers.io,13714336
QPQ International,13719716
Qodoro,13722176
TALENDICA,13745845
Defense In Depth Solutions,13747145
WuKong Education,13753142
Carman Solutions Group,13758844
LiquidStack,13761943
TALTRAN Global,13974225
Fresh Freight,13979784
New York State Insurance Fund (NYSIF),13980827
Marrina Decisions ,13980882
Flex Employee Services,13993547
Fletcher Studio Landscape Architecture + Urban Design,13993704
Milbank LLP,13997437
Lorenz Motors,14003134
STAQ Pharma,14003776
One,14013914
Fox Corporation,14014026
Smithers,14014683
Canoo,14015617
Waking Up,14016539
"Coolray Heating, Cooling, Plumbing, Electrical",14017226
Equitable Advisors,14023910
Go Green Logistics,14027838
Skarzynski Marick & Black LLP,14028341
Reyes Beverage Group,14028488
Tend,14031612
Nuvance Health,14034738
Experity,14034745
MIGSO-PCUBED,14036226
DIY Media Group,14037757
United States Army Mid-Atlantic Recruiting Battalion,14040772
Link Logistics,14041222
Vortex Metal Manufacturing,14050885
NIRA,14051349
ByHeart,14053537
AFH Industries ,14057254
"Rana Meal Solutions, LLC",14068748
EvolutionIQ,14070157
Rinvio (Ignite Recruitment),14070878
Advision Development,14072019
Bowen Remodeling & Design,14072357
Boldly Premium Executive Assistants,14073562
Diamondpick,14377562
"SBase Technologies, Inc.",14378285
Luna Physical Therapy,14378859
Niktor,14379449
Confidential,14383281
Worldwide Recruitment Group,14391534
Cientra,14392433
Centillion Infotech LLC,14392907
One IT Corp,14392959
Virtual Labs Inc.,14407234
EduRun Group,14409321
Roborock,14416099
Headway Tek Inc,14422722
TIENS,14428236
SNVA Technologies,14439628
Excelsior Accounting Services,14439975
Integrated Power System LLC,14440285
TCL FFalcon,14440370
IT Resource Hunter,14450868
Apolis,14467750
"Apton, Inc.",14478256
Agile Squad Inc,14479357
"Blueera Technologies, Inc.",14480264
Hyperion Technologies LLC,14481910
Tech3pillars Technologies,14489170
HERMEZ-IT,14489622
Amazing Marketing Co.,14489756
J. KENT ERICKSON REAL ESTATE,14493925
Integrated Resources Staffing Pvt Ltd,14505571
Coders Data,14508644
CORE POWER (UK) Ltd,14510331
Job Alert,14510501
EIT Professionals Corp,14514065
Pocket FM,14522609
Himflax Group,14524806
Webologix Ltd/ INC,14524845
Tradefull,14524856
TK-Chain®,14529347
POP MART,14529906
TriOptus,14542824
MacroHire,14548179
TriumphPay,14548615
Pro Integrate,14553450
Estudyinfo,14553591
Panacea Direct Inc,14559430
PRM-TAIWAN,14560773
Nityo Infotech,14562893
CloudBig Technology,14562954
Exarca Inc.,14580269
Janie and Jack,14580505
Trustpeople,14586483
Williams Lea,14592418
Wise Skulls,14594141
The Tarket,14594965
GITAI,14598021
AIT Global India,14601256
"Chieftek Precision Co., Ltd. (cpc)",14602356
iConsultera,14606618
CollegePass,14609480
Evernorth Health Services,14613869
Realtek Consulting LLC,14620904
Women choice,14626199
"Sira Consulting, an Inc 5000 company",14628022
RD SOLUTIONS INC,14629065
TEKGENCE INC,14631354
Intellectt Inc,14632005
Troy Consultancy,14636892
Prowess Software Services,14647401
Dexian India,14653154
Harsco Environmental,14658457
Elios Technologies Inc,14668517
Triple-A,14673327
Amtex Systems Inc.,14699670
Midas Consulting,14749912
Technumen,14757428
"REquipment Durable Medical Equipment and Assistive Technology Reuse Program, Inc.",14773918
"First Brands Group, LLC",14775276
Tinuiti,14777536
Manhattan Strategies,14778434
FORM Kitchens,14782279
"Halifax Humane Society, Inc.",14784969
California Department of Forestry and Fire Protection (CAL FIRE),14790337
Signant Health,14793159
Cogs,14794055
Deliverzen,14795178
PrideNow,14796450
Torque Consulting,14797007
The Brunswick School ,14799367
A Step Above Health Management Systems,14801697
Orbit Recruitment Group ,14803700
Black Pen Recruitment,14804844
ENGIE GBS,14805325
Unified Women's Healthcare,14806044
Los Angeles Room & Board,14809480
True Legacy Homes,14811975
Grupa,14812141
Blacklock Financial,14814350
Ashira Tantra ,14820947
Legacy Wealth Partners,14821224
Fireblocks,14824547
Quaker Houghton,14825201
XL Automation Solutions,14826366
The Recount,14831887
Mothership,14838529
Empire Automotive Group,14839088
Connect Counseling LLC,14839340
Global Recruiters of Richmond (GRN),14839430
Truist,14840050
Tenax Aerospace,14841549
FOX Tech,14850572
VXForward,14865971
Brightline Trains,15074104
Berkheimer Tax Innovations,15075179
AUX Partners,15075479
Amphenol Advanced Sensors,15077903
"Fire Safe Protection Services, LP",15080505
"Dragonfly Therapeutics, Inc.",15080647
Paul Bridges Group,15081145
Raw Selection,15081604
Throtle,15082924
"Revere, a Daniel J Edelman Holdings Company",15084128
Velvet Taco,15085131
StellarAlgo,15085867
First Aviation Services Inc.,15086807
Signify Technology,15087386
Dell Technologies,15088102
Endeavor,15088513
GoldenTech,15089185
"Arcticom LLC, a BSNC Company",15089703
"ButterFLi Technologies, Inc.",15089751
Fabletics,15089996
ADVOCATE - Residential Construction Advisors,15090351
STEM Talent Solutions,15090581
"HASEN GLOBAL, LLC",15091055
Boys Hope Girls Hope of New York,15091069
Pierce & Kwok LLP,15091444
PeopleReady,15093115
Almond & Associates ,15093123
University of South Carolina School of Medicine,15099749
Massachusetts College of Pharmacy and Health Sciences,15100301
Florida Agricultural and Mechanical University,15101139
Saint Louis University School of Medicine,15101244
California State University-San Bernardino,15102020
"University of California, San Diego - Rady School of Management",15102029
"University of Tennessee, Knoxville",15102289
Riverside City College,15105522
Recharge,15112074
Saint Mary's College,15114517
Unitech Training Academy-Houma,15132697
Capitol Beauty School,15134678
Unitech Training Academy-Lafayette,15135046
Augusta University,15140813
Missouri University of Science and Technology,15142330
University of Vermont Grossman School of Business,15142348
Jencap,15144146
Precision Talent Solutions,15144521
Inoltra,15153584
Rexus Group,15155405
RJ IT Solutions,15155541
Saint-Gobain Research North America,15155562
"Freeman | Lovell, PLLC",15155716
Salad and Go,15157241
Loudoun County Public Schools,15157280
Jackson Physician Search,15158049
VHL Technologies Inc,15160138
Maria Pinto,15160579
Illinois Department of Innovation & Technology (DoIT),15161148
Ohio Department of Medicaid,15165083
Family Care Center,15166226
Sphera,15173846
"Moody and Associates, Inc.",15174779
BPI Outdoor Living,15176310
Democratic Attorneys General Association,15177661
FOSS North America,15178582
Hivestack by Perion,15179046
Sonder Inc.,15179318
"OM1, Inc.",15179693
"Pharmsource, LLC",15179716
"Alpine Immune Sciences, Inc.",15179827
Lovelace Biomedical,15181988
Nexperia,15183110
Graphite GTC,15183450
GOOD AMERICAN,15183489
Axios,15184955
Getro,15185325
Cotton Holdings Inc.,15191763
Snap Inc.,15191764
NewGen Strategies & Solutions,15192724
"Smarter HR Solutions, LLC",15195846
FullDeck,15196063
Pedagog Recruiting & Careers,15198039
VetJobs,15198065
Dekorman Inc.,15198089
AIR CHINA LIMITED ( NORTH AMERICA),15200418
MAXIS Global Benefits Network,15202819
Zeektek,15205156
"NowackHoward, LLC",15205556
Seven Life Sciences,15208003
Vallen USA,15208770
"3Cloud",15210062
DealFlow Events,15210652
Donnelley Financial Solutions (DFIN),15210705
breef,15211132
Bernhard,15211162
MedCentris,15211315
Electric,15212511
Cpl Life Sciences US,15212661
EMERGE,15213166
Lindt & Sprüngli USA,15214754
Hudson Technologies,15215815
CSC Generation,15216893
BRIGHTMARK,15217395
Manpower San Diego,15218095
WePartner Group,15218735
Akumin®,15218920
Targazyme,15219845
New Jersey Courts,15221729
JSR Tech Consulting,15221948
St. Jude Children's Research Hospital,15223686
Leomhann Enterprises,15224259
Huseman Group,15224971
Omnidian,15225088
Ohio Living,15226978
Basis Industrial,15227317
North Star Inbound,15227577
ASMPT SEMI Solutions,15230107
Yousef Abdul Latif Jameel Group (YALJ Group),15230571
"Dynamics Solutions, LLC.",15230730
GE Additive,15233058
New Mexico Dept. of Workforce Solutions,15233663
Vistra Corp.,15233868
Permian Resources,15235522
Grand Lifestyles,15236043
Brilla Public Charter Schools,15236189
TTS Technologies,15236600
WHECO LLC,15236811
ComboCurve,15236821
Additive Engineering Solutions,15237398
Seagate Development Group,15237777
Magna5,15238307
"College Fresh, Inc.",15240510
BGSF,15240711
PetIQ,15241130
Recruit Group,15242404
Kaman Corporation,15242812
Värde Partners,15243220
New Age Marketing Inc,15243569
Ursa Major,15245147
Zenith LifeScience,15245449
Utron ,15247033
"Falcon Search, Inc.",15248458
Yale University,15248569
Stylhaus,15249111
PKB Pet King Brands: Makers of Zymox and Oratene,15252296
Nikola Corporation,15252329
Spring Arbor Senior Living,15253103
Bull City Talent Group,15254451
"Pivotal Placement Services, Inc",15254452
Denver Christian School,15255286
Swagelok Pittsburgh | Tri-State Area,15256197
FirstKey Homes,15256846
Apex Dermatology and Skin Surgery Center,15256872
Trundl - Atlassian Platinum Solution Partner,15257953
Cloud Resources LLC,15258405
Surefox North America,15258647
Tom Bush Law Group,15258766
World Kinect,15258971
Activ8 Recruitment & Solutions,15259054
Vinnie Mac Restoration Marketing,15259975
Med-Bill Corporation,15260742
M S Benbow and Associates Professional Engineering Corporation,15261118
"Interior Logic Group, Inc.",15262099
Honda Aircraft Company,15262835
Moog Aircraft,15262936
Dover Fueling Solutions,15263662
The Allan Sullivan Co.,15263991
"Taplin Group, LLC",15264036
Harmony Bank,15264236
Max Guard Hurricane Windows,15264509
"MULLAVEY, PROUT, GRENLEY & FOE, LLP",15267807
"Aerometals, Inc.",15272712
MUIRFIELD EYECARE CENTER INC,15281827
Angel Reach,15284509
"ACRISURE (DeSanctis Insurance Agency, Inc.)",15285878
"PLATA WINE PARTNERS, LLC",15290265
HCA Florida Woodmont Hospital,15291295
"Crooker Construction, LLC",15302299
"ARECON, LTD.",15306241
Positive Recovery Centers,15309602
"Yanowitz Law Firm, PLLC",15314597
Techions,15317525
"Timberline Construction Group, LLC",15318285
CONTRI CONSTRUCTION COMPANY,15320020
Addiction Treatment Services,15328586
"TechServ Engineering & Consulting, LTD.",15332133
NORTHLAND CHRISTIAN SCHOOL,15341170
"Butterfield Trail Village, Inc.",15341184
Cherubino Health Center,15342999
"Yoder Ainlay Ulmer & Buckingham, LLP",15349895
D'LEON CONSULTING ENGINEERS,15350350
OpenVPN Inc.,15353748
OHIO OPTOMETRIC ASSOCIATION,15358150
State Medical Board of Ohio,15359141
Temecula Valley Hospital,15360898
"Public Trust Advisors, LLC",15363516
"Houston Homes, LLC",15368688
The Islander Group,15387281
DUBLIN YOUTH ATHLETICS ,15391891
SCOTT COUNTY TELEPHONE COOPERATIVE INC,15400080
Arel Group Wine & Spirits,15402222
TUCKER HOLMES P.C.,15406352
Itoya Topdrawer Corp.,15412881
Millennium Lighting Inc.,15414287
SignValue,15418050
PCCI Group,15424534
CeaseFirePA,15426950
Rolls-Royce Solutions America,15434422
"Network Adjusters, Inc.",15440862
San Dimas Community Hospital,15440968
Xylem Tree Experts,15446077
Zips Car Wash LLC,15451728
SSTech LLC,15454345
EVERGREEN COMMUNITIES LLC,15454815
Premier Radiology Services,15457223
Barvin,15474836
North Star Scientific Corporation,15479786
FoodPharma,15483354
Del Sol Medical Center,15484089
THE AUTISM ACADEMY OF LEARNING,15492436
Viega LLC,15494986
ALTERNATIVE HEALTH GROUP LLC,15501774
Institute for Public Health Innovation,15505005
Partnership for Public Health,15505894
"Reconnect Rochester, Inc",15507805
Brem Foundation to Defeat Breast Cancer,15512481
DIEPENBROCK & COTTER LLP,15512603
HKLA ,15513355
"HORIZON RESEARCH, INC.",15513675
ADVANCED MEDICAL HEALTH SERVICES PC,15516556
"ENVIRONMENTAL ENTERPRISES, INC.",15519990
DIETRICH TRUCKING LLC,15525859
Charter Dura-Bar,15528921
"RJH & ASSOCIATES, INC",15539593
Johnson Brunetti Retirement & Investment Specialists,15542056
"PROFORMANCE REHAB, INC.",15545819
Synergy Dental Group,15549066
CJW Medical Center,15550475
"New Haven Youth and Family Services, Inc.",15558072
HEATONIST,15559157
VIC THE PICC ,15560260
GASTONIA FAMILY DENTISTRY,15572062
"John Shomaker & Associates, Inc.",15575719
"COLLINS PUBLISHING, LLC",15575809
LANDMARK MEDICAL CENTER,15578420
Brook + Whittle,15587645
"ARC HUMAN SERVICES, INC.",15589802
"Flo-Rite Mechanical, LLC",15590560
"Decko Products, INC.",15599190
Fort Bend Women’s Center,15623638
Goldbelt Glacier Health Services,15626530
"The Law Offices of Jennifer D. Peshke, P.A.",15631059
Olympia Pharmaceuticals,15632239
Hempler Foods Group LLC,15634457
"HEICHEL PLUMBING, INC.",15634533
Rapides Regional Medical Center LLC,15637586
"AUTO SOLUTIONS, INC.",15641048
Koelsch Communities,15643168
"SECRETARY OF STATE, NORTH DAKOTA OFFICE OF THE",15653665
SAN BERNARDINO VALLEY COLLEGE FOUNDATION,15687129
Swire Properties Inc. (USA),15689921
"Obsidian Manufacturing Industries, Inc.",15695384
OCHI GALLERY,15696774
C-Motive Technologies,15698623
Colorado High School Charter,15700759
Wiverse,15701084
Parkland Medical Center,15701441
"Harco Manufacturing Group, LLC",15702234
"DIMENSIONAL MARBLE & TILE, INC.",15707177
"Internal Medicine & Pediatric Clinic of New Albany, PLLC",15713989
ACE MECHANICAL SERVICES INC,15714808
"MasTec Civil, LLC",15717973
Doctors Hospital of Augusta,15720708
Cardiovascular Institute of San Diego,15724647
Corpus Christi Medical Center,15728183
Mohegan Tribe,15731288
Pottstown Hospital - Tower Health,15753374
Metropolitan Psychological Services PLLC,15753726
Oncology Specialists of Charlotte,15753750
HCA Florida Twin Cities Hospital​,15755270
"KAMPGROUNDS ENTERPRISES, INC",15760876
ARVON & ASSOCIATES IN COUNSELING PA,15761078
ARI,15763577
"CARESC PHARMACY, LLC",15766466
PANSING HOGAN ERNST & BUSER LLP,15769063
Blend,15798900
Flip,15819562
Lifestyle Seed,15823168
Howmet Aerospace,15824333
Telelink Business Services ,15826652
New York State Department of State,15835774
The 'Quin House,15854237
Firstbase.com,15855995
AddMedia NYC,15859161
NineTwoThree Studio,15861467
Origin Staffing,15862365
CMTS LLC,15876051
"AbiMar Foods, Inc.",15886201
NEW LEAF COUNSELING SERVICES LLC,15886774
POOLESVILLE FAMILY PRACTICE,15887330
True Oil LLC,15890669
"CARMICHAEL'S CASHWAY PHARMACY, INC.",15891863
"JOHNSON DELUCA KURISKY & GOULD, P.C.",15893401
Arvinas,15897492
Greenwood Industries,15898825
Lilac Preservation Project,15900330
"R&S Machining, INC.",15901218
Compass Health Center,15901706
Commonwealth Endodontics,15902159
South Carolina Center for Fathers and Families,15905450
Insight Human Services,15906709
"Gasko & Meyer, Inc.",15912454
Skyline Smiles,15913719
Mainspring Energy,15922247
"Electrical Reliability Services, Inc.",15922891
Central Coast Language and Learning Center Speech Pathology,15923225
Health And Style Institute,15929102
NBC 26,15929378
"Benchmark Behavioral Health System, Inc.",15933770
University Park Dermatology & Medical Spa,15938312
Nacogdoches Medical Center,15941587
"Royalton Psychological Associates, LLC",15946700
Menorah Medical Center,15954445
CAPLING LEVELING INC,15959393
SoftwareIDM Inc.,15962867
SYSTEMS FURNITURE INSTALLATIONS LLC,15968066
"BROOKLYN CARDIOLOGY, P.C.",15969871
"RIBWAY ENGINEERING GROUP, INC.",15977608
Lone Peak Hospital,15979299
SECUNETICS,15982494
Kastech Software Solutions Group,15984730
New-Indy Containerboard LLC,15992428
DOWNTOWN DENVER EXPEDITIONARY SCHOOL,15997500
"Western Equipment, LLC",16003590
DFW INDUSTRIAL METALS AND RECYCLING INC,16006748
"L & S Packing Company, Inc.",16015268
STEM Paths Innovation Network (SPIN),16016026
"FOGARTY KNAPP & ASSOCIATES, INC.",16016121
Nutrition Plus,16018602
HOTALING & CO.,16020596
BGM Certified Public Accountants,16023043
ThermAvant® TECHNOLOGIES,16027009
"Culligan by Consolidated Water Group, LLC.",16034721
Orthopedic Associates of Hartford,16044639
EXTREME STEEL INC.,16051926
Tennessee Urology,16054358
NGUYEN TARBET IP Law,16056258
Divorce & Mediation Law Firm | Cabanas Law Firm,16056312
Hoop Brothers,16057060
"FYI - For Your Information, Inc.",16057799
"ERGOGUYS, LLC",16058744
"Critical Environments Professionals, Inc",16059878
Urban League of San Diego County,16061202
OCT Consulting LLC,16063763
Danville-Boyle County Humane Society,16071678
"Saint John Hospital, Inc.",16075064
"Newman Machine Company, LLC., Division of INCOMPASS",16077176
ERPMARK INC,16077860
Generac Power Systems Inc.,16079780
BATTLE CREEK MEMORIAL PARK ASSOCIATION,16084555
PINE LAKE PHYSICAL THERAPY & SPORTS REHAB P.S.,16084765
HCA Florida South Tampa Hospital,16087136
Nebraska Hoist & Crane,16094732
Flame Consulting LLC,16097077
"Mackie Wolf Zientz & Mann, P.C. - TX, AR & TN",16106433
"Corporate Guardians, Inc.",16109808
"SOUTHPOINTE GOLF CLUB, INC.",16110136
"Goldbelt C6, LLC",16112985
Assured Flooring & Countertops,16114836
"CHANDLER EXHIBITS, INC.",16117865
"WITMAN STADTMAUER, P.A.",16120434
Abbiamo Pasta Company,16123096
Winchester Ammunition,16123991
"ANOVAWORKS, PLLC",16124017
SARATOGA PARENT NURSERY SCHOOL,16124142
Outdoor Environments Group,16141806
GLOBAL EVANGELISM INC,16142346
The Fred D. Pfening Company,16148252
Children's Square USA,16151744
Homestead & Co,16153490
Sona Pharmacies,16154054
Onwardpath,16154370
Kona Medical Consulting,16154524
Envista Forensics,16154745
WestCongress Insurance Services LLC,16155035
Beacon Design by ChemArt,16155562
Gulf Island,16155783
Motion Asia Pacific,16156631
Akers Signs,16156695
"Alera Group, Inc.",16157480
Empirical360,16157991
Belton Regional Medical Center,16157996
Corvus Robotics,16158590
Meraki Partners,16159049
Rosetta Bakery,16160122
Mile Two,16160189
"Ryan Consulting Group, LLC",16162066
Kin Insurance,16162082
ITConnectUS,16162363
Inspire11,16162690
Metronet,16163783
Keystone Experts + Engineers,16163818
NG Companies,16166562
Simply Paraplanner,16166804
Agility Partners,16167895
phData,16168340
Social Capital Resources,16169840
TriStar Centennial Medical Center,16170674
SSIU | South Shore Insurance Underwriters,16171151
"Dog & Duck of Summerville, LLC",16171388
Baldwin Risk Partners,16172691
American Laser Med Spa,16173353
Ripple Effect Consulting LLC,16173733
McFarland Construction U.S.,16174187
Bamboo Health,16176904
"Nemean Solutions, LLC",16177247
Truly Free,16177679
Welbilt Inc.,16177886
"Haga Kommer, Ltd.",16178464
Eventide Senior Living Communities,16178566
Pinnacle Living,16178570
equivant,16178617
Saige Consulting,16179848
JP Ecommerce Inc,16180103
"Verve Industrial, A Rockwell Automation Company",16181713
Rise Baking Company,16182096
"North Shore Healthcare, LLC",16182319
Body Machine Fitness,16182993
recruitAbility,16183163
Polymershapes,16184330
The McAlear Group,16186138
MasTec Utility Services,16186265
"ISEE Career Solutions, Inc.",16186849
BSE Global,16187169
NRI Industrial Sales,16188311
"Neighbors, LLC",16189188
Prism Health North Texas,16190056
KOMPAN Inc Americas,16190749
LocaliQ | USA TODAY NETWORK,16191238
VITS Consulting Corp,16192828
"Converge Strategies, LLC",16193603
"Lucky Lincoln Gaming, LLC",16193637
Cyclone Bolt,16193788
Sage Solutions Group,16195758
WorldWide HealthStaff Solutions,16196187
IMEG,16196509
"McGrath & Associates, Inc.",16197097
Nxt Level,16197876
DXC Technology,16198010
Brighthouse Financial,16198921
DSW Cutting,16199100
Obama Foundation,16199652
Lime,16199690
LURIN,16202556
Horizon,16202595
PharmaCord,16203147
"eBusiness Solutions, Inc.",16203188
First Peoples Fund,16203703
Galehead Development,16203948
"GEM Global Search and Consulting Group, LLC",16205219
EBlock,16205368
"LeVine Construction Group, LLC",16205492
Ara Partners,16205711
Dermavant Sciences,16205909
Fortis,16206227
Action Behavior Centers - ABA Therapy for Autism,16207210
Greater Nashville Title,16208010
Acclara,16208331
CirrusLabs,16210058
HCRC Inc,16211127
The Recovery Research Network,16211456
Watertown Regional Medical Center,16212991
Neva Recruiting,16215683
Arizona Land and Water Trust,16216073
Fleet Core Inc.,16218942
The Landing - Houston,16221660
The Befeler Group,16221941
SAY Group,16222659
Andes,16223137
Speedwork -- LinkedIn Ads Agency,16223558
Sound Payments,16223631
ML6 Search + Talent Advisory,16223675
"Niron Magnetics, Inc.",16226303
"6AM City",16227314
ECD Auto Design,16228028
Marmic Fire & Safety Co.,16228925
Rauch & Associates,16231150
CENTURY 21 Edge,16231181
Star Rays NY Inc,16231287
Cosmax NBT USA,16231644
Experience Columbia SC,16233284
"West Florida Foster Care Services, Inc.",16233931
Sompo,16233976
Diversatek Healthcare,16234027
UNDP Careers,16234727
"Fear Free, LLC",16236338
Shalom Austin,16237235
The Pension Group,16237332
Spaulding Ridge,16237742
DHL Global Forwarding,16239240
Essity,16240930
Ampact,16241042
Buckeye Elementary School District,16242436
TerrAscend,16243953
CPG.IO,16244864
Qual IT Resources,16246341
Bridge Commercial Real Estate/Bridge Office,16248160
eNGINE,16248671
Envision Physician Services,16249143
Dennen Steel Corp.,16252227
SDS Rx,16253193
Wagoner County,16254384
FIG Talent Solutions,16255691
"URS Compliance Services, LLC",16256551
Meduit | Driving Revenue Cycle Performance,16256992
LewisGale Regional Health System,16257321
Exposed Design Group,16259671
Innovien Solutions,16260045
Sonwil Distribution Center,16260472
Teklus & Teklus Construction,16261703
Magnolia,16264413
First Primary Care,16264523
Fair Housing Center of Southeast & Mid Michigan,16265050
Ascension at Home,16265636
White Willow Staffing,16266621
Viral Growth Media,16267822
Epiroc,16268827
Oxsome Web Services,16270166
"Hyundai MOBIS Alabama, LLC - Georgia Plant",16270450
Tech Intellectuals,16272880
Bolay Fresh Bold Kitchen,16274164
Community Brands,16274946
METCAFE LIMITED,16277764
Kiddie Academies of Greater Seattle Careers,16316704
Loan Factory,17774093
Banyan Health Systems,17877112
OSW,17877157
"2NDGEAR",17877322
City Wide Facility Solutions (Indianapolis),17877689
"CivicMinds, Inc",17880405
Switch RCM,17881501
K Health,17882015
ADAPTOVATE,17884612
Aidoc,17885371
Columbia Grain International,17885819
SAV Digital Environments,17891402
FashionPass,17894802
Little Spoon,17895959
Wonderful College Prep Academy,17897264
Aalberts surface technologies,17900047
Jackson Construction Co. Inc.,17900676
Waymo,17900793
Beacon Platform,17902201
Agelix Consulting LLC,17905932
"Dayrise Residential, LLC",17908232
Cocktail Caravan,17909917
Audax Labs,17913472
Tech Firefly,17914628
Lendistry,17916205
SystImmune,17919545
Route,17920955
Waldorf Astoria Beverly Hills,17924573
Sports Research,17925137
PLANSIGHT,17926613
Spartan Investment Group,17927834
Plenty®,17928683
BillionToOne,17930841
Lacework,17932068
Eversheds Sutherland,17937327
Veho,17937855
"Partners In Diversity, Inc.",17939116
"MCDA CCG, INC",17939911
IP Fabric,17940755
Maravai LifeSciences,17946721
Autism Learning Partners,17947566
HeyHire,17953373
AMISEQ,17954837
Red Aspen,17957408
FOSSA,17957915
Cloudious LLC,17959348
Xperi Inc.,17962490
Casa Capri Recovery,17962594
Run A Better Set (RABS),17965553
Verily,17966039
Anacapa Architecture,17967951
Pursuit Collection,17969878
Summit Energy,17970655
Higher Tech,17972501
Aurora,17973173
BryceTech,17975812
"Upgrade, Inc.",17979297
Lakefield Veterinary Group,17980749
Two Chairs,17981957
Code Quick,17982487
Flexon Technologies Inc.,17983361
The Timothy Initiative,17984963
Hurley Engineering Company of Tacoma,17987209
Rippling,17988315
Auction.com,17989842
"TMT Communications, Inc.",17997992
Scale AI,17998520
Pennex,17998756
Global Music Rights,17999504
BLAINE architects,18000097
imec USA,18002293
Boston Court Pasadena,18002927
Xpansiv,18003368
Rooted Wealth,18003437
Alpine Solutions Group,18005595
Axon,18008436
International Drivers Academy,18008857
Neighborly Software,18009120
San Francisco Housing Accelerator Fund,18011725
"CarterPierce, INC.",18014298
Electro Tech Machining,18014695
Round-Peg Solutions (RPS),18018258
"Kiva Brands, Inc.",18018898
Troy Consulting LLC,18019992
Flock Safety,18021229
Clozd,18022299
Ensis Corp,18023289
Delve Search - Global Search Consultants,18023803
Nordsense,18028689
Monarch ,18029493
Alliance Physical Therapy Partners,18034573
Peak Solutions,18034985
Peace Out Skincare,18036179
"Silva Injury Law, Inc.",18036381
Dave,18037479
California Governor's Office of Emergency Services,18040365
Tlingit Haida Tribal Business Corporation,18041236
Summit Energy Group LLC,18043430
WOW Recruitment,18043642
The Empowerment Factory,18044933
Clovity,18045394
Land Concern,18047880
Danta Technologies,18048742
SERVPRO of Park la Brea,18049458
Clean Email,18051363
NW Recruiting Partners ,18054300
"Law Office of Miguel Mexicano, PC",18054861
Private Equity,18058118
Tia,18058364
King Edward First,18060442
Madsen Electric,18061915
Morrison Avenue Capital Partners,18068718
"Prism Professional Services Group, LLC.",18068832
SC Johnson Professional® USA,18071214
Kingspan Light + Air,18072454
Hawaii Accounting (HiAccounting) - A Division of The Hawaii Group,18074053
At-Bay,18074929
Nimble,18078166
Central Oregon Radiology Associates,18080299
PIC-Precision Industrial,18080343
"Enhanced Staffing, Inc.",18080432
"Robinson Di Lando, A Professional Law Corporation",18081160
FarmWise,18081627
"Destination Pet, LLC",18082554
Aeropay,18082974
AirSculpt,18083016
City of Rancho Cordova,18085589
TransWest,18086940
ReJoule,18089618
Panorays,18094287
Colorado Legal Defense Group,18097117
Partners Personnel,18097379
Mulberry Talent Partners,18099373
ABLATOS / Fettaya Properties,18099865
Aspire General Insurance,18100369
TMR Investments,18100981
A.G. KUNZ LLC,18101101
SRA 831(b) Admin,18102967
Stratolaunch,18105269
Sophus IT Solutions,18106243
CloudKitchens,18106262
Clinovo,18106894
Thirty Three Threads ,18111558
The People Concern,18112047
Movement Strategy Center,18115651
"The Stepping Stones Group, LLC",18117162
BURKE + CO.,18117384
CommuniCare+OLE,18118111
BYLT Basics,18119365
RocketSource,18120647
Decathlon America,18123850
Oncourse Home Solutions,18124161
"Perfeos, LLC",18124973
Rise Above Enterprises Dev LLC,18125581
CIVANA Wellness Resort & Spa,18130848
ecruit,18130925
Insigneo,18131492
Halda.AI,18133146
Topflight,18134531
Custom Brands Group,18135286
Robertson Wright,18140543
California Department of Tax and Fee Administration,18140676
Atlas Assistance Dogs,18141297
APTIM,18143481
PETADATA,18145879
Propel Recruitment LLC,18149631
"Willamette Family, Inc.",18150622
Trü Frü,18155836
The Hiring Advisors,18158883
Homestead Resort & Golf Club Utah,18159779
Redwood Materials,18161797
CV Resources,18164646
Rebecca Blue Media,18164810
Washington State Department of Natural Resources,18165046
DoubleTree Suites by Hilton Downtown Detroit - Fort Shelby,18165460
CA-One Tech Cloud Inc,18167344
One Step Software,18170900
Questo,18172450
WIN Brands Group,18179239
Atria Wealth Solutions,18179902
Bolton Clarke,18181136
"FlyBy Ads, LLC",18184803
Hilton Hawaiian Village Waikiki Beach Resort,18192259
North Davis Executive Search,18193888
Redwood Grove Capital,18193890
Verb Energy,18196498
SSR Mining Inc.,18199037
"7E Wellness",18200155
SV Academy,18200578
"FIT-Foxconn Interconnect Technology, Ltd",18201551
Music Workshop,18204289
fpSOLUTIONS CEO,18204674
adam.ai,18205566
agilon health,18208567
Chemistry Staffing,18208909
"Akoya Biosciences, Inc.",18209871
GoLinks,18210353
ESI Motion,18211624
Ghost Gaming,18212407
Coneybeare,18212428
John Burton Advocates for Youth,18216926
VENDO,18216944
MINISO USA,18219383
SentiLink,18231659
MP Materials,18238318
IDB Invest,18243274
Logging-In.com Inc,18247082
Harness,18249313
Hilton Washington DC National Mall The Wharf,18253260
Notre Dame Schools,18253709
SymphonyAI,18254848
Eclipsebio,18255247
Binary Tech Consulting Corp,18255679
Freemont Yardley Search,18256037
Sixie Capital Management,18257219
Endeavor Agency,18257537
Lodestone,18260716
hims & hers,18260923
Rehab Medical,18263887
Administrative Office of the Illinois Courts,18264029
KBF CPAs,18264687
Impresiv Health,18264797
Precision Elevator ,18264813
Jcap Private Lending,18268412
Synapse Tech Services Inc,18268450
HR Wise llc,18269463
Cityblock Health,18270027
SoLa Impact,18270111
TAL Building Centers,18270206
NBC Sports,18270814
Yoto,18271004
CoolSys - Refrigeration and HVAC Systems,18271088
Manticore Games Inc.,18271113
The Great. / Emily + Meritt,18272125
Klamath Basin Behavioral Health (KBBH),18272816
Viridi,18273655
"Cross Paths Logistics, LLC.",18274777
Hersha Hotels & Resorts,18276990
Blockdaemon,18277743
"3E",18277773
Willow,18278699
Maxar Technologies,18280200
"K&A Engineering Consulting, P.C.",18281968
Republic Floor,18282687
Gameday Men's Health,18285076
Freedom Forever,18286732
Endeavor,18286898
Tencent Americas,18286943
Lovevery,18289562
"Instrument Technology, Inc.",18289732
Aeva,18290176
SkyHive,18291531
Anduril Industries,18293159
Dress The Population,18293401
Spectrum Staffing Group,18296351
New Start Recovery Solutions,18298108
NEXA Mortgage,18298504
Liquid Death,18300211
Boyle | Shaughnessy Law,18300742
Wyld,18300872
CodePath,18305024
Verbatim Pharma,18305845
Aldez North America,18309150
Black United Fund of Oregon,18310269
Alaska Power & Telephone Company,18311628
Moveworks,18311685
LISSMAC Corporation,18311990
Heller The Home Seller - Heller Real Estate Group,18312316
Kearney Electric • Communications,18313561
"Ockerman Automation Consulting, Inc.",18316901
The Craftsman Agency,18316960
Dôen,18320650
Ørsted,18324710
Recogni,18326385
TabaPay,18326953
Tastes on the Fly,18327672
Charm Industrial,18331125
UNM Hospital,18334050
Democracy Forward,18334573
Prinker,18334985
Sandy Pine ,18336126
THE DARL,18337578
TeamLogic IT Seattle Area North,18340937
AuditBoard,18341423
Far Niente Wine Estates,18342187
ViaBot,18344349
Confidential,18348487
MANSCAPED,18348748
Switch Electric,18349365
CarsonAllaria Wealth Management,18354555
BellaVista Landscape Services Inc.,18356075
Shoukhon ltd,18359518
Clearfork Academy,18360844
Focus Search LLC,18363205
EcoFlow,18365626
Dana Kowen Associates - Executive Search to the Manufacturing Industry,18367560
Assured Allies,18367980
REED Autism Services,18367985
Peachtree VA,18368814
Gem,18373097
Generis Tek Inc,18373129
Bergs Potter,18377745
Pennsylvania Recreation & Park Society,18379197
"American Plating Power, LLC.",18379843
Roark,18380225
Cybernetic Search,18380759
SERVPRO® Team Bates/Hogan,18380945
"Cuckoo Electronics America, Inc.",18381474
PrimeBuyers,18382943
Torch,18382984
Pacific Media Group,18384921
BetasharpInc,18385144
LA28 Olympic & Paralympic Games,18387585
Locke and McCloud,18390845
Blink Device Company,18393016
Corteva Agriscience,18394014
The Crypto Lawyers,18399252
Berkley Environmental (a Berkley Company),18406970
Potere Search (PS),18409581
"Commercial Electronics, Inc.",18411076
PTR Industries ,18412318
RegenLab USA,18414432
The Indoor Lab,18416673
University of Maryland Faculty Physicians,18419268
Imperative Care,18420478
Climate17 | B Corp™,18420959
Shuert Technologies,18421001
One Step GPS,18424190
Aezion technologies,18424892
Spectrum,18425303
DIGI America,18427077
Branch Basics,18427239
Commonwealth Pain and Spine,18428792
GoodLeap,18433786
Evolus,18434905
Vaspire Technologies Inc.,18441691
UBER Search Partners,18443990
Groove Life,18444862
Oshi Health,18445891
"pSemi, A Murata Company",18447769
Urban Emu,18449451
Citywire USA,18451441
Jia Law Group,18451845
K2 Insurance Services,18452768
CALLE DEL MAR,18453875
ImpactBio,18457519
Crowd Digital Marketing,18459156
"Albanese Confectionery Group, Inc",18460073
"2K Vegas",18460229
Location Services LLC,18462106
VANTAGE Aging,18464932
AI Data Innovations,18465000
Curaleaf,18472079
Rayne Engineering + Skilled Trades,18472499
BRAVO - A Cooperative Company,18476970
"Applied Insight, LLC",18481392
LingaTech,18481837
USA Tech Recruitment ,18484635
DLP Capital,18485452
T Media Sales,18487320
Savage X Fenty,18489730
DB E.C.O. North America Inc.,18493045
NiuSource Inc.,18495711
Wild Fork,18495964
GetScale,18496013
STAFFWORXS,18496188
Lashify ©,18496196
Form Energy,18496735
Chino Valley Medical Center,18498389
Top Pick Global Inc.,18498484
Montclair Hospital Medical Center,18498903
High Resolution Engineering,18501832
X4 Life Sciences,18504845
SHEIN,18505053
Vivian Health,18506580
Capital Asset Management LLC,18506581
Claire Myers Consulting,18509910
Apollo.io,18511550
Claris Design•Build,18512097
Tinker Studio,18512500
"Valdes CPA & Advisors, P.A.",18518094
CIMON,18519122
SUM,18519720
Paradise Renewables Inc.,18519890
Clicklease,18521397
Wiggles,18522909
Spectrum Recruiting Solutions,18527534
Clarksville Montgomery County Regional Planning Commission,18528449
MACV Minnesota Assistance Council for Veterans,18530708
Wallis Annenberg PetSpace,18535777
"Botrista, Inc.",18537820
Gym Launch,18540268
"Capital Staffing, Inc.",18543091
City Storage Systems,18546454
Garrett - Advancing Motion,18550233
Proviniti,18554518
XILO,18556984
Dashly,18558027
"4LEAF, Inc.",18562694
Notable,18563089
AZ HR Hub,18568512
BCLP,18569867
Thuma,18570461
Vylla,18573518
Lions & Tigers,18574198
Provider Solutions & Development,18577044
HealthXL®,18577748
Heller Agency,18578825
Mover Search Marketing,18581753
SunnyHill Financial,18582686
Stealth Startup,18583501
Abnormal Security,18586257
Flybridge Staffing,18586491
AstrumU®,18586790
Technology Hub Inc,18587408
RenoFi,18589676
Lancium,18589850
"WA Department of Children, Youth, and Families",18590813
Children's Creative Center,18591445
Veev,18594945
Ike's Love & Sandwiches,18597168
Brasa Capital Management,18598548
HCLSoftware,18599018
Toyota Insurance,18599183
Revel Energy,18601260
January,18601648
ConnectedX Inc.,18601896
Koa Wealth Management®,18603765
University Medical Partners,18605010
AmerCareRoyal,18608162
Foley Development,18609798
GIG USA,18610418
IntegriBuilt Roofing,18611583
National Health Plans & Benefits Agency,18612200
Cascadia Partners,18612937
Guild Collective,18615334
"Marquis Construction, Inc.",18617026
Renewable Solar,18617099
Unusual Ventures,18617114
Clipboard Health,18617399
Eleven Recruiting,18617400
AI Fund,18619445
Nexus Real Estate,18620271
Empower Associates,18621669
Golden Valley Animal Hosptial,18621681
Judge Consulting Group,18622011
"Associated Students of CSU, Chico",18622452
Helen Newberry Joy Hospital & Healthcare Center,18628979
Real Fruit Bubble Tea,18629955
Kenect,18630464
Strativ Group,18633749
City of Covington,18637011
"ECCA, Inc.",18639407
Embassy Suites By Hilton Phoenix Scottsdale,18648380
AIM World Services,18649249
California Department of Housing & Community Development,18649640
Productiv,18652997
ND Paper,18653967
Beaches App,18655060
Harris,18659583
Martin Commercial Properties,18659619
Independent Consultant,18662810
Majestic Care,18662847
Karndean Designflooring USA,18669104
Montefiore Nyack Hospital,18672067
USP College,18673801
"Recruiting Edge, LLC",18674914
DRS IT Solutions Inc,18675058
EVONA,18676989
Axos Bank,18680857
Oregon State Treasury,18682554
Sky Solutions,18682633
Ferla Bikes Inc.,18685824
Tang+Company,18686842
Pathways Management Group,18690308
Embassy Suites by Hilton South Bend at Notre Dame,18690691
Owner.com,18693608
Calypso Lemonade,18699155
Putzmeister Group,18700480
Knox Financial Services,18702181
Carta Healthcare,18706683
BioReset™ Medical,18716275
Wing,18720223
Vendition,18723495
RKA Recruiting LLC,18727976
Prime Data Centers,18729335
iQsonics,18729426
Stone Rose Management,18729491
Centura Wealth Advisory,18730384
Liquid Wire Inc.,18730451
"Acara Solutions, An Aleron Company",18730955
Platform Accounting Group,18731825
Broken English Jewelry,18732478
Kwik Lok Corporation,18734731
Belong,18734816
Despard Analytics,18739736
TRM Labs,18742807
Chicago Learning Exchange,18744457
CooTek,18744547
Geronimo Hospitality Group,18747914
GSPORTS Physical Therapy,18748116
Waukegan to College,18748996
Veradigm®,18751296
The Keller Group,18754113
"Baytech Recovery, Inc",18754691
Lucas James Talent Partners,18758749
TalentCraft,18758847
Basic.Space,18759373
"TUEREN, Inc.",18759444
Home123 Mortgage,18762021
California Department of Financial Protection and Innovation,18763282
Rush Street Interactive,18764352
proHNS LLC,18772423
Solarlytics,18773815
The Monaco Group,18775833
Kaniksu Community Health ,18777801
Vista,18779512
Ategrity Specialty Insurance Company,18779704
Elite Parking Hawaii,18783852
truData Solutions,18785553
Los Angeles Apparel,18785629
Rivia Health,18788798
Atmosfy,18789801
Fellow,18794037
Ramp Talent,18796863
LIQUI MOLY USA Inc.,18798325
Act Digital Consulting,18799378
KINEKTA,18800181
Dessert Holdings,18801041
Connecticut CASA,18803661
American Health Plans,18805639
Inteletravel,18806617
Air Force Nuclear Weapons Center,18811354
"Excellence Services, LLC",18812990
Papillion La Vista Community Schools,18817509
Nouryon,18819143
Substrata,18821562
Montana Craft Malt,18823070
Greenwise Organic Lawn Care and Landscape Design,18825343
De Lacy Executive Recruitment North America,18835575
The Xela Group,18836111
Valence,18836121
SurgiShop,18837764
Akshaya Inc,18838319
City of Yakima,18841108
Braintrust,18842066
Altruist,18843073
Optima Office,18845513
ABC Ambulance AZ,18846087
PRIZMA MGMT,18850039
Metropolis Technologies,18851732
HighKey Agency,18851779
Amtrino Technologies,18851851
White & Associates - Attorneys at Law,18852745
"Presidio Medical, Inc.",18853517
"Tarsus Pharmaceuticals, Inc.",18854998
Signature Healthcare at Home,18858481
NexZenTek Technologies Inc,18859996
Kofile,18860044
Jobot,18860134
Thomas James Homes,18861683
Darwin Homes,18861876
Lume Consulting Group,18863748
Wellnite,18864595
Roo,18866757
ARI JOGIEL,18866869
Montage Health,18868393
Sierra Executive Solutions Inc,18872895
Association for Supply Chain Management (ASCM),18872958
Reef Capital Partners,18873281
Anzurra,18874770
Belmont Lavan,18880506
Bounteous,18880849
Tax Relief Advocates,18882983
Phoenix - Your Professional Search Partner,18883511
IMG ARENA,18888538
Uncle Tetsu Global Ltd.,18892393
Mental Health & Addiction Association of Oregon,18894479
TEFL UK,18896302
Normine Lombard,18901172
"The Administration, a division of Mathys+Potestio",18907151
Cartograph,18908080
PATH,18909254
CrowdDoing,18910309
REV77,18911159
Staffplex,18913097
Open Sky Community Services,18920775
Deel,18922914
"Kontoor Brands, Inc.",18923058
Grant Writing Solutions,18924094
CAIRE Inc.,18924689
CONSOR Engineers,18924711
"The Executive Recruiter Group, Inc.",18926470
RealDefense,18928134
Woodstone Inc.,18928478
Justrite Safety Group,18933481
Beehive Attorney Service,18937486
Demetrio and Associates,18939015
Neighborhood Healthcare,18939959
City of New Smyrna Beach,18941869
"American Regent, Inc.",18942093
Main Digital,18942103
NEEDS Center,18944507
KW Specialty Insurance Company,18946009
Rad AI,18947024
Seamark Law Group PLLC,18948701
Ambulatory Surgery Center of Boca Raton,18950725
Mills Roofing Inc,18951083
Atlas Healthcare Partners,18952365
TaxRise,18952993
Koniag Government Services,18954974
PotlatchDeltic Corporation,18955051
Motiv PR,18957022
TechDoQuest,18957106
"The Duniway Hotel, a Hilton Hotel",18957311
BRAY EXECUTIVE SEARCH,18957510
GAF Energy,18957531
"Surya Electronics, Inc.",18958367
Marks Home Care Agency,18958616
Chargezoom,18962659
Newrez LLC,18967339
Mantell Associates,18967933
Hilton Portland Downtown,18969426
"Lakelands Concrete Products, Inc.",18970992
Adlantica,18976576
STACK Infrastructure,18977718
IEA Constructors LLC,18985381
Stretto,18987662
Science&Humans,18993001
Pro Outdoor,18997318
SixFifty,18998760
Disability Law Group,19001830
Overview,19002316
AdAstra Talent Advisors,19002322
LAMP Interpreters ,19005883
Field Talent,19006654
Amplify Labs,19010676
"101 Studios",19010816
Aquabella Tile,19011264
Hard Rock Hotel & Casino Sacramento,19011735
MDM Recruiting,19011961
Tioga Cardiovascular,19013666
dataing,19016553
DeepScribe,19018424
Emergency Care Partners,19018481
"Mirum Pharmaceuticals, Inc.",19018544
PrecisePK,19021877
NewSkin,19022927
Narrative Ads,19024086
Venz Media ,19024110
Allied Universal Janitorial Services,19024424
DoubleTree Suites by Hilton Seattle Airport/Southcenter,19024588
Cinch,19025053
Horizon Health and Wellness,19027659
U.S. Army MWR,19028770
Miro,19029173
EBIN NEW YORK,19033295
App Science®,19035543
Octave,19035589
"TechnoSmarts, Inc.",19036442
"Evolve1Talent, LLC",19043897
Storable,19045766
Electrify America,19049193
Sagefield Capital,19049768
Hamilton Porter,19050085
Messer Americas,19052015
Genesis Therapeutics,19055514
Vitesco Technologies,19057123
Good Party,19065753
Global Health Advocacy Incubator,19070263
Tiello,19070722
South Mill Champs Mushrooms,19071137
AB Underground,19071979
HeatherDaniel International,19074411
Apothecarie,19074477
Diamond Peak Recruiting,19076380
Westmark School,19076715
ICG,19086029
"Express Employment Professionals – Irvine, CA",19086748
American Fertility Management Corp.,19087984
Renowned Recruitment Group,19090238
FreeWorld,19094274
Q Center,19097430
Rady Children's Physician Management Services,19098558
InfoStride ,19101288
North Chicago District 187,19105433
Rent Application,19106080
Innovasea,19109813
Heath's Air LLC,19114724
Cogent Bank,19116379
Fiducial North America,19117852
TextMyGov,19118110
SCOPE,19122022
Elevar Therapeutics,19122693
Clarios,19126013
Global Medical Response,19126237
Ecosystem Services Market Consortium (ESMC),19126366
"NTT DATA, Inc.",19126858
UHSM Health Share,19126975
HYUNDAI TRANSYS,19130946
Envista Holdings Corporation,19131108
Good City Company,19131883
WindBorne Systems,19132352
WellSaid Labs,19134588
L+R Hotels,19135516
Fresh Twist studio,19137257
Partnology,19138807
Fōcus - an Ōnin Group company,19140927
Oakland Promise,19141024
Rakuten Rewards,19141448
Asset Living,19142259
Resident,19147972
"Paysign, Inc.",19149854
Jacques Marie Mage,19150067
Infinitek Limited,19152901
Premium Health Center,19153105
STIIIZY,19154367
Nutrisense,19156404
Cornerstone Building Brands,19158808
Samuel Knight Energy,19159405
"First Call Logistics, LLC",19159422
Divine Electric and Plumbing,19159835
Aptly Technology Corporation,19161931
Live Tinted,19163454
MVP Consulting Group,19168140
Viper Staffing Services,19169717
WeaveGrid,19171010
Feynlab Inc.,19171969
Brady Insurance Group LLC,19173111
Optimum ABQ,19176577
Bulldog Roofing Northern Colorado,19180090
Forward Progress Staffing,19181511
Escalent,19181907
aKUBE,19181972
Ressler Motors,19182391
XPAY,19183268
Informa Tech,19183899
Solar Energy Partners ,19184070
Commit: AI Career Agents for Developers,19190910
Spherion Staffing Central and Northeast Indiana,19192967
"Kirkhill, Inc. ",19193079
Revecore,19195713
RLDatix,19201476
Titan Talent Acquisition Inc.,19202029
Element Biosciences,19207362
Confidentiel,19208334
Alchemize Fightwear,19210698
Arxada,19212348
Novadontics,19212961
Cellares,19213235
Jamco America,19214473
Magnet Medical,19225878
The World Changers,19228389
"J&K Communications, Inc.",19230941
Cross Country Search,19240713
Wellnest,19241987
LR Squared,19253284
Lamar Johnson Collaborative,19255127
Lean Tech,19258959
Work/Life Recruiting ,19263513
Covenant Living Communities and Services,19264941
SKIMS,19264966
The Pinske Edge,19408399
Biocon Biologics,19415667
Fulcrum Property Management,19436844
CorrHealth,19465705
EXTREVO,19473308
Bardwell Homes,19599893
DELTACLASS TECHNOLOGY SOLUTIONS LIMITED,19788656
"Tosoh Quartz, Inc.",19931134
Redford Hearth,20053380
Off-White,20085097
Healing Partners,20107770
Merson Law PLLC,20136406
StarPRO - Better Data Instantly,20138539
Owen Thomas Group ,20153896
Roehm,20160157
Ebyte Technologies Inc,20237396
BAKKAVOR USA,20256169
LUXE Bidet,20276373
Fernbrook Capital Management LLC,20279212
"Bancroft Construction Services, LLC",20280568
Cloud Destinations,20282677
Bernatello's Foods,20287647
Messenger Sports,20289255
Pinecone,20299330
"ImmunityBio, Inc.",20300578
Henry Blue,20305438
Minnesota Africans United,20313486
Spire Motorsports,20327408
Monarch Tractor,20330166
All Smiles Community Oral Health,20334671
GigaCloud Technology,20339777
Creatio,20353970
The Hire Standard,20356748
Objectways,20366006
California Department of Developmental Services,20366228
PalniES,20375825
TechSource Inc.,20461724
Arkhya Tech. Inc.,20463274
Ispire,20471014
The Inner You Counseling Center,20477139
Minor History,20488827
Kāinga Ora - Homes and Communities,20491162
Anchor Quest,20503060
Noblesoft Technologies,20505073
Koura,20507081
MJH Life Sciences®,20527853
Daida ,20529592
ALTAMIRA,20543552
Czinger Vehicles,20555512
Centaura,20568184
"Community Services Project, Inc.",20571175
Ethos Farm,20650934
Daughters of the American Revolution,20682533
Altum Solutions,20700988
QVC,20840335
Metrea,21232722
Alight Solutions,21528485
Advanced Group,21605041
Flatlands Jessup Insurance Group,21675150
DiAngelo Law,22137962
DP CONNECT LIMITED,22182707
DEX Imaging,22199984
Genius Sports,22208562
Western New York Independent Living,22237469
Major League Rugby,22273004
St. Joseph Medical Center ,22283894
Sanford Rose Associates® - Schmidt Group,22284791
The Social Bee Marketing Agency,22285419
BrightWatch,22289306
Distance Learning Systems,22289362
Evergreen Trading,22290204
"TruU, Inc.",22292326
Renewal by Andersen Metro & Midwest,22292832
Southern Home Services,22293481
Komatsu Mining,22293588
Scout Clean Energy,22293812
TLC Travel Staff,22294659
ISS-Corporate,22295049
"Adapt For Life, Center for ABA and Autism",22295518
Legacy Early College,22296732
Workplace Safety Screenings ,22296765
Virtas Partners,22297879
i3 Broadband,22298142
BenCura Rehabilitation Services,22298153
Vail Health,22303218
Alliance Animal Health,22304809
Talent- Hue Recruitment Services,22306569
Colorado Department of Public Health and Environment,22307418
SilverBow Resources,22307995
EyeCare Partners,22309011
GQG Partners,22309455
NowADays - Viral Marketing Experts,22310699
Right Choice Resources,22313360
Zappitell Law Firm,22315079
Founders 3 Real Estate Services,22315839
"Thermal Solutions, Inc.",22317555
Peak Physical Therapy ,22318663
DTN,22321191
United to Learn,22321614
Engel & Völkers Atlanta ,22325267
Clearview Cancer Institute,22326123
Legend Biotech,22330287
Texas Medicare Solutions (TMS),22331451
Pinnacle Home Care,22332371
Skydweller Aero,22333951
Imperial Dade,22338085
American Health Partners,22338645
RNS,22341072
ATW,22341197
RRight Now Communications,22345456
Etna Consulting Group,22346462
GAT Airline Ground Support,22349600
TalentoHC,22350072
Raven Advisory LLC,22448914
RC Trailers,22497405
GLOBAL RESEARCH AND CONSULTING COMPANY,22533177
Argano,22582874
SAFRICAS INTERNATIONAL,22642903
Great American Media,22711213
ACACIA MANAGEMENT,22719467
Upfield,22817478
AVANCE CONSULTING,22993337
Bristol Bay Construction Holdings LLC,23130639
Southwest Teepee and Event Rental,23342970
Rock Events,23431103
Naked Wardrobe,23674217
Data Analysis Incorporated,23682689
Redifcard Technologies LLC,23685281
Community Healthcare System,23698390
Key Skilled Personnel,23700936
Just Whole Care,23707224
Fit City Adventures,23707268
Thrive Aviation,23712610
Postal,23715108
Rinsed,23717227
Pivotal Life Sciences,23718587
"Silverman Law Office, PLLC",23720119
DBM Vircon,23732324
EGGER North America,23736706
Slash Management,23740513
Western Veterinary Partners,23741284
Hooked Up Creative,23748018
d-Matrix,23748354
"MD Staff, LLC",23751843
Type One Energy Group,23757062
Seel,23758287
The Fullington Auto Bus Company,23769122
CashmanCo,23773433
USSA INTERNATIONAL LLC,23790517
Jubilant Pharma Limited,24207950
Airdrop,24223059
Mr. Cooper,24497465
Energuy,24595636
ParkNation Inc. ,24598581
AHS Staffing,24599526
General Noli Forwarding & Logistics,24705753
OneBridge Benefits,24765796
ALDI USA,24770912
"CMK Resources, Inc.",24771889
"DCM (Nonprofit Executive Search, Nonprofit Keynote Speaker, Nonprofit Recruiting)",24772886
Galderma,24773027
"Integrated Axis Technology Group, Inc.",24774475
RANAVAT,24779154
Big Brothers Big Sisters of Dane County,24783785
PGT Innovations,24787024
Accounting Firm LLC,24789625
Transformation Experts,24791306
Luna – Integrative Care for Substance Use and Mental Health,24791959
Hedy Holmes Staffing Services ,24793330
"On Target Executive Search, A Division Of On Target Staffing LLC",24794327
State Street Global Advisors,24795036
Loop,24796585
Sahajan,24798162
Breck Inc.,24970594
Wiha Tools USA,24971222
Match Group,24972212
EPSG corporation,24973087
"Adams County Sheriff's Office, Colorado",24977642
BIC Recruiting,24977662
"Revantage, A Blackstone Portfolio Company",24981370
"Scott Enterprises, Inc.",24985505
ShiftKey,24985693
Greenheck Group,24989722
United Vein & Vascular Centers,24996269
Viva Chicken,24998438
Strata Innovative Solutions,24999180
Global Recruiters of Palmetto (GRN) Automation Recruitment Specialist ,24999271
OU Health,24999272
EMPIST,24999297
Arrow Auto Glass,24999334
Hixen Search Group,24999390
"CB Machining & Engineering, Inc.",25000731
Golden Reserve,25002018
Studio Architects,25005278
USPRO,25006364
Eurofins PSS Insourcing Solutions,25006517
Sendero Industries,25006620
Amazing Care Home Health Services - CO,25007163
Keystone Advisors,25011932
Look Walls & Interiors,25013682
OMNIA Partners,25014658
Love In the Name of Christ (INC) of Brevard,25015327
Wheel,25015580
Trail Drive Management Corp.,25016456
Mitsubishi Chemical America,25017205
Hello Hire Talent Solutions,25018455
Aivres,25019084
Hello World CS,25020605
R4Solutions Inc,25022906
Unify Consulting,25024885
 CalPrivate Bank,25025748
Sutker Moran,25026529
Commio,25026534
Relativity,25027079
Accenture Federal Services,25030011
"AHG Services, LLC",25034266
"Green Lines Transportation, Inc. ",25035049
Painters On Demand,25037118
Core & Main,25037501
Chenega Corporation EH&F,25039398
Hunt Military Communities,25039553
CIBC US,25040356
JBS USA,25040991
Quadient,25041007
MB Attorney Search LLC,25041466
Family First Firm,25041996
RiseIT™ Solutions,25042938
Corvia,25046935
HR-Rethought,25047510
"Perseus Group, Constellation Software",25050544
"Merakris Therapeutics, Inc.",25051521
Wolf Line Construction,25053600
Listopro,25058244
PETRAM,25061735
DSDT,25063956
St. James Parish Hospital,25065378
"Donato Technologies, Inc.",25066691
DGM New York,25066731
Paizo Inc.,25067736
Hensley Industries,25068381
THE HRCZAR,25071028
PVcase,25071758
Datavant,25074192
ClarisHealth,25074734
WFTX FOX 4,25076635
Utility Arborist Association,25077508
Waste Resource Management,25079991
BioMatrix Specialty Infusion Pharmacy,25169484
Omm IT Solutions,25169959
Aptive Environmental,25170579
"No Limit Technology, Inc.",25172167
Polikov Recruitment Solutions,25172697
Health Business Solutions,25174491
Core Alliance Group Inc,25174692
Carpe,25177185
WhiteCap Search,25179038
ANDURIL,25853870
Freight Appointments,26197226
Meridian Adhesives Group,26216290
Digital Health Solutions,26218301
The People Placers,26234183
MAAG Group,26241420
Reebelo,26244696
Tower Health,26283799
EADEM,26304031
IGC PHARMA,26330938
Sage Lodge,26483081
Gardyn,26485848
CyberApt Recruitment,26489299
EthicsPro Accounting | Tax,26489526
Vervent,26494838
Consider It Done! Personal Concierge Service,26499557
Rex,26507048
Beckman Coulter Life Sciences,26510546
Moodys Northwest Consulting,26515164
G2O,26518413
Mob Entertainment,26524090
Carter Bank & Trust,26530402
"Thales Defense & Security, Inc.",26531259
OrionIG,26535804
Pro Marketing Inc - Spartanburg SC,26548053
Altabank,26553522
NDC Tek,26560101
Keynes Digital,26562248
ZealoTech People,26574100
"iBrain Technologies, Inc",26603884
Morph Enterprise,26621580
VYZE INC,26638644
Smart TechLink Solutions Inc.,26647085
ASLAN CONSTRUCTION,26739667
Terry Staffing and Consulting,26998221
Southland Holdings,26999649
IQBAR,27001650
Pet Releaf,27001971
Pura Vida Miami,27002539
Fire Ox Foods,27003461
Gemini Solutions Inc.,27006124
"Sherri M. Stinson, P.A.",27007984
KODE Labs,27008813
Platinum Recruiting Group,27010849
EverCommerce,27011537
Devoted Health,27011869
Hilton Cleveland Downtown,27012092
Zanbur Energy,27014139
SBG Funding,27016156
CornerStone Professional Placement,27016229
ITTConnect,27017673
iShare Inc.,27021761
SR2 | Socially Responsible Recruitment | Certified B Corporation™,27022839
Columbus Humane,27023551
"Fremont Associate, LLC",27023610
"Fisher, P.A. A CPA Firm",27025038
CDL Hunter,27025718
Upstream Life Insurance Company ™,27028124
Brains & Motion Education,27033415
Worky,27046604
Single Use Support,27046999
Twelve,27053549
First Bank NJ,27055364
"Vanguard Group Staffing, Inc.",27057164
Ashworth Strategy,27060685
Connected Cannabis Co.,27062130
St. Christopher's Hospital for Children,27063436
BSI Companies,27064184
Tufts Medicine,27064924
Path to College,27090984
Moments Hospice,27091240
The Language and Behavior Center,27093235
Bishop Ludden Junior-Senior High School,27093959
Womble Bond Dickinson (US) LLP,27094606
Cresset,27096316
Ashling Partners,27096797
Staffing Theory,27097933
Hometown Care,27099326
Chicken N Pickle,27099627
Aveanna Healthcare,27099888
"Fathers'​ UpLift, Inc.",27102121
ReachX ,27103815
Veritas Architecture + Design,27112895
Ingenworks,27114546
Compass One Healthcare,27116821
Lean Six Search | Supply Chain Recruitment,27118902
Natixis Investment Managers,27119082
Estrin Legal Staffing,27119385
Bond Vet,27120059
Hilton Des Moines Downtown,27120314
Office of Environmental Health Hazard Assessment (OEHHA),27122117
Venture University,27123223
Partner Therapeutics,27126564
SPERTON - Where Great People Meet,27129947
"Klein Marine Systems, Inc.",27134929
New York State Department of Financial Services,27135429
Washington Hilton,27135533
Celebal Technologies,27135632
Duluth Entertainment Convention Center,27136255
CNX,27137079
GMA Technical Recruitment Ltd,27138619
Globe Life American Income Division: Moore Organization,27138794
Mission Veterinary Partners,27139071
"Virtuoso Surgical, Inc.",27146879
"P&F Machining, Inc.",27148859
Cardone Capital,27148871
WNY Independent Living Inc.,27150813
maylu digital marketing agency,27151626
Masterworks,27154679
Nicklaus Children's Health System,27156178
BrandSafway,27157459
"MCP USA, Inc.",27159667
EvokLocal,27162505
Moyer Law Group,27163792
Lead Allies Inc.,27168700
Brand Advance // SSP,27169417
Business Umbrella -Recruitment-Training-Consulting-Licensing-Education Consulting-Real estate ,27169698
"Blackland Home Inspections, PLLC",27169808
Allegra Marketing • Print • Mail - Lisle/Naperville,27169861
KLDiscovery,27170977
BlueSprig,27172557
Traditions Health ,27172942
Arrow Search Partners,27179912
American Trucking Group,27180004
Pinnacle Climate Technologies,27181756
StackNexus,27181930
Texas Department of State Health Services,27183154
Bowlero Corporation,27185258
Down To Earth Landscape & Irrigation,27185316
Veritas Partners,27186573
W.C. Rouse and Son,27189095
Castle Law,27189203
ZOLL Data Systems,27190961
Friendly Franchisees Corporation/Silver Star Real Estate LLC,27192649
ZenTech Consulting,27193097
The Gauge Collective,27194463
Portico PM,27196316
A2Z Sync,27196471
Vertex Education,27196805
Winchester Interconnect,27198557
Grace Animal Rehabilitation Center Inc. ,27199412
Stateside Urbancraft Vodka,27200277
Shift4,27200360
KCCI-TV,27200490
Level Group Ltd.,27201215
Ignite Foodservice Solutions,27205473
CTMK Network,27205558
"Eleventy USA, LLC.",27206033
Incident IQ,27206372
CRG Search,27207386
Producers Cooperative Association,27207753
"1A1 Innovations",27207794
Invite Only Studios,27208773
"626",27210075
OmniForce Solutions,27210299
Hilton San Francisco Union Square,27213203
GFO Home,27215230
American Financial Marketing Group Inc.,27217709
POWR2,27218999
TESA Talent,27224904
Safari Belting,27225560
Curb Mobility,27226020
Hilton Denver City Center,27227384
Hard Rock Hotel & Casino Atlantic City,27228972
Hire Talent ,27229436
Cagent Vascular,27230924
Three Crowns Copywriting and Marketing LLC,27236146
WVU Medicine Uniontown Hospital ,27236234
MERGE,27237129
The Paramount Group Chicago,27237424
AED SERVICE AMERICA. COM,27238053
Benchmark Search,27238136
Youth Service Bureau of St. Joseph County,27238830
Wrapbook,27239038
Medix Technology,27239179
LightForce,27239596
Brighthive,27240000
"Prime Group Holdings, LLC",27241219
Acclaim Multi-Specialty Group,27242009
Hometap,27243090
Stoke Therapeutics,27244826
Command Companies,27244848
Fintract Global,27245221
Nomad Framing,27245421
Westfall Technik Inc.,27246419
"City of St. Cloud, FL ",27247202
murmuration,27247732
Vicarious Surgical Inc.,27247773
Origin MEC,27249670
Coca-Cola Southwest Beverages,27249912
Oliver Carol Recruitment,27253098
Aequor Information Technologies Pvt. Ltd.,27283627
UNICON E-PHARMA PRIVATE LIMITED,27337687
Bubble Goods,27449660
Mandel Dermatology,27450422
Tomahawk Robotics,27450706
Advanced Micro Targeting,27450771
ML OUTSOURCING SERVICES PRIVATE LIMITED,27606163
AA SOFTWARE & NETWORKING PRIVATE LIMITED,27669228
O2F INFO SOLUTIONS PRIVATE LIMITED,27683698
EisnerAmper India,27907642
OSI Systems Private Ltd,27938236
Forest Carbon and Climate Program,28117750
O Positiv,28119561
Centrica Business Solutions,28119793
Safeguard Global Recruiting,28120168
Fair Oaks Farms,28120587
Decided Excellence Catholic Media,28124006
GTTSi,28125361
Elgen Staffing,28126126
Lightsource bp,28126191
Key Capture Energy,28126654
Diversified Technologies International,28127993
Trackline,28129827
Equinor,28130220
Brin Glass Company,28130604
"APN Software Services, Inc.",28130841
Conviva Care Center,28131533
"GSI Service Group, Inc.",28131629
Fotile America LLC,28132344
Riverview Regional Medical Center,28132450
The ProLift Rigging Company,28133267
Orion180,28133909
St. Mary's Medical Center,28134739
Cox Consulting Network,28136170
Northstar Behavioral Health,28140159
"Boyd Richards Parker Colonnelli, P.L.",28141046
DeepZen,28141123
MiEthereum,28143637
RDI - Research & Development Institute,28145223
Dallas Regional Medical Center,28145529
"MZN Management Group, LLC",28146782
Patent Bots®,28147691
"VLS Environmental Solutions, LLC",28148004
N.C. Department of Information Technology,28148044
Refined Lending,28149099
Complete Care,28149455
Logixboard,28149566
Southwind,28153346
Theater Outsource,28154423
OTB English,28154819
"IntellectFaces, Inc",28156433
Harmony Healthcare - Talent and Consulting Solutions,28156710
SeaHill Consulting Group,28160195
Arbor Homes,28160901
Watertown Enterprises,28167452
Houchens Insurance Group,28168617
"Thrive Postpartum, Couples and Family",28171732
"Dexterity, Inc.",28173564
CLADIATOR®,28174530
N3B Los Alamos,28177938
The Idea Marketing Inc.,28178414
Sanctuary Wealth,28182184
energyRe,28254088
iPivot,28387428
hXpath,28389122
The Line Method,28391784
Sizigi,28395120
Ensemble Therapy,28398376
Proclaim,28413519
Lauer Media Company,28413838
Harris County Engineering Department,28423155
Bad Birdie,28423617
Spotter,28439179
"KIOXIA America, Inc.",28493031
Charles & Charles Group,28493559
GOAT USA,28499737
Medical Nutrition Therapy Associates,28504765
Retrofête,28506315
Enerpac Tool Group,28514599
Atheria Law,28537542
"MBX Biosciences, Inc.",28539237
Tempus Recruitment - USA,28539645
"ColumbiaCare Services, Inc. ",28540342
LineVision,28586740
St. Peter's Health,28589430
Greyscalegorilla,28589574
Caliber Auto Care,28595302
Amla Commerce (Creator of Artifi and Znode),28596353
Merakey,28597765
Solis Health Plans,28599697
LearnWell,28600411
"National Aerospace Solutions, LLC",28603454
QurAlis,28606404
BALANCED Media|Technology,28606991
DoubleTree Suites by Hilton Boston - Cambridge,28608874
HEXA Containment,28609067
Covia,28612966
Upward On,28613987
The Ritz-Carlton Yacht Collection,28623590
PlanStreet Inc.,28624819
Puffer Malarkey Collective,28626279
Juno Advisory,28627538
AguaSeal Waterproofing Systems,28631042
Bay West Church,28631247
Signify Health,28631800
"T.G. Miller, P.C. Engineers and Surveyors",28633768
"3G Healthcare Real Estate",28636271
"000",28637093
Trulieve,28638555
Enspyre Management Services,28639873
OnCare Home Health & Hospice,28641913
Groot Hospitality,28646291
Advantis Medical Staffing,28647688
Evergy,28648492
"ITS, LLC",28649902
MarAlliance,28650056
Process Insights,28653676
Avanos Medical,28653812
KU MEMORIAL UNION,28656059
TomCo Solutions Inc,28660897
Strategic Retail Partners,28660903
"1848 Ventures, backed by Westfield",28660914
Bonduelle Fresh Americas,28663263
Early Autism Services,28665474
Bruce Williams THE REED GROUP,28666021
OpenPhone,28667405
Arcosa Inc.,28669777
Derby City Gaming & Hotel,28670175
Hotel Zachary,28673268
Throttle Company Vintage Motorcycles,28684646
FISEC GLOBAL INC.,28695602
Cloobot Inc.,28725265
Reolink,28734157
AQuity Solutions India,28766851
"Platinum Peak Advisors, LLC",28773994
I-Solutions,28780063
Metagenomi,28781839
Mid-West Family Madison,28782782
ENGIE Impact,28788105
RainStick,28790537
Maybach International Group LLC,28790778
Carbon Robotics,28795909
Rain,28797462
Residents Medical,28797463
CFR Engines Inc.,28818796
Mealco,28827541
The Salvation Army Indiana Division,28850513
"Arsenal Biosciences, Inc.",28855345
Classic Refrigeration SoCal,28856377
Kubota & Basol LLP,28858084
Level D&I Solutions,28864212
Astrana Health,28868872
Halborn,28871137
Grade Tech Power Services,28871197
Brightline,28873181
LegitGrails,28887877
Atumcell,28919778
"Fairway Management, Inc.",28930721
Bochner PLLC,28934351
Talkiatry,28940906
CWS Construction Group Inc,28953588
APX Construction Group,28958655
Northwestern Mutual - Philadelphia,28969184
Eikon Therapeutics,28973017
Lignetics,28973904
Guidehouse,28974109
Wild Coffee Marketing,28974324
MPOWERHealth,28974428
Dover Food Retail,28974490
Huffman Travel,28974940
Arrow Acquisition,28976317
Economic Impact Catalyst,28976612
Abboud Trading,28976988
Dover Precision Components,28977553
Beth Israel Lahey Health,28978143
Doggett Equipment Services Group,28980137
Converge Technology Solutions Corp.,28981049
Cullerton Group,28985285
Rosie’s Gaming and Colonial Downs,28985425
Ark Infotech LLC,28988214
"Solve IT Strategies, Inc.",28989621
LPM Restaurant & Bar,28992154
BCW Global,28993430
Hilton Orlando,28994181
SSW Advanced Technologies,28995840
TC Restaurant Group,28999081
Engage,29002509
Confidential,29012947
DreamFirms,29013909
Alchemy,29014871
Jumptech,29017200
Unibail-Rodamco-Westfield,29018003
Permanent Placements LLC,29020708
Radiant Digital,29020962
Designed Conveyor Systems (DCS),29023262
Goldman Lloyds,29024195
Prominence Health,29025449
Immigration Reform Law Institute,29027385
Telemundo Kansas City - KGKC,29038355
LARES IT SOLUTIONS PRIVATE LIMITED,29049031
ESP Enterprises Inc.,29090227
Akero Therapeutics,29119627
NorthPoint Search Group,29120464
Poudouleveis.gr,29120628
"Jardim, Meisner & Susser, P.C.",29120681
RightPro Staffing,29121514
Carallel,29121558
Mission MightyMe,29121589
APR Staffing,29274101
Ignitec Inc,29279018
Avicena Tech,29283590
HCA Florida Kendall Hospital,29285202
Horizontal Talent,29289303
Law Offices of Stacey L. Tokunaga,29291131
Zearch,29293182
Element Energy,29295618
Cash App,29296664
AlphaGraphics Central San Diego,29299670
Communities Rise,29303435
Volkswagen Group of America Innovation and Engineering Center California (IECC),29308364
PanAmerican Clinical Research,29312475
Hubcom,29316587
Zest AI,29322289
Eggs Unlimited,29331946
N4 Solutions,29334397
Simtra BioPharma Solutions,29335510
Savvas Learning Company,29336138
HCA Florida Mercy Hospital,29341171
PCRK Group (Massage Envy),29346585
California Governor's Office of Business and Economic Development (GO-Biz),29367821
Beyond Academy ,29367946
Esteemed Inc.,29370706
Access Limited ,29372352
Inclusive Consulting,30090820
Midwest Shooting Center,30092506
Babyface Brows,30116522
Wealthspire Advisors,30118223
TheGestor®,30135877
Marvel Medical Staffing,30136608
First National Bank,30154886
"Sauer Brands, Inc. ",30155276
Harcoza,30160523
"ShiftCode Analytics, Inc.",30179852
TechEra Global Inc,30226705
Forbes Advisor,30227466
"Authentic Staffing Agency - INDIA, USA, UAE",30234110
V-Solve,30238039
ConglomerateIT LLC,30241870
Horizontal Digital,30574460
UofL Health,30579326
Vimaan,30594249
SLP-Tele,30598588
TECHSTAFF of AZ,30599911
Canine Inspired Change,30601088
Triple Shift Entertainment,30603138
Vyriad,30624596
"Mawa's Kitchen, Aspen",30626680
Bel Air Finishing Supply Corporation,30628515
Publicis Imagine,30631579
Washington State Department of Labor & Industries,30638514
Inotiv,30641044
Datasite,30646417
Paschar,30657121
De Haro Ramirez Group,30663635
"AdRoll, a division of NextRoll",30665330
Algo Capital Group,30666065
Chicago CRED,30671576
Winston-Salem/Forsyth County Schools,30696869
CES Integrated,30715926
OpenLoop,30727743
Emergere Technologies LLC.,30746164
iMind Behavioral Health,30749652
SLS Solutions,30769477
Sitka Creations,30769813
"Gateway Area Council, Boy Scouts of America",30770924
Cohere Health,30772606
Notion,30898036
Mutual of Omaha Reverse Mortgage,30906873
Ekcel Systems Inc,30913302
BlueRose Technologies,30950491
Intellibus,30960415
Talisman,31026672
Hiresigma,31032366
Intercept Telehealth,31058737
StaffChase,31060078
Transformco,31063263
ATA ANALYTIQ LLC,31100404
Global Opine Staffing,31110499
NR Consulting,31139044
Micasa Global,31146407
Mogul Press,31162076
VN Consultancy Services,31188432
Opkey,31289889
Cubenergy,31318625
Sibitalent Corp,31346550
Saransh Inc,31356620
iOPEX Technologies Philippines Inc.,31370940
RELLO,31384576
Citadel Security USA ,31402435
Illinois Collaboration on Youth,31407640
Mass General Brigham,31407868
Edgewood Healthcare,31410927
SK pharmteco,31415785
Wisk,31425081
"Beyond Behavior Consulting, LLC",31429967
KarmaCheck,31430324
Supermove,31437224
Pembury Partners Household Consultancy,31437587
MUNICIPAL CO.,31442119
ISAT Total Support ,31452471
SpinPlay Games,31453180
Zentalis Pharmaceuticals,31462367
Crown Point Systems,31464058
Workera,31464352
Jewish Federation of Greater Seattle,31473864
"Columbus Technology Solutions, Inc.",31474641
Talentmatics,31476181
Quess IT Staffing,31487448
YourEliteMortgage,31534680
Coforge,31537981
InBank,32062918
CapAcuity,32797105
WellSky,32903428
"U.S. District Court, Northern District of California ",32978357
Dobberstein Law Firm LLC,33027863
"Lisa Kalus & Associates, Inc.",33036803
Northeast Metropolitan Regional Vocational  High School,33044782
DATAMETRICS SOFTWARE SYSTEMS INC.,33046677
Central Park Puppies,33071072
"Lawyers for Justice, PC",33091694
IdealTax ,33096489
Quicklotz,33099074
Birchs Communications,33112179
Intermountain Power Agency,33117343
"Veridian Tech Solutions, Inc.",33125878
"Park Place Finance, LLC",33142110
PDSSOFT INC.,33146581
GKN Powder Metallurgy,33182201
Prairie Band Health Services,33182233
Venda Search,33182755
IT Automation LLC,33182887
Food Talent Solutions,33182924
Livent,33183033
Norelian,33183378
Talent Corps,33185140
Gateway Development Commission (GDC),33186925
ConvexTech Inc.,33188204
Biocytogen,33188902
Foresight Mental Health,33189811
American Plastics,33189895
"ACE Consulting Company, LLC",33190215
Continental Expedited Services,33191312
Climb North ,33191324
Florida Financial Advisors,33191355
Doceree,33191624
Cal Mart Napa Valley,33192703
Lucid Bots,33194291
Inventure,33197425
"Strategic Education, Inc",33202504
"WAI Construction Group, LLC (WAICG)",33202705
Agile Tech Labs,33202713
"Soul To Soul Yoga, LLC",33203683
Potentia Workforce,33205879
Jefferson City School District,33208551
Exxir,33208579
Globe Life Liberty National Division - The Keller Agencies,33209816
Sara Lee Frozen Bakery,33210525
Recovery Alliance Initiative ,33210974
Therapy Brands,33213730
FLEX Staffing and Recruiting,33214000
TScan Therapeutics,33215799
"613 Originals",33216154
Everise,33216895
The Blood Connection,33217558
HireMilitary,33218328
VIO Med Spa,33218437
VIRTUAL NETWORX INC,33221218
Tri Star Energy,33222713
TrulyHired,33229863
TSE Industries,33230340
Boulo Solutions,33231183
PHM Brands,33232018
"ConServ Building Services, LLC",33234310
Centurion Selection,33235671
Smoothstack,33238205
Sixth & I,33238257
Cornell Cooperative Extension of Ulster County,33242238
Confidential,33242739
GF Piping Systems,33243270
SAPinsider,33243928
Definiti LLC,33246441
TikTok,33246798
Grupo Logístico de Carga,33247317
Marsh McLennan Agency,33247784
Safeguard Global,33247900
The Fontaine Hotel,33250091
Hilton Fort Lauderdale Marina,33250358
"Tyto Athene, LLC",33250915
Brave ,33253240
"NJ Bio, Inc.",33255011
Ascend Wellness Holdings (CSE: AAWH.U / OTCQX:AAWH),33255257
CentralSquare Technologies,33255577
Legacy Healthcare Services,33257111
Arturo,33257496
OneOncology,33258288
simpliHŌM,33259382
QED Global Solutions,33260187
M2G Ventures,33260191
Motivator Music,33261162
Perpetual Labor Sourcing,33263004
Eagle Point Solutions,33264342
Ram Mechanical Inc.,33265090
Clearway Energy Group,33266522
Ajinomoto Bio-Pharma Services,33267027
CXO Source,33267093
Sage Fruit Company,33269961
Operation Healing Forces,33270357
Agenta,33271967
AirTight Management,33272758
Sahiyo,33273334
Artisan Movers,33273880
ttg Talent Solutions,33278075
AirCod Technologies ,33278562
Ali Rose Mann Digital,33278848
"J.L. Rothrock, Inc",33279670
"Chisholm Consulting, LLC",33279976
Local Vacation Rentals,33280079
Legacy Industries,33280309
Mix Talent,33282143
Encore Vet Group,33283385
Scenario,33283552
DVORA Life,33287110
Maymont Homes,33287969
Insilicom LLC,33289415
RX2 Solutions,33290192
EVERSANA,33295877
Qualus,33295996
NextPath Career Partners,33296963
Capital Vacations,33298797
"Idea Nuova, Inc.",33300597
Video Editors,33300945
S3B Global,33301910
Leadr,33302355
Kroger Technology & Digital,33303021
Incarnate Word Academy High School,33306356
Center Line High School,33306697
Pear Commerce,33307719
Constellation Culinary Group,33307789
DATAECONOMY,33307792
Varco Home Health & Hospice,33309816
CATHEXIS,33311292
Royal Glass Company (Whatley Glass),33312265
"Source Medical Staffing, LLC.",33312808
Vantage Elevator Solutions,33315487
Tek Spikes,33315566
R.J. Walker & Co.,33318100
Astellas Pharma,33408697
TWFG-Brinson Insurance,33434839
TLR Group,33434951
West Boca Raton High School,33440440
St Helens High School,33441141
St. Paul VI Catholic High School,33442103
Gordian Biotechnology,33453885
EmpoweRx Inc.,33454032
VergeSense,33454391
Boston Associate Software Systems,33454666
area|Talent,33454681
Pave Talent,33457388
Neighborly®,33457526
Total Product Expo,33459161
Centinela Hospital Medical Center,33472158
La Palma Intercommunity Hospital,33473974
NSBE Aerospace SIG,33515314
Suburban Community Hospital,33515668
St. Mary's General Hospital,33518902
Studio by Tishman Speyer,33522126
Teksystems LLC,34072437
Artech Infosystem Private Limited,34125670
Prestige Consumer Healthcare,34202512
Nevada Virtual Charter School,34214892
Embark Behavioral Health,34216778
"Patriot Production & Rental Services, LLC.",34218237
Aya Locums,34218836
Wilks Development,34220818
BRAVA Talent Solutions,34220976
CHE Behavioral Health Services,34221236
Imagine,34221615
The Haven Coworking,34223612
Vikor Scientific,34223726
Anser Advisory,34223878
Robinson & Stover,34225023
Watchpoint,34225320
ICF Next,34225337
"374Water",34225999
BRAVLIN LAW FIRM,34226479
L&M Tool and Industrial Supply,34229080
Frontall USA,34596816
Talent Recruiting Partners,34627106
Build Partners  ,34629472
Share Ventures,34632286
"Vork Brothers Painting, LLC",34651990
Falcon Smart IT (FalconSmartIT),34654317
Robert Vos International Ltd,34654958
Hornblower Group,34674669
K2 Staffing,34675125
Gamma Reality Inc.,34682146
Fluidra North America,34683141
BigHat Biosciences,34688219
Meraki Group Endeavors,34688868
Elastify,34694097
Fortified Pest Management,34697347
Seattle Municipal Court,34708056
JLL Technologies,34709044
Topfolio,34721669
GrayMatter Robotics,34722678
Zadar Labs,34738167
"360 Talent Avenue",34739011
World Spirit of the Game Foundation (SotG Global),34739628
Oakland Search,34741559
Sapphire Nursing and Rehab at Goshen,34742052
"Sun Valley Associates, LLC",34743066
TAMMIRA,34743666
Elevate Flexible Legal Resourcing,34747152
Ziply Fiber,34755301
UFP Industries,34765178
stayAPT Suites,34771261
Wellspring Financial Solutions of Raymond James,34771607
Irving Knight Group,34884813
GENESYS Health Alliance,34895126
Chai Urgent Care ,34901287
Amentum,34902814
Eleos Labs,34912254
Star Entertainment GmbH,34919730
Tenth Revolution Group,34947348
Cleerly,34949677
Piper Sandler,34955371
Synchrony Health Services,34956912
Ophelia,34970149
CCC HOLDINGS,34989352
Sight for All United,35233986
DHARMA PROJECT,35290332
WE COLLABORATE,35402196
Wellpath,35428876
Hardscape.com ,35430327
Forestar Group Inc.,35431930
Atlantic Union Bank,35434603
"Quick Silver Systems, Inc.",35435108
Ethos Consulting LC,35437647
Sogility,35438392
USA Talent Solutions,35438488
Cassopolis Family Clinic Network,35438783
National Partners In Healthcare,35442490
Clintheory Healthcare Miami,35444225
GI Alliance,35446044
Kensington Additive,35446724
The Dollywood Company,35449823
HireWand,35449965
W+J Construction Corp.,35450242
Cardinal Integrated Technologies Inc,35451465
Diasorin ,35451544
Conquest Planning Inc.,35451557
Authority Brands,35451963
Goosehead Insurance,35452956
Spherion Asheville,35457319
Oath Law,35459000
Celero Commerce,35459023
People First,35462316
Vanta,35462987
"ReVIDA Recovery Centers, LLC",35463670
"EZ Pension Services, LLC",35467939
Higher Ground LLC,35469130
Parallax,35470180
Archstone Capital,35471403
McKinney Door Solutions,35472336
LG Electronics North America,35472496
"Mid-Atlantic Legal Recruiting, LLC",35473176
Building Blocks Behavior Interventions,35473366
AllSTEM Connections,35475885
ODAIA,35477056
PWI,35477392
African American Museum of Iowa,35478397
Amerant Bank,35480245
Yukon Human Capital,35481872
Allegient Defense,35482712
People Solutions Center,35486746
PreXion CBCT,35487538
VIKOR,35488078
Origin AI,35489207
Mid-Peninsula High School,35490112
Peak Interactive Wellness,35490496
Contech Systems Inc.,35491344
Swiggard Creative,35491785
Alpha Business Solutions,35492991
Fairwinds Technologies,35494557
Mainland,35495086
Primary Talent Partners,35495217
CyberMyte,35496069
Xyant Services,35496599
"CB Partners, LLC",35497435
Voy Ventures,35503864
MercyOne,35504315
Trend Health Partners,35504599
Aspire Staffing Group,35504622
"Knight Electric, Inc.",35505010
Protech Automotive Solutions ,35505451
Process Pro Consulting,35505505
Seminole Hard Rock Support Services,35506944
Detroit Regional Partnership,35507159
VFI,35507441
Pacific Coast Fresh Company,35508156
Malibu Events Promotions,35508199
Alex Mill,35508262
Crown Residential,35509253
Mills Thomas,35509855
"Industrial Air of South Texas, LLC",35510404
Houston Fitness Partners,35511970
Advanced Materials & Technology Recruiting,35512637
Buildyounique,35513014
Storm2,35513424
Probably Genetic,35513655
Hyqoo ,35514420
Dynata,35515524
Colorado Urology,35517549
United Urology Group,35518235
Spectrum News,35518261
Worldwide Mission Critical,35519628
CoralTree Hospitality,35520100
Sky Consulting Inc.,35522889
CLS Health,35523474
Origin Travel Nurses,35525583
Marigold,35527546
L.A. Insurance,35527771
Redpanda Data,35528665
Elevation Capital,35528686
University of Miami Health System,35528926
Rhino Tool House,35529155
Trinity Health Mid-Atlantic,35529547
Summit Properties & Development,35529875
SCOUT Solutions,35530106
Stratum Reservoir,35532390
Covetrus,35533147
MediClean Air Pros & Aeroseal Southeast,35534462
"Peskind Executive Search, Inc. ",35535319
Vascular & Vein Institute of the South,35537545
PER International,35540004
Staffmark Group,35541411
Brazilian Lumber,35541854
Green Valley Recruiting,35544717
SitelogIQ,35545064
"Heritage Landscape Supply Group, Inc.",35545790
"The Quantum Group, USA, LLC",35548184
Sunsoil,35552191
Indiana University,35557516
Summit Property Management,35558432
Ferretti Search,35561194
Burdett Hill Group,35562982
Future Cycle Breakers,35563211
"Frontdoor, Inc.",35566147
Peace Evolution,35570367
PetVet Care Centers,35571114
Khoros,35574265
Barnes Life Solutions,35578353
Saltz Plastic Surgery & Saltz Spa Vitoria ,35582919
Hectadata.in,35583427
Leaf Home,35583934
Elevate Care,35584944
Harvard Medical School and Massachusetts General Hospital,35585529
Xenith Solutions,35585953
CSS Tec,35586401
Rockwoods Inc,35590008
PrimeTime Personnel LLC,35594261
ArchKey Solutions,35594314
Zencon Group,35595252
Lawyers for Civil Rights,35596656
JERA Americas,35598309
Little Smiles of Florida,35598554
Gyde,35599412
United Digestive,35600821
Environmental Protection Network,35601159
LEARFIELD,35601183
Patterson-UTI Drilling,35602233
"Phoenix Electrical Contractors, Inc. ",35603291
Birmingham-Jefferson Convention Complex (BJCC),35603678
CertaSite,35604921
"Clean Team, Inc.",35605228
MFM Search LLC,35607160
Tiro L.L.C.,35608038
JEWELS Pediatric Therapy Clinic ,35615089
"SE Independent Delivery Services, Inc.",35617099
GraceMark Solutions,35618611
Morris Insurance Services Inc.,35619034
Beacon Behavioral Hospital,35620936
"Tempus Unlimited, Inc.",35621916
"Carolinas Staffing Solutions, Inc.",35624908
NYCOR,35624918
Cube,35625340
Dagen,35627712
ADHD Online,35628203
Peerless Search Partners,35628535
RT Technologies Inc,35628993
KIPP Texas Public Schools,35633601
Nelson & Ward Company,35634275
Cadence Petroleum Group,35634312
Four Stars Auto Group,35634449
Rhode Island Board of Elections,35634764
GUILD+FACET,35635688
UNLV Health,35636382
Advanced Sciences and Technologies,35639347
Stand Together,35640218
"Pagel, Davis & Hill, P.C.",35644422
Paul Russell and Company ,35646324
MOMentum Coworking and Kids Club,35646542
Staples Stores,35647080
Hitachi Rail,35647382
Kenai Capital Advisors,35650842
Laperouse Law,35651131
Rekor,35651379
Cherokee Federal,35651393
Engineering Search Firm Inc.,35651421
Pegasus Medical Concepts,35654449
Recru,35655603
truxio,35656473
Ghidotti | Berger LLP,35657894
Cree Lighting,35659388
Phoenix Tailings,35661131
Case Specific Nutrition,35661937
Amplity Health,35662743
Retreat Behavioral Health,35664407
EMSA- Emergency Medical Services Authority,35666619
WiseHR Group,35666630
La La Land Kind Cafe,35667348
IFG Chicago,35668062
Syntricate Technologies,35671596
"Beacon Systems, Inc (BeaconGov)",35672438
United Imaging - North America,35672836
Verve Therapeutics,35673055
Hunter + Esquire®,35673384
AI Digital,35673496
Better Life Partners,35674851
The Bike Lab OKC,35675031
BroCoTec,35676350
ClearSky Health,35676539
Whydrate Group,35677530
Embrace Software Inc,35678257
Quility Insurance,35678653
Ziff Davis Shopping,35678713
TechWish,35679573
Trova Advisory Group,35680186
"The Axel Group, LLC",35681115
Vandelay Hospitality Group,35681130
"Axcex Media, LLC",35681828
Sunrise ShopRite,35682245
HR Additions,35682513
Pilates Center of Rockville,35683042
Primerli,35684352
Nubitz,35686900
Professional Employment Group of Colorado,35687307
"AllSpire Health GPO, LLC",35689507
The Medicare Coach,35690006
Forensic Discovery LLC,35690310
ADUSA Transportation,35690604
Infotree Global Solutions,35690611
NorthWest Navigator Luxury Coaches,35691529
ADUSA Distribution,35692038
Ellit Groups,35693578
GoTu,35696619
Tigerless Insurance 虎虎保险,35696937
"Sanford Federal, Inc",35697239
Tanglewood Total Wealth Management,35698659
Enroll Indy,35700507
"The Wilson Firm, PLLC",35700968
Kelly & Murstein Family Law LLC,35701620
SLA Labs,35701878
Bluestone Apps,35703330
ElevateBio,35703630
"GOAL SET COACH, LLC",35703702
"Crazy Maple Studio, Inc.",35705706
Trullion,35707306
Ron Jon Surf Shop,35708385
UW-Madison College of Engineering,35717035
IntelliSavvy,35719183
YAYB - Youth Action YouthBuild,35816990
Concord IT Systems,35891828
NobleServe,35924427
DigitalHire,35951080
Repserve,35952321
Yotta Games,36011724
Forte Consulting,36013306
Mindful Healing Works,36013336
NAVA Software Solutions,36015103
CourtAvenue,36016241
Weathernet,36017169
Atlas Smiles Dental,36018087
WellBe Senior Medical,36020846
Yonex USA,36074330
AMIP Management,36077585
"Boyd Wealth Management, LLC",36082754
Data Axle,36089503
Equitable,36092044
Intrepid Managed Discovery,36098929
KEPLER22 LLC,36098936
Charles Joy Executive Search and Staffing,36113533
Integrated Fresh Solutions,36118000
Vontier,36120217
Amador Bioscience,36128229
The Aviation Planning Group,36128638
Rapid Scan 3D,36133310
"Badlands Contracting, LLC",36141800
Lessen,36149552
eoFlix,36151952
Mission North ,36158618
TeamBridge,36158767
Audiomob,36162912
Local Bounti,36164287
Eurest USA,36768365
Syneos Health ,36845961
BlueOutlier,36983992
SprintFWD,36992356
Staffing Proxy,36994746
PKF O'Connor Davies TalentConnect,36998854
Endodontic Practice Partners,37008737
DSM-H Consulting,37012803
GemHarvest Executive Recruiting,37024614
Straight Up Growth = Amazon 📈,37026920
"Mammoth Holdings, LLC",37031064
Fliff Inc,37050314
Grow Therapy,37061987
Alphident Technologies Inc,37067372
The ACLU of Washington,37153108
Chryselys,37175224
Blackwell Realty Inc,37188753
Cambium,37192662
Mesh,37193907
Wave Talent,37197612
Columbia University Facilities & Operations,37199811
SORATE,37200974
Sterling CM LLC,37205710
Faegre Drinker,37207749
ASTRAnomicals | A Digital Marketing Agency,37213085
Verto People,37213677
StaffClinix,37228947
Renaissance Seattle Hotel,37229105
Elanden Advisors,37236953
Seattle Information Technology Department,37248822
University of Connecticut School of Fine Arts,37258286
Digitive,37268793
Paradigm Oral Health,37269899
Morgan King Technology,37272664
Siemens Logistics LLC,37304214
STO Building Group,37388043
Planned Parenthood of Greater New York,37396978
Nidec Mobility America Corporation,37404866
Newmont Corporation,37405727
Class VI Pathfinder,37435467
Virtualan Software,37452329
BELIEVE - Stroke Recovery Foundation,37475912
Alter Behavioral Health,37481145
Harrison Co.,37488374
AMR Real Estate,37488959
Rise48 Equity,37489579
Cabin Crafters Inc.,37505625
RapidAI,37506734
Settle,37507386
VSP Ventures,37512856
Impact CNC,37521325
Lightrun,37539897
Above Lending,37540512
Larissa Loden,37542124
TBC Luxury Resale,37558517
Jeff Denney Recruiting & Consulting LLC,37558576
ARCO a Family of Construction Companies,37569306
JW Industrial Partners ,37573542
QuantumBricks,37573759
Gemma Services,37774195
Jobs via eFinancialCareers,37778197
Century Complete,37799812
Cross Country Education,37834021
Butzke Burch Construction,37841649
Dutro Company,37894881
Emerging Therapy Solutions,37897480
Lafayette Hospitality,37897932
Tandem Clinical Research,37898263
Pruvent PLLC,37898467
"Cerebral Staffing, LLC",37899689
Cere Network,37901267
White River Marine Group,37902046
Riggs Washington DC,38040301
Peariwinkle,38074857
IntelliBridge,38081505
Pikemann,38104971
"Lagerlof, LLP",38109453
TransGlobal Holding Co.,38110517
Vivid Technologies Inc,38131776
BrioHealth Solutions,38142348
EnIn Systems,38153526
Perkins Restaurant & Bakery,38168289
Ronald C. Wornick Jewish Day School,38169213
Burnett Plastic Surgery,38734778
USA CLINIC SL,39177712
Newgard Development Group,39602585
Leftbrain,39729811
CEF Solutions Inc.,40594979
RTX,40653509
Orlando Credit Union,40653883
Uplight,40654157
Chronosphere,40654174
"Echelon Services, LLC ",40654578
Caro Nut,40655202
Omega Holdings,40655225
YemPover Inc,40655424
"Caladrius Therapy, PLLC",40656855
ChampionX,40658652
"NCA, Inc",40659990
Maxton Shipping,40661083
Linkfields Innovations (Pty) Ltd,40661516
Equest Therapeutic Horsemanship,40661570
Beach Vacations LLC,40663869
Gage Cannabis,40663928
Ramirez Asset Management,40664408
CallonDoc.com,40667056
Complete Health,40671013
Tulsa Cardiovascular Center of Excellence,40672171
"Wright Rehabilitation Services, Inc",40672840
Cherng Family Trust,40673251
Arima,40679097
Hope House Addiction Services,40679674
Kopco,40684054
Experience Waterloo,40686583
The Agency : Sales Thru Solutions,40687322
BioLife Plasma Services,40687781
HR Exchange,40689305
AVAVA,40692980
FirstChoice Hiring,40693052
"1905 New Media",40695636
"Land Development Group, LLC.",40696175
Rosner Resources,40696247
WVU Medicine Camden Clark Medical Center,40699669
State of Connecticut,40707710
Boys & Girls Clubs of the Lowcountry,40708769
Songfluencer,40712132
ALFACONSEIL.CA,40717284
"Performance Metrics, LLC",40722994
Jobility,40723158
Intellicept.com,40725122
BODY20,40731493
CTCI Americas Inc,40734129
Riteload,40739036
Novice Group Dermatology,40739537
Dunham-Bush USA,40740990
Ubiquity,40741999
Beauty Quest Group,40745059
L3Harris Technologies,40745219
KINESSO,40749991
Stavvy,40750697
Empower One,40757197
Swedish Match North America,40761690
Apex Service Partners,40764162
Alrek Business Solutions Inc,40767767
"Benecard Services, LLC",40770158
CORE Foodservice,40771369
The Ekeo Group,40777799
"Lifetime Solutions, Inc.",40777975
GreenState Credit Union,40778606
"A-1 Termite and Pest Control, Inc.",40778769
Atia Vision,40779086
Daniels Solutions LLC,40784850
QDStaff,40786662
The Kirkland Group,40786863
Centerpoint Medical Center,40787265
ProspectBlue,40792063
Community Amenity Management,40797183
Enverus,40801353
Campfire Ranch,40804599
HIREBLAZER,40807457
"Kuiper Law Firm, PLLC",40808834
Sunrgy Solar Distribution,40809615
WSD LED INC,40810599
District Partners,40814213
"Expedition Brands, LLC",40814906
MISC.,40816749
TGW North America,40817470
MoneyWellth,40824859
QA Wolf - 80% Test Coverage in 4 Months,40826373
"The Daniels Law Group, PLLC",40835847
Replimune,40838229
Artisans of Atlanta,40850086
Flock Freight,40850228
Huffman Insurance Agencies,40855827
The Goddard School of Deerfield,40857673
"4-Serv Solutions Inc",40862622
Elite DNA Behavioral Health,40869470
Cardone Ventures,40871771
Alpha Search USA,40875232
Anchor Construction and Management,40878377
"Sterling 5, Inc.",40882320
NASIC (National Air and Space Intelligence Center),40884865
Guardian Dentistry Partners,40886952
Maven Roofing,40888031
Andworx LLC,40888376
Bon Secours Mercy Health,40888889
The MedElite Group,40889628
Caspian Policy Center,40890204
"Hafemann, Magee & Thomas",40890912
Valor Capital Real Estate Development,40891438
Bloomberg Industry Group,40893491
Aerostar Manufacturing,40894252
Pearl Street Dental Partners,40895308
Vestium,40897081
Luminis Health,40900877
"LegacyGenix, LLC",40901114
Webstacks,40904309
Cytiva,40904390
Red Cottage,40909933
BellRock Brands,40911556
Rokstone Construction Risk Underwriters,40919003
Atlas Inside,40919422
Star Dental Partners,40928644
Scranton Area Community Foundation,40928791
Effectv,40931973
AMVAC: An American Vanguard Company,40932960
Recruits Lab (We're hiring),40934666
Studio Mc+G Architecture,40936968
"GoldBridge, LLC",40940284
Matix Corporation,40940618
"PPI Quality & Engineering, LLC",40942169
"iMedia Brands, Inc.",40947938
JRS Group,40956146
Boosey Wilson Group | Legal & Professional Talent,40956992
Red Bull Arena,40960018
Yellow Diamond Logistics,40961751
PULAU Corporation,40963389
AdOutreach,40969985
"Newman, Ralph & Browning Insurance",40970152
V-1 Consulting,41693688
Examiz Analytics,42096142
Turn The Page LLC,42105478
Fountain Life,42111520
Navigate360,42126806
Aki Lashes,42128833
"Dinosaur Financial Group, LLC",42144074
String and Key,42147988
Alleima,42164554
Körber Supply Chain,42171530
QLER Telepsychiatry (pronounced like Clear),42277153
Waterstone Faucets - Official,42297395
"JCO Workforce Solutions, LLC ",42302257
Craft Automation,42302961
"KSA Technology Partners, LLC.",42304017
Vistry Group,42304300
HIFI Agency,42309693
Sprintward,42311722
Quanta Infrastructure Solutions Group,42314957
RemoteWorker UK,42317435
LadderHR  Recruitment,42319863
Eyeporters,42320376
"Imperial Health Plan of California, Inc.",42320648
BHAKTA Spirits,42327646
OpenTrack,42333713
Arc XP,42339972
We're Not Really Strangers,42343100
Honest History,42345933
Skydance Animation,42349294
New Millenium Consulting,42379403
CareerPlace,42385408
Pilson Auto Centers,42389544
Complete Care Centers,42431701
"CultivaHR, LLC",42433421
Summit Fire & Security,42434665
Ainsley Reid International Limited,42453506
JobSquad Staffing Solutions,42684303
KwikTrust,42696067
Dearborn Group,42696271
RayzeBio,42700338
California Department of Industrial Relations,42723251
Onward Play,42737578
Electrolit USA,42747663
DSD Recruitment,42760923
Best Insurance Group,42768704
Dwellfox,42785914
The Farmlink Project,42803559
Burton International™,42806383
Automated Retail Technologies,42815230
Pulse Healthcare Services,42822796
LeadVenture™,42837454
Awakened Ambition,42841623
Eximius Writing Services,42857124
Tway IT Labs,42859929
Carrington College,42863041
TalentOla,42876933
ESB Technologies,42880798
The Wise Seeker,42887005
Ruby's Place,42895954
CLM Search,42904015
The Dropup Agency,42906555
The Springs of Arkansas Consulting Services,42916212
Aura,42921359
INFI,42928138
My Health Onsite,42944591
Catalyst Planning Partners,42945570
Wheelhouse Recruiting,42945898
Yotta Tech Ports Inc,42952721
"Zoomlion Heavy Industry Science and Technology Co., Ltd",43195991
"Express Employment Professionals - Rochester, MN",43222781
VKore Solutions LLC,43226128
Team GO,43251468
TOPS Education,43267952
JJ Matthews Inc ,43279000
Creative Capital Solutions ,43279704
Nurse Gina & Company,43281842
"Steve Boyd, PC",43284278
Vee,43286242
Sellstate Heartland Realty - Kansas City,43294834
Uni-Form Components Co.,43295750
UCEMA Alumni,43304621
Beontag,43336279
Investinu Group,43357975
Spotnana,43367961
TIME AUTO,45467888
Brains Technology Solutions Inc,45498491
Surge Technology Solutions Inc,45630755
Axis Portable Air,45729247
Guided Solutions,46279736
Crisis24,46989315
Bobcat Plus Inc.,47203305
Heliosz.AI,47591650
Capchase,47593724
AJ Consultancy,47662957
"Balanced Workforce Group, Inc.",47663090
Lumen Technologies,47664328
Elentic,47915117
CarynHealth,48002046
Red Lab Logistics Inc,48077386
Your Social Recipe,48782552
GNGR Labs,49081302
CIQ,49116047
Publicis Collective,49151727
The Branded Firm,49152032
Underdog Fantasy,49173095
City Wide Facility Solutions (Cincinnati & Dayton),49195155
Wall Street Consulting Services LLC,49643359
"KR3 Information Systems, Inc.",49644642
"Keep Toledo/Lucas County Beautiful, Inc.",49646747
CW Talent Solutions,49646802
Balloon Therapy,49648155
Adecco Permanent Recruitment,49648345
Augere Construction Company,49648950
Mammoth Cyber,49738876
Serenity House Communities,50572286
Kaiser Permanente Northwest,51382069
Brado,51401516
Boost HR & Recruiting,51419732
Quartz Properties,51584508
TBG | The Bachrach Group Las Vegas,51586112
MUSC Health,51586544
California Bioenergy LLC,51591947
Ray Techno Solutions,51592480
CentroMotion,51596814
Breeze Thru Markets,51597452
Canvass America,51606232
Spanish Perfecto,51610291
Peak Parking,51612128
"MYLO, Inc.",51614056
Method Co.,51617946
Frederick Fox,51623430
PuzzleHR,51625397
Allvue Systems,51626838
Zortech Solutions,51628714
Sobriety Centers of New Hampshire,51629860
RTIC Outdoors,51630259
Fortitude Re,51637195
NTT Global Data Centers,51637411
ASG,51639374
HANDS Center for Autism,51642499
TargetMarket,51644666
TruePani Inc.,51645802
Roc360,51648039
Public Schools of Brookline,51648747
Nublicity Inc,51649570
"Community Health Programs, Inc.",51651517
Ainsley Search Group,51651885
Remembered Events,51658033
Clark Personnel,51660340
Maxmed Healthcare,51660358
Akron Area YMCA,51664179
DSGN Associates,51664648
California Department of Aging,51664673
Theoria Medical,51664810
CeriFi,51667067
Alexander Twilight Academy,51671646
Aspire365,51672246
Apex Heart and Vascular Center,51674868
Fan Arch,51677384
Citrus County Board of County Commissioners,51679767
Aventiv Technologies,51679778
Common Mission Project,51686542
nMotion Physical Therapy,51686586
Marelli,51687310
Panoptyc,51687377
Synergies Plus Resources,51687662
"Bright Software, Inc.",51688209
Now Optics,51688908
The Moorhead Team,51694480
Zelouf International Corp.,51695075
"IO-Chem, LLC",51699394
Harvest Sherwood Food Distributors,51699510
Frasco® Profiles,51700827
Talent Groups,51701268
Sagard Real Estate,51701526
RockBox Fitness Franchise,51702283
Curium Solutions US,51704387
REKRUITD,51705244
Onto Innovation,51707785
Hum Capital,51709794
OVERWATCH,51716058
Flow Control Group,51716356
Oxenham Group,51717252
Camp Amplify,51727805
"Bovino Law Group, P.A.",51732576
HowMoneyWorks®,52116836
Guard Tech Solutions,52119178
CHR Consultants,52120909
"EIS Holdings, LLC",52127417
Aspire Software,52129049
Revel IT,52136858
Complete Integration Solutions,52141373
Kizik,52142900
Viatris,52143761
New Talent,52147403
"Computer Data Concepts, Inc",52147722
ShopThing,52149001
Grant Cardone Enterprises,52149033
Harrison National Employment,52155305
MedBeautyLA,52159549
Whatnot,52160608
"Key Staffing, Inc.",52167967
Shannon Strategies,52175675
Tarvos Talent,52176410
H&M Shared Services,52177012
Mid-America Carpenters Regional Council Benefit Funds,52177261
Pittsburgh Community Broadcasting Corporation,52177903
"Acorn Advisory Capital, L.P.",52178842
"Precision Weld Testing & Training, LLC/Precision Inspection Services, LLC",52180845
Intrado,52182975
Venture Search,52186828
Resurface Group,52194565
Skylark,52194597
Dolo Entertainment,52194873
Pop-Up Talent,52199182
CAROLINA PRG,52201127
Leopard Catamarans,52266003
Lee's Summit Medical Center,52274637
Park View Community Mission,52282783
Real Property Managment,52282882
"TOUCHSTONE RECOVERY CENTER, INC.",52283760
Scott Harvey Wines,52312943
Abington Hospital - Jefferson Health,52313115
Davis Supply of Charleston,52381323
BMW of Murrieta,52418694
HCA Florida West Tampa Hospital,52462976
DoubleTree Suites By Hilton Disney Springs Area,52499398
Law Office of Edward V. Murachanian,52502300
HiTech Termite Control,52560784
"MIRIAM HOSPITAL, THE",52573401
HCA Florida Lawnwood Hospital,52642826
Catena Development,52656367
"IRP Medical, an Integrated Polymer Solutions Company",52806459
Indiana Michigan Power,52873503
The Lenard Team,52886536
EDMONDS & LOGUE PC,52900957
CDS Customer Driven Staffing,52906378
"BARTLETT, VILLAGE OF",52938337
W. Lee Flowers & Co,52950123
"City of North Richland Hills, Texas",52965993
Mindset,53078978
Gemraj Technologies Ltd ,53088335
Affinity Recruiting & Consulting,53107478
Get Flooring ,53125743
Likely Inc.,53179204
仲望咨询,53194284
Green Li-ion,53198134
Kanin Energy,53199328
Grand Mere Restaurant Group,53224713
Workling,53237848
"Topa Group, Inc.",53262014
Orion Groups,53271735
Performance Home Medical,53278741
Liberty Healthcare and Rehabilitation Services,53345529
Greenwich Psychology Group,53369792
Waivly,53395150
Hilton Fort Lauderdale Beach Resort,53404844
M&C Saatchi Group,53438743
Eagle View Behavioral Health,53445812
The GIANT Company,53448390
Creekside Behavioral Health,53448539
College Achieve Public Schools (CAPS),53467204
Gamboa Real Estate Group,53498059
VICTOR RANE,53501606
LNCsearch,53509342
KSP Health,53517403
Conversando Group,53541794
"ISE DATA SYSTEMS, INC",53587661
"GORDON W. JONES ASSOCIATES, ARCHITECTS, P.C",53614744
"CFM-SF, Inc.",53650034
"BUSINESS OPERATIONAL CONCEPTS, LLC",53652428
SOUTHEASTERN LOUISIANA AREA HEALTH EDUCATION CENTER,53652526
Wright,53713122
Gary McGee & Co. LLP,53787271
Farmers Insurance - Barry Hale,53797792
VCA Aurora Animal Hospital,53799340
Jung & Vassar PC Attorneys At Law A Law Corp,53812339
KENNEBEC VALLEY COMMUNITY ACTION PROGRAM,53820026
"TURNER HYDRAULICS, INC",53824769
EQUITABLE OIL PURCHASING COMPANY,53826781
SUNY DOWNSTATE,53849982
Direct Response Consulting Services,53887711
LifeClinic Chiropractic and Rehabilitation,53930223
"ReyLenn Construction Company, Inc.",53954777
"Dollar Tree Distribution, Inc.",53969352
Caliber Auto Glass,54077952
Dojnia Human Resources & Staffing,54103838
Pure Lithium Corporation,54110209
Wolf River Electric,54121661
rikor.io,54134269
"Thompson & Lichtner Co., Inc.",54158001
EKN Engineering,54158988
New York State Department of Motor Vehicles,54206469
"VITREO-RETINAL CONSULTANTS AND SURGEONS, PA",54259617
FORA: Forging Opportunities for Refugees in America,54275630
Clauger North America,54283931
Fusion Growth Partners,54284298
Stratus,54295096
Inspira Education,54308942
Vouris,54322801
The Decain Group,54327886
Mindful Agency,54346989
The THRIVE Project,54347115
AffirmData,54350335
"89bio",54350802
Monday Talent,54353698
Everfox,54355282
Orr & Associates Insurance Services,54356479
TechHuman,54360562
Vaughan Baio & Partners,54361471
TriStar Horizon Medical Center,54391363
Columbia County Health and Human Services,54524503
"APCO Holdings, LLC",54544813
"ENVIRONMENTAL QUALITY, ARIZONA DEPT OF",54552948
Inspire Home Loans Inc.,54577621
"ZA CONSTRUCTION, LLC.",54644544
City of Bondurant,54650708
BERICO ,54658588
"Art & Design Partners, LLC",54659403
LANE PUBLIC SCHOOL,54685912
Elevate Bank,54703533
"Calyxo, Inc.",54761698
Jim Ellis Audi Marietta,54783006
Barcadia Bar & Grill,54814820
SRPMIC CLINICAL SERVICES,54829150
"THE DENTISTS AT SHADYSIDE PLACE, LLC",54831198
Talbot County Health Department,54845191
"Graceful Therapy, PLLC",54860000
Apex Consulting & Surveying,54871238
Embassy Suites by Hilton LAX South,54885339
Alcoa Chiropractic Center,54901510
SAN LUIS & DELTA-MENDOTA WATER AUTHORITY,54927429
"McDaniel Service, Incorporated",54955782
System Beauty ,54981345
Williams Hospitality Search,55040499
Elegance Senior Living,55040918
FORMA Construction,55043429
"Advanced Labelworx, Inc.",55046724
Greenville Tree Co.,55052681
HOPE Tutoring ,55053808
GreenShade,55055569
Informa Connect,55055743
King Law Group,55056256
Marmon Foodservice Technologies,55057585
Huntsville Hospital Urgent Care ,55059259
PCI Government Services LLC,55173696
"UNIPEC America, Inc.",55175493
The Phillip Charles Group,55178913
"49 Financial",55183919
Metric,55185007
Reynolds Memorial Hospital,55234449
RCS Personnel,55264833
DEER CREEK-MACKINAW CUSD 701 SCHOOL DISTRICT,55266434
Talking Tadpoles Pediatric Therapy,55319893
YMCA of Prattville,55420552
"10-S Tennis Supply",55443834
TIM CHASON,55453534
"Rich Levels Grain, Inc",55507588
"KAZAN, MCCLAIN, SATTERLEY, & GREENWOOD",55525467
Bernardsville Public Library,55586288
CLEMSON UNIVERSITY FOUNDATION,55612540
CLEVELAND KIDS BOOK BANK,55624331
Panoramic Health,55669258
Bondoc Roofing,55672879
Embassy Suites by Hilton Charleston Airport Hotel & Convention Center,55692572
Southern Air LLC,55762893
CARDIAC & VEINWORX LLC,55830186
"Texas GovLink, Inc.",55873224
"Ardmore Home Design, Inc.",55881723
S&S Outdoors,55927669
Ingham County Health Department,55942751
Batts Body & Paint,55982009
TruNorth Federal Credit Union,55992537
Diamond Willow Assisted Living,55998625
"JADE DRUG COMPANY, INC",56004080
HURON CITY SCHOOLS,56059942
"SLATE PR, LLC",56082178
"WAUKEGAN ILLINOIS HOSPITAL COMPANY, LLC - DBA VISTA MEDICAL CENTER EAST",56126927
EglobeData,56133703
Dartmouth Health,56134040
Kingston Manor Personal Care Center,56147841
"UPS INDUSTRIAL SERVICES, LLC",56158935
WRIGHT CITY R-II SCHOOL DISTRICT,56203612
"HOERBIGER AMERICA HOLDING, INC",56241163
Frisco Education Foundation,56264689
"Envision Information Technologies, LLC",56330859
"Wis-Pak, Inc.",56342951
City Neighbors Foundation,56350634
FFB Collaboration,56410563
Point32Health,56416392
HireKul,56419140
Taurus Search,56429861
McGriff,56443154
Clarience Technologies,56444817
Kelly Professional & Industrial,56462368
Kelly Education,56464185
ACI Learning,56466229
RGBSI Aerospace & Defense,56472118
VISITING REHAB AND NURSING SERVICES INC,56575410
EMR USA Metal Recycling,56585163
"A MATTER OF SIGHT, LLC",56585682
"Aerie by AEO, Inc.",56617946
"Sierra7, Inc.",56636647
SEE ATTACHED SAN ANTONIO SPURS,56655623
Axiota Animal Health,56657942
STEPHENSON COUNTY HEALTH DEPARTMENT,56667646
OPEN MY WORLD THERAPEUTIC RIDING CENTER INC,56686719
"RR Electric, Heating & Air Conditioning",56752856
Hilton Los Angeles Airport,56760816
RICK RIDINGS,56762613
Embassy Suites by Hilton Austin Arboretum,56879034
Southeastern Integrated Care,56965358
A-1 GLASS & ALUMINUM,56981045
The DoubleTree by Hilton Hotel Tulsa Downtown,57029993
Hearing Screening Associates LLC,57069048
Eating Disorder Center of Montana,57100978
Samsung Engineering America Inc.,57188341
"PSYNERGY PROGRAMS, INC",57189496
BUSY BODY PEDIATRIC THERAPY LLC,57266844
Reyes Fleet Management,57272420
GOOD SAMARITAN SHELTER,57301703
SYNERGY MEDICAL STAFFING,57317956
VaynerX,57323510
WVU MEDICINE POTOMAC VALLEY HOSPITAL,57349682
Embassy Suites By Hilton Anaheim Orange,57355064
Hilton West Palm Beach,57383268
"Henrico, Parham & Retreat Doctors' Hospitals",57404291
HONEY BEE CLEANING SERVICES LLC,57418961
"ENCON ARIZONA, L.L.C. DBA TPAC",57431588
"Hurd Real Estate Associates, LLC",57449517
Short South Management & Development,57526157
Twenty-Nine Palms Band of Mission Indians,57550157
Thirsty Turtle Sea Grill,57553873
Pusteblume International Preschool,57609869
"Swift Air Mechanical, LLC",57672014
GRAHAM HOTEL SYSTEMS INC,57694178
Jack Daniels Audi of Upper Saddle River,57700013
Pecos-Barstow-Toyah ISD,57701072
MarketPlace PHL,57712164
INSTITUTE FOR CIVIC EDUCATION IN VIETNAM,57926371
"PDSINC, LLC",57938546
Coastal Regional Commission,57961382
Sony Interactive Entertainment,57993393
American National Insulation & Sealants,58011764
"THE WOMEN'S CENTER FOR DBT, PLLC",58079876
Scotts Valley San Lorenzo Valley Soccer Club,58137442
"ENTERPRISE PROFESSIONAL COUNSELING ASSOCIATES, LLC",58138979
"PRESTO HOMES, INC.",58146028
Progressive Change Campaign Committee,58182822
Cheyenne Animal Shelter,58197951
Bellmont Cabinet Company,58203092
"J&K Ingredients, Inc.",58279583
"RED-ROCHESTER, LLC",58323255
THE DENVER DENTISTS,58342788
"US TSUBAKI HOLDINGS, INC",58350912
Sandstone Medical Solutions ,58360388
"MD AUTO GROUP, LLC DBA I-90 NISSAN",58409863
Indigo Physiotherapy,58430215
Chico State Enterprises,58469103
RICHMOND R-XVI SCHOOL DISTRICT,58472352
"BASEPOINT CAPITAL, LLC",58516189
San Carlos Golf Club,58523992
ST PETER METAL WORKS LLC,58573245
Jireh Semiconductor Inc. ,58677611
"7-Eleven Hawaiʻi, Inc.",58723587
Fausak Tire & Service,58732564
FOSTER ARIZONA,58783920
GoldCoast Search Group,58807476
Indian Harbour Montessori,58834325
Adelene at Port-O-Call Hotel,58841134
"ADVANCED CERAMIC COATINGS, LLC",58910737
COMPASSIONATE CANCER CARE MEDICAL GROUP,58932157
Octopi,59003879
Concrete Pumping Holdings Inc,59011355
Joe V's Smart Shop,59042493
Christos Dovas New York,59058833
Claremont Toyota,59069652
Educational Planning and Counseling Services,59083605
CORA Health Services,59103641
The Housing Authority of the City of Fort Myers,59124440
"Grow West MD, LLC",59147406
University Auto Repair,59201698
HOUSTON METHODIST WEST HOSPITAL,59317000
"MEDFAST URGENT CARE CENTERS, LLC",59382575
First Pennsylvania Precious Metals D.B.A. Guy Edward Family Jewelers,59383688
TEXAS CONCRETE PARTNERS L.P.,59389735
"MAT-SU SURGICAL ASSOCIATES, APC",59421471
"5 Cities Swim School",59424667
"FIRST MERIDIAN SERVICES, INC. DBA SKYPORT",59445937
GREGORY-PORTLAND ISD,59450902
"Navajo Transitional Energy Company, LLC",59475546
"INTERPARFUMS LUXURY BRANDS, INC.",59509760
"MIND & BODY FITNESS, INC. DBA HEALTH CHECK PHYSICAL THERAPY, INC",59554323
BP Realty - Real Estate Specialists,59584636
Warner Park Recovery Center,59599690
Hood Container Corporation,59630158
West Holistic Medicine,59659168
First Mutual Holding Co.,59682751
NORTHWEST EYECARE PROFESSIONALS,59705101
INTEGRITY SIGNS OREGON LLC,59741885
"San Luis Resort, Spa and Conference Center",59742762
Be Active Be Well,59755627
Mewsic Moves,59761331
"PROVIDENCE HEALTH CARE STAFFING, INC.",59765762
Advanced Hair Restoration LLC,59792342
Always Compassionate Health,59811473
"Benicia Senior Living, LLC",59821987
GCATS INVESTMENTS LLC,59865786
GMJ Air Shuttle,59879339
California Student Aid Commission,59959380
"PACIFIC ARCHITECTURAL WOOD PRODUCTS, LLC",59967040
The Crossroads Center,59974992
Cura Hospitality,60059619
"MANDARICH LAW GROUP, LLP",60096806
SERVICES AND ADVOCACY FOR GAY AND LESBIAN ELDERS SAGE METRO DC,60119333
Euna Solutions,60200222
DrSnip® The Vasectomy Clinic™,60225668
Jones Donuts & Bakery,60231304
Epic Staffing Group,60311907
COLORADO VETERINARY SPECIALTY GROUP,60332019
"2A USA, INC",60333487
Sonata Software North America Inc.,60337738
Arizona Urology Specialists,60339633
Heart of Brooklyn Veterinary Hospital,60404109
The Unbound Collection by Hyatt,60419691
Blue Cross & Blue Shield of New Mexico,60544198
WILLOW MANOR ASSISTED LIVING,60568087
Heart & Vascular Partners,60603929
HIGH GOLD INC.,60607708
Elk Grove Kia,60631438
Atwater Brewery,60636865
Breakaway Music Festival,60668144
CHOICES FOR PEOPLE CENTER FOR CITIZENS WITH DISABILITIES INC,60714575
STEWARD ST ANNE'S HOSPITAL CORPORATION DBA,60719662
Upper Columbia Salmon Recovery Board,60788990
"Brandon J. Broderick, Personal Injury Attorney at Law",60813588
Jewish Museum Milwaukee,60851704
"PEDIATRIC REHABILITATION AND WELLNESS, LLC",60871217
Hilton Houston Post Oak,60915326
PFG Customized ,60993269
CLIMATEMAKERS OF VA,61003797
NCS ENGINEERS,61141564
ALPHA BEHAVIORAL HEALTH CENTER,61183453
RKM Primary Care,61236056
STOKES HODGES AUTO GROUP,61255270
"Goldbelt Security, LLC",61263397
Keller Williams Eastside,61296935
Alukwa BV,61402205
ENGLAND PONTICELLO & ST. CLAIR,61419936
DOL Holdings LLC,61428109
"K. Hovnanian Companies, L.L.C.",61634746
ATLEISURE LLC,61689884
Inspira Behavior,61703492
"SAVE HOME CARE, INC.",61710462
GOOD SHEPHERD LUTHERAN SERVICES,61719312
Woodside Communities,61811101
Hope Creates,61812275
L & L FARMS,61828724
EYE CAN SEE EYEWEAR INC.,61908602
Alameda-Contra Costa Medical Association (ACCMA),61910610
"Integrative Family Counseling and Psychology, LLC",61990052
Holbrook Heating & Air Conditioning,62028912
"Holcomb Law, PC",62054995
"Greater Yosemite Council, Boy Scouts of America",62174753
KIPP KANSAS CITY,62178429
Sacramento Valley Dental Specialists,62187035
Carolina Charter Academy,62200365
Maryland Office of People's Counsel,62255719
Miami Shores Montessori School,62289113
Oklahoma County Detention Center,62328043
Hilton Americas-Houston,62537397
Lago East Bank,62550284
CVOEO,62578793
"ClientFirst Strategy, Inc.",62619779
"VISITING ANCILLARY SERVICES, INC.",62718392
Coastal Maine General Contracting,62729699
CompuMed Vocational Careers,62782992
First Soft Solutions LLC,62869757
"SEOYON E HWA INTERIOR SYSTEMS ALABAMA, LLC",62886397
"TOTALMED STAFFING, LLC",62916395
Absolutely Chicago Segway Tours,62922100
"DCD Automotive Holdings, INC",62964803
American Foreign Service Protective Association,62986252
NUANZA INC.,63055868
"INABA FOODS (USA), INC.",63096644
MAINE STATE HOUSING AUTHORITY,63108241
Juniper Village- The Spearly Center,63110101
RITZ-CARLTON MARINA DEL REY,63147695
SACO SCHOOL DEPARTMENT,63152160
CITY OF FOREST HILL,63203491
"City of Loves Park, Illinois",63226268
Bellagio Property Management,63262989
Community College Preparatory Academy,63274671
SMILE RESTON HEIGHTS,63290331
Swag Golf,63340330
Stacy McLaughlin Communications,63367105
SHOEMAKER AND ZWICK PODIATRY ASSOCIATES,63416202
"WELLS COFFEE COMPANY, L.L.C.",63467458
"Sensys Gatso USA, Inc.",63496570
Hilton Baltimore Inner Harbor,63501381
DoubleTree by Hilton Hotel San Jose,63586915
Heron Stone LLLP,63589585
La Marzocco USA,63632993
Florida Medical Center - a campus of North Shore,63655941
UMIYA MATAJI SANSTHA CHICAGO MIDWEST,63704535
Embassy Suites by Hilton Portland Downtown,63719863
London Diocesan Board for Schools,64086143
The Citizens Bank,64254819
"Tal Search Group, Inc.",64257419
Resolute Road Hospitality,64257477
Trane Technologies,64259963
Startups BPO,64260001
Vivent Health ,64261147
"LG Networks, Inc.",64261209
The Contingent,64263310
Airbyte,64265083
Volie,64270051
JEM Resources,64270099
Apt,64274685
MUSC Children's Health,64274945
Conlan Tire Co.,64277434
CY9 ,64288000
"Blue Frontier, Inc.",64498770
Good News Roofing & Solar,64504039
Adaptive Technology Insights,64508445
"Braj Aggarwal, CPA, P.C.",64515441
Full Circle Electronics,64519841
The Clark Agency Recruiters,64527524
Bassett Medical Center,64528198
fellō cannabis,64536012
Integrated Pain Solutions,64538444
Northeast Paving,64539707
Brown Iron Brewhouse,64540983
Harmony Healthcare Inc.,64545543
xtype.io,64546676
Invenomic Capital Management LP,64546798
Fidelity TalentSource,64548215
Galactic Advisors,64550128
The Martucci Group,64550174
FastTek Global,64550438
 Pilot Company,64553443
Chronic Golf +Games,64556267
Peacock,64558550
Swipe Say Easy,64564430
Globe Life - Liberty National Division,64587923
Bicara Therapeutics,64592943
Vericast,64594777
Boon,64604791
Midland Resource Recovery,64606866
Alibi Security,64607521
Health Images,64610449
Shakti Solutions,64611129
AI 2030,64612347
Patton Labs Inc,64618994
Nucleus Healthcare,64620996
Munson Healthcare,64630421
Ellie Mental Health,64638177
Beacon Building Products,64639449
Cottonwood Heights Parks and Recreation Service Area,64645709
TalentPartners,64657875
Ascend Medical,64658603
Sacred Circle Healthcare,64659247
Trendsetter Homes LLC,64659281
Suveto,64663567
Family Tree Nursery,64664844
URI Foundation & Alumni Engagement,64665222
Parsolvo,64666470
Reaching & Rooted,64666982
CP Marine LLC,64671674
OnPoint Insights ,64672598
Post Meridiem,64675167
CSI Pharmacy,64678598
Cella,64681939
Zelante Technologies,64684134
Children's Trust of Alachua County,64685243
Spirit EMS,64685411
Vow'd Weddings,64687734
Playa Society,64688782
CloudFulcrum,64693711
Purpose Financial,64695606
HCA Florida Aventura Hospital,64696713
RiteChoice Pharmacy,64697406
"FIFA World Cup 2026™ - Canada, Mexico and the United States",64709762
Rekrooting - Staffing & Recruiting,64721766
"Atlanta Land Trust, Inc.",64725439
"CrossTech Consulting Group, Inc. ",64727139
SPF Screens & Awnings ,64734122
Ascyndent,64737654
Razorfish,64738928
CrossMed Healthcare Staffing,64742275
Sincere Developers and Builders,64743304
P3 Solutions LLC,64743379
LTV SaaS Growth Fund,64744020
Colin McKenzie Consulting,64744369
Canopy by Hilton Austin Downtown,64746416
HCA Florida JFK Hospital,64746547
Standard Logistics,64752272
Taprite Inc. ,64752736
Headwall Logistics LLC,64754684
HCA Florida Westside Hospital,64760944
HCA Florida Highlands Hospital,64761959
Globe Life American Income Division: Giddens Organization,64769552
ClevrOne,64773463
Public Partnerships | PPL,64780188
Data Center Interworks Inc,64782960
Concent Software Solutions LLC,64853982
Launch Ventures,64854950
"8th Avenue Food & Provisions",64862701
Sapphire Software Solutions Inc,64863800
TrueBooks CPA,64869111
The Shield Companies,64870247
ServiceUp,64875843
Visionary Innovative Technology Solutions LLC,64877765
Queenstown Bank,64885256
Diverzify,64886036
The Bureau Adventure Games,64886312
Talent Elite Group,64888912
Wiz,64890982
First Presbyterian Church Fort Worth,64893667
Veseris,64893727
Universal Health Corporation,64894256
"Whitman Land Group, LLC",64896014
The National Exemplar ,64896719
HCA Florida St. Lucie Hospital,64896897
Balducci's Food Lover's Market,64897202
"Mrs. June Legal, LLC",64899305
Sciometrix,64905036
Cretex Medical,64906658
Conviso Inc.,64907739
Global Site Location Industries,64908939
Ciba Health,64908948
Kind Lending | NMLS #3925,64909665
"JR Capital, LLC",64914895
Amwell,64919393
Vive Financial,64939858
Networkobjects Inc,64940346
Product Connections - A WIS International Company,64941994
Mills Automotive Group,64950484
"Simple Innovations Group, LLC",64969622
Predica Inc,64971067
Torticity,64982566
United States Space Force,64990831
Amenity Health Services,64993736
First National Bank,65003511
Radius Group,65004375
"ASMPT NEXX, Inc.",65005581
Best-One Tire & Service,65012347
IHC Agency ,65024509
Celeros Flow Technology,65028099
Cornerstone Caregiving,65031611
Digital.ai,65034840
The Fedd Agency,65035869
GSOBA,65040307
"Stewardship Investments, Inc.",65072553
Athos Private Wealth,65104812
bERZZANI,65110000
Pennant Digital,65110960
Puck,65112497
North Jersey Recovery Center ,65258071
MOMA Therapeutics,65265757
Oneday,65269774
"Diversified Recruitment Services, LLC",65275349
ARC-One Solutions,65276596
High5,65278424
Genius Talent,65286386
Waahe Capital,65289969
Brightpath Associates LLC,65294553
EOS Hospitality,65299411
"The Postage, Inc.",65308803
SitusAMC,65309548
FIt Butters,65312315
N2S Healthcare Staffing Solutions LLC,65320905
Kerber Property Management,65331745
Medix Infusion,65333599
ScaleReady,65335359
Seek,65350564
Specialty Search Group,65350568
UMass Global,65369270
Axios HQ,65373257
Talon America,65382685
CapstoneONE Search,65384923
Curative,65401684
UHY Consulting,65425054
Education for Global Peace,65438426
Skyllful,65447738
Symphony Wireless,65451594
Renewance Inc,65452752
Congo Brands,65457024
Loloft Inc.,65461715
Sublime Systems,65467192
AgelessRx,65470987
"BikeCo, LLC",65493612
Redress,65495046
C.N.C. Products Inc,65498518
ClinCrowd,65501372
"Intangible Assets, LLC",65504002
ThreatLocker,65512111
Allergan Aesthetics,65512161
MakarttPro,65513825
W Supply Group LLC ,65518950
iO Associates - US,65529778
Leap Metrics,65533776
"APAC-Atlantic, Inc.",65534540
SSA Group,65564410
Entail AI,65567346
Wunderkind,65582532
Forty-Five Group,65583709
"Kelly Science, Engineering, Technology & Telecom",65588154
General Proximity,65589148
Waukesha Gas Engines,65604548
Ava Labs,65604679
Bayou City Hemp Company,65609571
WAI: Wastewater Alternatives & Innovations,65614241
LV= General Insurance,65633769
RD DIGITAL SOLUTIONS,65636348
will bank,65636743
LinkTMS,65646554
Fusion Life Sciences Technologies LLC,65650186
Topa Topa Brewing Co.,65670355
Falcon Placement Services,65685024
StoneX Group Inc.,65706971
Temp Care Childcare Staffing,65710222
Nanoscope Technologies,65715832
Quiel School Signs,65730308
Next Move,65730729
Alimentiv,65732166
GAC Solutions,65734152
SACYR USA & CANADA,65744448
Highland Electric Fleets,65745308
Lead Dog Recruiting,65761742
TRIO Community Meals,65787040
Stafford County Public Schools,65803425
Consulate General of Israel to New England,65803679
Contxtual.tv,65805254
Varas Insurance Brokerage Inc,65805500
Table Needs,65814803
LR Willson & Sons Inc,65833615
NYU Grossman Long Island School of Medicine,65849622
Endless Supply LLC,65873034
"City of Washington, North Carolina",65878456
Solaris Health,65893886
Quintessa Marketing,65894319
StoneSprings Hospital Center,65900754
St. Mary's Medical Center,65901242
HCA Florida Orange Park Hospital,65903026
"Ahern Rentals, Inc.",65905790
Memorial Satilla Health,65907467
Fusion HCR Technology,65907792
Inclusively,65909538
Boys & Girls Clubs of Greater Northwest Indiana,65910961
Celestial Point Incorporated,66214645
Carine's Bridal Atelier,66230460
Life Science People,66260937
Komatsu,66264380
Avient Corporation,66278935
Formerra,66279970
Kathairos Solutions,66289955
Heirloom Recruiting,66290778
Us In Technology,66292838
Peak Builders & Roofers of San Diego,66296481
SynergisticIT,66321745
Alpha Millennial Group,66348854
"Staff Agency.com LLC (formerly Delta Hire, LLC)",66362606
Cloud7 IT LLC,66579462
"Elegant Enterprise-Wide Solutions, Inc.",66592097
Phone Ninjas,66603392
"MedCreate, USA",66621046
Organizational Partners Consulting Group (OP Consulting Group LLC),66639490
Techim Inc,66693271
Pacifico Power,66697840
Madison Hunt,66705802
Esperanza Behavioral Health LLC,66707153
Roots Surrogacy,66713579
Ingenuity Staffing,66726048
Avana,66728626
Sidebar,66730756
AVS Life Sciences LLC (acquisition of MWA and C&A Consulting),66752741
Instill,66761832
Jefferson Wells USA,66766209
iDayDream Studios,66884698
OW Ocean Winds,66889041
Workrise,66890963
Standup Promotions,66892966
TriCities Hospital,66895820
Take a Seat,66900474
The Wound Pros LLC,66906994
Travere Therapeutics,66932640
Charlie Health,66938931
FCS - Focused Community Strategies,66954275
"Safdar Law & Mediation Group, P.C.",66967680
Intelligence Federal,67074510
Electric Era,67084002
Exerfly,67087932
Practical Design Partners,67089128
TeamLogic IT of Sacramento,67090085
Charity Search Group,67090115
DataX Connect,67097736
Vyne Dental®,67098670
SQRL,67131592
CounterMeasures Corp.,67141995
Granite Engineering Group Inc.,67146614
Transformation Hospitality Solutions,67147553
Gainwell Technologies,67155308
BIOptimizers ,67156436
Trinity Technology Solutions LLC,67156509
ChabezTech LLC,67168015
Evernorth Care Group,67182516
Advanced Radiology Consultants of Kansas City,67185316
Decimal.health,67187927
Novax Recruitment Group,67189247
CodeMonk,67190926
Harry James Group,67213398
developrec,67218666
JAM Staffing,67220856
"Sustain RNG, LLC",67223497
The Game Marketer,67224347
Cerro Fabricated Products LLC,67229053
Moneypenny USA,67237858
French Creek Recovery Center,67265734
Zerega Consulting,67270113
Kay Search Group,67289844
RR Living,67295086
FedPoint,67295129
SQAIRZ,67297740
CloudIngest,67331111
eQOURSE,67335790
Waring Vision Institute,67348449
allamericanlimo,67477004
Bounce Curl,67517208
Arrow Safety,67524034
Nikkiso Clean Energy & Industrial Gases,67527984
JARS Cannabis,67531411
Array,67534480
North East Trees,67537147
SUMMIT One Vanderbilt,67538813
UKG,67539665
OMG23,67547023
Symmetry Energy Solutions,67549575
ACL Digital,67572051
Hillsboro Medical Center,67693420
CIBR Warriors,67716551
Dynamic Support Solutions,67731729
Glorious Cannabis Company,67735899
Retina Consultants of America,67765591
Stryten Energy,67767521
"Venture Tools, Inc",67844370
Earth Robotics,67883120
Modivcare,67898464
Autopilot,67925219
A. Brown Olmstead Associates,67963446
Innoconn Construction Management,67968765
Onyx Staffing,67970246
"Scott County Hospital, Scott City, KS",67970965
BVTech,67977704
Start Early,67990642
Regal.io,67991070
Bluebird Staffing,67997480
"Four Seasons Resorts Lanai, Hawaii",67999319
Specter Pest Management,68004430
GREIF-VELOX AMERICA,68008281
Kattech Systems Inc,68008965
Qpex Biopharma,68014887
Nanotech Energy ,68019061
Service Master Janitorial By Hites,68024492
PoweerHire Consulting Inc,68047547
"The Elite Advertising & Marketing, Inc.",68051397
NirApad9 ,68056368
Doxey Street,68062519
Kutumb,68066148
Affinity Steps,68068581
Trousdale Living Communities,68118646
Alaffia Health,68124272
"Cytoart, Inc.",68137089
PHYSIOPOINT,68142898
Fourth Capital,68147940
Trouvaille Med Spa Bourbonnais,68160051
Equus Workforce Solutions,68168113
MPower Marketing Group,68173802
Anthology Inc,68183924
Thompson Software Solutions,68186154
AutoLeap,68194053
Amity,68217401
Allstate Identity Protection,68227717
TriJem33 Consulting,68229316
The Greene Group,68229923
The Bridger Group,68230250
US Fertility,68230271
Advaana Inc,68239505
"Global Team Staffing, LLC",68240239
"4A IT Services LLC",68257427
ACE Partners ,68262959
MAFÉ Resources,68264069
Theron Solutions,68272730
Scott Humphrey Corporation,68277511
Hercules Materials Holdings LLC.,68277835
Invivyd,68284249
TeammateMe,68284294
echo,68296434
Merrimac International,68300316
Snorkel AI,68302528
Eat the Change,68304603
Better Lending LLC,68312323
Royal Caribbean Group,68313053
"MapLight Therapeutics, Inc.",68318325
Superior Insurance Partners,68319684
Landmark Title,68320598
Pattern Data,68332861
Assembly Health,68347759
Thrive ,68351413
SAMY Alliance,68357805
AddSource ,68371064
Caring Cross,68476236
"Eastern Shipbuilding Group, Inc.",68480376
Executive Integrity | B Corp™,68481264
Northwestern Mutual - North Carolina,68481859
The Treetop ABA,68502782
"Parraid, LLC",68508471
ReFrame Solutions,68510389
"1 Search Group LLC",68513972
BuenoSpa,68516920
The Michael Fuller Group,68539980
Tillman Networks,68552724
Peek Consulting Group,68560795
PX3 Medical,68575678
Zact,68581794
TrueCare,68582692
Pathlight Mood & Anxiety Center,68584649
Gala,68601129
Crypto Tutors,68601226
Lyten,68608967
GFI Team,68611005
Fremont Solutions Group,68616998
Lunavi ,68617019
Watershed,68631655
Kroger Health,68634398
Black Hydrovac,68634495
Yourco,68635713
Pacaso,68648187
Tanu Infotech,68650307
ComplyAuto,68655450
Recludix Pharma,68664479
Foresight Diagnostics Inc.,68667821
Cart.com,68673565
Connect Life Sciences,68683820
ClinDCast,68688955
Rocket Companies,68705462
Pinnacle Way of Life,68706047
Modern Packaging Machinery,68752751
"Longevity Holdings, Inc.",68756101
"Seph Acquisitions, LLC",68759913
Landau Laboratories,68785147
Minaris Regenerative Medicine,68790540
LER TechForce,68796640
InSpace Proximity,68811849
Footballco,68813723
"Ganz USA, LLC",68818843
United Consulting Hub,68827517
Cornelis Networks,68835402
Infinite Care Consulting Services,68838386
"Tech Brains Solutions, Inc.",68839257
MIND 24-7,68868739
Functional Performance Physical Therapy Center,68874394
"Southern Capital Title Company, LLc",68885521
Mountain View Eye Center,68901545
Vial,68921127
Field & Stream,68924781
DrinkPAK,68941211
V2 Innovations Inc,68951209
"Outcome Logix ( A Tech 50 Finalist company 2022, by Pittsburgh Technology Council )",68951389
Ambe Healthcare Staffing,68959731
OutBurst Consulting,68962574
PURE Property Management,68968231
"Strategic Performance Partners, LLC",68971213
SBH Plus,68982777
Kruger Family Industries,68984153
Shah Financial,68987107
CarCareer,68994993
Fuel Me,69010887
Mared Mechanical Contractors Corporation,69017888
"Audio Video Specialists, LLC",69044356
Recruiting Boost ,69049402
Culture Pop Soda,69052326
Advance Native Political Leadership,69057829
Centennial State Wealth Advisors,69062933
"Testa Heck Testa & White, P.A.",69064972
NielsenIQ,69088863
"Second Heart Homes, Inc.",69094013
Goodwill Industries of the Berkshires & Southern Vermont,69101819
Beehive Industries,69103633
Vibe 28 | Vibration Fitness & Wellness,69104315
Sybill,69105372
On Location,69111777
Ultium Cells LLC,69114645
Blue Tees Golf,69119012
Algosrus.com,69120857
Vantage Virtual Business Solutions,69138199
David Company LLC,69158025
Balloon Art by Merry Makers,69166245
Ohmium,69168603
Randa Apparel & Accessories,69171989
BioMADE,69172028
Pabst Labs,69172158
dot. cards,69192017
"Mahan's Thermal Products, Inc.",69192874
DESMOS Jewels,69200675
"Staffingly, Inc",69204135
Riscala Agnese,69204210
Mamoth - Electronic Recycling,69222173
Hitachi Astemo,69234316
Ultra Maritime,69237009
Gather,69237018
KCRA 3 & My58 Television,69238931
Forest Preserves of Cook County,69239837
Renewal by Andersen of Washington,69239939
CarepathRx,69243492
The Vets,69245128
Alliance for Catholic Education,69246529
ROCKCREST,69248309
"Economic Development Partnership for Bolivar, MO and Polk County",69258524
K-12 by Elior,69263847
BetMGM,69264673
Nice Cannabis,69272067
Ascension Search Partners,69279428
Vantedge Search,69295181
ChrisEditing,69295416
Longboard Pharmaceuticals,69331545
Baja Nearshore,69333845
Sprinkler Service Pro,69351386
MagnetIX,69368352
AU Health Imaging,69368733
Redwood Brands LLC,69372490
Navicon Construction,69392001
Point C,69441992
AllClear.ai,69454538
Running Tide,69456430
SAVI EHS,69472517
Ox Hill Companies,69478316
"Stride, Inc.",69483179
Maine Dental Group,69494679
IDEMIA North America,69495278
Optima Dermatology,69500054
Enel North America,69502296
LinqCare,69506361
Re:Build Manufacturing,69510344
Therapy Solutions Inc,69518525
Legit Security,69521390
Filo,69526946
BIG Language Solutions,69537410
Enterprise Commercial Paving,69537585
Petram Search Group ,69553687
Wella Company,69571610
Castle Park Investments,69573781
Solawave,69583181
Central Plateau Cleanup Company,69590632
"MCE Advisors, LLC",69592790
Professional Search Group - OC,69600391
Cosm,69601172
Precision Home Loans,69605821
Ideando Inc,69611476
Livesilver Consulting,69614478
Cogir Senior Living,69624097
BeaconFire Inc.,69639337
Premier Life Sciences LLC,69644755
BearClaw Gaming,69663546
Clean Skies Technologies,69669150
"2020 Search Partners",69674781
Bel Brands USA Foodservice,69679534
Truist Wealth,69680824
Versatrim,69681813
Koozie Group,69723812
B Lab,69726003
Acunor,69732469
Keasis,69733271
Premier Staffing Solution,69736805
Data Glacier,69739391
Connect-IT ,69773669
Exceptional Healthcare Inc.,69779822
Oasis at 30th,69804532
Pinnacle Communications Group,69809957
Lion Search Group,69819011
Five Rivers Analytics,69827567
Response Crisis Center,69856876
OnPoint Pharmacy,69870965
Subtext ,69891324
AlterCall,69894262
Kings Of Neon,69899993
Dimond Connect,69905486
Lorenzo & Annette Uribe,69907937
Axalume,69908319
CANZELL Realty,69913727
"Enviro Diagnostics, LLC ",69917519
Kiewit Luminarium,69935980
Title Forward,69940169
Aussie Digi,69948156
ARK InfoTech Spectrum Pvt. Ltd.,69963503
Great Wealth Investments,69999759
TFA,70041103
Illuminate Therapy & Wellness,70095191
Hard Rock Casino Northern Indiana,70101649
MTK Technologies,70261721
Aligned Solutions- Placement Experts,70268411
ABA Centers of America,70285116
Stier Solutions Inc,70292136
Luminize ,70392521
Hire With Jarvis,70397516
Level Four Group,70416688
"Connexions Federal Services, LLC",70418712
First Class Marketing,70422914
Charter Next Generation,70434303
Future Bridge Events,70440201
Sage + Sound,70444978
iGROUP,70446442
SQOR Technologies Inc.,70457630
Maverick Power,70468356
UST HealthProof,70473170
Outpay,70477313
DEUX,70477433
The Eddy Taproom & Hotel,70485003
"Agilonomics, LLC",70487173
Phase3D,70498206
QuEra Computing Inc.,70501755
Caldera Care,70518420
"Core Specialty Insurance Holdings, Inc.",70522788
TUF Sports Apparel ,70523608
Verdant Robotics,70528010
HiveWatch,70533096
Wise Resource Development,70539579
Vantage Risk Companies,70540300
ResCare Community Living,70551688
Amundi US,70572177
Erik Johanson PLLC,70746579
Fredericksburg Health and Rehab,70802206
LifeWise Academy,70811855
KLA (Kim Lundgren Associates),70819018
Health Atlast LLC,70834274
Salt Lake eBikes,70838350
The Voyage Senior Living,70852284
Global Impex USA,70863084
PeakBot,70869167
Planet Professional,70874158
Johnstown Heights Behavioral Health,70893399
KACE Company,70896556
Agilitech Biotech,70899291
We Are Loved Nonprofit,70912396
Lakera,70918322
eternalHealth,70922695
RRC - Ruiz Recruiting & Consulting,70967261
Advantus Health Partners,70967796
Bond Patrick | D365 Recruitment Solutions,70969825
Destiny (D/XYZ),70976168
Evolve Healthcare,70980644
Kay - the AI doctor for your practice,70980867
"LEWA Automation USA, LLC",70982340
iAppsData Inc.,71001459
Ride1Up,71012239
AIR Communities,71012953
Parallel,71014184
Pearce Renewables,71014749
ArchWell Health,71017612
Red Krypton,71034495
KTeam,71039360
RELISH,71043281
Cadenza,71043824
One On One Inc.,71044795
"OncoC4, Inc.",71045300
Agile Datapro,71049830
CR Creative Services,71062802
Hirsch Leatherwood,71064448
Teliolabs Communications Inc.,71067248
Tripod Networking,71070480
Securance Technologies,71081692
On Camera Image Consulting,71102449
Cavnue,71123075
"SERVPRO of Johnson City, Washington & Greene Counties Tennessee",71125358
Ochsner Lafayette General,71131832
American Elevator Group,71135263
Klap6,71138158
"Hale, Skemp, Hanson, Skemp & Sleik",71138168
The Elder Agency,71141113
Rivago Infotech Inc,71145765
Texas Therapy Resources,71147237
LiveFlow,71165557
National Alzheimer's Coordinating Center,71179644
Venchr,71186255
Hartigan Outdoors,71192773
Mission + Cause,71193275
Synapticure Inc.,71207928
Foundations Behavioral Health,71208789
Harmonic Finance Inc ™ | Certified B Corp,71209453
ALPHA DYNAMICS LLC,71211384
"nVenia, A Duravant Company",71212440
Avenue One,71220701
Congensys Corp,71221861
"Audacy, Inc.",71228931
Headsmart Solutions,71234685
Law Office of Rhett Burney,71235692
Palziv North America,71240573
"MetalStorm, Inc.",71244066
Pursuit Digital,71244140
Joulea,71247596
"Victorian Department of Families, Fairness & Housing",71251563
Room 8 Group,71267943
MSPbots - Careers,71268241
Bao Communications,71272094
Intelligenz IT,71273585
Siemens EDA (Siemens Digital Industries Software),71273635
Job Spread,71285001
Accord Management Group,71293601
Gozzer Ranch Golf and Lake Club,71297012
Elfonze Technologies,71299189
Mercor,71301545
Your Life Nutrition ,71301585
Storm4,71303127
arrivia,71309497
Encore,71316538
"Sabai Global (with Subsidiaries CBS (IBC), Castle IRB, Alpha IRB, and Shield Consulting)",71323043
Corza Medical,71324725
Fulfil,71324763
OurVision: Creative Design Services and Resources,71336189
"MYR Energy Services, Inc.",71339867
Plumb,71346710
Viltis,71353945
North Dakota Insurance Department,71358199
Direct Counsel,71358798
Apertor Pharmaceuticals,71364030
Amogy,71370536
Voyage Foods,71371792
"Living The Dream, Inc.",71371868
SilverSpace Technologies Inc,71373471
Mitsubishi Logisnext Americas Inc.,71399348
"Worklance, Inc",71400977
HighCloud Solutions ,71401185
FUSE Autotech,71402078
"City of Lawrenceburg, Indiana",71409747
Script and Ledger,71410521
Kanten Solutions,71411602
Truveta,71451871
Focus Home Health - San Jose,71471091
Catherine Hershey Schools for Early Learning,71475341
Impilo,71478037
Level Up Campaigns,71480522
"eHawk, Inc",71480807
CORE (USA) Investment Holding LLC,71481332
THEBIG4,71485617
Sthrive Agency,71492578
OP Labs,71494446
Climate Systems LLC,71496851
Yunex Traffic,71508606
Georgia Zikas Design,71514690
Ruppert Law Firm LLC,71516707
PXP,71519554
The W22,71524764
Linden Ave. Studio,71528340
Anuvu,71533424
Here (Here.fm),71534278
InfoMarines Inc,71539551
REGENT,71540831
North Alabama SC,71546457
"GNCO, Inc.",71549719
AmplifyBio,71550758
Camino Search,71553414
Renew Hope And Healing,71555913
Xplor Technologies,71555983
"Columbia Search Partners, Inc.",71558134
BTG Pharmaceuticals,71558880
ANB Limited,71560209
FedEx Logistics,71575605
Noah Medical,71578046
Galveston-Houston Immigrant Representation Project,71578611
Vezita Healthcare Inc DBA Vezita Consulting,71582282
Realkit,71585613
SecureKloud Technologies,71602553
Michigan General Office-Chuck Selinger-Partner,71602758
ISITE TECHNOLOGIES,71607371
Therapy Partners Group,71608178
Hard Rock Casino Cincinnati,71620103
Straight Arrow News,71622423
Lumber Plus,71623832
Earth Breeze,71627288
Alameda Corridor Transportation Authority (ACTA),71628973
Colliers Engineering & Design,71630305
iA American Warranty Group,71630337
New Reach Education,71632463
Brandywine Insights,71635719
Millig Design Build,71638617
Vardhan Medical Coding Private Limited®,71644541
Canid,71645262
ExaTech Inc,71646241
The Services Group,71646880
Bally Sports,71647200
Siri & Glimstad LLP,71649453
Elite Custom Builders,71650385
G&C Auto Body,71659688
Speak Speech Therapy LLC,71661203
Parker Health and Rehabilitation,71662007
Alined Consulting Group,71662986
Hadrian,71668100
Center Design Studio,71669247
Zepp Health ,71672713
NavSav Insurance,71678949
"Dickson Law Firm, LC",71679139
Skycharger,71683549
Beyond Gravity,71683649
Blue Link Wireless,71700526
Arrowhead Programs,71701276
One GI®,71716289
APPROVE,71719006
Legacy Search Advisors,71719247
G.A. Rogers & Associates,71721166
Summit Health,71726952
Forge Search,71729099
Schnellecke Logistics USA,71729260
Fortis Life Sciences,71734435
Fair Oaks Recovery Center,71735214
Sylvamo,71740470
The US Sun ,71748179
Proof of Search,71757347
Pipio,71759183
HOLT Truck Centers,71792314
CMB Staffing Solutions,71804625
Jones Road Beauty,71808121
VEIR,71833071
SingleStore,71851558
HealthPRO Pediatrics,71867511
Goldbelt Frontier LLC,71880744
MITA,71882580
Summit Strategy,71883560
Best in Backyards,71895406
International Systems Technologies Inc.,71901687
Actalent,71904349
Tech Sierra,71910736
Express Employment Professionals -Northeast Sacramento,71930788
"American International University, Kuwait",71937956
BlueTriton Brands,71945896
EdgeGlobal LLC,71951690
City Experiences,71956779
"University of Houston, Kathrine G. McGovern College of the Arts",71974097
Community Horizons,71978019
Salesbricks 🧱,71978116
Heirloom,71987947
Neiman Law LLC,72006550
Terbium Technologies Inc,72010234
Global Financial Impact,72010704
Nascent Technologies Inc.,72015472
Embassy Suites by Hilton Deerfield Beach Resort & Spa,72019589
Hamstra Heating & Cooling,72022194
Treeswift,72041438
Harbor Capital Leasing,72043933
Green Rodent Restoration,72044568
Front Page Agency Inc,72048137
Saturday Night Network,72056908
Raytek Federal Corporation,72060539
SS Software Technologies,72061315
"Foster Remodeling Solutions, Inc.",72062334
acxhange,72062942
Raise,72081740
Ralston College,72092676
Capgemini Engineering,72092703
The Sustainable Partnership,72094963
Key Precision Marketing,72102369
AGS Cyber,72106258
Medexec,72124856
Lead Advisor,72139474
"Anglicotech, LLC",72143958
Martin & Cobey,72153939
Bridge Specialty Group,72162326
Kodi Inc,72162876
Sierra Space,72164278
Olly Olly,72187185
Career Blazers Nonprofit Search,72209642
The Accounting Lab ,72222574
"Riverside Staffing, LLC",72234947
Project 8p Foundation,72280093
Jeeter - a DreamFields Brand,72293571
Melbourne Archdiocese Catholic Schools,72302032
Energy Solutions and Supplies LLC,72303532
Terrell Refrigeration ,72307419
ABC Farigua Division,72313277
FTI,72322821
Acute Rehabilitation Hospital of Plano (formerly Accel Rehabilitation Hospital of Plano),72323183
Future solutions,72324053
"Woodford Sathappan McGee Co., LPA ",72329891
The Crox Group,72332830
Trove Tourism Development Advisors,72340920
Zaddy Solutions,72344835
Anchorage & Valley Radiation Therapy Centers,72363228
SeedPod Cyber,72413101
The Brand Architechs,72413633
The Education Collaborative,72415084
A Life Of True Bliss,72426100
HR By Karen,72448690
"Evolution Environmental Asset Management, LP",72460832
Keller Williams One,72488877
Georg North America,72505496
Elev8Talent Group,72510365
Rain Engineering,72510423
Resilience,72516576
topGrads,72559323
CollisionRight,72564191
Aroris,72599488
ANELLO,72606970
Connected Health Care,72610772
BlueStar LatinAmerica & Mexico,72622139
Inhalon Biopharma,72624688
Bakery Bling™,72635370
Clear Strategy,72651711
Evara Health,72668882
HTL Freight,72678156
"STHRN Hospitality Co., LLC",72678520
ProfitSolv,72679563
Total Aviation Staffing,72706137
GovGig,72708452
Nectar,72711420
Healthier Mississippi People,72714476
Blue Owl Capital,72726575
Patco Brands,72727461
DRONEWORK,72728200
Tribune Wired,72734660
Creative AdBundance,72751385
Matter Surfaces,72755038
UroViu Corporation,72763067
MSRP- Maryland Teachers and State Employees Supplemental Retirement Plans,72763081
RSK Environmental LLC,72770485
my3Twelve,72977213
Parallel,72988702
A.I.R LLC Advanced Indoor Resources ,72998054
Kyndryl,73002693
"Network Architects, LLC",73012124
J. Galt,73013724
You.com,73014032
CyberX Info System,73017499
ARQAI LLC,73019470
Anchor Talent & Consulting,73022349
goop Kitchen,73062843
Kanak Naturals,73073173
The National Transportation Center at Morgan State,73183196
"Riverscape Search Agency, LLC",73185238
Shipping Pilot,73192215
The Club at Lake Gibson,73196586
Spotless Brands,73201896
Lisinski Law Firm,73209383
TCP Analytical,73227858
Warner Bros. Discovery,73234923
Hunt County Children's Advocacy Center/Crisis Center of Northeast Texas,73242866
Gilgamesh Pharmaceuticals,73246410
Veris Insights,73251499
Chery Group,73260268
Snap One,73263740
Lauriebelles,73328651
The Las Olas Network LLC ,73439844
Rider Solution,73514628
Excelsior Capital Management,73772656
Roldan Executive Search Group,73789809
Ascend,73792220
GLP Capital Partners,73795087
"The Lisa Sanderson Team, Keller Williams Real Estate",73817223
Impact Wind,73826049
"Maplewood, New Jersey",73829234
Prenosis,73833350
Concourse Financial Group,73836834
Optimus Blue,73841680
GC Recruitment,73845708
People Maketh,73857723
"Educational Furniture Solutions, LLC",73895172
"Pacolet Milliken, LLC",73928587
Buchanan Logistics,73931165
SitePro Rentals,73935429
Gaia,73938854
Lennar Mortgage,73963099
OneForce,73979215
The Lede Company,73982890
WorkTrust Solutions,73983791
Veranex,73984675
Lingua Franca,73999443
Superior Risk Management,74028559
First Derivative,74040923
Anabranch Recovery Center,74050406
Midwest Cardiovascular Institute,74052286
Remoto,74055513
Agilix Solutions,74058629
"Creative Art Therapy Place, PLLC",74066957
SYNERGY HomeCare of Westchester,74067844
Technika Search,74075477
TekJobs,74081323
Sharky training and consulting Inc.,74085352
Talently Recruiting,74097560
COVA Brewing Company,74102616
Huntress Talent,74102672
Klarity Health,74104582
Budgetwise,74107090
MBS Land Surveys,74113076
Undercurrent Technologies Pte Ltd,74115010
"Pivot Workforce, LLC",74117501
Total Talent Search,74117663
Anthropic,74126343
Ascension Marketing Inc,74134329
"InESS Solutions, Inc.",74140747
Cage Riot,74141934
UL Research Institutes,74148253
Munich Re Specialty Insurance,74149514
"Horan Hiring Solutions, LLC ",74160429
Apopka Health and Rehabilitation Center,74161427
Thrive Hair Bar,74185388
Snap-on Industrial,74197817
Blenko Glass Company,74200210
Aleixo Technologies,74220496
TML Commercial Services,74235055
"The Avery Group, LLC",74260736
Gal Media Group,74282021
FourthSquare,74283968
Renand Foundation,74289624
NEXHR,74289972
Bally's Interactive,74293281
Adobe Population Health,74299267
Bellevue Public Schools (Nebraska),74301659
ALK Asphalt LLC,74304437
Five Star Recruiting and Staffing,74306759
The Nifty,74310498
Penn Machine Company,74310530
Aurion Biotech,74316032
The Facilities Group,74319721
Feastables,74333066
Broadmeadows SDS,74335050
LoanGuys.com,74336462
Column Tax,74341855
Inn at Cape Kiwanda,74345698
"myTOD, LLC",74347068
MiRXES USA,74349816
Revalize,74352394
Infinite Motors,74357171
The Animal Doctors,74357230
ENC Nature Preschool,74358721
BLUETTI,74359099
Procorp Systems,74360153
talisman advisory partners,74364029
Expert Enterprise Utah,74367050
The Jewish Leadership Academy,74374474
FirstFour Staffing,74447924
United Recovery Project,74467808
Northeast Digestive Health Center,74474116
Acceler8 Talent,74475378
Morabits,74480558
eBuzz Solutions,74481337
RAYUS Radiology,74491056
Eagle Tech Consultants,74506417
International Fund for Public Interest Media,74507106
Nebula,74511026
abrdn,74514529
Viva Tech Solutions,74519793
ITP (International Talent Partnership),74526101
Transformations Care Network,74529477
Berkshire Agricultural Ventures,74538801
EKA Planning Services,74539755
PARC Home Care and Hospice,74539983
beem Light Sauna,74540132
Associations & Meetings by Design,74540494
Ripple Effect Studios ,74544009
Smalls Sliders,74556208
"Southern Gastroenterology Associates, PC",74558521
SHEIN Distribution Corporation,74571418
NUNCHI,74576282
BrightAI,74580670
"Howard CPA, LLC",74599109
MCubeSoft,74604183
Spark Packaging,74604341
The Hire Method LLC,74608953
Crete United,74615241
Drylock Technologies USA,74618109
"Aerovate Therapeutics, Inc.",74619848
Hueman Private Equity Talent Solutions,74621231
The Counseling Clinic,74673901
Replo,74675845
palmstreet,74679636
Nextnet,74683362
GOTION HIGH-TECH,74687373
Libsys Inc,74694602
Club Fugazi Experiences,74695589
Liberated Brands,74698256
Maya Bridge Language Services,74700746
Inversion,74704447
Optima Organizational Solutions,74704925
Boys & Girls Clubs of South Central Kansas,74708667
VinFast US,74710480
The Better Being Co.,74713745
Auros,74715827
Aspire Bakeries,74718032
PS Companies - Healthcare Staffing,74722548
Harba Solutions Inc.,74722833
"IVA'AL Solutions, LLC",74722887
Integer Technologies LLC,74724460
American Hydroseed,74725270
Hudson Burnham,74728673
The Cosmetic Surgery Expo,74728718
UL Standards & Engagement,74732098
.efficiently,74734646
Hexa Creation,74735146
Distinct | North America,74737266
Wear Ever Jewelry,74739878
RedBalloon,74746043
Coactive AI,74746790
Eastern Indiana Works,74748093
Better U,74753548
Chick-fil-A Supply,74755996
IMA AUTOMATION,74758215
Fizz,74758844
Salient Operations Group,74759198
That's No Moon,74762405
"Rahimi & Israel Law, APLC",74765851
Anja Health,74767633
Agility Recruiting,74772057
Fixity Technologies,74777356
Reliable Sign Supply,74781049
Levin,74796810
Rainey Property Management,74803946
Brighton Volunteer Ambulance,74811837
JAD Group Inc.,74814864
Big Brothers Big Sisters of Broward,74835950
IJW Whiskey Company,74839871
YOM Solutions,74848559
BigBear.ai,74870236
SocialHub®,74879906
Favored,74880689
Glean,74882602
EA SPORTS,74884070
Tampa Connections,74885112
Firstup,74891327
Delta Construction,74892224
Western National Parks Association,74892872
Up Above Nanny Network,74893478
OurDate,74895580
Greenday Finance,74897369
Highridge Medical,74899775
Paramount+,74900349
Teledyne FLIR,74902851
Evergreen Nephrology,74904301
The Cake,74906914
Insight Risk Technologies,74911074
IDD Aerospace Corporation,74915668
"Freedom, Inc.",74917126
Melton Hospitality Advisors,74919054
Prime Partners,74926117
"3-11 Cloud Consulting | NetSuite Alliance Partner",74926572
Blue Oceans AI,74935744
Multiple Network Solutions,74937195
Indigo,74941835
Kinetic,74942623
"CJ BIOMATERIALS, Inc.",74946457
"Rubicon Recruiting, LLC.",74950283
SSC Inc,74951279
Miramont Behavioral Health,74952720
Jack Vawdrey LLC,74952889
TD SYNNEX,74956728
Noble Tax Strategies,74961633
Infocepts Inc,74969321
Crew Capital,74971536
Main Connections,74985176
CSI Creative (Architectural Interior Acoustic Solutions),74989039
Volunteers of America National Services (VOANS),74994575
Tech Maven,74997040
IOM-USRAP DC,74997179
Monolith,74997181
"Guardian Consulting Services, Inc.",75001559
Swickard Auto Group,75011834
SAWGRASS CONSULTANTS,75021825
NIRSense Inc,75023654
"The Dignify Solutions, LLC",75031133
Consult Energy USA,75031276
Belindo ,75033595
Rising Aviation High School,75038620
General Services Corporation (GSC),75038941
ARC Industries,75039888
SKILL BIRD,75041012
Vision Financial Group,75050276
ELEMENT2 GROUP,75053738
The Salvation Army USA Eastern Territory,75053811
Larson Maddox,75056372
Johnson County K-State Research and Extension,75058419
JNLTechnologies Inc,75059318
Cloudinity Inc,75068177
Wolff Pedelec Inc. (Wolff E-Bikes) ,75068855
Southeast Handling Systems,75071753
Bee Talent Solutions,75078786
Acruex Inc.,75103348
Samson Rose,75103905
"9Yards Technology",75113640
eCommerce Scaling Secrets,75129348
NightLight,75134694
PALFINGER North America,75155324
Upward Trend,75388921
Alliant Biotech,75400708
Proctor Loan Protector,75407943
Ontogen Medtech,75417342
Reed Foster ,75424253
"Prime Inspections, Inc.",75434245
Homeward Bound of WNC,75434952
Asplundh Engineering Services,75436848
Bird Medical,75437727
Carbonsoft,75437831
FinTrust Connect,75440441
"Express Employment Professionals - Champaign, IL",75448584
Two Six Technologies,75453814
Dynamics Door,75467678
PineTree Therapeutics Inc,75467976
Real Chemistry,75469635
AGPROfessionals,75472485
Veazey | White,75474929
Wallaby Search & Placement,75514502
WAI Media,75519117
Interwell Health,75530431
Baumy Media,75531631
MSU Department of Forestry,75533370
Tort Experts,75557987
SHEIN Technology LLC,75574270
"Avior Wealth Management, LLC",75581607
Krasan Consulting Services,75584764
MAC Partners,75589548
SynMax,75590176
Elevate.inc,75591699
AtekIT,75603990
Upper Seven Law,75605778
Avison Young | US,75609384
Sporty & Rich,75616946
Quiddity,75621179
All Dry Valley Of The Sun,75629821
Kushi Civil Structural consultancy Pvt Ltd ,75631879
"Mitsubishi HC Capital America, Inc.",75644973
Group Eleven,75649854
LinkJobs,75652015
Qualibar,75652254
Polygraf,75652667
RootStaff,75665756
Altos Labs,75669608
DEREK LAM 10 CROSBY ,75670361
Lifetime Quality,75719358
Function Health,75720435
Refined Medical Staffing,75723291
Spire Orthopedic Partners,75724188
SageHome,75726781
GWIND,75727653
Veterinary Innovative Partners,75742388
Grapefruit Health,75744349
Clear Start Tax,75756975
TekPro,75759323
Mendota Health,75765066
Alice L. Walton School of Medicine,75768490
Vtechys,75862255
Diment & Associates,75865873
ApartmentAdvisor,75870956
TMC USA Employeneurship,75876381
Bespoke Real Estate,75885310
EMD Electronics,75892429
AAA Auto Club Enterprises,76074281
Inspire Agency,76076129
CommuniCare Advantage,76076359
"LX Pantos America, Inc",76079151
Invincible City Developments ,76080926
Alpine Physician Partners,76084879
Honest Medical Group,76087697
Trafodion,76087721
OSTTRA,76102337
medmix,76108912
Alex Hales,76111096
Cyber Guardian Threat Solutions LLC,76112399
Pacavo IT Consulting,76113972
Inclyousion Sports,76115833
EyeProGPO,76122646
Corpay,76126558
Comprehensive Treatment Centers,76127808
Omicrown,76133108
Jade Street Consulting Inc.,76140002
Sasas Mix,76140425
Galvanick,76146101
"Amply Energy, Inc.",76163713
Voldebug Innovations PVT. LTD.,76165303
THIELEN & GREEN,76166878
Syndica,76168224
Bedford Stuyvesant New Beginnings Charter School,76170330
Hitachi Energy,76171420
Hona,76176497
Bobidi,76184891
Embodied Wellness Center,76199326
ODP Business Solutions,76200767
Fuerda Smartech,76201462
American Equipment Holdings,76201627
Sagility,76202589
Zurn Elkay Water Solutions,76205502
Cain & Mann,76208285
Chainguard,76213412
Intelletec Energy,76214850
Apex Placement & Consulting,76214865
Dr. Vince Clinical Research,76214880
GreatWater 360 Auto Care,76214895
Tiposi,76216204
"Stellant Systems, Inc.",76217848
Halcyon,76227414
"Kona Village, A Rosewood Resort",76227652
Regis Group,76229490
Allegiance Title of Arkansas,76231392
Pathway Homes,76235078
GITSIT Solutions,76241366
Bedford Staffing ,76245421
Tempo Therapeutics,76246121
Included Health,76251470
Jobot Health,76252253
Marimn Health,76253252
NeuroJust ,76256528
Elevated Search Partners,76259801
SIMPLE®,76262847
Aevevo Technology,76267845
Clarity Security,76321666
N-able,76322470
CenterWell Senior Primary Care,76323347
OERTZENGroup,76323674
Adbakx,76324405
Grow by Gifting ,76326157
Project Floral ,76340632
TaxPlanIQ (SaaS tax planning for accountants),76345004
Rocket Mortgage,76349528
Edison Smart,76357488
East-West University Chicago,76358677
Snowrelic Inc,76360107
Universal Vidya,76376841
Vannin Chief of Staff,76384697
URL Media,76396939
HexaQuEST Global,76412394
AEP Ohio,76422708
Singleton Schreiber,76430454
"GXO Logistics, Inc.",76440728
Aladdin Campus Dining,76452487
Vector Recruiting LLC,76473003
Dodge Construction Network,76474273
"Reailize, a B-Yond company",76475254
S4S Tech LLC,76475891
Ace InfoTech,76479092
BIMTM,76487615
PeopleOps Jobs,76493558
Altius Dental ,76497087
Worldcoin,76499266
Thrive Pet Healthcare,76500049
Allegiance Technology,76502907
Cloud Space LLC,76507853
University of Michigan Health-West,76515231
JavanTech Inc,76517634
Fostio,76520882
Ahold Delhaize USA,76521590
DSW,76530875
Indigo Tech,76532383
Touma Law Group,76534749
District Custom Woodworks,76537168
Lexington Independents,76541226
Verbsz Marketing ,76543228
Civitas Resources,76549112
Odingard Capital Management,76549708
South Atlanta Injury Lawyers,76557184
Merican Inc.,76557506
Alliance Consulting Co.,76558295
"Hire Writing, LLC",76577883
Endeavor Academy,76580944
IntegrateUp,76584435
Nile,76586243
Killer Queen Detailing,76599939
XYZ GOAT,76607885
LLS & MAS Inc.,76611449
CARGO Therapeutics,76621224
Personic Health,76622202
Ivy Living,76625314
Oklahoma Commission on Children and Youth,76625329
altafiber,76635368
"Evolution Recruitment Solutions, USA",76637056
Fontainebleau Las Vegas,76638389
Greymatter Innovationz,76639430
GloballyHired,76640213
Stardom Employment Consultants,76640333
Honey Homes,76641893
Kelly Ross State Farm Agency (AZ & IL),76644667
House of Colour® USA,76648651
Red Horse by David Burke,76679021
Home Care Powered by AUAF,76679731
White,76711640
Slam Media Lab,76719753
Helix Tech IT Services,76719929
Sweven Infotech,76727858
RAPS Consulting Inc,76735050
IVOSTUD,76742552
Modern Acquisitions,76743415
International Research Institute of North Carolina,76754800
Optimal EV,76759070
Sevita,76775639
Upper Echelon Products,76776444
Passerelle,76794605
GDK Services LLC,76864267
Accent Dance NYC,76873372
Singer Safety Company,76878233
"2020 Tech IQ",76880902
Advanced Medical Balloons,76881122
The Sixpence Wedding Venue and Event Space,76885885
VoyceMe,76928217
Aborder Products Inc.,76929906
CNA Search,76935845
Trinity Health FirstChoice,76943993
Gaze,76947396
McInnis Engineering,76974522
Life is Brewing,76974922
Round2POS,76977611
Stratejia Group,76981535
Pitch Labs,76982478
GOYT,76987056
Facebook,76987811
Mango Power,76989136
Abrams Search,76993027
The Vein Clinic of Dallas,77003201
CENTURY 21 North Homes Realty,77003969
"Gregor & DeMonaco Construction Services, Inc.",77004300
ALKEGEN,77006575
Engaj Media,77019006
OMS360,77045367
Locke Staffing Group,77051956
ViaPath Technologies,77052821
Nimble ,77053322
SW5 - Software & AI Talent,77056563
HSO Executives Inc.,77056741
CornerUp,77061828
KaiAloha Supply,77075551
Fiume Capital,77097700
Ghost,77104590
NuCicer,77105415
Vantage Point Risk,77109378
ONEsource HR by Nix LLC,77111812
IICA Speech,77112188
Netforce Solutions,77115616
Nuts Factory New York,77117475
Fraunhofer Karriere,77120004
Jung Kwok Jin,77122915
TekOne IT Services Pvt. Ltd.,77127902
Peak Partners,77128560
Codebase Inc,77129265
Fortitude Family Office,77129542
b19 Consulting ,77130340
Funga,77133274
Cignitix Global,77143708
Reel Fathers Rights APC,77145037
"VMC Soft Technologies, Inc",77158779
"Martinique New York on Broadway, Curio Collection by Hilton",77159180
True Scout Partners,77160392
Winn Incorporated,77162074
Equitable Social Solutions,77163989
KISS ABA,77169664
Echo IT Solutions,77185102
Elite eXceed,77215487
Ryan RPO (Recruitment Process Outsourcing),77218211
LunaJoy Health,77230639
Chef Crafted Nutrition,77234081
Agilitech,77242138
"Recruit Staff Hire, LLC",77259916
INDI Staffing Services,77264419
INUIX LLC,77279406
GDA,77295934
WIN Waste Innovations,77318089
Alias Intelligence,77324407
Launch 513,77374570
SPG Consulting,77402918
OneBridge Search,77577019
Accelerate Professional Talent Solutions,77580969
Industrial Sun,77583193
Talient Solutions,77586042
Life Sciences Recruitment ,77608712
Northstar Preschools,77610081
Verve Search Group,77612023
TekRyver,77615894
Sower Investment Partners,77616740
happy productions,77630357
Club Data Science And Cloud Computing,77632334
Evident Scientific,77633193
TRIUN3,77637529
Sanvenero & Cittadino LLC,77647196
Weekender Hotels,77654572
"Anthem Consulting Engineers, PLLC",77657790
ololand.ai,77677559
LV Search Partners,77681967
Tropicana Brands Group,77686795
"Childhaven, Inc.",77687309
Rabi Shamis,77690375
Mountaintop Solutions Inc.,77693560
Audily,77697434
TraXtion,77707346
VieMed Healthcare Staffing,77711881
JVM Global Inc,77712306
Four One Nine,77714976
Capture Growth Solutions,77723737
Third Harmonic Bio,77724572
StratITech,77725098
Solidigm,77727601
Upheal,77728457
WACBD - Washington Center for Bleeding Disorders,77728930
Strategic Value Publishing,77733045
Modern Football Technology,77738075
Park Square Financial Group,77738326
Point NorthEast,77744391
Truicity Wealth Management,77745426
"Alterome Therapeutics, Inc",77752228
Samsung Semiconductor,77752302
Aniles & Company CPA Firm,77756703
Careers @ Graham Packaging,77758478
Plentysure Agency,77759770
Hudson Court Reporting,77762329
Calfus Inc.,77763351
Jardeg,77763923
DOIT Security,77764260
Normalyze,77766260
Vertex Hospitality Group,77766673
Live it Up,77766705
"LuxWall, Inc.",77768564
Raindrops,77769152
Suretouchleads,77770138
Umanist Staffing,77869403
Bank of China USA,77876545
Telvero,77878163
"SRL Motors, Incorporated",77881781
Tiro Solutions Group (TSG),77882065
Sharper Office Admin ,77897822
Alside,77910095
Ransom Digital ,77912095
Lemon Adds,77912635
Frontline Road Safety Group,77918098
WorkMade,77930714
Shore Clinical TMS & Wellness Center,77941958
Schultz Insurance Group,77953488
Overhead Intelligence,77979779
AbleLight,77982542
Latitude Pediatric & Family Clinic,77999128
Bilfinger Engineering & Maintenance GmbH,78015479
Relévant Galleries | AD Galleries,78038538
Crypto Recruiters,78055708
Pennichuck Water,78059859
Workstam,78060668
"270 Media LLC",78061848
"Hanker Systems, Inc.",78063959
"Highly Marelli USA, Inc.",78065316
Coast,78066259
StaNu,78075988
Pareto USA,78102861
Wiingy,78126838
Brookfield Renewable U.S.,78133768
Conveyor,78140238
Maxim Healthcare Services,78283079
Jamble (YC S22),78284914
Rockin' R Search,78284990
PRIME,78288022
OnDeck Solutions,78290955
RJI Search,78292057
stevla,78304106
We Search People,78322617
SP Software Solutions,78326739
World of Reza,78331809
Heskin Martinez Law Group,78333018
DOCS Dermatology,78339785
CONDUCTR.,78339950
Deluxeton Homes,78340677
"1800hiring.com",78348290
"PC Collins Company, LLC. ",78348859
Stay AI,78349475
BluePrint Supply Chain,78352701
Conrad Los Angeles,78354807
Yellow The Label,78370913
LifeWave Corporate,78374176
"TK Machine, LLC ",78375524
Concentrix Catalyst,78376151
Paramount,78378114
Bahareh Legal,78382230
Cheetah Capital,78383615
Terminus Solutions LLC,78389229
Amazon Games,78392228
Apogem Capital,78392660
Mochi Health,78397379
New England Association Services,78417613
TBD,78426215
Placement Counsel,78435524
The Good Steward Financial  System (TGS),78444636
Zenotis Group,78451299
"KRK Resources, Inc.",78451754
Apres Nail,78459968
Specialty1 Partners,78461596
Talent Strap,78463611
Morado Financial LLC,78463615
Balance Now,78466074
Samsung Research America (SRA),78467539
"3MetaD",78469240
Talentooze,78538217
GolfRoots,78579135
Techrupt Innovations,78601632
Geode Health,78605725
Project Recruit,78612732
Electra,78627785
Koantek,78632700
EAGLEPay.us,78680932
Vendelux,78685992
Bonterra,78691110
"NoeCee Global, Inc",78704121
Bestinfo Systems LLC,78708714
Saxon Aerospace USA,78724186
Tasty Brands,78730039
Twenty Three ,78735585
Vernon Construction & Development,78738610
CBase Inc,78747640
Refactor Talent,78748154
Midi Health,78749228
SourceBae,78759665
Outsourced Fashion Consulting,78782083
Navy Region Northwest Fleet and Family Readiness (FFR),78782186
MDMartin Staffing,78787192
CMD Electric,78801349
Way2Class,78806436
Harrison Richard Group,78808962
Positive Masculinity Now,78817059
Force Scaling,78839463
Cosmic Pro,78842345
Doctors Without Borders/Médecins Sans Frontières - USA,78850703
HI-Bio,78851607
Closers.io,78853109
"Asempe Kitchen, LLC",78985360
VCloud Global,78988388
Big Fish,78992079
Fliteway Technologies,78994415
Calyptus,78996142
Imagine Pediatrics,79000927
Bobby's Burgers by Bobby Flay,79005510
Steuben Foods Inc.,79009037
Envision Technology Solutions,79011799
Pixocial - Human First AI,79013926
The New Bar,79014374
CityDentist LLC,79019860
Genovations Media,79024089
Talent First,79026605
"The Cummings Law Firm, LLC",79027511
Nightingale Veterinary Partners,79036373
Pinnacle Live,79042954
Outside Chief Legal LLC,79057770
Stone Hendricks Group,79071694
Hyring.com,79086233
EQ Consulting Inc,79093668
"GeoBizOps.com® - Government, Defense & Aid Contractors",79095872
Hard Rock Hotel & Casino Bristol,79101279
Infinite Capital,79107362
"M3Sixty Enterprises, LLC",79117280
VELA,79122225
Career Collective,79124276
Marq,79125001
Magrathea,79126141
Telegraph,79131372
Norstella,79134089
RMA Companies,79135403
Agency of Valor,79138055
Greystone Monticello LLC,79152188
Light & Wonder,79153265
Tek Ryders LLC,79173274
SEROTONIN Anti-Aging Centers,79292042
Red Tail Acquisitions,79305002
Annonymous,79315975
OneSparQ,79316462
AgriCapture,79318061
Integrity Home Exteriors,79327782
Vetted Health,79335544
Early Childhood Educators Circle Time™,79338954
Motto Mortgage Cooperation,79345849
Illinois Interactive Report Cards,79354413
"Campbell Law, P.C.",79359327
"Cira Tek, Inc",79365128
Zelantetech LLC,79369901
Savista,79370036
Natixis Corporate & Investment Banking,79376776
DoD Chief Digital and Artificial Intelligence Office,79379892
Akkodis,79383535
finEQUITY,79383729
Infinity Business Group,79389296
Family & Child Therapy,79392105
Best Brilliance,79393264
GeorgiaTEK Systems Inc.,79410056
Culbertson Resources Inc,79422398
Service Minds,79424201
Divorce.com,79430299
Pathward,79436892
Capilaux ,79441724
The Smith Family Agency,79445261
Myroutex,79445545
Shortbarrel Bourbon,79451136
UCF Lake Nona Hospital,79455423
HCA Florida Brandon Hospital,79458773
HCA Florida North Florida Hospital​,79462541
HCA Florida Largo Hospital,79463460
HCA Florida Northside Hospital,79470184
Ehub Global Inc,79482021
Irresistible Foods Group,79485096
FreightTAS,79488832
U.S. Space Command,79488871
Snow Horse Marketing,79490181
SEIU 1021,79490998
Persimmon,79492275
Tanbii,79492965
KORE RPO,79493235
Lumicity,79500056
PSIRCH   (x @psirchq),79519549
Professor Seagull's Smartshop and Psychedelic Gallery,79524326
MindKind,79525283
Mobile Apps US LLC,79530158
Comfort Air Distributing,79557151
CITY Boots,79561820
GHJ Search and Staffing,79563049
Unidor Consulting,79563079
Gallery Department,79570409
"ICS - Integrated Cable Systems, Inc., A Trexon Company",79575719
Urban Office,79585218
MA Office of Campaign and Political Finance,79588596
"OLH Technical Services, LLC",79589378
BHC,79590389
Black Digital,79595429
Rivus Pharmaceuticals ,79619173
Enovis,79627005
UBteam,79631348
Scenic City Neurotherapy,79646360
"Pullum Advisory Group, LLC",79650463
"1776 Logistics",79658184
ICC Community Development Solutions,79666935
Cintas Canada,79691811
Atmospheric G2,79693228
MillerKnoll,79716451
Datos Insights,79719349
Womenful Voice,79723249
AgSpire,79724057
Resolute Solutions,79727642
Bessemer Management Company,79729577
Weplace Global Consultants,79730099
Pure Health Clinics,79730635
Stone Rose Law,79730899
Integrity Controls and Test & Balance Inc. ,79734170
Contexture,79751913
PISTOLA Denim,79753277
Dewey Smart,79757094
Excelon Solutions,79760947
Evergreen Law PLLC,79764221
BritBox International,79765456
Office of Energy Infrastructure Safety,79766923
Duly Health and Care,79769757
Inspire Marketing,79776103
Shoreline Wealth Management,79781328
Air Building Technologies,79784024
CRM Technical Staffing,79793491
Thea Pharma US,79797169
NBC Sports Next,79809662
MethodHub,79816265
Qualitative Financials,79830368
Convera,79833517
ABA Centers of Florida,79836060
Cohen & Company Capital Markets,79849665
HR Growth Partners LLC,79850619
Doctor's Choice Home Care & Hospice Texas,79852356
LMR Technical Group,79852512
Heavenly Landscaping & Lawn,80571331
TAG - Transportadora Associada de Gás,79858779
Express Employment Professionals - Meriden,79862570
Brink Chiropractic Clinic,79870256
TAG - The Aspen Group,79870456
Engineered Staffing Solutions,79878862
Extend Information Systems Inc.,79879166
Bright Minds,79886426
Kaizer Software Solutions,79886558
Tri-CoGo,79892169
Blattner,79892817
RKA,79894129
Elias Law Group,79900648
Navan,79902774
"Bradley Professional, A Division of the Bradley Group",79913501
THE ARM GROUP,79919162
"American Student Transportation Partners, Inc.",79919253
High Beam Marketing,79939723
BSM Partners,79956006
INAMAX Powered by Ultra,79965594
Pure Talent Consulting,79982254
Slatkin & Co,79982379
Corient,79983206
Sarasota Clerk of the Circuit Court and County Comptroller,79984425
zant,79985328
Corebridge Financial,79988879
Pioneers ,79989243
TheKey,79992118
Bemba,79992870
Brightly,79992924
"3V Sigma USA",79999613
Richland School District,80004189
Kameneva Marketing Agency,80006619
Virgo Solutions,80006625
"Eye Care For Detroit, Inc.",80009129
Southeast Building Supply Interests,80012327
Engineering Talent Solutions,80012378
"1st-Recruit LLC, An E-Verified Company",80021800
Clearwave Fiber,80029476
Haleon,80030090
Super Home Services,80032157
Beat the Streets - Baltimore,80035487
Vertical Mechanical Group,80037591
National Home Corp,80040053
"Choice Tax Relief, Inc.",80041758
Penguin Solutions,80048785
"Carolina Precision Foods, LLC",80049203
Woodland Manor Nursing and Rehabilitation,80064150
Martin Street Inc,80065524
Chef Nick DiGiovanni,80070260
Preneurverse,80076010
Pure Holistic Dental,80076158
iMagnify,80078228
Gold Star Gamers,80079969
Joy Photo and Video,80080418
Hard Rock Casino Rockford,80080883
"The Headhunters, LLC",80083953
Block,80086817
Watercress Financial,80088556
Physician Life Care Planning,80089904
Azenta Life Sciences,80092649
Lotte Global Logistics North America (LGLNA),80093592
MintLeads,80095205
"Health Systems Management, Inc.",80098167
Anazala Family,80110079
Optica,80123489
Helping Hand Staffing Inc.,80123523
Surestone Group,80151305
The Opus Group,80152071
"RIKR Technology, LLC",80157955
Red Sea Consulting,80160450
Lactalis Heritage Dairy,80164640
"Triunity Software, Inc. ",80167387
Nott Shots,80181829
airx health,80185224
Kidspace Therapy,80187919
Stellarwins Solutions,80196681
RTC Aerospace LLC,80201838
My Rental Spot,80209949
Veritas Legal Recruiting & Advising,80214879
Talent Direct Innovations,80216479
"Protechture, LLC",80221526
Republican Jobs,80231028
W3Box,80238768
FERMÀT,80241339
Comparion Insurance Agency,80246220
Invisinet Technologies,80249993
Autel Energy - North America,80250781
Business Consulting Specialists,80250918
Vibrantz Technologies Inc.,80251012
Bar Harbor Fire Department,80254109
Preferred Search Group,80269468
Synergent Tech Solutions,80272069
Oxford Health Group,80281350
Logic Auto,80282350
LADD ASSOCIATES INC.,80286823
CRM Messaging,80287929
"JMI Recruiting Services, LLC",80291068
The Fundraising Group,80291848
Barclays Bank US,80296245
VitalCore Health Strategies,80298050
Morton Contemporary,80301394
Tree of Life Counseling Center,80301496
VitaTek,80303934
Grendene Global Brands,80305606
Innovya Technologies,80315844
Grunwald Mechanical Contractors & Engineers,80316732
Cybele NY,80318022
Premier Brands Group Holdings,80318658
J. Lynn Services,80323600
Brown & Brown,80333124
Momentum,80338261
MECCA Hospitality Recruitment,80355697
Teal Energi,80358764
New Mexico Courts,80381133
"Artivion, Inc.",80382309
TABL Service LLC,80384816
Rowan Hall Interiors,80388285
Cannabis Employment Professionals,80392228
Clario,80410136
Cali Kids Urgent Care,80412354
TAQ Energy,80415888
The Graham Smith Team - Keller Williams Integrity Lakes,80416103
American Lumper Services,80423756
"Erickson Demel & Associates, PLLC",80430974
The Fitzgerald Agency,80432382
Status Solutions,80438124
Trellix,80443373
Lightspeed Construction Group,80443442
CarsonLynch Professional Search,80451189
Kate Marker Interiors,80476146
AEC Alliance,80482784
Meds.com,80486132
ASAP Associates,80492233
"Full Range Physical Therapy, LLC",80495395
OotdOotn,80498456
Valor Realty,80500000
Pace® Labs,80515234
Accor - North & Central America,80516368
Affinity Entertainment Inc,80530665
Core Talent Services,80533017
Kindred,80552324
Ultra Soap International,80556122
MPCH,80557058
Parzy Consulting,80635700
"Southern Electronics Supply, Inc.",80641397
Map Design Studio,80642851
Houston MJ Associates,80650486
Kingdom Factor,80652554
FlexPro Meals,80660977
Parin Technologies,80666453
"7 Star Brokerage",80667354
MasTec Power Delivery,80670851
PENNEP,80684099
Virginia Office of the Attorney General,80685998
High Bridge Consulting LLC,80687898
FamilyWell Health,80692357
Fiona Solutions,80693272
Hillmont Group,80695222
Environ Energy,80709499
ECU Health,80711640
WEEX,80727999
FeinZalkin Interiors,80729032
Discovery Therapy,80730287
Swilled Dog,80740052
City of Bloomfield Hills,80741124
Dotdash Meredith,80753330
ArentFox Schiff,80758317
Incite Consulting,80770693
The Kitchen North America,80771201
AgeRight Care at Home,80774766
Saxon Global,80779664
Gatsby Glass,80782854
Axcel Learning,80786371
Attaché Partners,80791322
"MSNS HR Technology, LLC",80792727
Mantel,80793454
PLCTalentPool,80799683
Interstellar Technologies,80809832
RVO Health,80814146
WeThePeopleHolsters,80817816
Goodyear Fleet,80821605
ZipHire,80829235
Invited,80829889
Green2Go Rental Power,80837484
Rad Marketing Agency,80837939
Riverwalk Post-Acute,80840817
Radiant Dev,80847793
NewLimit,80847881
ESE Consultants,80849431
Orbit Systems Inc,80851405
AR HOSPITALITY,80856050
Soul Staffing Solutions,80860036
Live With Vitality,80860441
TRAC Recruiters,80861023
Alsym Energy,80862166
Trinity Health MI,80862575
Delivered,80866828
Appalachian Power,80867587
BizForce,80869350
Fort Health,80870312
"Arshi Systems, Inc.",80871784
Agency Cliquish,80872081
"Hansen Actuarial & Risk Consulting, LLC",80872494
Tekaccel Inc.,80872942
Peritus - A Colina Tech Group,80878880
"Pinnacle Fertility, Inc.",80881284
Kits.AI,80882079
Aditi LLC,80886963
SourceLab Search,80890277
Eversoft technologies LLC,80893305
Risus Talent Partners,80903120
Invincible Events Marketing,80908370
"First Choice Staffing, LLC",80908848
Honey Haus Creative Agency,80910036
Cross Country Workforce Solutions Group,80910102
Regal Rexnord,80911138
Nova Solar,80911809
Appleton Finn,80913645
SalesBountyHunter,80917126
High Country: Private Equity Search,80918115
Cooke Doyle LLC,80919037
Convertros,80921592
Vergara Miller Law Firm,80922985
Cyclyx,80930183
Sovrinti,80936343
TradeUp Careers LLC,80938105
Stellar Mortgage Corp NMLS 2190975,80952170
MindProfit | Advertising Campaign Strategist,80961798
Vitalief Inc.,80967326
FrostyWhale,80968904
"Embodied Wellness, PLLC",80973639
"A Woman's Place, Bucks County",80976084
Zobility,80976980
Allen CW Group,80981316
Chestnut Carbon,80989895
SparkLearn,80993771
The Lobby Medical Sales Network,80998676
Gathr Outdoors,80998774
VIP Automotive Group of Long Island,81000318
Finfare,81003123
D. Ott Construction,81021391
Concord Family Counseling,81037469
"Gallagher, Bolander, Smedley, LLP",81064670
A & L Machining Inc,81095514
F.A.C.E.S 📚,81113310
Thompson Kane Concrete,81114298
City of Carthage,81121645
RUSH Physical Therapy,81123037
"Refuge of Hope Ministries, Canton",81136646
Five Diamond Fitness & Wellness,81142009
Buckeye Terrace Rehabilitation and Nursing Center,81155120
Marin Service Course,81168034
River City Youth Ops,81180150
Harkins Elder Law,81183355
Christine Martin Law,81199932
Ruff House Print Shop,81235404
STL Fertility,81247311
Toyota of Smithfield,81259786
Maranatha Consulting,81289577
orbit,81289749
Realer Digital,81290907
Gloo Digital,81297729
Elevation Talent Group,81297771
"City of Akron, Ohio",81298089
Lumen Resources,81302109
NN INFOTECH LLC,81302501
Lupton Petroleum Products,81307963
DASH Sports,81313523
Arepa Zone,81317344
Selfless Financial,81318224
VIN IQ,81321814
Adept,81330326
MN8 Energy,81415569
Ambitions Travel Recruitment & Training,81420575
SmartIPlace,81422496
Lévy Gorvy Dayan,81435382
Long Grove Pharmaceuticals,81456593
Empire Staffing Network,81461679
Riverstrong,81468691
National Association of Government Employees,81473718
Teamup,81475182
Weekend Health,81476300
La Popular,81479342
General Express Memphis - A Division of ARL Transport,81481911
Desert Clover Psychiatry,81482738
SDF Labs,81483612
ZCC USA INC,81484415
GTECH LLC,81484454
Platinum Contracting of Nevada,81485649
TQ Manufacturing,81486164
Manna Homes,81488948
micro1,81490090
GEODNET,81493253
Reyes Performance Institute,81494029
Laureate Academy Charter School,81503873
The WONDER Project,81506632
Fortech,81507963
Carelon,81512479
OpsiClear,81517369
Catena Solutions,81526150
Elevance Health,81527214
Birdsong Hearing Benefits,81528302
American Eco Living Inc.,81528361
Certiff,81535962
SOL Education Consulting,81539213
EHP Hospitality Group,81540620
Barre Unified Union School District,81544760
Blue Bridges Insurance,81545142
West Wood Products Inc.,81546109
Action Staffing Solutions Inc.,81546878
Fountayn,81547525
No Problem,81548393
"Weins Development Group, LLC",81549389
^exponent,81550202
Capstone HCM,81552012
CONVERGIX Automation Solutions,81558119
"Dr. Berg Nutritionals, Inc",81558292
Avail Media,81560038
Matthew 25 Cedar Rapids,81560130
Performance Glass,81562059
DoubleTree by Hilton Hotel Cedar Rapids Convention Complex,81563832
Waldorf Astoria Washington DC,81564240
Bitech-inc,81564871
"Conrad Washington, DC",81585524
Neeljym Search Group,81593021
Steneral Consulting,81606529
Unio Health Partners,81619340
Meraki7,81632673
Rainsoftglobal Technology Services,81644223
Kay Emm Consulting,81650472
Solutions Focus Consulting,81660766
PEAC Solutions,81666377
Sanctuary Recovery Centers,81690544
Studio Efekt®,81696506
ZEngage Recruitment,81698348
Michigan Geological Survey,81708262
Brenda Grands,81724059
Fears Law,81733261
Onyx Health Care Staffing LLC.,81753049
BHP Global,81778407
Balltime,81782606
Growth Engine,81814529
Easy Recruitz,81816821
Side Kick,81845829
City of Columbus Department Of Public Safety,81874725
allwhere,81877855
The Culinary Creative Group,81878093
VITL Power,81881712
NextStage Clinical Research,81882712
Acadia Capital Group,81883692
Nelson Numeric,81885485
CenterWell Home Health,81886402
Career Free,81887363
Social View Agency,81888485
Coral Ridge Yacht Club,81888669
Embassy Suites by Hilton Chicago Downtown Magnificent Mile,81892619
Sage Health,81896605
Volto Consulting,81897394
Waylin Partners,81899221
IPkey PLLC,81902455
The Guardian US,81904974
Christopher Peacock,81907751
AQUA Dermatology,81908782
EVERSANA INTOUCH,81914625
Prosperity Planning PLLC,81916920
Career Nannies and Household Staffing,81920306
Legence,81921986
Wings Over Virginia Hospice,81925536
Embassy Suites by Hilton Tampa Downtown Convention Center,81927946
Midwest Textiles & Supplies,81930872
NVA Pet Resorts,81931161
Signia by Hilton Atlanta,81931778
"Enlil, Inc.",81932089
New York State Office of Cannabis Management,81933917
Delta Infotek,81937399
"Train And Scale, LLC",81937716
ZenithMinds Inc,81941852
Digital Spice,81942254
Raw Cereal,81942316
Reliable Property Management Services,81943338
Urrly,81944115
Hedgehog,81944577
Accretive Insurance Solutions,81945980
Noveo.AI,81949095
YesCare,81950505
Arrizon Headquarters,81952244
TriMas Packaging,81954233
Innovative Design Engenuity Agency - I.D.E.A,81955554
Holcim Building Envelope,81958632
"Industry Standard Electric, Inc.",81963443
Brewed To Serve Restaurant Group,81964125
Advanced Research Projects Agency for Health (ARPA-H),81964186
Center for Developmentally Disabled,81968826
CareNu,81969246
Acres,81969628
CP Skin Health Group,81970078
Reserv,81971227
Better Days Therapeutic Solutions,81981097
Journey to Remember Travel,82003969
ConfigUSA,82014411
W2T.io,82016306
The Center for Children & Families,82025433
SEOGidi,82080991
Neopets,82081494
LOTTE BIOLOGICS,82090049
Carbon Capture Machine (CCM),82092702
Zuven Technologies,82095941
COSMO,82096727
Shoolin Inc,82107577
Adios (soon to become Contemplate),82110637
Joy Network,82125358
Konectin Inc,82128267
"Oregon Ear, Nose & Throat Center",82130656
LionOrbit Tech Solutions LLC,82135156
Quess US,82149043
Jenius Bank,82164338
Reflections Recruiting,82169669
FiberFirst,82229976
Confidential Jobs,82233798
Dorsia,82256378
Making Sense of Autism,82274366
National Democratic Club,82277249
Taras Technology LLC,82277950
Advantive,82279462
AlignMed Partners,82282320
Rise Up For Autism,82282373
Sammie's House Animal Sanctuary,82282669
OC Poolscapes,82284641
BetaNXT,82284796
Heavy Sports,82285209
MedSpa Genius,82285565
Sonrava Health,82285957
Safe Place,82288071
Hyatt Centric,82291209
Dinari,82292327
Vacations With Justine,82298923
"JA Edwards of America, Inc.",82300350
Navy Region Southwest Fleet and Family Readiness (FFR),82302235
Mativ,82302944
The Epicure,82303896
Kemboi Financial Agency,82306965
BC Holdings of Tennessee LLC,82311111
GE Vernova,82315716
Flaunt,82315932
HR Influenced,82317463
Awsome LLC,82318226
Metro Eye Center,82319640
Niural,82327174
"Superior Court of California, County of El Dorado",82332129
Raleigh Oaks Behavioral Health,82333689
Bracco Medical Technologies,82333881
Happynarae America,82337136
Insero Talent Solutions,82337998
NexoGlobal Inc,82345382
"Bluebris Systems, Inc.",82345415
HeyDay Consulting Services LLC,82347312
Keller Williams Bellevue,82349521
HeyGen,82350899
"Therapeds of Colorado, LLC",82355829
Leap Event Technology,82357199
Conduit Tech,82358097
AmeriTrust Mortgage,82366297
"Heal Veterinary Clinic, LLC",82369765
True Grit Plumbing Company,82369890
RecruitAERO Corporation,82373385
Groltech,82379212
Flexcar,82390203
Cookonnect,82407996
HTA Technology Security Consulting,82428921
Smooth 401k,82443250
Overlay Capital,82477205
NextGen Battery Technologies,82477539
Lionsden Enterprise,82482450
Corewell Health,82485916
Somnea Health,82488337
Goldfish Swim School - New Rochelle,82491697
Confidential Company,82492376
ElevaIT Solutions,82495142
Path Engineering,82500012
Momentum Real Estate Services Inc,82505420
Saipro Systems,82508061
Alludo,82510647
CargoRx,82510955
FFL Prosper,82524560
Pamcor,82528492
Silverlake Socialite,82533073
"Trident Talent Group, LLC.",82533810
Tenazx Inc,82537206
BX Coding,82537236
Emancro,82537304
"Beauchaine Consulting Group, LLC",82538261
Vibrant Humans HR Consulting,82538982
White Bottle Inc.,82540802
String Lights Outdoor,82540919
Onbench,82543242
Market Street,82547821
Mostest,82559090
Caidya,82560669
Envu,82564337
Hamra Jewelers,82565489
apree health,82565734
Adroit Innovative Solutions Inc,82581875
Confidencial,82607007
Hammer MetalWerks,82619649
trooBell Technologies,82640429
"Diverse Team, LLC",82641812
illumifin,82648559
Symbolica AI,82669556
Spiro,82681759
EverBright,82688165
TekValue IT Solutions,82695521
PHD Services LLC,82755647
MokshaaLLC,82758823
J3K Real Estate,82759208
WOLFpak,82780296
Amigos,82780518
Phoenix Franchise Brands,82784440
"360 Restoration",82785211
Spearhead Hospitality LLC,82786710
Fastwyre Broadband,82788172
Tree Masters,82789123
Llano Logistics,82789959
Heritage Grocers Group,82802944
Olive Tree Compounding Pharmacy,82804969
Roberts Agency - SFG/Quility,82807736
Albertsons Market,82808548
Cross Talent Solutions,82810080
Valiant Games,82810722
Be Marketable,82810726
Creed Agency,82812549
PACCAR Technical Center,82812960
SVINNO Tech Inc,82818781
Pavion,82820499
"Las Vegas Distillery, LLC",82821459
PAR Clinical,82822216
Innovative Network of Knowledge,82823467
Compass Connections,82824381
AIMITRA,82825136
Stanley House Consulting,82828617
Arrive Home,82835408
MassMutual Ascend,82836866
Pace Flooring Solutions,82851148
LPW Group,82859383
"J8 Security, LLC",82859598
"Islamorada, Village of Islands",82861485
"Cadence Insurance, A Gallagher Company",82863388
Danville Brands,82885563
Employ,82904967
Libra Solutions,82939386
Quoherent,82944052
Performance Digital,82978384
Chaibag - A Specialty Chai Co.,82982643
Solana HR Consulting,82994914
TAK Index,82995727
Sterling Search Partners,82996293
TekNavigators Staffing,83008343
Eigen Labs,83019124
Dataquad Inc.,83022857
Light Printing House,83025545
National LED,83028127
dsm-firmenich,83051748
Be Outsourced,83056625
Ezee Tech Sol,83062141
Capital Area Health Network,83066897
Rickets Fennell & Associates,83076758
Edgio,83100808
TTEC Digital,83101780
dss+,83107937
Enhabit Home Health & Hospice,83151166
New Buffers  ,83274871
Precision Point Search,83285892
Central Processing Corporation,83298100
Jamco Rentals,83341321
QLM Search,83479764
The Good String,83493460
Trovo Group,83505014
One Place Solar,83509537
Arrow Healthcare Staffing,83526782
Confidential Manufacturing  Company,83532853
Olympian Mortgage,83537745
Voicera,83693211
Celebrate Dyslexia Schools,83966494
Specialized Recruiting Group - Rock Hill,83974017
Interon IT Solutions,84004164
MD Esthetics Brand,84013617
QC Kinetix - Burlington,84029199
J.Crew Factory,84054714
My Houston Surgeons,84061370
StackCloud AI,84076052
Shimizu North America,84079810
Your R.E.S.,84086802
"Colorado Springs Pressure Washing, LLC",84093973
Grand Fitness,84108067
Bread Financial,84108929
Dimensional Stoneworks LLC,84125247
Alexandra Lozano Immigration Law PLLC,84126489
Key Resource Group,84135189
TEKNIKOZ,84169674
Becker Professional Services,84287609
Sygna Solutions,84299748
IDR Healthcare,84321807
College Board Contractor Talent Network,84324294
"Total Property Services, LLC",84337624
Behavior Services & Therapy,84489499
Panasonic Connect North America,84491389
US Heart and Vascular,84511105
Imperium Technology Solutions,84554192
NXG,84774920
KESCH Education,84781574
Axzora Resourcing,84810235
"Next Gen IT, Inc",84813880
Benevento Companies,84819742
"Mission Technologies, a division of HII",84824199
Central State Hospital - Virginia,84854286
VitaLink Health ,84868857
The Matic Studio,84869553
"Nighthawk Flight Systems, Inc.",84876005
"Volt Merchant Solutions, Inc",84951391
ACLU of Vermont,84952142
Oak Technologies INC,84954827
Remark Acquisitions,84959254
"Mindful Consulting, LLC",84970993
Shirt.Co,85099202
GS2 | B Corp Certified ,85101582
Full Circle Studio,85356217
TGC Search,85357216
Empowering Mindset,85367974
Buttonwood Capital Management,85373361
Tetricus Labs,85401549
PsychPlus,85403543
Wide XP,85426897
Therapy for Life,85426965
ADPI,85437094
GateSource HR,85446339
Mousa Group LLC,85605846
Anchored Tiny Homes,85618119
"The Solar Team, LLC",85624099
Zeeyft,85633000
"Allcock & Marcus, LLC",85650517
Barbour Orthopaedics & Spine,85658990
"Marauder Land Resources, LLC",85660605
Cosmoplan,85666674
Origami Sake Company,85816404
"JLA Geosciences, Inc.",85823036
"Melia Associates, LLC",85823328
Harrison Ford-Clear Lake,85839912
Freedom Capital Markets,85840868
Baker McKenzie Tampa Center,85862380
Rhotopia Financial,85888511
Citeline,85939265
Ixchel Solutions,85948773
Captivol Staffing INC,85960172
ON3 WORKS,85972384
Duram Search Partners,85974840
The ASB Law Group PLLC,85998443
ICON Strategic Solutions,86001745
Tandym Group,86041588
Bambi,86047386
Yaddala Consulting LLC,86047580
Stellar Bank,86077586
Coco Republic US,86113138
readystackOS,86200698
MANDO TECHNOLOGIES INC,86206342
Storm6,86207539
Touchstone Technologies LLC,86208816
IDRx,86213065
Infina Health,86232197
FGS Global,86247512
"RXO, Inc.",86265278
CryoFuture,86277663
WoodConcept Cabinetry,86279575
Maxis Clinical Sciences,86283098
A&B Private Tutors,86308468
TDT Realtors,86319778
The Selita Agency,86325941
SearchForce,86342523
Foundation Finance Company Careers,86349211
AdCirrus ERP,86351288
Better Debt Solutions,86362745
AVIRE,86364032
RemoteWorker US,86365742
Broadview Federal Credit Union,86370860
IntraCare,86370879
SPOZZ.club,86373910
InsuraTec,86375729
HomeWell Care Services of Austin,86405666
Educationista Abroad,86412842
Yours Resources LLC,86424393
Manera Technologies,86429460
Hire Python Developer,86447021
Visions Espresso,86596306
LemaTech LLC,86637452
Kapital Bank Life,86639237
Stelvio Group,86687933
Applegreen (US) Welcome Centers,86692932
Deep Voodoo,86694192
Ascendion,86694680
Cirrus Real Estate Partners,86696565
Gen,86730975
Global Business Consulting Services (GBCS),86734830
UpTick Financial- Advisor Recruiters and Consultants,86736305
Conrad Orlando,86749409
Helios Service Partners,86753692
coLab,86762720
Stockton Maintenance Group,86765872
Elite Acquisitions,86785685
Plona Partners,86809924
LTIMindtree,86813252
"Proworks Services, Inc",86855442
Harris Global Business Services (GBS),86860077
Doodie Calls,86874306
LS Solutions,86877889
Partners 1st Federal Credit Union,86893022
EmployHQ,86897410
Seamless Sourcing,86901902
Ocean One Insurance Agency,86903915
Leadermed Health Group Limited,86904929
HoneyCo Creative,86905652
The Children's Storefront,86915941
"Knapp Engineering, Inc.",86917702
Doppler Veterinary Network,86933895
Lumos Fiber,86935693
Astoria AI,86935892
EV Pro Solutions,86944064
"Elevate Surgical, Co.",86960997
PeakLoad,86963551
FedEx Dataworks,86967006
Veit National,86967076
InvestM Technology LLC,86967805
Enso Village,86969238
Vursor,87085934
Northwestern Mutual - Portland,87089248
Kenvue,87089640
Mason Harding,87095746
HI Hospitality Group,87097925
Spectrum Community Solutions,87101907
"Familia Mechanical, LLC",87109122
Aurubis Richmond,87117542
The Pao Creative,87123306
Charter Oak Recruitment,87130277
Coastal Realty Group,87130617
Scout Motors Inc.,87140230
Decentralized Masters,87145331
Carlisle Weatherproofing Technologies,87145671
Achieve,87147260
RS Integrated Supply,87154182
"21.co",87159336
Hampton North,87177270
"Nisga'a Tek, LLC",87178186
ESL FACEIT Group - EFG,87182127
DANK Haus German American Cultural Center,87187232
Salamander Washington DC,87212327
Avtale Solutions,87219466
SuiteOp,87221693
VETR Recruiting,87222688
Web3 Recruit,87222774
Auric Capital Partners,87226376
"Primary Care Everywhere, LLC",87227477
Aorton Inc,87233049
tact academy,87384749
Sapear Inc,87404095
FUSTIS LLC,87467766
Great Windows Services,87589985
deBoer Propane,87713386
Splendid Aviation,87731464
Vital Touch Wellness,87736752
Kimpton Overland Hotel,87771639
"Arara Language Solutions, LLC.",87772083
LΩRA PR,87982536
Fern (YC W23),88002225
Perplexity,88007673
Improdata,88023946
Consumer Legal Group,88031434
Marmon Industrial Energy & Infrastructure,88069588
Trebla Talent,88167929
LandYield,88169973
Elk River Harley-Davidson,88196683
The Stone Canyon Club,88210593
Alta Adams,88218158
DAVIDS MD AUTO REPAIR,88244037
Streben Marketing,88255017
Veritas Physician Management,88274376
Systellar Technologies,88278515
BinStar,88282164
GQR Healthcare,88286352
Magnit,88289095
Our English LLC,88397753
BizCoder AI,88405569
"1POINTSYS.COM",88427876
In Technology Group Inc (US),88634456
Howard County Office of Emergency Management,88640301
Veolia Water Technologies & Solutions,88641050
OWL Services,88647776
The Vine Partners (Pty) Ltd.,88687897
Sonora School of Sewing & Apparel Construction,88781683
Flintrock Builders,88786748
Bok a Bok Fried Chicken,88791368
Coterie Senior Living,88799316
Stonebrook Exterior,88799349
Green Way Markets,88845534
Fractionally,88874270
The CGC Group,88878485
Cloud Software Group,88890346
"Finazzo, Cossolini, O’Leary, Meola & Hager, LLC",88914842
Avtron Power Solutions,88920135
Iconic Supply Co,88930223
Scale Up Search,88936332
"Town of Plainville, CT",88941457
"U.S. Probation and Pretrial Services, Eastern District of Texas",88956309
WellSense Health Plan,88957572
Timo Talent,88965564
VYSoft Solutions Inc,88973486
Peak Plastic Surgery Center,89080475
Boulder Wellness Cannabis Company,89112636
ABLE NH,89115666
Peek Pools & Spas,89148635
Walmart Health,89154726
Marketing Graphics,89168038
The Bird House - Hospice Home of Johnson County,89178311
The North Face,89178877
Nashville After Zone Alliance (NAZA),89190280
Inbound Health,89193013
AlTi Tiedemann Global,89195589
"The Law Office of Christine Diorio, P.A.",89197280
Tourmaline Bio,89219761
Elite Physical Therapy Mississippi,89235853
Holding Company,89238373
Mural Health,89290648
Gryphon Oakwood,89290788
Transworld of DC Downtown,89307809
Educate WNY,89313880
Rhodes Wolfe,89323771
Revive Home Brands,89329986
Secure Labs,89331829
LaTeam Partners,89340553
"Y-Tek Innovations, LLC",89348086
"ClariMed, Inc",89352252
"Mitsubishi UFJ Trust and Banking Corporation, New York Branch",89359460
HCP Talent,89369942
Amplify Recruiting,89487736
HarmonyCares,89491510
GlobalStake,89493362
d'Lite Healthy On The Go,89495163
Techsara Solutions,89501984
HexaQuEST Health Inc,89505205
iCode Technologies,89509007
"Accountable Search Group, LLC",89512911
SLCA North America,89513363
Ignited Minds ABA Therapy,89516927
Diversified Financing Solutions,89517782
Hylton & Associates,89525558
"3UM",89534474
Newport Williams,89541986
Pain Zero,89543568
AQRA Energy,89544310
TMC Health,89545053
"Engaged Media Studios, Inc",89545928
JP Recruiting Agency,89546902
Curran Recruiting,89550702
ITRS Recruiting Services,89551968
DISH Network Technologies,89551979
CXO Inc.,89552726
The CAZA Collective,89553627
Winland Foods,89559793
Cordia,89563981
Gigs,89568241
Revolve Marketing Executives,89568589
Thompson-Brothers-Supply,89569082
GPA Renewable Partners,89572737
The IT Gigs,89581254
Lyon/Szot Architecture Studio DPC,89593282
Atmus Filtration Technologies,89602924
Arrow Consulting,89610825
Ovation Healthcare,89621264
Profit Panda CFO,89626307
Sphere Entertainment Co.,89656062
"Standard Technology, Inc.",89661546
NC Department of Adult Correction,89662554
Anarchy Labs,89665652
Lyterian Therapeutics,89675570
Telesis Bio,89684468
BioTouch,89685467
NSG - Real Estate & Construction (Noor Staffing Group),89686436
Write the Vision Consulting Group,89690023
Wilson Financial Group,89694563
Express Employment Professionals CDA,89695645
"MRTechnosoft, Inc.",89700093
ShipNova,89702298
Mission Clean Energy,89703239
Rampart Bioscience,89703985
Hire Innovative,89706189
Hyundai Motor Group Metaplant America (HMGMA),89708691
Weskill,89713730
Dingdoor,89713916
SolarPros,89714190
Second Talent,89719195
Canopus IT Solutions LLC,89720211
Creators Corp.,89721830
Geneo,89722268
Persona,89723065
Nuovo Elite Work Solutions,89725082
Evans Sternau CPA,89726220
Argus Labs,89727495
Philips Recruiting Services / Philips Automotive Recruiting,89727529
Independence Pet Group,89731852
Aarna Technologies LLC,89734378
Arkansas REALTORS®,89736016
Spyglass Talent Solutions,89736181
ChrisFête Events,89738024
Alan E Gorenberg MD Inc,89740418
Hometown Insurance Co,89748297
Ami Arroyo,89749851
SkillTune Technologies Inc.,89750232
Future is Now Coalition,89751306
I-Giants,89761202
AiconnectPro,89762151
Synoligo Biotechnologies Inc,89767974
"Besunder Consulting, LLC",89770803
ACQG Enterprises Inc,89772074
Highline Company,89776276
"A&A Safety, Inc.",89777576
AuxHealth,89780291
AspiringIT,89780395
Ironclad Environmental Solutions,89782279
FLINT Corp.,89785605
Amherst Communications / Amherst Telephone Company,89787386
Brennan's Restaurant,89788584
Pro17Analytics,89792371
"Temp-Con, LLC",89792999
Mosaic Labs,89793096
The Elm ,89795356
Cloudspire,89796106
Sequoia Care,89803052
Canal Winchester Chamber,89805521
Conquer Employment,89811267
Frontier Insurance Group,89813518
Heraeus Medevio,89814109
Kelso Industries,89814525
BlueWave Medicine,89815948
Hillwood Investment Properties,89817646
hiremystudios,89818467
Princeton America,89828295
Renewyx,89828953
QuidelOrtho,89849744
North Georgia Landscape Management,89850928
Invicktus,89859006
Radost Solutions,89861111
"Erickson Insurance Agency, Inc",89861243
Habit,89862121
Newcor Development,89863746
Altea Healthcare,89863875
Advocate Health,89869523
Nanny's Early Learning Center,89873587
Stanley 1913,89875487
"Visions, LLC Behavioral Consulting",89875986
Siftwell Analytics,89877357
V2X Inc,89877420
"Sur Consulting, LLC",89877886
McKenzie Valley Long-Term Recovery Group,89878006
Bright Vision Technologies,89878417
"AC, Inc.",89880681
QueryPal,89881455
Chariot Leadership Services ,89882884
Travel Girl Vacations 🏖️ ☀️ 🚢,89894987
Haifa Wholesale LLC,89895564
HF Sinclair,89896045
Lincoln Property Company,89898957
Frontgrade Technologies,89901642
ALIGCUS Inc.,89903869
Reflex,89905025
Bloom Therapy QC,89905439
Corcoran Icon Properties,89907906
Talent Advantage,89911099
FORTNA,89913762
Tract,89917379
Elevation Dentistry,89918463
Task software solutions LLC,89919202
"21c Museum Hotel St. Louis",89920086
Rainmaker Recruiting,89921449
Karuna Advisors,89923802
Energy Savings United,89930893
MIT45,89934967
Rising Tide ,89935305
The Doux,89939869
ScoutLab.io,89949459
ImpactKare,89949578
Birdseye Partners,89950864
Century Trucks & Vans,89951074
JLApp LLC,89966935
"Northwest Frozen, LLC",89968913
PTAC Engineering,89971810
"Phase 3 Construction, Inc.",89972764
TechClub Inc,89973025
ecocareers,89983267
B Scouted,89984724
"Sugar Land Psychological Associates, PLLC",89989702
Ascend Medical Staffing LLC,89990301
"Goldbelt Integrated Logistics Services, LLC",89990795
Future Vision 360,89993163
Ketjen Corporation,89994560
Alphawave Semi,89997630
AMN Healthcare Leadership Solutions,90198358
TRIMAH TECHNOLOGIES LLC,90362347
Propel,90362408
Gibber,90388952
LRC Aviation Advisors,90390310
Iron Spear Protection Group LLC,90390893
Tek Global,90390964
Foresight,90393773
Swooped,90398003
UW–Madison College of Agricultural and Life Sciences,90400846
Phase Consulting,90405951
Loft Federal,90406784
Vedan Technologies,90406839
The Gaines Agency,90408525
"Stevans & Associates, PLLC",90409546
Tappa,90410371
Prime IV Hydration & Wellness,90411209
Brown Private Investigations,90412551
Wayne-Sanderson Farms,90413667
Syllaby,90414011
The Collective Group at Compass,90420159
"Tusk, Inc",90420339
Metrologic Group - North America,90420697
Garden,90421235
Vsolutions Technologies ,90422423
Splash RV Resort & Waterpark,90422671
Puffer Labs,90422734
Gold Century Group,90423819
Liv Well Behavioral,90424784
Connexa Search Group,90425507
"Lookly, LLC",90426215
WEVERSE AMERICA INC.,90427386
Mainline Environmental,90433074
REI Game Changers,90434546
QSR Recruiting,90436951
dPO Technologies,90437248
Catalyst Security Group Inc,90439802
Worldwide Publishers LLC USA,90440540
Social Phantom,90442916
Ace Handyman Services - Albuquerque,90443370
Resolve Finance LLC,90444700
Redbud Insurance Services,90445019
DoubleTree by Hilton Washington DC - Crystal City,90450079
San Joaquin Partnership,90450727
"University of Minnesota, Department of Orthopedic Surgery",90451195
Impact Roofing & Renovations,90452996
Las Vegas Careers,90453137
WealthPoint Advisors,90461207
CrowneGuide,90471403
WorkNovas Technologies,90471428
"Apollo Heating, Cooling & Plumbing",90485971
Coinflow Labs,90486122
The Zimmerman Group,90489783
"Constellation Insurance, Inc.",90501737
"Hanwha Defense USA, Inc.",90510307
Audit Friendly,90510399
Acies IT Solutions,90513016
Evolve Talent Partners,90516024
First Cloud Inc,90518596
Type.ai,90519625
POSCO AAPC,90520035
Real Deal Home Solutions ,90520144
Learn Beyond Consulting,90527207
Rocky Fork Capital,90534645
CUC University,90543303
AYOUB & YOUNGREN,90543400
Tunnel Vision Marketing,90544613
Evolve HR Solutions,90544767
Eviden,90548177
Sava Studios,90548555
Confidencial,90551435
EPS Learning,90552133
That Solar Company llc,90553234
King's Insurance Staffing,90555868
Renewal by Andersen of Central CA,90559706
Wester Consulting Group LLC,90562910
California Flats LLC,90563517
Arena Search,90565269
Soelect Inc,90567414
"Merck & Co., Inc.",90569489
Electric Air,90573720
Biological Sciences Division at the University of Chicago,90574871
StarPlus Energy,90575938
SpecTex Solutions LLC.,90579086
"City of Traverse City, Michigan",90583190
Nabidios,90590589
WeTheHobby,90593556
Helma Christiane Bloomberg & Associates,90603355
Amaroc Inc.,90606311
Skylight Lending,90609864
Health Stealth Co,90611662
Sunlune,90612399
"3thix",90613772
AVIS TECH LLC,90614573
Comprehensive Rehab Consultants (CRC),90616064
InfoGravity,90619723
Unlock Health,90620164
Artemis Equity LLC,90625874
Get It Now Stores,90626155
"Hubler Financial Services, LLC",90626162
Radius Recycling,90627662
STAOC ,90637506
YONDR,90638112
Northeast Tennessee Hub,90644095
Cybotic System,90644499
Katool,90647846
GRAPHIC T-SHIRTS™,90657216
Fish Financial Agency LLC,90660959
Birdhouse Fly Away,90661648
StyleAI,90662302
Chroma,90663044
Casaléna,90663137
T-Stone Technologies,90666319
Lost Outpost Media,90673600
Gestion Humana,90681527
"Lee Creative, LLC.",90682799
You Health Medical Groups,90692860
Rise Early Learning Center,90694472
TalSourcer LLC,90696736
Blue Wolf Transformations,90704358
Comms Search & Selection,90711165
Pageport,90713203
CEO Life Corp,90714183
"Cube Group, Inc.",90717413
CodeGPT,90725245
SunWorks Landscape Partners,90729317
DIGS Vacation Rentals.com,90737022
Windward Global,90746424
ShedRx,90766020
Pittman Power LLC,90767310
Hire Ability Recruiting,90769988
NO MAKEUP MAKEUP,90770099
Erakulis,90805525
letsremotify,90837787
Talentium,90874223
Andalusia Design,90886269
AMRU Screening Services,90896322
Cheetah Recruiter,90905985
Savant Senior Living,90912229
Lifestyle Freedom Blueprint,90944194
"The DeLong Co., Inc.",90946842
RTeams,90947088
LIPTON Teas and Infusions,90948026
McDaniel Family Dental,90957037
US Supply House,90961490
Miller Family Agency,90978563
Tek Recruiting,90981286
r.e.m. beauty by Ariana Grande,90991389
Zuswork,90991597
"Tailwind Hospitality, Inc.",91077152
Aces Acquisitions,91079912
"Subaru Research and Development, Inc",91080439
GJL Partners,91096504
The Wealthy Servant™,91096512
Kingstep,91097593
Argyll Infotech Enterprise Pvt Ltd,91106654
Anesthesia Management Services PC,91114317
eduPhoria.ai,91115374
Academian Inc,91116602
Synergy International Healthcare Services,91116956
Ferrentino + Brotz,91120238
Norco Industries,91120639
SMRT Employment Services LLC,91127744
StaffMED Health Partners,91138334
QuickSource Recruiting Solutions,91143994
Byron Search Partners,91148215
"GoVision, LLC",91149289
Kinetic Builders Corp,91151846
Nuvolant,91156986
Ansa,91158109
Pallet,91161815
Optimum,91161992
EonSTEM Academy,91162367
The Shank Group,91164054
Dronestitute,91168118
Just Think,91170808
Moonvalley,91172010
No Curfew,91173058
Brite Solar,91173160
Mind4Youth,91174861
SeatMatch,91175705
Home Solutions,91175905
"Quality Precast Solutions, LLC",91182580
"Meade Engineering, Inc.",91187044
Best Coast Concepts,91192060
Kohler Ventures,91195265
SanLuna LLC,91200063
Summit Up Financial - Powered by Symmetry Financial Group,91308399
"Rifai Dental Group, PC",91309693
Lyric - Clarity in motion.,91312354
Stealth,91313799
Yeti Search Group,91317245
Offshore Consulting Services Group JM,91320849
Afforai,91324047
HireBus,91326370
Kardo.AI,91327712
Peregrine Search Solutions,91328542
Industrious Group Inc.,91329466
Gasvoda Group,91343249
Stella Source,91343300
hireneXus Research,91351297
Travel-O-Rama,91356599
Hoefs Recruiting Solutions,91357617
Reworkd AI (YC S23),91361772
Frontwave Arena,91364445
Rainbow Seating LLC,91366916
Hykmann Technologies,91369327
AxaBlock,91370373
Holly - hollyhires.ai,91370497
Confidential Executive Jobs,91371020
Mālama Maika'i Health and Wellness Alliance,91372113
Autobahn Consultants,91372234
Alfa Wave Agency,91373319
Solterian,91373554
WinHub LLC,91374048
Aerodome,91378207
Hiltons of Chicago,91380986
Woodside Staffing Solutions & Consulting,91383228
Dawnstar,91383513
Anonymous Company Profile,91385088
North Atlanta Cardiology,91389649
Celltrion USA,91389864
BrightSpire Health,91392159
Diamond Acquisitions,91402631
The Lighting Group Seattle,91404289
TruStage,91406040
Calframe Construction Inc.,91409934
Elite Sourcing US,91414637
WVU Medicine Children's,91420321
HirelyAI,91423287
The Apollo Companies,91431489
Hippocratic AI,91431767
Doubletree by Hilton South Charlotte Tyvola,91431816
Scout Partners,91431949
Living On Ireland (Island) Time,91435341
ARETUM,91445367
CornerStone Technology Talent Services,91445468
Dexian,91447303
mosaicpartners,91449377
AH Furniture Repair & Reupholstery,91454829
Call to Leap,91465041
UConn Solutions,91467011
DissFilm,91469979
Stealth,91471911
European Football Group,91489788
Cedar Legacy,91500607
idealweb4u,91503287
Arcus,91507059
ABS Wavesight,91507537
Troubadour Golf and Field Club,91513633
Hireblox,91514875
BoldPine,91521677
Citizendum,91530215
Indiana Conservation Voters,91533133
Spherion Staffing South Central WI & Northern IL,91548200
"Eqlipse Technologies, a BlueHalo Company",91575734
Growing Talent Solutions,91579160
AtkinsRéalis,91586253
Dynamic Entry Solutions,91592325
SDL Search Partners,91599916
The Cigna Group,91610647
Maynard Nexsen PC,91618507
Velsera,91619732
Haraka Headhunters,91652182
Treu Management,91659044
Endue,91663568
Port City Machinery,91664699
BCS Finance,91672494
Liberty Classical Schools,91687076
EssenceMediacom,91693237
Signia by Hilton Orlando Bonnet Creek,91700289
Scale Up Media Agency,91709419
Goldbelt Apex LLC,91716675
Hearth AI,91717683
UPCES Study Abroad in Prague,91728999
The NASWA Resort,91731795
TAG MedStaffing,91743578
Rentokil Terminix,91746613
The Lake Forest Club,92188790
InfoServ LLC,92462355
The Placement Gurus,92469355
Ender-IT,92476240
ConsultStaff,92499424
Hire .Net Developer,92520532
Horizon Payments,92537629
EDP Renewables North America,92540983
Trinity Infotech Inc.,92542494
Hire SQL,92544563
Nisga'a CIOPS,92545208
Cross Platform Developer,92570604
Riverside Leadership Academy,92576702
Lakeside Recruiting Solutions,92578425
Hunt RPO,92579343
Outlier,92583550
ULife Health,92584540
Magnolia Patio and Pool,92588523
World of Good Brands,92592217
PAM Health Rehabilitation Hospital of Clear Lake North,92597045
"3L Energy Solutions",92598690
Walking in Step With God Ministries,92600458
Capture Field Services,92603741
Villager Studio,92604967
Lucy Pearls,92607965
The Puckett Agency,92615017
DC Insurance Group,92615266
Hillview Consulting Solutions,92618394
Inception Talent Consulting,92632577
WWT Tech,92633414
Duality Psychological Services,92633594
New York Life,92634034
TechTonic Solutions Hawaii,92635065
Rithum,92636929
InzpireU,92637104
IceFiT Studio MedSpa,92639400
Body20 Preston Hollow,92641441
CDS MOVING EQUIPMENT S,92659951
"Decision Point Security, Inc.",92675042
Piezo Therapeutics,92676690
Rent Roll Capital,92680077
Artza - Experience Israel,92680995
AX3.com,92688254
Perry,92692997
Goliath Partners,92699700
Acosta Group,92699961
Franbassador®,92706409
Reliance Matrix,92709511
Diamond Recovery,92729658
Equahire,92735414
AppTainable,92739568
"Alpine IT, LLC",92749772
Holiday by Atria,92764777
CF Legal Recruiting and Staffing,92773888
Farmevo,92784758
Arab Board for Clinical Research,92790106
Enigma Search ,92790974
Galactic Minds INC,92841605
X-Factor Consulting,92881168
Magnifyde INC,92886953
C2FM,92887945
Brentwood Consulting Group,92894223
Elixir Associates,92910109
Heatmap News,92912694
ABA Centers of New Jersey,92913518
ABA Centers of Pennsylvania,92914219
Tenon,92916854
Apex Consulting,92917078
Centific,92917818
Fortrea,92920359
Gridavate,92921800
VX Media LLC,92923415
Crosspoint Refrigeration LLC,92924105
MainStreamTek Corporation,92926010
Pacagen,92934358
KDG Support,92950493
The Hiersche Agency,92959390
"The CARE Group, Inc.",92965425
North^,92969794
AUDIOLOGICAL DIAGNOSTICS PC,92991222
Presti & Naegele Accounting Offices,93021439
SOUTH SOUND ORAL MEDICINE,93071436
INSOCO,93075306
Saks,93075952
Brhino Search,93108873
Reveal HealthTech,93109954
Perspective Therapeutics,93116242
myLaurel™,93117856
Team 360 Staffing,93121533
Valvoline Global Operations,93136823
Seafarer Consulting,93139649
Blue Torch Capital,93143687
Quantum Pain and Orthopedic,93156560
Circana,93158430
RevPilots,93170621
Mattr,93183345
PHXGospel Media LLC,93185893
RepPath,93204544
The Dragon's Lair Gym,93205951
First Choice Coffee,93209533
Pathways of the River Valley,93211796
Optima Bio Supply Ltd,93223209
Publicis Digital Experience,93242062
SCALIS,93256204
The Glide Group,93264619
The Maples,93271550
Gamble Design Collaborative,93273189
Story Cannabis,93278187
Truss Group,93279191
Clarity Counseling Pittsburgh,93295625
Adalta Global Inc.,93309327
American Precast Industries,93313749
Yolo County Health and Human Services Agency,93317931
The Greek School of Plato,93320988
Aurorium,93321824
LendUMortgage,93328479
"Tier One Technologies, LLC",93331678
St. Pius X Church and School,93340550
Kellanova,93342390
WK Kellogg Co,93343342
Zen Den,93347502
T3 Global,93350880
JediTeck,93366468
Cabana,93369435
Atlas Copco Group,93389372
Kate Meadows Writing and Editing,93400454
Stock & Carrillo Insurance,93429452
BEHAVIORAL CONNECTIONS OF COLORADO,93431316
"EZDATA SYSTEMS, INC",93493474
Mortgage Career Exchange,93579124
Terra Forza Golf,93583883
"Winston Industrial Maintenance, Inc.",93590251
Elite SD Inc.,93595157
Hub3,93602500
BrainWave Professionals,93610612
HEARTEN,93610803
Engytalent,93611918
UCSF Department of Physical Therapy and Rehabilitation Science,93616144
OPSPROs,93625057
DM Group,93626022
Euclid File Solutions LLC,93631951
Careers In Recruitment USA,93640123
RestorePro USA - An SVG Company,93640548
Ivory Plains Recovery Center,93641451
Envalior,93651063
Dentists on the Hill,93656789
Sixfold,93656962
Lily Jane Boutique,93694282
Lendingshops,93732399
Jackson Soil & Water Conservation District,93749496
Thunderbird Services,93783517
MY HOME MORTGAGE COMPANY,93789633
Stienhardt & Stones,93804898
Chase Title Solutions,93805570
StaffGreat.com,93844835
Prosper Health,93857679
Summit Wash Holdings,93859455
Military Resource Group,93861227
Boneng Transmission (USA) LLC,93870070
UMass Amherst Foundation,93871123
"Topping Out, Inc. dba Davis Erection",93926602
Roofers Union Local 20,93955614
GRANT PETERS ASSOCIATES,93958466
Stellar Fire & Security,94016197
Buckley Performance,94016483
North Heights Linen Service,94057578
Shine Dental MT,94080157
LeoSolve,94086741
The Reineke Agency,94094358
Free Our Vote,94097638
Ingeniworx Business Solutions,94102814
Tri Edge Advisors,94113915
Teksky LLC,94119068
Surgical Data Science Collective (SDSC),94122742
PAM Health Rehabilitation Hospital of Allen,94128988
Aline,94130575
Telling More Stories,94133596
Exsento,94138776
R92,94146203
Epic HCM,94147981
accelant,94163535
"Rune Law, LLC",94169647
Expand Your Mindset,94169770
Yokohama TWS,94173393
PETCHEFY,94173771
Futures Training Center,94176135
Elsdon Construction,94184980
"Mavin Info Solutions, Inc.",94205996
Diamond Medical Recruiting,94211558
WYNCOR,94212008
Navigate Search,94217261
"1080 Learning Center",94226011
"Endeco Fabrication, LLC",94243278
Evolve,94249697
PAM Health Rehabilitation Hospital of Surprise,94262090
PAM Health Rehabilitation Hospital of Westminster,94263556
Our Healthy Kitchen,94273869
Elixr,94277724
Connect Life Science,94292321
PHARMETRIC LABORATORY,94351989
New Leaf Organization,94460278
Ironwave Technologies LLC,94512788
Your Home Expert,94630952
"Infinity Pipeline, Inc.",94635408
Encore Concrete Coatings,94635884
R & J Road Service Inc,94649375
PrideArts,94672451
EChapps Inc,94679143
REVO,94752478
The Law Office Of Chris Arce,94781726
Top-Flight Maintenance Inc.,94787601
Pro2Learn,94809727
eDiscovery AI,94813135
Benda Infotech,94833098
NAVI Labs Inc,94845461
Head X Group,94847878
Bright Sparks,94850267
"Man of the Match Games, Inc.",94860226
Canis Vigilans,94864081
Chattanooga Veterinary Center,94885672
"404 Concrete Ready Mix Supplier",94888180
ProAthletics,94916527
Edgar's Hospitality Group,94965475
Spyre Therapeutics,95019864
"DataFielder, INC.",95020944
Colorado Springs Cardiology,95025889
Truth Academy Dallas,95030186
Fort Mill School District,95031093
Maria Alexander Professional Services LLC,95033970
Madison Scientific Inc,95034669
Early Childhood Academy,95037085
"The Roosevelt New Orleans, A Waldorf Astoria Hotel",95041577
Metallus Inc.,95043879
Aries Solutions Intl Inc,95045440
Nexxen,95047617
Healthcare in Action,95048341
"Triumph Innovation, LLC",95050725
I-20 Animal Medical Center,95051203
PAM Health Specialty Hospital of Tulsa,95051597
Cynet Locums,95052301
SAMSON USA,95062297
Boost Infinite,95062485
Spearsoft ,95064821
Health Meets Wellness,95067142
"Lift Solutions Holdings, LLC",95071077
Illuminate USA,95071374
"Personalized Nutrition Counseling, PC",95072130
Ada Infrastructure,95072982
Tree Top Staffing LLC,95073063
NeueHealth,95294887
Addition Therapeutics,95311953
Office of Assemblymember Laurie Davies,95673973
Wurthy,95674718
Maiven Energy,95676400
"Closehaul Capital, LLC.",95687057
Relate Search,95690174
Veronica's Insurance Franchise,95704557
EIKON-X,95709184
Finishing Solutions,95710173
Trinity Masonry,95715720
ODNR - Division of Forestry,95716689
Vincero,95716950
Peak Partners P.C.,95717661
Persperion Diagnostics Inc.,95718062
U.S. Department of Transportation - Office of the Under Secretary for Policy,95718695
"Abgin Law, PC",95720679
Everwise Credit Union,95723504
Mindfield Wellness,95724357
Tech Consulting,95734231
VALA Solutions Inc,95735233
SN Cloud Solutions,95736607
Mavinsys,95739137
Lemanek & Associates Logistics Recruiting,95739247
Trifecta Chemical Services,95745138
San Diego Granite Inc.,95747044
Eagle Transportation Services Inc,95747859
Samper Law LLC,95748154
Harbor,95748737
Comprehensive Resources Inc,95750606
DocuSight AI,95752479
Articon Hotel Services LLC,95752571
Legal Intake Pros,95755523
Americanna Wellness Inc,95756404
NexTech Capital,95758647
West End Workforce,95761889
The Elmhurst Healthcare,95767036
Novaprime,95768817
Walpole Healthcare,95772366
Westborough Healthcare,95773648
ONE/SIZE,95915874
Portum Behavioral Health,95948397
TickerTrends,95965146
SII Group USA,95968286
Gore Talent,96029455
TGC- The Growth Co.,96043296
MindSoft,96055958
ControlAI,96071779
"EcoSmart Solutions, Inc",96072574
Bullet Sponge Creative,96083144
Sire Elite Management,96084440
Pace e Bene Nonviolence Service & Campaign Nonviolence,96090219
Intellivo,96091144
Cliffhanger Games,96097518
Recruiting NoCo LLC,96103415
Dauntless Travel,96105074
Camp Fire Inland Northwest Council,96105992
DreamCatchers Hair International,96108013
Siox Tech LLC,96108825
Libra Search Group,96116643
ClearPoint Health,96116700
SERVPRO of SE Milwaukee and SE Waukesha Counties,96118667
CBL Solutions,96121422
One Senior Care,96125184
DoubleTree by Hilton Abilene Downtown Convention Center,96128782
Destiny Christian School,96131381
SwiftWorks Technology,96131414
Filipino Community of Seattle,96132136
"CULTIV8, Inc",96133444
Anyware Robotics,96133503
DataAnnotation,96139831
Tidewater Staffing Solutions,96145273
NCR Atleos,96148266
Cruizin',96148410
"RCM Technologies, Inc.",96150451
Employers Options,96153181
HireOne Staffing,96157285
TADERA,96157805
NCR Voyix,96157938
STERLING REAL ESTATE,96159298
INFY8,96163362
American Arab Chamber of Commerce,96165027
Next Talent Solutions,96168412
iLink Business Management Inc.,96172021
Unalome SM,96175629
"Bridgestone Retail Operations, LLC",96180361
PAM Health Rehabilitation Hospital of Beaumont,96181129
PAM Health Rehabilitation Hospital of Centennial Hills,96183065
HAPPI Health,96183900
PAM Health Specialty Hospital of Corpus Christi Bayfront,96186907
PAM Health Specialty Hospital of Corpus Christi North,96190049
PAM Health Specialty Hospital of Dayton,96197918
Acentra Health,96200839
PAM Health Rehabilitation Hospital of Corpus Christi,96208097
PAM Health Specialty Hospital of Heritage Valley,96209108
Vertiscript Global,96213179
PAM Health Rehabilitation Hospital of Fargo,96217861
PAM Health Rehabilitation Hospital of Humble,96225866
McLaren Boston,96226080
PAM Health Specialty Hospital of Victoria North,96231829
PAM Health Specialty Hospital of Stoughton,96234898
kadence,96238755
PAM Health Rehabilitation Hospital of Kyle,96240859
PAM Health Rehabilitation Hospital of Overland Park,96240875
PAM Health Specialty Hospital of Victoria South,96243408
PAM Health Specialty Hospital of Victoria Southeast,96243415
PAM Health Rehabilitation Hospital of Round Rock,96247847
Lawelawe Technology Services,96248855
PAM Health Rehabilitation Hospital of Sugar Land,96249024
Nurp,96250021
PAM Health Specialty and Rehabilitation Hospital of Luling,96260432
PAM Health Specialty and Rehabilitation Hospital of New Braunfels,96272448
The Ignatowitz Group,96275225
Jake Taylor,96280338
Viiota,96283903
Techmatic INC,96288225
"Bonita Springs Utilites, Inc.",96288283
Vantage Paralegal Services,96290183
Ecoplastic America Corporation,96294890
"The Hoffmann Hotel Basalt Aspen, Tapestry Collection by Hilton",96294949
Confidential Law Firm,96312227
ColomboAI,96322142
Venture Connections,96323086
Spherion Northwest Ohio,96327010
Lift King Products,96334605
Nora Mental Health Utah,96345770
Stone River Recovery Center,96347835
Global Earthwork & Underground,96348087
Texicare,96354638
Revelation Talent,96359206
Career Pathway,96366188
Cencora,96366777
The ENT Center of Central GA,96369166
Xavem Cloud Inc,96371295
Gurupoint,96412883
Lusso Labs,96466922
Solu Therapeutics,96476630
PAM Health Rehabilitation Hospital of Miamisburg,96477027
LMC,96477192
PAM Health Rehabilitation Hospital of Tulsa,96480381
PAM Health Rehabilitation Hospital of Richardson,96481006
PAM Health Rehabilitation Hospital of Tavares,96481333
PAM Health Rehabilitation Hospital of Houston Heights,96485676
PAM Health Warm Springs Rehabilitation Hospital of San Antonio,96488571
PAM Health Rehabilitation Hospital of El Paso,96489572
Inizio Engage,96490188
SynergyOps,96574027
Bullseye Branding and Promotions,96577780
Next Step Recruitment,96585730
Aebi Schmidt USA,96588932
Entune Behavioral Health,96588988
Techvista Inc.,96589527
Digital Builders LLC,96591394
Workstreet,96605879
Legends Bank,96608006
Marmon Construction Fastener Group,96608035
OtB Tech LLC,96610751
Vestaf LLC,96621796
Source Impact,96623891
Katie's Way Plus,96623907
Myelin Healthcare,96633722
Reign Acquisitions,96635463
Evolve Workforce Solutions,96641222
DextroMedical,96648478
Stapp's Enterprises,96652808
Flash Social,96655607
Table4,96659594
AVO Diagnostic Services,96663246
Patrick G Tutors,96663951
EV.Careers,96666603
"NasTech Global, Inc.,",96668235
Lagniappe IT,96689221
The Moore,96689783
Allure Staffing and Recruitment,96816728
Toft's Grand Scoop,96876904
"Binary Tech Consulting Corp.,",96877563
TKO,96878012
Constellation Search Group,96880536
Main Street Auto,96882369
Endeavor Health,96888599
Soros Fund Management,96893409
Tax Pros of Mid-Michigan LLC,96894308
AnyQuest,96897829
OWASA- Orange Water and Sewer Authority,96899311
BOSTON uniform,96907834
Summit Club,96909331
SolarInbound,96909336
"Staccato Ranch, LLC",96913242
Linde Advanced Material Technologies,96915263
GIRLS WHO EAT,96921151
Makena Golf & Beach Club,96922021
"Norfolk Public Schools, Nebraska",96922274
"Jim Leach, LC",96924141
Merchant Trade Finance,96925136
Phaedon,96926130
Zak Consulting Group,96928878
Veritas Search Group,96930022
Brand Building Agency,96931941
Compound Content Studio,96935586
"Shayan Family Law, APC",96941449
IronGate Cybersecurity LLC,96950912
Key Figures Cooperative,96952592
ShiftRx,96957621
Prepto,96957627
"TorkStrap, LLC",96962890
Flair Marketing Solutions,96964833
Blossom Industries,96966067
Stealth Mode Biotech,96966180
PAM Health Specialty Hospital of Oklahoma City,97015746
PAM Health Specialty and Rehabilitation Hospital of Covington,97021703
PAM Health Specialty Hospital of Pittsburgh,97028055
SolComms,97034061
PAM Health Specialty Hospital of Las Vegas,97036666
PAM Health Warm Springs Rehabilitation Hospital of Westover Hills,97037331
PAM Health Specialty Hospital of Jacksonville,97041180
Trinity Church,97174850
The Studio RSG,97175186
Grand Recruiting Solutions,97184933
Northern Star Resources – Pogo Mine,97185273
BridgeBright Search and Advisory,97187734
Orchid's Solution INC,97188066
PickleRage,97188105
Sift,97188584
Simon Bros Roofing and Solar,97191536
TRC Talent Solutions,97191599
Plug,97196820
Lawley Counseling LLC,97198164
Clear Skies Solutions,97198948
FSU Facilities,97199446
One Degree Agriculture,97200504
Friends Collection,97201940
"Garden Street Communities Southeast, LLC",97204318
May River Recruiting,97205199
Career Servicing,97208606
ENNOVI,97208695
MDpanel,97210007
Origin Mining Company,97214844
Gridiron Air,97221917
True Colors Autism Treatment Center,97226364
McCulloh Consulting,97229904
The Excellence Agency,97403489
SoundHouse,97403964
Vantedge Medical,97406667
"The ABK Group, LLC",97409175
TalentMatch Pro,97412958
Electria Group,97413228
Roundtables,97413487
BringTalent,97420640
Maven Link,97421813
KCEX,97431637
Got10IN,97432307
Aurumys,97433025
RIYA SEAFOODS USA,97433456
McManamon Financial Group,97435241
FPC of Hendersonville,97439047
Moocah Herdsmen Hemp,97439111
FOCKE & CO UNITED STATES,97439598
Gowolo Global,97442184
"SayGo Home Loans, LLC",97443088
SalesLight,97444882
Vesta Fitness,97446428
Hankins Eastup Deaton Tonn Seay & Scarbourough,97453157
Global Career Network,97457361
Sayagyi Group Inc,97460698
Elevate Law Group,97461032
Stringer,97461109
OurUniglobe,97464196
Wetalentia,97465333
"Ruder Law, LLC",97465483
Rural Staffing Services,97466780
Aaura Softwares,97466845
Ohana Design & Build,97468081
Evergreen Bilingual Learning Center,97491263
OysterLink,97844544
Owlery,97875194
Mondasi,97878959
Tessa Stones,97884285
Easetalent,97891266
SDKare LLC,97893839
AFMC,97928168
Programming.com,97938908
PAM Health Specialty Hospital of Sarasota,98013093
PAM Health Specialty Hospital of Rocky Mount,98014051
PAM Health Specialty Hospital of Reno,98027777
ECHELON USA,98033070
Grantify US,98044271
EO Solutions,98047335
"Embassy Data Logistics, Inc.",98048098
Teal & Scott,98049461
Atlantis Employment Services,98051823
Confidential Company,98053583
Rockstar HR,98053591
Vive Treatment Centers,98054627
Syensqo,98059616
Orion Placement,98081413
OMW Consulting,98092192
STAFFX™,98101828
Sectr Partners,98133065
Ten Solutions Co,98134558
Novaris Search,98137185
Zendr,98138123
Pow Pro Construction,98146975
Both&Yes,98150392
PAM Health Rehabilitation Hospital of Victoria,98153264
Alliance Health: Serenity Hospice,98159010
PAM Voyages Behavioral Health of Conroe,98199128
DNA Partners,98211233
"KTA Advising Group, LLC",98213559
Conoscera Foundation,98225016
The Sophisticated Biker Digital Motorcycle Magazine,98235256
Top Tier Resources,98254944
Tree of Life Premier Services LLC.,98303247
Buchanan Legal Professional Services,98303539
RAVen (RA Ventures),98341945
"GSC Steel Stamping, LLC",98341949
MOCKS MOBILE DETAILING,98354116
"ARKA Group, LP",98354935
Blue Ridge Eating Disorder Care Center,98388444
Randstad Digital,98396104
Own Company,98396367
Altius Talent,98411018
INSPIRE Psychological Wellness,98418726
Told By Fire Media,98425301
Rare Parenting,98433839
Energy-One,98438742
MS TECH PARTNERS,98440385
Top Stock,98446229
Evrhire,98447259
New Heights Charter School of Brockton,98460039
Target Bio Research,98461042
"Amogha Group, INC ",98476512
"2020 Inspections",98477653
Towne & Country Management,98480258
Charles Street Talent Advisors,98481285
BUZZR,98484414
JX Realty,98489952
Dental WRX,98496028
Senior Helpers of Metrowest,98496045
Paths Management Services,98504846
Building Block,98506192
"KMRG, LLC",98514526
KnitWell Group,98515022
VITAL Rheumatology PLLC,98515650
Colledge,98516262
Cargo Sales International Inc.,98518693
Futuristic Underwriters,98518965
Astrion,98525360
Primerica Online,98530480
Network Partners Group,98536302
Quantum Foundation,98548642
Kamco Supply of New England,98552009
Tried and True Media,98559284
Mural Oncology,98561293
ON Data Staffing,98570070
Cogent CRE Recruitment,98577370
"5FT View Consulting, LLC",98591861
Artisan AI (YC W24),98594686
Sagient,98594930
EverWonder Studio,98625512
Brightmode Talent,98631672
Omni - Tech & AI Growth Partner,98640203
Henderson Scott,98645638
RTX Fintech & Research,98657945
Leave Your Mark,98661874
STRIKE Marketing,98677863
The Paralegal Circle,98686215
American Values 2024,98689804
Autod AI,98691643
Children's Rescue Fund,98691659
Revel Search,98693331
Jade ABA,98701470
"Central Strategies, LLC",98709618
Dark Matter Technologies,98721845
Oak Ridge Legal Search,98732349
Ellaway Blues Consulting,98737706
Caldera Manufacturing Group,98762890
D33P Search Group,98763390
Nexus Talent Connect,98766864
NextGen IT Labs,98782017
Global Data Tek Inc,98785980
Inbox Ghosts,98790167
Ordient Entertainment,98795534
Blue Horizons Financial LLC,98803167
SparksGlo,98804258
UF Health St. Johns,98806464
GITTC,98807401
WorkLink Group,98810124
Vader-Rey Companies,98814498
Article Student Living,98818374
OneSource Property Maintenance,98820158
BinaryBees Consulting,98823034
Fact Finders Pro,98823646
Aya Education,98828941
Reliatus Behavioral Health,98830971
Inspira Financial,98831579
Kubri Agency,98831718
Victory Foodservice,98831977
Yo!LGBTRaps,98832098
Milayo Inc.,98833088
White Stag Consulting LLC,98835507
Decrypt Compliance,98835983
MIDIScale,98836446
Analytics Collective,98842493
Nexee LLC,98848772
Optimism Unlimited,98851977
Texas Financial Advisors,98854492
"Global Behavior Education Alliance, LLC",98860562
Jessica Technologies LLC,98867117
Codeliq,98875759
La Mercerie,98876991
HBX Group,98884565
meritt.,98886606
Action Cleaning Service,98911509
NewOwl AI,98926512
Your Remote Tech Recruiter,98944819
One NoCode,98951841
Springtide Project Services,98973655
Massive Action Marketing,98976482
Underdog Innovation Inc.,98985814
BrainChild Bio,98993904
Tilly Therapy,98994090
AK Talent Partners,98994969
National Association for Athletes' Mental Health,98996130
Evergreen Building Company ,98998221
BTSA,98999182
Monad Health,99001507
Pier,99009089
Gamble-Machen Guest Care Management,99013062
GibsonAI,99019285
Augment Jobs,99019748
Prime Vitality Wellness,99021287
InsightX Media,99025994
Hado Global Services Private Limited,99029069
PRIMENOTCH,99032606
Empire State Warranty LLC,99041776
Apricot,99043409
Techwizens,99043494
Benchmark Group,99048370
PAM Health Rehabilitation Hospital of Greeley,99055860
PAM Health Rehabilitation Hospital of Golden,99058106
Fixify,99062951
Telesat Government Solutions,99063155
Aristocrat,99064999
Spray Foam Reno,99068158
Arrow Financial Business Group,99070040
GovGPT,99081603
Blueworks Technologies,99090091
navXcom,99090758
Tranquility AI,99093396
"Star Logistics, Inc",99093905
NMDP,99095811
The DreamTeam Builders,99107479
MA CAPITAL U.S. LLC,99107629
"The Seats Foundation, Inc.",99110337
"Apple & Odom, LLC",99111185
BreatheITFoundation,99111197
TalentGator,99111848
Medically Modern Inc,99117440
"Brazos Contractors & Development, Inc.",99122842
Katz's Never Kloses,99124312
Digicore,99125322
Express Employment Professionals - Milwaukee Downtown,99143990
Alternative Wellness Services,99145346
Fantasy Kleaning,99148079
"16 Fund",99148412
"La Bella Fleur Birthing Center, Inc",99152581
"Women's Specialty Care, LLC",99160365
Stellite Works LLC,99160630
The Mutual Group,99160641
"Lift Bridge Lodge, Ascend Hotel Collection",99161480
BradyPLUS,99161554
Capital Max,99166821
Andiamo,99168727
Tremont Search Group,99188188
Premier Finder LLC,99191554
TeamEx,99195340
BelGas CP,99198114
EditCo Bio,99199828
America Zenith,99200397
Blu Sky Investors inc.,99201612
Twisted Land Company,99202927
Recruitment Design,99212509
Creative Foam Products LLC,99215325
"AllWell Agency, Inc.",99217386
Zion Talent Partners,99219058
"Bow and Arrow Holdings, LLC",99220598
Munchbird,99221579
Peak Talent Advisors,99224110
Coast Community Health Center,99227907
RecruitU Services,99231928
ABHI IT SYSTEMS INC,99234508
KIKKSTART Talent Solutions,99241942
Menlo Circus Club,99244000
BerklySoft,99246997
RCG Infosoft Incorporation,99248566
Clear Health Solutions,99254787
Chomp Insurance Brokerage,99256034
Penner & Purves,99259838
H&H Leadership Solutions,99260081
YMX Logistics,99263638
Keystone Document Discovery,99266727
Healthcare Recruitment Counselors,99278278
OUS365,99297447
Natcast.org,99297787
Good Carbon Co.,99302646
Masverde,99304443
Talynt,99305442
"AMPHITRITE RESOURCE GROUP, LLC",99308446
IntegrationsCaptain,99311584
Henry Hire Solutions,99319158
Red Tail Group,99324382
"Sellery, Inc",99325430
MIla Health Inc,99331377
FST Search,99332316
Wanderboat AI,99336130
Precision Installs LLC,99338630
"Big Lift, LLC.",99344594
Interstate Roofing,99345844
New Wave Recruiting,99346358
Xavier Stark,99349703
"Petrus & Associates, LLC",99351336
SDG News,99351497
Delta Vanguard,99353909
CHAGEE USA,99357145
Aptous,99360289
Ascend Plastic Surgery Partners,99361172
"Coast to Coast Surrogacy, LLC",99391171
Victory's Village,99393643
Time Auto Group,99394495
Lucid Partners,99397996
Camp Brightside,99398043
Flexi Solutions LLC,99399368
WhatBytes,99400379
Jackson Financial Group Inc,99404540
Farm Talk Newspaper,99405323
CoreGloves,99410085
Jobot Consulting,99430348
Aizer Health,99437987
Ocean Technology inc,99442115
Epic Getaway Travel Experiences,99442976
AI Digital Nexus,99449491
Love My Freedom Life,99465285
CRT Programs,99465485
HHS Careers,99477381
JML Search LLC ,99481341
The Great Exchange Devens,99483803
Quest IT Solutions Inc,99486423
Cake,99500489
Insite Public Practice Recruitment US,99501378
Sequel Med Tech,99502865
Copilot Careers,99525753
Breeze,99529323
The Napoli Group,99531182
Vermette Recruiting,99543441
Havicma Logistics,99546010
Sell Healthcare | NO License Required | Comm/Residual | Help People & Businesses Save On Healthcare,99554798
"Joan's House, Inc",99563838
DuFault Law,99570690
TruHeight Vitamins,99683904
BBENTON & CO LLC,99746136
RADER & COLEMAN PL,99767183
RapidCrew Solutions Inc.,99806264
RoseMarie Travel,99830697
Robotic Crew,99854858
Optimize Search Group,99855060
Self Made Concepts,99860723
The Stephens Agency,99896168
DoubleTree by Hilton London Ontario,99897075
"DTM Executive Search, Inc.",99916293
Exite Media,99921596
Vendor Build Inc,99928047
growidnoman,99958486
HB Global Inc,99959840
EmV NYC,99969132
O'Connor Distributing,100041089
QuantumBridge,100088626
Wayoh,100095432
BlueFish Technologies,100145984
Navy Region Naval District Washington Fleet and Family Readiness (FFR),100149488
DECCA LLC,100150610
Lumi-Exec ltd,100151775
Planet Interactive,100153092
Insourceo,100158788
RedBrick Staffing,100165901
PA Staffing Solutions,100187503
Roofing & Restoration of Florida,100190090
Ovation Behavior Group,100199761
Gallello Atelier,100213032
Futerra Talent,100224097
VP Enterprises Management Inc.,100224856
Manufacturing,100231844
Sourcechange,100246422
Transportation Advisors,100249745
Launch-Careers,100250684
Moore Law Solutions,100258921
Ourkade,100273598
Ouro,100273634
Vision Staffing Solutions LLC,100274477
Palazzo,100294916
Heads and Tails Marketing,100295983
Thurgood Industries,100299531
Baby Bull Racing,100304200
PennPak Solutions,100304404
Talent ACQ,100307080
WebSphere Marketing,100325012
Altera,100330913
TPRG Talent Solutions,100336235
CM Medical Recruitment,100348910
AED Energy Services,100381616
IFABCORP,100383596
White Glove Picnics & Events,100399116
Elite IT Recruitment PTY LTD,100401297
"100K Job Hunt",100424216
Trifecta Resolutions,100447982
Cimolai-HY LLC,100455075
SKILLAVI,100463467
Belltower Fund Group,100489540
PriviNet,100494608
Extern,100502190
Hermessi,100513494
Lifestyle Landscapes,100527740
Roy Global Research Services Pvt. Ltd.,100532404
VistAnnex HR Solutions,100532810
Ant-Tech Eu,100532895
Talent Canvas,100533246
HardHead,100538581
HyperThinkUS,100538681
Cold Storage Recruiting,100542465
Aayu Well,100547649
Hendin Solutions,100548540
"Oshkosh AeroTech, LLC",100549190
SDLC Technologies,100550520
ORME,100556144
Gentech Hire LLC,100558087
Keystone Cooperative,100560482
RFG Coverage,100561333
HARVIN TECHNOLOGIES LLC,100569651
Selvin's Restaurant & Lounge,100572424
Yimo,100573707
Rena Palumbo Creations LLC,100586529
VibeIRL,100590400
DQL Group,100620908
Aayats,100630069
Harvard University Alumni Affairs and Development (AA&D),100633171
Trail Ridge Power,100637578
Washington Youth Alliance,100639983
Lumina Care,100647789
Healthcare Sales | No License Required,100658604
UnconstrainED,100689186
THE EDU CIRCLE,100693900
KNOWLEDGE IN BOOKS,100714832
TalentForge Solutions,100742632
Hitachi Digital Services,100746448
Tactical Resource Optimization Network (TRON),100747076
Viva Sports Rehab,100755551
AblazeMarketing,100761917
K&K Global Talent Solutions Inc.,100767138
Trustless Engineering Corp,100778228
US MgO Company,100779575
Midwest Aerospace Casting,100790002
CBL Aero,100806098
"4Keys",100810715
HBE Technology,100826652
Universal Products & Experiences,100834384
EcoWise Depackaging,100847125
Circular Resourcing,100848591
Maroc Edge,100849979
Surv Triangle,100850805
Execufy,100862424
DocuGuardian,100864087
Contractor Rhino,100864099
Fay,100883163
Bay Towing,100883759
Wyoming Longhorn Landscaping Inc.,100885291
Odin Disc Golf,100887032
Alta Advisors,100890211
Proud Security Guards Inc,100893335
"A-Line Builders, LLC",100895838
Guardians of Unity Initiative,100897536
Archer Executive Search,100898769
NextCreator,100899786
P.E. University,100906286
Hire'in Solutions,100907499
Valiant Search Partners,100907837
Copper State Executive Search,100911061
BBSI Santa Ana,100912459
[P1] Games,100912659
Atlantic Cove Medical Group,100914309
Turn Up Talent,100914514
Top Flight Executives Inc,100916474
"Proseko Consulting, Inc.",100923073
Halcomb Companies,100924904
ZM Jobs & Hiring Limited,100935524
University of Michigan Health-Sparrow,100936641
ANCHOR Recruiting Group,100945318
Tri-Valley Aerospace,100945958
Crest'XO,100954536
Vertex Elite LLC,100955625
Brilliant Projects REIM,100955899
Spin Hire,100957785
THV Partners,100959155
Studio 1220,100960910
Star Software System LLC,100966478
FEUAS,100971057
AIA Staffing,100977746
Howden Insurance Local UK,101003685
Outsourced Recruitment Services,101037477
Allure Ai,101050228
Digital Nomad Entertainment,101053379
AESC US,101054031
Glen Park Senior Living,101060570
Mighty Dog Roofing of Southern New Hampshire,101075664
HRDelivered,101076451
Alsam Partners,101079388
Matlock Group LLC,101083831
Protagonist Digital,101085620
magic5,101090125
OrganicSales.io,101099416
Costa Security,101103596
Symphony Cyber,101103741
"614 Consultants",101116834
Aerie Healthcare,101120616
"Clarity Connections, Inc",101131794
DonQ fitness,101139589
"What Your Student Needs Ed., LLC.",101141570
The Territorie,101147392
Frame Me,101155083
Henry Schein Dental Recruitment Services,101169414
SkyBridge Luxury & Associates ,101182656
Technical Hires,101196344
Valtofs Technologies,101216890
TravelDuet,101219294
JobBridge,101236761
Miracom Hive,101266340
ArgoMed Group,101274536
REVYVE ACTIVE,101275863
SeamAllowance,101293755
BLUEBERRY STAFFING LLC,101331233
D&C Home Care Maine,101350603
B2BRevops.com,101361913
Okanlaw,101367163
Design Engineering: An IdeaXDesign Company,101371136
Fin,101384092
Encore Talent Solutions,101394644
SelekIT,101396860
SH_R_,101404621
Narrify AI,101405337
Temporary Staffing Professionals,101435802
CommonSpirit Health Mountain Region,101451685
Peak Plans LLC,101451857
RG2 Communications,101453276
Kessel Media Group,101458877
PI Search,101464917
CreativeTech LLC,101471417
Sunoh.ai,101472624
A Hiring Company,101478385
Khattak Digital Services,101486161
Robotics Startup,101489811
Joinrs US,101505097
Highway Collective LLC,101509988
Interviewed AI,101527633
Full Time Jobs - USA,101553608
Housing and Redevelopment Authority of Itasca County,101566602
Restopros of Oakland and Macomb,101581929
SKYZEN Technologies LLC,101591290
Family Estate Planning Firm,101602268
Health Sharing Networks,101603320
Dicasa Ceramica,101631788
Helioustin,101649398
TestSprite,101649613
Evinova,101659172
AK Jobs & Hiring Limited,101660952
Jobs & Hiring Limited,101670262
Xagrot,101674002
Assisting Hands San Carlos,101674898
United Senior Brokerage,101681555
The HRT Club,101682148
OpenNova,101683870
Wise Media Studios (backstag3),101684249
Kintsugi Interactive,101685074
NFPA Global Solutions™,101685092
Confidential Sales Job,101687496
Rock Solid Roofing,101687931
Riverhouse Waterfront Restaurant,101694510
Astratto Technologies,101697625
ZAM Caring Center,101700804
New City Property Management LLC,101704709
PHYSIOVICTORY Physical Therapy Redefined,101705597
Tru Leaf International,101706281
Legacy Digital SEO,101710472
Red Shell Sushi LLC,101715396
Talent Bull Inc.,101716578
Global Financial Impact (GFI),101718942
Bread & Butter OOH,101719488
Beyond Therapy Educational Solutions,101720766
Sarinas Consulting,101720839
Mudrasys ,101721428
TriArm Therapeutics,101721663
SCAIL,101723854
Kirk Industries Inc,101725309
Starup Insurance,101726169
Gilkey Window Company,101726330
Safe Haven Counseling Center,101728268
Gem State Family Law,101728345
"3rd Delta",101731451
Frazier Financial,101732510
Dropshipping High Ticket,101732553
DDream.Land,101733607
"DentCare Midwest, Inc.",101734004
Elite Lead Exchange,101734565
Nouveau Consulting Group LLC,101734794
CNC Boat Works,101735959
New Perspectives Counseling,101736615
Scarmardo Foodservice Inc.,101736904
Upstate Land FIX,101737429
Inspiration Healthcare™,101739220
"Haseko (Hawaii), Inc. and Subsidiaries",101742705
MDT Institute,101743457
Revelation Technologies,101743999
Oliv Financial,101746912
"Golden Pacific Logistics, LLC",101747551
Azimuth Partners,101751693
Post House,101752890
Sheryl Johnson for Congress,101755234
FuelPoint,101756991
NotNico Studios,101761399
Foster Safety LLC,101762083
LMD Networks,101762158
XL Concrete Masonry,101766032
MindShift Labs,101768038
"Rad Transport, LLC",101771819
Ready Made Trusses and Builders' Supply,101772674
Elite Placement Service,101773633
Metric Bio,101789238
Metric Geo,101789992
Catholic Recruiter Associates,101791563
"Leve1ne Management, LLC",101792914
StellarMettle Placements,101794030
Portal Insulin LLC,101800470
Law Office of Chen & Associates Inc. 恒莹律师事务所 ,101802124
Insurance Elevated,101803110
NousTravel,101810042
AMQconnect™,101813502
Two-14 Aviation,101817582
YouBev.AI,101825647
Rula,101827453
Come Near,101828315
GarageCo,101828948
Schmidt Sciences,101840590
"NC Civil, LLC",101841934
LinkW Technology Logistics Inc,101848242
Elite Prudential,101848788
FRM Lighting & Controls,101849815
Growing Minds Academy,101853765
Kilgore Service,101888809
Devana Group - Recruitment and Business Solutions,101890916
Cloverleaf Infrastructure,101929984
Curtin Associates,101939622
Vivaswan Software Technologies,101940846
Bravo Research Group inc.,101964649
Parco Solar,101974235
Visionary Virtual Ventures,101978665
CHESTER’S SMILE ®,101981605
TalentQuarry,101983943
Bolt Medical,101986896
Beneficial Reuse Management,101988349
EarthNotes,101991953
New Codes on the Block,101992405
The Salty Babe,101993284
"Real CFO, Inc a Kinstler Brown Companies, Inc Company",101994061
Farm Orchard Sea,101994165
Houston OCD & Anxiety,101995287
Confidential (Vertical Media Business),101997037
Xylem Psychotherapy,102000031
"Louie, Parker & Smith Insurance Services",102001925
BilliMD,102075906
Grey Group Tactical Inc,102077682
Sparktonic,102080301
Sell It,102083070
Novara Partners,102083603
Shannow Group,102108904
Law Firm of Anayancy R. Housman,102111928
Counsel,102122171
"Chasco, Inc.",102133597
ASPIRE IT Consulting Inc.,102134611
Plocamium Holdings - PH,102135749
SimplyApply,102146714
Brightest Day Labs,102148965
Clean Shift Energy,102158851
Garden State Consultants,102172061
Healthcare Sharing School,102179396
Career Jobs & Hiring,102189705
Giffft,102216203
Big D Mechanical,102230928
Stat Duck,102231074
Novello,102233110
Taxilian Jobs & Hiring,102257756
NovaByte,102273467
IQ Jobs & Hiring,102291377
Asha Empire Team,102310886
Emerson Zane,102331651
ADBM,102334242
UrbanNest,102338702
Voyage,102339703
BlinkForge,102341497
Sparkle Dryclean,102342021
ApexClick Digital,102349851
NOVA MEDICAL SERVICES,102352461
mAI.news,102361377
Talent Job Seeker,102368941
KC Ventures,102402728
Tilt Network,102431186
EmbeddedTux Solutions,102434994
Drinkun Inc,102435008
GlobeX Leisure and Travel,102443644
JAWS Logistics LLC,102453101
Lexio Capital,102582885
"10x Company Jobs",102606001
Resolution Recruiting,102607811
Clarity Psychological Testing,102610792
BinaryITech LLC,102617645
Healthsharing Academy,102621117
TuneTunnel,102623703
Refonte Learning,102635657
Pivotal Med Supply,102649762
BT Finance Executive Search,102656176
CN3CT,102659043
"Frontier Executive Search, LLC",102666038
Amplitude Therapeutics,102671690
Navy Region Hawaii Fleet and Family Readiness (FFR),102787056
Socially Kordial,102788281
Randstad Enterprise,102794506
e2 Talent Partners,102797056
Duke Design Climate,102797436
Credit Vision,102800263
Lemon Tek,102801165
AR Builders,102802128
Ames Watson Brands,102803736
Novellis Health,102808857
Techwizens LLC,102814738
"QueenTransportation, LLC.",102818719
Cloud Consulting Services Inc (CCSI),102818849
SUPERTUTOR,102829467
Clean Energy Advisor 4 U,102833300
Millboard Inc.,102839269
Pearl Nantucket,102839299
Warmer,102841940
MyHavenHomes,102850065
Imparting Strength and Vitality,102852048
Redpoint Talent,102859341
Stiles CFO Services,103074948
Industrial Technical Training,103077531
CG Law LLC,103082133
Evenings Delight,103083146
emeis,103083507
ITF Therapeutics LLC,103088929
"Hite Consulting, Inc.",103092467
Higher Talent Solutions LLC (USA),103093447
Charles Joseph,103099924
AmplifyAdvantage Agency Pro,103103832
Overlooked Materials,103114509
SilkCut Underwear,103114587
Dark Alpha Capital LLC,103120277
Elman Tech,103126568
GRK Unlimited,103129573
Sell Savings™,103132311
New Solution Healthcare™,103134782
"Conexio Care, Inc",103137658
Lean Bootstrapping,103141837
Fetch & Favor,103143920
Healthflex Staffing,103156899
Teqconnect,103157091
Scratch,103158544
Freedom Healthcare Solutions™,103164815
Cranberry AI,103166053
Ekspert Counsel,103167527
Art + Loom,103172637
Cincy at the Well,103173682
Serenesuccesses,103375758
Petro Plus,103375763
Snap Digital,103375846
Benzor Capital Wealth,103378042
Solomon Financial Group LLC,103383086
"NexGen Contracting, A Gray Company",103384672
The H Hospitality Group,103391993
Techvent Fusion LLC,103398108
C&R Container Services,103399562
Empire Vision Marketing Inc,103403068
Schmoll America,103405352
"Wright Mindset Therapy Services, LLC",103407206
"Agricultural Office, Embassy of Chile in the US",103407882
FYZICAL Kids,103410095
Bullseye Biosciences,103410862
Lather Site Prep,103410956
Vertekal,103413221
OKLabs Talent,103414069
Somnio Wealth,103414908
Guidant Measurement,103416722
TheraMynd LLC,103421537
JPM Financial LLC,103426165
Patriot Wings,103432741
Forever Salon,103447450
Katonah Management Services LLC,103449231
Lilypad,103452829
Souvlaki,103453650
Sunova Therapy,103454653
Women Ambrosia,103455555
Foundation Model Startup,103456466
Kinder Prep Montessori Nursery & Preschool,103456527
"Leon S. Avakian, Inc.",103458790
JRC Services,103463217
Centent Consulting LLC,103466352
"Kings and Queens Productions, LLC",103467540
WebUnite,103468936
BlackVe,103472979
