"id","state_id","country_id","city_id","industry_id","speciality_set_id","company_size","employee_count","follower_count"
1009,2,2,2,1,1,7,,
1016,3,2,3,1,1,7,,
1025,4,2,4,1,1,7,,
1028,4,2,5,1,1,7,,
1033,3,3,6,1,1,7,,
1035,5,2,7,1,1,7,,
1038,3,4,8,1,1,7,,
1043,3,5,9,1,1,7,,
1044,3,6,10,1,1,7,,
1052,6,2,11,1,1,7,,
1053,7,2,12,1,1,7,,
1060,8,7,13,1,1,7,,
1063,9,2,14,1,1,7,,
1066,10,2,3,1,1,5,,
1068,2,2,15,1,1,7,,
1070,11,8,16,1,1,7,,
1073,3,6,17,1,1,7,,
1079,2,2,15,1,1,7,,
1088,12,9,18,1,1,7,,
1090,13,9,19,1,1,7,,
1103,14,2,20,1,1,7,,
1115,15,5,21,1,1,7,,
1116,16,2,22,1,1,7,,
1123,17,2,23,1,1,7,,
1136,2,2,15,1,1,4,,
1182,3,6,17,1,1,7,,
1185,18,2,15,1,1,7,,
1207,14,2,24,1,1,7,,
1214,3,10,25,1,1,7,,
1224,19,2,26,1,1,7,,
1235,7,2,27,1,1,7,,
1248,20,6,28,1,1,7,,
1252,3,11,29,1,1,7,,
1253,3,2,30,1,1,7,,
1256,9,2,31,1,1,6,,
1259,3,12,32,1,1,7,,
1262,21,5,33,1,1,7,,
1264,21,5,33,1,1,5,,
1269,3,10,10,1,1,7,,
1271,22,6,17,1,1,7,,
1277,2,2,15,1,1,7,,
1281,23,2,34,1,1,7,,
1283,24,13,35,1,1,7,,
1288,9,2,36,1,1,7,,
1292,9,2,37,1,1,7,,
1307,25,2,38,1,1,7,,
1318,24,13,35,1,1,7,,
1337,9,2,36,1,1,7,,
1339,26,2,39,1,1,6,,
1344,27,2,23,1,1,7,,
1353,28,13,40,1,1,7,,
1359,29,2,41,1,1,7,,
1360,3,14,10,1,1,3,,
1371,3,2,10,1,1,7,,
1373,30,2,42,1,1,7,,
1377,4,2,43,1,1,5,,
1382,18,2,15,1,1,7,,
1384,31,2,44,1,1,7,,
1389,22,6,17,1,1,7,,
1392,32,2,45,1,1,7,,
1393,3,10,46,1,1,7,,
1399,33,6,47,1,1,7,,
1400,34,15,48,1,1,7,,
1403,31,2,49,1,1,7,,
1406,35,10,50,1,1,7,,
1412,31,2,51,1,1,7,,
1415,36,15,52,1,1,7,,
1419,37,2,49,1,1,7,,
1426,3,6,17,1,1,7,,
1431,18,2,53,1,1,7,,
1441,9,2,54,1,1,7,,
1449,9,2,55,1,1,7,,
1455,3,5,56,1,1,5,,
1463,38,2,57,1,1,7,,
1464,4,2,5,1,1,6,,
1466,7,2,58,1,1,7,,
1468,4,2,4,1,1,7,,
1472,39,2,59,1,1,7,,
1474,40,2,59,1,1,7,,
1480,9,2,14,1,1,7,,
1481,9,2,14,1,1,7,,
1482,9,2,14,1,1,7,,
1483,39,2,60,1,1,7,,
1486,38,2,61,1,1,7,,
1491,17,2,62,1,1,7,,
1494,38,2,63,1,1,6,,
1497,7,2,12,1,1,7,,
1504,25,2,64,1,1,5,,
1505,31,2,44,1,1,7,,
1508,3,12,65,1,1,7,,
1511,41,2,66,1,1,7,,
1515,2,2,67,1,1,5,,
1517,2,2,67,1,1,5,,
1523,42,2,68,1,1,7,,
1526,9,2,12,1,1,7,,
1534,43,2,68,1,1,7,,
1539,44,2,69,1,1,7,,
1544,45,2,49,1,1,7,,
1550,7,2,70,1,1,7,,
1586,32,2,71,1,1,7,,
1597,4,2,4,1,1,6,,
1602,3,10,72,1,1,7,,
1603,46,6,73,1,1,7,,
1612,10,2,74,1,1,7,,
1614,31,2,75,1,1,7,,
1627,9,2,27,1,1,7,,
1629,31,2,76,1,1,7,,
1632,9,2,77,1,1,5,,
1637,25,2,78,1,1,7,,
1642,47,12,65,1,1,7,,
1645,48,2,38,1,1,7,,
1646,49,2,73,1,1,7,,
1654,25,2,73,1,1,5,,
1657,25,2,38,1,1,5,,
1658,25,2,38,1,1,7,,
1659,25,2,38,1,1,6,,
1662,3,12,65,1,1,7,,
1663,50,2,79,1,1,7,,
1666,7,2,54,1,1,7,,
1668,23,2,80,1,1,7,,
1670,51,2,81,1,1,7,,
1673,2,2,15,1,1,7,,
1677,7,2,27,1,1,7,,
1678,9,2,27,1,1,7,,
1680,38,2,82,1,1,7,,
1681,9,2,83,1,1,7,,
1689,3,2,10,1,1,4,,
1691,3,12,65,1,1,7,,
1694,42,2,68,1,1,7,,
1703,52,2,84,1,1,7,,
1714,2,2,15,1,1,7,,
1756,53,13,85,1,1,7,,
1760,2,2,15,1,1,7,,
1762,22,6,17,1,1,7,,
1767,49,2,38,1,1,7,,
1773,14,2,86,1,1,7,,
1784,49,2,38,1,1,7,,
1789,7,2,83,1,1,5,,
1790,9,2,77,1,1,6,,
1792,9,2,87,1,1,7,,
1799,54,2,88,1,1,7,,
1808,55,15,48,1,1,7,,
1818,3,12,89,1,1,7,,
1827,2,2,15,1,1,7,,
1828,2,2,90,1,1,7,,
1833,14,2,91,1,1,4,,
1835,41,2,92,1,1,7,,
1841,56,2,93,1,1,7,,
1852,38,2,94,1,1,7,,
1855,4,2,95,1,1,7,,
1864,56,2,96,1,1,7,,
1869,6,2,4,1,1,5,,
1874,18,2,15,1,1,7,,
1879,9,2,27,1,1,7,,
1881,45,2,51,1,1,7,,
1885,9,2,97,1,1,2,,
1893,57,5,98,1,1,7,,
1900,4,2,99,1,1,7,,
1905,45,2,51,1,1,7,,
1906,3,2,10,1,1,6,,
1908,31,2,100,1,1,7,,
1912,3,10,101,1,1,7,,
1926,2,2,15,1,1,7,,
1927,2,2,15,1,1,5,,
1928,2,2,15,1,1,5,,
1929,58,10,25,1,1,7,,
1935,49,2,38,1,1,6,,
1951,59,12,102,1,1,7,,
1956,60,12,65,1,1,7,,
1970,61,9,103,1,1,7,,
1995,4,2,43,1,1,6,,
2003,19,2,26,1,1,7,,
2017,9,2,58,1,1,7,,
2018,9,2,12,1,1,7,,
2019,62,2,104,1,1,6,,
2029,63,2,105,1,1,7,,
2032,64,2,106,1,1,7,,
2035,14,2,107,1,1,5,,
2041,3,6,17,1,1,7,,
2046,3,2,68,1,1,5,,
2059,3,10,108,1,1,7,,
2068,9,2,109,1,1,7,,
2078,64,2,106,1,1,7,,
2087,3,7,110,1,1,7,,
2089,65,7,111,1,1,5,,
2090,3,7,111,1,1,6,,
2092,17,2,112,1,1,5,,
2096,3,7,113,1,1,7,,
2105,7,2,14,1,1,7,,
2107,6,2,114,1,1,7,,
2114,25,2,38,1,1,7,,
2121,14,2,115,1,1,7,,
2127,66,2,116,1,1,7,,
2137,3,6,17,1,1,7,,
2148,3,5,117,1,1,7,,
2152,29,2,118,1,1,7,,
2153,67,2,118,1,1,7,,
2155,68,2,119,1,1,7,,
2157,7,2,14,1,1,7,,
2162,26,2,120,1,1,7,,
2169,3,6,17,1,1,7,,
2190,7,2,121,1,1,7,,
2192,9,2,122,1,1,7,,
2193,2,2,123,1,1,6,,
2198,68,5,124,1,1,7,,
2206,2,2,90,1,1,7,,
2213,2,2,15,1,1,7,,
2217,4,2,4,1,1,7,,
2219,4,2,4,1,1,7,,
2224,6,2,5,1,1,7,,
2227,3,16,125,1,1,7,,
2230,17,2,126,1,1,7,,
2238,3,12,65,1,1,7,,
2240,9,2,36,1,1,6,,
2247,69,3,127,1,1,7,,
2251,16,2,128,1,1,7,,
2252,16,2,128,1,1,7,,
2266,43,2,68,1,1,7,,
2271,32,2,71,1,1,7,,
2272,43,2,68,1,1,7,,
2276,7,2,129,1,1,7,,
2279,4,2,5,1,1,7,,
2282,2,2,15,1,1,5,,
2284,2,2,15,1,1,5,,
2300,2,2,15,1,1,7,,
2305,70,2,130,1,1,7,,
2307,39,2,131,1,1,7,,
2311,29,2,132,1,1,7,,
2319,6,2,11,1,1,7,,
2327,13,9,133,1,1,7,,
2329,71,12,134,1,1,7,,
2340,3,2,10,1,1,7,,
2371,10,2,135,1,1,7,,
2380,41,2,3,1,1,7,,
2381,10,2,136,1,1,7,,
2385,72,2,137,1,1,6,,
2423,2,2,15,1,1,7,,
2425,64,2,138,1,1,7,,
2429,3,2,10,1,1,7,,
2432,41,2,3,1,1,6,,
2443,3,12,139,1,1,7,,
2445,73,2,88,1,1,6,,
2449,31,2,49,1,1,7,,
2454,2,2,15,1,1,6,,
2457,7,2,36,1,1,7,,
2459,41,2,140,1,1,7,,
2465,49,2,38,1,1,5,,
2467,64,2,141,1,1,7,,
2474,9,2,97,1,1,7,,
2476,9,2,97,1,1,5,,
2477,9,2,97,1,1,7,,
2483,3,9,142,1,1,7,,
2490,64,2,143,1,1,7,,
2494,2,2,15,1,1,7,,
2496,3,6,17,1,1,7,,
2498,73,2,88,1,1,7,,
2513,40,2,144,1,1,7,,
2516,39,2,144,1,1,7,,
2532,56,2,93,1,1,7,,
2534,9,2,145,1,1,7,,
2539,2,2,15,1,1,6,,
2541,2,2,15,1,1,5,,
2551,39,2,146,1,1,7,,
2562,39,2,147,1,1,7,,
2576,9,2,148,1,1,7,,
2579,74,12,149,1,1,6,,
2584,75,2,71,1,1,7,,
2593,18,2,15,1,1,5,,
2599,69,3,120,1,1,7,,
2604,74,10,150,1,1,7,,
2609,43,2,151,1,1,5,,
2610,14,2,94,1,1,7,,
2612,7,2,148,1,1,6,,
2622,4,2,99,1,1,7,,
2623,18,2,15,1,1,7,,
2624,2,2,15,1,1,7,,
2633,3,5,152,1,1,7,,
2640,4,2,153,1,1,7,,
2641,72,2,154,1,1,6,,
2646,76,2,155,1,1,7,,
2649,77,2,3,1,1,7,,
2650,41,2,156,1,1,7,,
2651,9,2,157,1,1,7,,
2652,7,2,58,1,1,7,,
2654,9,2,157,1,1,5,,
2666,9,2,157,1,1,5,,
2669,59,12,65,1,1,7,,
2677,10,2,3,1,1,7,,
2678,66,2,158,1,1,7,,
2690,25,2,38,1,1,7,,
2691,55,15,48,1,1,7,,
2701,25,2,38,1,1,7,,
2709,34,15,159,1,1,7,,
2722,7,2,160,1,1,7,,
2723,78,15,161,1,1,7,,
2730,10,2,3,1,1,7,,
2739,76,2,162,1,1,5,,
2743,79,9,163,1,1,7,,
2748,18,2,15,1,1,7,,
2751,32,2,71,1,1,7,,
2753,44,2,164,1,1,7,,
2775,55,15,48,1,1,7,,
2776,66,2,165,1,1,6,,
2785,19,2,26,1,1,5,,
2786,9,2,27,1,1,5,,
2790,25,2,38,1,1,5,,
2802,3,6,166,1,1,7,,
2819,18,2,15,1,1,5,,
2822,66,2,93,1,1,7,,
2828,55,15,159,1,1,6,,
2835,6,2,167,1,1,5,,
2841,80,2,168,1,1,5,,
2842,7,2,169,1,1,7,,
2844,9,2,157,1,1,7,,
2848,81,17,170,1,1,7,,
2859,41,2,3,1,1,7,,
2865,40,2,171,1,1,7,,
2868,9,2,172,1,1,7,,
2869,2,2,15,1,1,5,,
2882,30,2,106,1,1,7,,
2889,67,2,118,1,1,5,,
2895,3,2,10,1,1,7,,
2896,25,2,38,1,1,7,,
2897,25,2,173,1,1,5,,
2905,2,2,15,1,1,7,,
2911,82,2,174,1,1,7,,
2913,3,2,10,1,1,7,,
2915,23,2,175,1,1,7,,
2918,3,2,176,1,1,7,,
2931,25,2,177,1,1,6,,
2934,2,2,15,1,1,7,,
2941,4,2,5,1,1,4,,
2953,6,2,5,1,1,7,,
2958,4,2,5,1,1,5,,
2960,4,2,5,1,1,5,,
2978,56,14,93,1,1,5,,
2980,83,2,64,1,1,7,,
2981,59,12,178,1,1,7,,
2984,9,2,179,1,1,5,,
2986,52,2,175,1,1,6,,
2988,9,2,77,1,1,7,,
2994,45,2,44,1,1,7,,
2995,19,2,26,1,1,7,,
2997,84,2,26,1,1,7,,
3007,7,2,180,1,1,6,,
3012,16,2,22,1,1,7,,
3015,2,2,53,1,1,7,,
3019,25,2,181,1,1,7,,
3027,85,9,19,1,1,6,,
3028,7,2,27,1,1,7,,
3029,9,2,27,1,1,6,,
3032,56,2,93,1,1,6,,
3039,2,2,15,1,1,6,,
3047,52,2,182,1,1,7,,
3050,86,2,183,1,1,6,,
3055,87,12,184,1,1,7,,
3067,28,13,185,1,1,7,,
3072,7,2,14,1,1,7,,
3076,88,2,186,1,1,5,,
3081,25,2,187,1,1,7,,
3084,9,2,97,1,1,7,,
3088,2,2,15,1,1,7,,
3090,9,2,188,1,1,6,,
3098,89,6,189,1,1,7,,
3100,19,2,26,1,1,7,,
3102,38,2,190,1,1,7,,
3114,90,2,191,1,1,7,,
3117,49,2,187,1,1,6,,
3119,91,6,192,1,1,6,,
3128,72,2,137,1,1,7,,
3131,3,9,19,1,1,7,,
3135,3,2,3,1,1,7,,
3137,7,2,27,1,1,7,,
3139,55,15,48,1,1,7,,
3140,31,2,49,1,1,6,,
3143,25,2,193,1,1,7,,
3146,52,2,182,1,1,4,,
3157,2,2,15,1,1,5,,
3162,92,2,5,1,1,7,,
3163,52,2,84,1,1,7,,
3165,52,2,84,1,1,7,,
3171,26,2,128,1,1,7,,
3173,16,2,128,1,1,7,,
3174,16,2,128,1,1,4,,
3175,27,2,194,1,1,7,,
3178,10,2,3,1,1,7,,
3181,66,2,195,1,1,7,,
3185,7,2,27,1,1,7,,
3192,3,3,196,1,1,5,,
3196,41,2,197,1,1,6,,
3214,7,2,198,1,1,7,,
3222,93,9,19,1,1,7,,
3225,3,18,199,1,1,6,,
3235,94,5,200,1,1,7,,
3240,9,2,201,1,1,7,,
3242,51,2,81,1,1,7,,
3246,10,2,3,1,1,6,,
3252,16,2,202,1,1,7,,
3256,95,9,203,1,1,7,,
3260,3,16,204,1,1,7,,
3264,26,2,205,1,1,7,,
3269,3,5,206,1,1,7,,
3282,40,2,207,1,1,7,,
3289,42,2,68,1,1,5,,
3304,45,2,75,1,1,7,,
3316,52,2,208,1,1,7,,
3321,16,2,209,1,1,7,,
3330,42,2,68,1,1,7,,
3334,41,2,210,1,1,7,,
3335,96,2,211,1,1,7,,
3339,4,2,212,1,1,5,,
3342,72,2,154,1,1,7,,
3364,54,2,88,1,1,7,,
3379,5,2,71,1,1,7,,
3382,9,2,213,1,1,7,,
3384,9,2,58,1,1,7,,
3386,49,2,214,1,1,5,,
3392,55,15,48,1,1,7,,
3398,97,2,215,1,1,5,,
3402,3,12,216,1,1,7,,
3406,6,2,114,1,1,7,,
3407,9,2,148,1,1,7,,
3409,98,2,217,1,1,5,,
3411,42,2,68,1,1,7,,
3432,18,2,15,1,1,7,,
3439,6,2,99,1,1,7,,
3441,99,2,26,1,1,6,,
3450,25,2,119,1,1,7,,
3460,52,2,182,1,1,7,,
3462,23,2,182,1,1,5,,
3469,3,7,218,1,1,7,,
3475,3,10,219,1,1,7,,
3476,100,6,220,1,1,6,,
3486,22,6,17,1,1,6,,
3488,101,12,178,1,1,7,,
3493,10,2,3,1,1,7,,
3496,49,2,221,1,1,5,,
3498,3,2,10,1,1,7,,
3522,2,2,15,1,1,6,,
3523,2,2,222,1,1,7,,
3524,67,2,223,1,1,7,,
3528,29,2,223,1,1,7,,
3534,3,5,118,1,1,7,,
3536,2,2,15,1,1,6,,
3537,81,17,170,1,1,7,,
3545,17,2,224,1,1,7,,
3549,89,6,225,1,1,7,,
3556,25,2,38,1,1,6,,
3557,43,2,68,1,1,5,,
3558,102,2,68,1,1,6,,
3569,29,2,226,1,1,5,,
3570,103,2,227,1,1,7,,
3580,104,6,228,1,1,7,,
3586,24,13,35,1,1,7,,
3587,18,2,15,1,1,1,,
3589,41,2,135,1,1,7,,
3595,64,2,229,1,1,6,,
3608,9,2,12,1,1,7,,
3625,50,2,128,1,1,7,,
3626,105,2,230,1,1,7,,
3627,51,2,231,1,1,7,,
3631,49,2,232,1,1,6,,
3635,106,2,233,1,1,6,,
3638,29,2,234,1,1,7,,
3653,3,19,235,1,1,7,,
3657,107,2,236,1,1,7,,
3658,52,2,237,1,1,7,,
3671,44,2,238,1,1,7,,
3672,45,2,75,1,1,7,,
3676,7,2,239,1,1,6,,
3677,44,2,164,1,1,7,,
3678,18,2,240,1,1,7,,
3681,4,2,99,1,1,7,,
3684,52,2,241,1,1,5,,
3688,4,2,114,1,1,7,,
3690,82,2,174,1,1,7,,
3694,84,2,26,1,1,7,,
3695,42,2,68,1,1,7,,
3701,39,2,242,1,1,7,,
3720,26,2,243,1,1,5,,
3724,3,16,244,1,1,7,,
3727,3,20,245,1,1,7,,
3741,9,2,97,1,1,7,,
3743,10,2,3,1,1,7,,
3745,108,5,246,1,1,7,,
3748,109,5,247,1,1,7,,
3757,17,2,248,1,1,7,,
3762,41,2,249,1,1,7,,
3765,3,2,15,1,1,7,,
3770,103,2,104,1,1,7,,
3771,103,2,250,1,1,6,,
3772,9,2,12,1,1,6,,
3776,4,2,99,1,1,6,,
3780,49,2,38,1,1,7,,
3789,41,2,251,1,1,7,,
3796,105,2,230,1,1,5,,
3818,3,12,65,1,1,7,,
3831,10,2,3,1,1,7,,
3845,58,10,25,1,1,7,,
3848,31,2,49,1,1,6,,
3854,3,6,252,1,1,7,,
3858,9,2,55,1,1,6,,
3859,3,2,10,1,1,5,,
3863,10,2,253,1,1,7,,
3866,6,2,114,1,1,7,,
3871,22,6,17,1,1,7,,
3881,41,2,3,1,1,7,,
3888,42,2,68,1,1,7,,
3889,42,2,68,1,1,7,,
3894,3,9,254,1,1,7,,
3895,7,2,70,1,1,7,,
3900,3,12,178,1,1,7,,
3915,26,2,255,1,1,7,,
3921,19,2,26,1,1,7,,
3925,25,2,73,1,1,6,,
3952,3,2,10,1,1,7,,
3954,3,6,17,1,1,6,,
3957,41,2,3,1,1,7,,
3960,67,2,118,1,1,6,,
3961,25,2,73,1,1,6,,
3975,41,2,3,1,1,5,,
3980,49,2,38,1,1,5,,
3994,22,6,17,1,1,7,,
3997,42,2,128,1,1,7,,
3998,110,10,50,1,1,7,,
4013,42,2,68,1,1,6,,
4019,9,2,97,1,1,6,,
4025,6,2,11,1,1,7,,
4030,49,2,181,1,1,6,,
4031,23,2,256,1,1,6,,
4037,2,2,15,1,1,7,,
4044,42,2,68,1,1,6,,
4057,27,2,257,1,1,7,,
4059,2,2,15,1,1,7,,
4060,41,2,3,1,1,7,,
4062,59,12,258,1,1,7,,
4066,27,2,23,1,1,7,,
4074,64,2,259,1,1,6,,
4075,3,4,10,1,1,7,,
4080,9,2,260,1,1,5,,
4085,28,13,40,1,1,6,,
4097,9,2,261,1,1,7,,
4099,73,2,107,1,1,7,,
4100,41,2,3,1,1,6,,
4101,111,12,262,1,1,7,,
4114,3,18,263,1,1,7,,
4122,9,2,27,1,1,7,,
4123,9,2,27,1,1,7,,
4124,25,2,73,1,1,5,,
4126,112,10,264,1,1,7,,
4128,17,2,265,1,1,7,,
4134,40,21,266,1,1,7,,
4156,23,2,267,1,1,7,,
4162,10,2,3,1,1,5,,
4167,23,2,182,1,1,7,,
4187,113,22,268,1,1,7,,
4191,31,2,49,1,1,7,,
4207,90,2,269,1,1,7,,
4211,114,23,270,1,1,7,,
4215,16,2,128,1,1,6,,
4219,16,2,128,1,1,5,,
4222,103,2,271,1,1,7,,
4224,115,2,272,1,1,7,,
4237,25,2,273,1,1,5,,
4255,2,2,67,1,1,7,,
4256,78,15,161,1,1,7,,
4257,83,2,217,1,1,7,,
4262,14,2,24,1,1,7,,
4275,3,16,274,1,1,7,,
4281,72,2,137,1,1,5,,
4292,86,2,275,1,1,7,,
4293,2,2,15,1,1,5,,
4296,62,2,276,1,1,7,,
4297,45,2,277,1,1,6,,
4298,31,2,277,1,1,7,,
4307,52,2,278,1,1,7,,
4310,10,2,3,1,1,7,,
4328,7,2,14,1,1,6,,
4334,4,2,4,1,1,7,,
4335,3,7,218,1,1,7,,
4346,44,2,164,1,1,5,,
4371,109,5,279,1,1,6,,
4374,7,2,14,1,1,7,,
4376,42,2,68,1,1,5,,
4377,2,2,15,1,1,5,,
4389,116,16,280,1,1,7,,
4394,43,2,68,1,1,7,,
4399,117,2,281,1,1,7,,
4402,118,24,282,1,1,7,,
4411,113,22,283,1,1,7,,
4413,9,2,97,1,1,5,,
4416,43,2,284,1,1,5,,
4417,3,2,15,1,1,7,,
4419,7,2,285,1,1,6,,
4422,22,6,17,1,1,6,,
4433,25,2,38,1,1,7,,
4440,3,11,29,1,1,7,,
4446,25,2,286,1,1,5,,
4451,27,2,257,1,1,7,,
4453,72,2,287,1,1,7,,
4458,16,2,288,1,1,7,,
4494,32,2,71,1,1,7,,
4501,4,2,289,1,1,7,,
4505,2,2,15,1,1,6,,
4510,44,2,164,1,1,7,,
4512,48,2,290,1,1,6,,
4513,14,2,291,1,1,7,,
4517,2,2,15,1,1,5,,
4520,2,2,15,1,1,7,,
4529,4,2,4,1,1,7,,
4535,38,2,292,1,1,5,,
4536,119,10,293,1,1,7,,
4541,2,2,15,1,1,5,,
4543,7,2,12,1,1,5,,
4548,120,2,79,1,1,3,,
4556,6,2,294,1,1,7,,
4562,64,2,295,1,1,6,,
4564,51,2,230,1,1,7,,
4565,51,2,230,1,1,5,,
4589,121,16,296,1,1,6,,
4590,16,2,297,1,1,7,,
4591,26,2,297,1,1,7,,
4592,122,7,110,1,1,7,,
4593,9,2,14,1,1,7,,
4599,6,2,11,1,1,7,,
4600,3,6,17,1,1,5,,
4608,123,2,164,1,1,7,,
4611,25,2,38,1,1,5,,
4617,6,2,5,1,1,5,,
4622,3,14,10,1,1,7,,
4644,84,2,26,1,1,6,,
4647,73,2,107,1,1,7,,
4652,29,2,298,1,1,7,,
4661,28,13,185,1,1,7,,
4667,103,2,104,1,1,5,,
4668,3,2,15,1,1,3,,
4670,62,2,104,1,1,7,,
4674,41,2,3,1,1,7,,
4680,96,2,299,1,1,7,,
4682,25,2,73,1,1,5,,
4688,3,2,15,1,1,7,,
4692,7,2,14,1,1,5,,
4701,2,2,15,1,1,6,,
4711,124,2,300,1,1,7,,
4713,56,2,301,1,1,7,,
4714,32,2,302,1,1,6,,
4721,10,2,92,1,1,7,,
4725,66,2,67,1,1,7,,
4727,14,2,303,1,1,7,,
4728,38,2,304,1,1,6,,
4729,10,2,3,1,1,6,,
4748,29,2,223,1,1,7,,
4757,18,2,15,1,1,5,,
4764,2,2,15,1,1,7,,
4768,66,2,93,1,1,6,,
4782,22,6,17,1,1,6,,
4783,19,2,26,1,1,5,,
4787,31,2,305,1,1,5,,
4789,104,6,306,1,1,7,,
4798,125,2,238,1,1,7,,
4804,3,7,218,1,1,7,,
4813,27,2,224,1,1,7,,
4823,3,4,10,1,1,7,,
4826,52,2,307,1,1,5,,
4827,3,10,264,1,1,7,,
4830,14,2,308,1,1,6,,
4835,19,2,26,1,1,7,,
4841,5,2,71,1,1,6,,
4852,90,2,309,1,1,7,,
4856,58,10,25,1,1,7,,
4857,52,2,182,1,1,7,,
4862,2,2,15,1,1,5,,
4867,25,2,38,1,1,5,,
4881,18,2,15,1,1,7,,
4883,62,2,276,1,1,4,,
4884,43,2,68,1,1,5,,
4890,126,2,300,1,1,7,,
4896,7,2,70,1,1,6,,
4898,45,2,310,1,1,7,,
4912,9,2,311,1,1,2,,
4914,16,2,22,1,1,7,,
4918,127,8,16,1,1,7,,
4920,18,2,15,1,1,5,,
4922,99,2,26,1,1,7,,
4928,3,2,10,1,1,7,,
4931,3,2,15,1,1,5,,
4934,96,2,312,1,1,6,,
4945,25,2,38,1,1,5,,
4949,2,2,15,1,1,4,,
4957,117,2,281,1,1,4,,
4960,52,2,182,1,1,7,,
4972,52,2,313,1,1,7,,
4985,52,2,84,1,1,6,,
4987,9,2,314,1,1,3,,
4994,9,2,315,1,1,6,,
5001,128,10,316,1,1,6,,
5006,50,2,317,1,1,5,,
5007,10,2,3,1,1,5,,
5022,2,2,67,1,1,7,,
5023,129,2,67,1,1,7,,
5025,18,2,15,1,1,7,,
5034,28,13,185,1,1,7,,
5039,19,2,26,1,1,7,,
5044,99,2,26,1,1,6,,
5045,26,2,318,1,1,7,,
5047,74,8,16,1,1,7,,
5050,130,7,319,1,1,7,,
5053,131,6,320,1,1,5,,
5057,18,2,90,1,1,5,,
5071,31,2,49,1,1,5,,
5085,132,6,321,1,1,7,,
5089,16,2,322,1,1,7,,
5095,42,2,68,1,1,7,,
5096,84,2,26,1,1,6,,
5097,7,2,323,1,1,7,,
5098,3,25,324,1,1,7,,
5107,9,2,172,1,1,7,,
5110,133,26,325,1,1,6,,
5112,41,2,326,1,1,7,,
5113,29,2,223,1,1,7,,
5121,25,2,181,1,1,7,,
5128,2,2,15,1,1,5,,
5139,134,11,327,1,1,5,,
5140,25,2,328,1,1,7,,
5147,3,6,17,1,1,7,,
5153,135,2,329,1,1,4,,
5154,18,2,90,1,1,5,,
5160,62,2,330,1,1,7,,
5161,41,2,3,1,1,7,,
5167,7,2,198,1,1,5,,
5170,8,7,218,1,1,7,,
5173,136,7,331,1,1,6,,
5185,14,2,332,1,1,7,,
5186,52,2,333,1,1,6,,
5195,137,16,334,1,1,7,,
5210,25,2,38,1,1,5,,
5211,59,12,65,1,1,7,,
5218,10,2,335,1,1,7,,
5227,55,15,48,1,1,7,,
5234,4,2,289,1,1,6,,
5235,90,2,137,1,1,7,,
5240,41,2,197,1,1,7,,
5254,132,6,336,1,1,7,,
5262,3,16,337,1,1,7,,
5264,10,2,338,1,1,5,,
5266,9,2,83,1,1,5,,
5274,25,2,38,1,1,6,,
5275,138,10,264,1,1,7,,
5289,42,2,68,1,1,4,,
5294,9,2,58,1,1,6,,
5300,3,10,219,1,1,7,,
5311,9,2,339,1,1,6,,
5313,26,2,340,1,1,7,,
5315,4,2,11,1,1,7,,
5318,49,2,38,1,1,5,,
5322,139,12,341,1,1,7,,
5327,140,2,342,1,1,7,,
5328,141,7,218,1,1,7,,
5329,9,2,148,1,1,5,,
5343,6,2,4,1,1,7,,
5344,142,24,282,1,1,7,,
5351,143,2,343,1,1,5,,
5353,84,2,26,1,1,7,,
5355,3,6,17,1,1,7,,
5372,9,2,344,1,1,6,,
5377,3,16,345,1,1,7,,
5379,140,2,346,1,1,7,,
5392,3,14,10,1,1,6,,
5410,26,2,128,1,1,7,,
5441,125,2,347,1,1,6,,
5442,44,2,347,1,1,7,,
5458,2,2,15,1,1,5,,
5461,45,2,348,1,1,6,,
5466,144,2,119,1,1,5,,
5470,145,6,17,1,1,5,,
5471,7,2,176,1,1,6,,
5472,146,20,349,1,1,7,,
5482,3,11,29,1,1,7,,
5484,31,2,44,1,1,2,,
5489,147,2,100,1,1,6,,
5499,41,2,3,1,1,5,,
5505,19,2,26,1,1,5,,
5507,10,2,3,1,1,6,,
5508,7,2,27,1,1,5,,
5509,3,2,350,1,1,6,,
5512,52,2,351,1,1,3,,
5515,6,2,11,1,1,5,,
5521,28,13,185,1,1,6,,
5533,16,2,352,1,1,5,,
5548,5,2,353,1,1,5,,
5553,41,2,3,1,1,7,,
5573,148,2,354,1,1,5,,
5574,73,2,355,1,1,7,,
5584,9,2,14,1,1,5,,
5588,149,6,356,1,1,5,,
5591,5,2,7,1,1,5,,
5597,14,2,357,1,1,3,,
5599,126,2,300,1,1,4,,
5603,25,2,358,1,1,5,,
5609,56,2,93,1,1,5,,
5612,18,2,15,1,1,5,,
5617,6,2,5,1,1,5,,
5618,2,2,15,1,1,7,,
5619,9,2,97,1,1,7,,
5624,7,2,157,1,1,5,,
5628,9,2,77,1,1,6,,
5630,2,2,15,1,1,7,,
5649,6,2,359,1,1,6,,
5656,16,2,297,1,1,7,,
5666,31,2,360,1,1,7,,
5667,6,2,4,1,1,7,,
5670,54,2,361,1,1,7,,
5674,14,2,291,1,1,6,,
5679,7,2,344,1,1,4,,
5685,3,14,10,1,1,5,,
5697,19,2,26,1,1,7,,
5703,10,2,362,1,1,6,,
5705,25,2,38,1,1,6,,
5708,150,27,363,1,1,7,,
5714,103,2,104,1,1,5,,
5724,103,2,330,1,1,7,,
5732,10,2,3,1,1,6,,
5734,52,2,84,1,1,5,,
5742,45,2,75,1,1,6,,
5749,54,2,364,1,1,7,,
5750,41,2,365,1,1,2,,
5751,41,2,3,1,1,6,,
5755,23,2,366,1,1,7,,
5756,52,2,366,1,1,7,,
5764,151,2,367,1,1,5,,
5770,9,2,368,1,1,6,,
5772,2,2,15,1,1,7,,
5775,90,2,287,1,1,5,,
5790,3,12,65,1,1,7,,
5805,3,3,369,1,1,7,,
5808,3,16,370,1,1,3,,
5812,7,2,27,1,1,6,,
5815,32,2,71,1,1,5,,
5816,17,2,371,1,1,6,,
5826,85,9,19,1,1,7,,
5829,19,2,26,1,1,5,,
5830,45,2,51,1,1,7,,
5831,3,3,120,1,1,7,,
5833,9,2,27,1,1,5,,
5837,41,2,372,1,1,5,,
5840,152,9,19,1,1,7,,
5843,62,2,104,1,1,6,,
5848,105,2,373,1,1,7,,
5856,39,2,374,1,1,6,,
5859,19,2,26,1,1,5,,
5860,19,2,26,1,1,7,,
5870,18,2,15,1,1,7,,
5878,3,2,10,1,1,3,,
5884,49,2,358,1,1,7,,
5887,25,2,38,1,1,4,,
5902,73,2,107,1,1,5,,
5908,9,2,58,1,1,6,,
5913,20,6,17,1,1,7,,
5920,3,2,375,1,1,5,,
5924,153,2,376,1,1,3,,
5926,153,2,376,1,1,6,,
5927,4,2,99,1,1,7,,
5943,154,13,85,1,1,2,,
5949,3,7,218,1,1,7,,
5955,25,2,38,1,1,6,,
5968,52,2,377,1,1,5,,
5971,155,16,378,1,1,7,,
5977,156,2,379,1,1,6,,
5978,25,2,187,1,1,7,,
5992,153,2,380,1,1,7,,
5996,144,2,94,1,1,7,,
5998,98,2,64,1,1,7,,
6027,9,2,77,1,1,5,,
6034,4,2,99,1,1,7,,
6044,52,2,84,1,1,5,,
6052,41,2,3,1,1,5,,
6059,67,2,381,1,1,5,,
6060,2,2,131,1,1,5,,
6061,16,2,22,1,1,7,,
6078,26,2,297,1,1,6,,
6083,73,2,382,1,1,5,,
6088,9,2,260,1,1,5,,
6096,157,17,170,1,1,6,,
6104,2,2,15,1,1,7,,
6134,42,2,68,1,1,3,,
6137,6,2,5,1,1,7,,
6142,43,2,383,1,1,5,,
6146,9,2,14,1,1,7,,
6154,2,2,15,1,1,5,,
6159,4,2,11,1,1,5,,
6176,6,2,99,1,1,7,,
6184,126,2,300,1,1,7,,
6191,3,10,384,1,1,7,,
6192,14,2,63,1,1,7,,
6194,41,2,385,1,1,7,,
6205,31,2,348,1,1,5,,
6213,73,2,88,1,1,6,,
6215,18,2,386,1,1,7,,
6225,36,15,161,1,1,3,,
6227,158,6,17,1,1,7,,
6233,56,2,93,1,1,6,,
6234,66,2,387,1,1,6,,
6250,4,2,11,1,1,7,,
6253,3,2,10,1,1,4,,
6265,72,2,137,1,1,7,,
6278,159,2,59,1,1,4,,
6281,160,2,388,1,1,5,,
6282,9,2,389,1,1,6,,
6288,9,2,121,1,1,4,,
6291,161,10,390,1,1,6,,
6294,6,2,43,1,1,5,,
6303,7,2,97,1,1,5,,
6336,3,4,8,1,1,5,,
6339,2,2,391,1,1,7,,
6346,9,2,392,1,1,5,,
6350,42,2,68,1,1,6,,
6357,29,2,393,1,1,5,,
6360,18,2,15,1,1,7,,
6367,162,5,394,1,1,7,,
6369,28,13,395,1,1,7,,
6378,32,2,71,1,1,5,,
6387,2,2,15,1,1,5,,
6390,163,7,319,1,1,5,,
6408,19,2,26,1,1,7,,
6411,148,2,396,1,1,5,,
6414,45,2,360,1,1,6,,
6419,30,2,106,1,1,7,,
6427,7,2,148,1,1,5,,
6440,50,2,397,1,1,7,,
6449,3,6,17,1,1,6,,
6460,9,2,36,1,1,7,,
6476,41,2,398,1,1,6,,
6477,10,2,3,1,1,5,,
6481,86,2,130,1,1,7,,
6484,6,2,11,1,1,6,,
6487,62,2,104,1,1,7,,
6492,9,2,399,1,1,7,,
6497,9,2,368,1,1,6,,
6504,4,2,11,1,1,7,,
6509,45,2,44,1,1,3,,
6515,52,2,400,1,1,7,,
6531,25,2,38,1,1,5,,
6536,52,2,401,1,1,6,,
6537,7,2,180,1,1,3,,
6547,41,2,402,1,1,7,,
6549,6,2,5,1,1,7,,
6560,150,27,403,1,1,7,,
6565,44,2,238,1,1,5,,
6570,10,2,404,1,1,7,,
6579,41,2,405,1,1,5,,
6585,164,21,406,1,1,7,,
6591,23,2,407,1,1,5,,
6592,43,2,68,1,1,7,,
6593,7,2,323,1,1,7,,
6608,20,6,408,1,1,5,,
6609,31,2,310,1,1,5,,
6624,2,2,15,1,1,5,,
6627,3,2,375,1,1,5,,
6631,4,2,4,1,1,5,,
6636,16,2,22,1,1,2,,
6671,14,2,409,1,1,5,,
6677,81,17,410,1,1,7,,
6683,10,2,411,1,1,5,,
6684,18,2,15,1,1,5,,
6689,4,2,11,1,1,7,,
6700,16,2,128,1,1,5,,
6702,165,15,412,1,1,7,,
6707,18,2,413,1,1,6,,
6725,18,2,15,1,1,4,,
6734,18,2,15,1,1,6,,
6738,166,2,414,1,1,7,,
6756,23,2,84,1,1,5,,
6758,4,2,5,1,1,7,,
6761,144,2,119,1,1,5,,
6766,17,2,23,1,1,5,,
6776,52,2,415,1,1,7,,
6788,2,2,15,1,1,5,,
6804,10,2,416,1,1,5,,
6806,167,2,417,1,1,5,,
6814,101,12,418,1,1,7,,
6821,90,2,287,1,1,7,,
6825,168,28,419,1,1,5,,
6827,169,2,420,1,1,6,,
6830,120,2,79,1,1,7,,
6839,23,2,182,1,1,7,,
6846,9,2,97,1,1,7,,
6848,170,2,421,1,1,5,,
6849,103,2,227,1,1,5,,
6853,2,2,15,1,1,5,,
6859,72,2,422,1,1,7,,
6866,25,2,38,1,1,5,,
6867,70,2,275,1,1,7,,
6872,66,2,93,1,1,6,,
6892,105,2,81,1,1,6,,
6893,7,2,27,1,1,5,,
6904,45,2,44,1,1,5,,
6905,44,2,164,1,1,7,,
6910,72,2,287,1,1,6,,
6913,23,2,84,1,1,7,,
6915,14,2,357,1,1,6,,
6919,40,2,59,1,1,5,,
6923,3,2,10,1,1,5,,
6925,90,2,287,1,1,5,,
6936,117,2,423,1,1,5,,
6959,25,2,73,1,1,6,,
6963,70,2,275,1,1,7,,
6970,125,2,424,1,1,6,,
6974,19,2,26,1,1,6,,
6977,72,2,287,1,1,7,,
6979,3,6,17,1,1,7,,
6983,73,2,88,1,1,6,,
6985,2,2,67,1,1,5,,
6993,3,29,425,1,1,7,,
7003,148,2,354,1,1,6,,
7027,19,2,26,1,1,6,,
7032,9,2,120,1,1,7,,
7034,14,2,426,1,1,7,,
7043,2,2,15,1,1,1,,
7054,171,5,427,1,1,7,,
7064,44,2,428,1,1,7,,
7065,3,2,10,1,1,7,,
7070,2,2,15,1,1,4,,
7075,39,2,429,1,1,7,,
7077,41,2,3,1,1,5,,
7096,172,2,430,1,1,6,,
7099,22,6,17,1,1,6,,
7112,10,2,431,1,1,6,,
7125,20,6,17,1,1,5,,
7127,73,2,432,1,1,5,,
7131,173,6,17,1,1,4,,
7136,4,2,4,1,1,7,,
7137,41,2,3,1,1,4,,
7147,2,2,433,1,1,6,,
7153,6,2,289,1,1,5,,
7158,32,2,71,1,1,5,,
7161,4,2,99,1,1,6,,
7163,139,12,434,1,1,7,,
7167,103,2,104,1,1,7,,
7172,43,2,68,1,1,7,,
7175,23,2,182,1,1,4,,
7186,174,18,435,1,1,7,,
7194,3,6,436,1,1,6,,
7197,66,2,93,1,1,5,,
7207,175,2,437,1,1,7,,
7242,90,2,438,1,1,7,,
7251,67,2,439,1,1,6,,
7253,20,6,440,1,1,7,,
7257,176,2,257,1,1,5,,
7260,9,2,285,1,1,4,,
7262,98,2,217,1,1,6,,
7268,6,2,5,1,1,5,,
7277,106,2,441,1,1,7,,
7284,80,2,27,1,1,5,,
7291,45,2,49,1,1,7,,
7294,41,2,135,1,1,5,,
7318,177,11,29,1,1,7,,
7331,36,15,52,1,1,6,,
7338,2,2,15,1,1,5,,
7341,71,12,418,1,1,5,,
7345,178,17,442,1,1,7,,
7355,22,6,17,1,1,3,,
7357,39,2,59,1,1,6,,
7360,31,2,75,1,1,5,,
7361,40,2,144,1,1,7,,
7372,2,2,443,1,1,5,,
7376,5,2,444,1,1,5,,
7378,19,2,26,1,1,5,,
7384,178,17,445,1,1,7,,
7389,22,6,17,1,1,4,,
7396,66,2,93,1,1,7,,
7410,179,15,412,1,1,6,,
7412,105,2,81,1,1,7,,
7413,25,2,38,1,1,6,,
7423,7,2,14,1,1,5,,
7425,62,2,446,1,1,6,,
7426,2,2,15,1,1,5,,
7427,90,2,447,1,1,7,,
7449,23,2,175,1,1,7,,
7451,64,2,42,1,1,5,,
7454,2,2,15,1,1,5,,
7455,135,2,329,1,1,7,,
7462,3,10,50,1,1,7,,
7463,26,2,255,1,1,7,,
7466,4,2,448,1,1,6,,
7471,9,2,449,1,1,5,,
7479,6,2,44,1,1,6,,
7488,10,2,3,1,1,7,,
7506,58,10,25,1,1,7,,
7507,3,21,450,1,1,5,,
7508,9,2,97,1,1,7,,
7513,9,2,58,1,1,6,,
7515,45,2,51,1,1,7,,
7532,67,2,223,1,1,5,,
7537,14,2,94,1,1,6,,
7542,3,2,375,1,1,7,,
7543,180,12,178,1,1,7,,
7547,181,16,451,1,1,7,,
7550,5,2,452,1,1,6,,
7554,3,2,15,1,1,3,,
7556,76,2,155,1,1,7,,
7585,42,2,68,1,1,5,,
7601,4,2,4,1,1,7,,
7614,6,2,43,1,1,7,,
7632,73,2,88,1,1,7,,
7635,14,2,20,1,1,7,,
7639,105,2,81,1,1,5,,
7640,17,2,224,1,1,7,,
7641,26,2,288,1,1,7,,
7650,182,2,217,1,1,6,,
7655,173,6,17,1,1,7,,
7658,7,2,58,1,1,4,,
7673,78,15,161,1,1,5,,
7680,43,2,68,1,1,4,,
7684,64,2,225,1,1,7,,
7689,32,2,430,1,1,5,,
7701,42,2,68,1,1,5,,
7709,80,2,453,1,1,7,,
7720,2,2,15,1,1,6,,
7742,120,2,79,1,1,2,,
7761,47,12,454,1,1,7,,
7771,2,2,15,1,1,5,,
7773,135,2,455,1,1,7,,
7777,25,2,456,1,1,5,,
7783,45,2,75,1,1,6,,
7787,2,2,15,1,1,5,,
7789,52,2,80,1,1,7,,
7795,7,2,58,1,1,7,,
7796,7,2,27,1,1,5,,
7801,7,2,457,1,1,3,,
7813,124,2,458,1,1,5,,
7832,14,2,304,1,1,4,,
7834,2,2,15,1,1,5,,
7835,29,2,223,1,1,5,,
7844,18,2,15,1,1,5,,
7851,26,2,209,1,1,7,,
7870,7,2,239,1,1,4,,
7886,64,2,225,1,1,6,,
7896,39,2,459,1,1,7,,
7913,18,2,15,1,1,5,,
7916,2,2,15,1,1,7,,
7935,66,2,460,1,1,6,,
7947,29,2,347,1,1,7,,
7952,4,2,44,1,1,7,,
7955,14,2,303,1,1,6,,
7960,2,2,15,1,1,5,,
7963,183,2,461,1,1,7,,
7970,7,2,462,1,1,5,,
7973,3,20,463,1,1,5,,
8011,56,2,93,1,1,5,,
8013,7,2,464,1,1,5,,
8014,62,2,217,1,1,5,,
8017,16,2,465,1,1,6,,
8019,32,2,71,1,1,5,,
8024,125,2,466,1,1,7,,
8027,63,2,105,1,1,4,,
8031,2,2,15,1,1,7,,
8034,56,2,467,1,1,7,,
8058,7,2,468,1,1,2,,
8062,184,2,469,1,1,5,,
8063,2,2,15,1,1,5,,
8070,25,2,38,1,1,5,,
8086,52,2,470,1,1,7,,
8089,7,2,27,1,1,5,,
8093,3,2,10,1,1,4,,
8097,72,2,137,1,1,7,,
8100,25,2,38,1,1,6,,
8103,49,2,187,1,1,4,,
8105,38,2,471,1,1,6,,
8108,3,5,472,1,1,7,,
8117,52,2,473,1,1,5,,
8120,3,4,474,1,1,5,,
8131,43,2,68,1,1,5,,
8141,9,2,27,1,1,7,,
8144,43,2,68,1,1,6,,
8170,86,2,183,1,1,4,,
8188,16,2,22,1,1,5,,
8196,64,2,475,1,1,5,,
8199,54,2,476,1,1,7,,
8202,10,2,3,1,1,5,,
8209,41,2,3,1,1,5,,
8210,3,10,219,1,1,5,,
8211,105,2,477,1,1,7,,
8217,7,2,368,1,1,5,,
8221,7,2,55,1,1,6,,
8234,41,2,253,1,1,7,,
8235,55,15,48,1,1,3,,
8258,25,2,38,1,1,4,,
8274,25,2,478,1,1,6,,
8275,16,2,479,1,1,7,,
8276,185,9,480,1,1,6,,
8280,52,2,481,1,1,7,,
8281,52,2,84,1,1,6,,
8288,31,2,44,1,1,6,,
8294,25,2,482,1,1,6,,
8299,7,2,12,1,1,4,,
8302,86,2,183,1,1,7,,
8306,49,2,119,1,1,7,,
8315,34,15,483,1,1,5,,
8323,40,2,131,1,1,5,,
8336,3,11,29,1,1,7,,
8339,186,2,484,1,1,5,,
8342,42,2,68,1,1,5,,
8346,109,5,9,1,1,7,,
8356,187,29,425,1,1,7,,
8359,9,2,485,1,1,7,,
8362,6,2,11,1,1,5,,
8363,2,2,15,1,1,6,,
8366,52,2,473,1,1,7,,
8367,41,2,232,1,1,4,,
8374,25,2,38,1,1,5,,
8381,188,2,486,1,1,5,,
8390,16,2,128,1,1,7,,
8403,25,2,78,1,1,7,,
8419,66,2,93,1,1,7,,
8434,189,12,487,1,1,7,,
8437,22,6,17,1,1,7,,
8449,26,2,488,1,1,6,,
8453,6,2,4,1,1,5,,
8454,41,2,136,1,1,6,,
8455,190,2,489,1,1,6,,
8471,125,2,428,1,1,7,,
8472,125,2,428,1,1,6,,
8479,191,17,490,1,1,6,,
8484,10,2,3,1,1,7,,
8490,90,2,186,1,1,5,,
8493,41,2,491,1,1,6,,
8495,7,2,14,1,1,5,,
8503,192,30,492,1,1,7,,
8511,3,12,493,1,1,6,,
8533,25,2,494,1,1,6,,
8538,3,12,65,1,1,5,,
8539,9,2,180,1,1,5,,
8553,96,2,495,1,1,6,,
8556,52,2,182,1,1,5,,
8558,96,2,211,1,1,7,,
8561,9,2,121,1,1,5,,
8567,73,2,88,1,1,6,,
8578,80,2,496,1,1,5,,
8584,193,2,497,1,1,7,,
8593,106,2,347,1,1,5,,
8596,3,8,16,1,1,7,,
8602,3,10,498,1,1,7,,
8604,38,2,332,1,1,4,,
8614,103,2,104,1,1,4,,
8619,22,6,17,1,1,5,,
8621,194,2,499,1,1,6,,
8636,7,2,500,1,1,5,,
8638,41,2,501,1,1,5,,
8652,41,2,404,1,1,6,,
8653,52,2,84,1,1,5,,
8663,3,2,10,1,1,6,,
8667,54,2,502,1,1,5,,
8681,195,11,503,1,1,5,,
8697,7,2,12,1,1,5,,
8700,52,2,504,1,1,5,,
8706,196,2,221,1,1,5,,
8710,49,2,38,1,1,6,,
8716,55,15,17,1,1,5,,
8726,3,7,505,1,1,4,,
8731,4,2,448,1,1,6,,
8736,32,2,71,1,1,5,,
8737,43,2,68,1,1,6,,
8773,9,2,506,1,1,3,,
8781,43,2,68,1,1,1,,
8790,52,2,84,1,1,4,,
8792,72,2,447,1,1,7,,
8794,9,2,27,1,1,5,,
8795,39,2,507,1,1,5,,
8800,41,2,3,1,1,6,,
8805,10,2,3,1,1,5,,
8807,62,2,104,1,1,7,,
8835,29,2,347,1,1,5,,
8838,9,2,508,1,1,5,,
8846,3,2,10,1,1,7,,
8847,117,2,281,1,1,5,,
8853,140,2,346,1,1,5,,
8868,2,2,15,1,1,5,,
8869,197,26,509,1,1,7,,
8878,139,12,65,1,1,7,,
8882,18,2,15,1,1,5,,
8885,66,2,510,1,1,7,,
8897,9,2,506,1,1,5,,
8901,3,5,511,1,1,7,,
8905,26,2,22,1,1,5,,
8914,41,2,3,1,1,5,,
8923,184,2,512,1,1,3,,
8930,2,2,513,1,1,4,,
8936,40,2,59,1,1,7,,
8944,26,2,243,1,1,7,,
8945,2,2,15,1,1,7,,
8950,14,2,514,1,1,6,,
8967,2,2,15,1,1,6,,
8968,2,2,15,1,1,5,,
9018,2,2,15,1,1,5,,
9025,184,2,469,1,1,7,,
9026,19,2,26,1,1,4,,
9029,3,16,515,1,1,5,,
9031,16,2,516,1,1,5,,
9034,125,2,164,1,1,6,,
9047,6,2,289,1,1,5,,
9056,16,2,128,1,1,5,,
9060,3,22,517,1,1,5,,
9070,23,2,278,1,1,7,,
9077,198,2,191,1,1,6,,
9089,125,2,518,1,1,7,,
9099,199,5,98,1,1,7,,
9103,42,2,519,1,1,7,,
9117,200,5,520,1,1,7,,
9123,7,2,148,1,1,7,,
9124,70,2,183,1,1,5,,
9133,42,2,68,1,1,3,,
9142,25,2,521,1,1,4,,
9146,44,2,238,1,1,5,,
9151,56,2,522,1,1,6,,
9157,146,20,523,1,1,5,,
9170,38,2,115,1,1,5,,
9181,201,2,524,1,1,5,,
9185,17,2,224,1,1,7,,
9187,49,2,173,1,1,7,,
9206,3,30,525,1,1,5,,
9211,50,2,79,1,1,7,,
9213,9,2,526,1,1,7,,
9221,25,2,38,1,1,5,,
9223,202,2,367,1,1,5,,
9226,14,2,291,1,1,6,,
9229,16,2,128,1,1,7,,
9237,56,2,93,1,1,7,,
9240,202,2,527,1,1,7,,
9259,14,2,357,1,1,4,,
9267,9,2,97,1,1,5,,
9286,29,2,223,1,1,6,,
9306,32,2,45,1,1,5,,
9313,99,2,26,1,1,2,,
9351,73,2,10,1,1,6,,
9355,109,5,9,1,1,5,,
9372,4,2,528,1,1,4,,
9375,67,2,529,1,1,5,,
9382,6,2,11,1,1,6,,
9388,2,2,15,1,1,4,,
9393,9,2,530,1,1,5,,
9402,41,2,531,1,1,7,,
9404,203,2,532,1,1,5,,
9409,204,2,15,1,1,5,,
9420,56,2,136,1,1,7,,
9423,179,15,533,1,1,5,,
9430,9,2,97,1,1,5,,
9435,205,5,534,1,1,7,,
9438,9,2,535,1,1,5,,
9453,114,23,536,1,1,6,,
9464,206,2,469,1,1,7,,
9487,42,2,68,1,1,7,,
9491,41,2,3,1,1,5,,
9499,27,2,23,1,1,7,,
9505,4,2,114,1,1,6,,
9511,49,2,537,1,1,5,,
9519,25,2,38,1,1,7,,
9523,3,22,268,1,1,7,,
9546,3,5,206,1,1,5,,
9561,207,2,538,1,1,6,,
9562,2,2,15,1,1,4,,
9565,45,2,75,1,1,7,,
9567,7,2,58,1,1,5,,
9570,55,15,48,1,1,5,,
9575,96,2,376,1,1,5,,
9585,153,2,380,1,1,7,,
9618,203,2,539,1,1,5,,
9624,7,2,239,1,1,5,,
9626,72,2,287,1,1,7,,
9634,4,2,114,1,1,3,,
9643,44,2,164,1,1,6,,
9645,14,2,540,1,1,5,,
9648,64,2,106,1,1,4,,
9652,41,2,541,1,1,7,,
9654,31,2,542,1,1,6,,
9661,9,2,12,1,1,3,,
9666,19,2,26,1,1,6,,
9667,3,2,15,1,1,7,,
9676,202,2,543,1,1,5,,
9692,40,2,429,1,1,4,,
9694,25,2,187,1,1,4,,
9703,44,2,544,1,1,7,,
9732,31,2,545,1,1,5,,
9739,6,2,11,1,1,7,,
9759,17,2,23,1,1,7,,
9765,208,2,546,1,1,6,,
9769,16,2,255,1,1,5,,
9779,4,2,4,1,1,4,,
9780,67,2,547,1,1,5,,
9782,50,2,548,1,1,5,,
9783,27,2,224,1,1,6,,
9796,38,2,549,1,1,7,,
9800,2,2,15,1,1,5,,
9801,43,2,550,1,1,5,,
9802,9,2,58,1,1,7,,
9804,7,2,551,1,1,6,,
9812,45,2,100,1,1,5,,
9813,54,2,88,1,1,5,,
9814,7,2,58,1,1,3,,
9826,3,6,552,1,1,7,,
9834,31,2,49,1,1,4,,
9849,41,2,92,1,1,6,,
9857,3,14,10,1,1,5,,
9859,209,21,553,1,1,7,,
9862,43,2,554,1,1,5,,
9864,41,2,3,1,1,7,,
9866,9,2,239,1,1,4,,
9867,22,6,17,1,1,5,,
9884,3,12,555,1,1,7,,
9896,40,2,556,1,1,5,,
9915,210,2,15,1,1,3,,
9917,26,2,243,1,1,5,,
9936,3,12,557,1,1,7,,
9942,25,2,358,1,1,5,,
9945,80,2,558,1,1,5,,
9956,4,2,43,1,1,6,,
9957,115,2,272,1,1,5,,
9960,41,2,3,1,1,5,,
9972,7,2,14,1,1,2,,
9977,116,16,559,1,1,4,,
9981,2,2,15,1,1,5,,
9993,4,2,560,1,1,6,,
10000,211,16,561,1,1,6,,
10001,41,2,3,1,1,7,,
10021,6,2,11,1,1,5,,
10028,26,2,22,1,1,6,,
10032,6,2,11,1,1,6,,
10037,52,2,562,1,1,3,,
10043,26,2,95,1,1,5,,
10049,18,2,563,1,1,6,,
10051,30,2,141,1,1,6,,
10061,2,2,15,1,1,5,,
10066,38,2,357,1,1,4,,
10080,23,2,407,1,1,7,,
10086,56,2,564,1,1,5,,
10091,52,2,267,1,1,6,,
10101,212,8,565,1,1,5,,
10105,5,2,45,1,1,3,,
10106,144,2,119,1,1,6,,
10111,125,2,164,1,1,7,,
10116,3,12,566,1,1,6,,
10127,25,2,187,1,1,5,,
10137,3,3,120,1,1,5,,
10140,3,21,567,1,1,5,,
10141,2,2,15,1,1,5,,
10147,3,2,10,1,1,6,,
10157,213,2,380,1,1,6,,
10162,52,2,568,1,1,5,,
10169,41,2,3,1,1,6,,
10174,214,2,79,1,1,6,,
10178,179,15,412,1,1,5,,
10186,6,2,359,1,1,2,,
10190,215,2,346,1,1,4,,
10194,44,2,164,1,1,6,,
10214,41,2,569,1,1,5,,
10231,7,2,97,1,1,3,,
10235,3,2,10,1,1,6,,
10243,3,17,170,1,1,7,,
10245,18,2,15,1,1,4,,
10249,3,8,570,1,1,7,,
10255,23,2,571,1,1,6,,
10257,14,2,291,1,1,5,,
10261,45,2,49,1,1,5,,
10298,216,5,572,1,1,5,,
10308,17,2,23,1,1,3,,
10352,18,2,15,1,1,4,,
10365,167,2,573,1,1,5,,
10402,86,2,183,1,1,5,,
10411,6,2,5,1,1,5,,
10427,9,2,36,1,1,4,,
10428,72,2,574,1,1,5,,
10456,26,2,95,1,1,6,,
10474,40,21,266,1,1,7,,
10481,2,2,575,1,1,2,,
10500,217,10,576,1,1,5,,
10501,218,10,498,1,1,5,,
10515,125,2,238,1,1,5,,
10522,64,2,106,1,1,5,,
10559,7,2,122,1,1,6,,
10567,219,6,577,1,1,5,,
10580,220,15,578,1,1,7,,
10581,7,2,70,1,1,5,,
10590,96,2,211,1,1,5,,
10595,3,6,17,1,1,6,,
10616,31,2,579,1,1,5,,
10634,43,2,68,1,1,7,,
10645,2,2,15,1,1,7,,
10649,90,2,287,1,1,5,,
10661,90,2,580,1,1,7,,
10667,9,2,83,1,1,7,,
10668,2,2,15,1,1,6,,
10673,206,2,469,1,1,5,,
10684,66,2,301,1,1,5,,
10705,3,12,10,1,1,5,,
10737,172,2,272,1,1,6,,
10738,19,2,26,1,1,4,,
10744,7,2,581,1,1,5,,
10752,9,2,198,1,1,3,,
10754,73,2,107,1,1,5,,
10756,19,2,26,1,1,5,,
10762,18,2,53,1,1,3,,
10766,41,2,3,1,1,2,,
10768,42,2,68,1,1,5,,
10769,6,2,99,1,1,7,,
10778,6,2,114,1,1,7,,
10790,90,2,137,1,1,3,,
10793,39,2,582,1,1,7,,
10800,7,2,14,1,1,5,,
10809,10,2,362,1,1,5,,
10818,25,2,38,1,1,5,,
10856,41,2,3,1,1,5,,
10869,3,2,583,1,1,4,,
10874,64,2,295,1,1,5,,
10876,86,2,183,1,1,7,,
10883,52,2,584,1,1,6,,
10893,10,2,3,1,1,5,,
10905,19,2,26,1,1,5,,
10911,7,2,97,1,1,6,,
10912,7,2,97,1,1,3,,
10913,9,2,97,1,1,3,,
10926,9,2,585,1,1,5,,
10954,105,2,586,1,1,6,,
10958,2,2,15,1,1,6,,
10967,221,6,272,1,1,7,,
10976,10,2,3,1,1,5,,
11006,16,2,587,1,1,6,,
11007,16,2,588,1,1,6,,
11011,222,6,589,1,1,6,,
11019,72,2,137,1,1,5,,
11054,170,2,421,1,1,5,,
11056,43,2,68,1,1,5,,
11057,3,5,590,1,1,7,,
11067,4,2,11,1,1,6,,
11073,56,2,591,1,1,6,,
11075,3,10,592,1,1,7,,
11076,201,2,593,1,1,5,,
11083,72,2,422,1,1,7,,
11092,51,2,81,1,1,7,,
11099,29,2,594,1,1,5,,
11108,63,2,354,1,1,6,,
11115,67,2,594,1,1,7,,
11122,216,5,595,1,1,7,,
11128,18,2,15,1,1,4,,
11129,3,31,596,1,1,5,,
11140,105,2,597,1,1,5,,
11152,120,2,598,1,1,7,,
11163,62,2,599,1,1,5,,
11169,4,2,4,1,1,7,,
11180,64,2,141,1,1,5,,
11193,19,2,26,1,1,5,,
11198,18,2,15,1,1,5,,
11200,49,2,64,1,1,4,,
11204,38,2,600,1,1,5,,
11211,223,2,601,1,1,5,,
11213,7,2,179,1,1,4,,
11223,195,11,602,1,1,7,,
11224,4,2,5,1,1,5,,
11229,51,2,231,1,1,7,,
11240,14,2,221,1,1,7,,
11248,3,12,603,1,1,7,,
11250,135,2,329,1,1,7,,
11253,39,2,604,1,1,7,,
11261,18,2,15,1,1,3,,
11262,56,2,93,1,1,5,,
11265,19,2,26,1,1,2,,
11275,125,2,605,1,1,7,,
11282,31,2,545,1,1,3,,
11311,62,2,606,1,1,5,,
11316,224,21,567,1,1,7,,
11322,3,2,607,1,1,5,,
11350,14,2,426,1,1,5,,
11358,19,2,26,1,1,6,,
11370,225,32,608,1,1,7,,
11373,92,2,5,1,1,5,,
11390,25,2,78,1,1,6,,
11410,44,2,544,1,1,3,,
11419,9,2,58,1,1,7,,
11423,9,2,27,1,1,3,,
11424,3,2,84,1,1,5,,
11428,17,2,224,1,1,6,,
11440,226,6,609,1,1,6,,
11448,18,2,15,1,1,7,,
11455,227,33,610,1,1,7,,
11462,72,2,611,1,1,4,,
11493,73,2,88,1,1,4,,
11498,28,13,40,1,1,5,,
11505,170,2,612,1,1,3,,
11510,22,6,17,1,1,5,,
11511,45,2,44,1,1,5,,
11540,124,2,300,1,1,5,,
11541,2,2,90,1,1,7,,
11546,40,2,507,1,1,5,,
11552,228,17,613,1,1,5,,
11556,7,2,253,1,1,5,,
11566,18,2,15,1,1,6,,
11568,31,2,614,1,1,7,,
11580,86,2,183,1,1,5,,
11602,19,2,26,1,1,3,,
11618,56,2,5,1,1,7,,
11625,72,2,615,1,1,3,,
11627,120,2,317,1,1,4,,
11637,183,2,354,1,1,6,,
11645,27,2,23,1,1,5,,
11647,9,2,457,1,1,5,,
11648,143,2,616,1,1,7,,
11655,2,2,15,1,1,3,,
11660,52,2,473,1,1,5,,
11662,40,2,60,1,1,6,,
11670,45,2,545,1,1,5,,
11674,3,2,10,1,1,7,,
11675,45,2,305,1,1,5,,
11681,7,2,36,1,1,5,,
11685,2,2,617,1,1,7,,
11703,10,2,3,1,1,6,,
11713,229,21,618,1,1,7,,
11714,90,2,191,1,1,6,,
11727,4,2,4,1,1,7,,
11730,64,2,141,1,1,3,,
11749,56,2,591,1,1,5,,
11758,23,2,182,1,1,7,,
11783,120,2,79,1,1,5,,
11790,230,2,619,1,1,5,,
11793,6,2,5,1,1,3,,
11800,231,2,297,1,1,5,,
11804,38,2,63,1,1,7,,
11809,90,2,137,1,1,7,,
11823,7,2,620,1,1,7,,
11829,18,2,15,1,1,5,,
11831,223,2,601,1,1,5,,
11832,232,2,174,1,1,5,,
11834,18,2,15,1,1,7,,
11870,10,2,140,1,1,4,,
11874,43,2,68,1,1,7,,
11876,55,15,48,1,1,7,,
11878,16,2,243,1,1,5,,
11891,56,2,621,1,1,2,,
11898,23,2,622,1,1,7,,
11901,126,2,300,1,1,5,,
11919,103,2,521,1,1,4,,
11921,25,2,73,1,1,5,,
11925,49,2,286,1,1,5,,
11945,5,2,623,1,1,7,,
11948,2,2,15,1,1,5,,
11963,18,2,15,1,1,6,,
11999,10,2,624,1,1,5,,
12034,23,2,182,1,1,4,,
12042,10,2,3,1,1,3,,
12050,6,2,289,1,1,6,,
12076,2,2,15,1,1,5,,
12082,56,2,625,1,1,6,,
12095,49,2,626,1,1,5,,
12099,2,2,627,1,1,5,,
12113,3,32,628,1,1,7,,
12135,233,2,629,1,1,5,,
12150,9,2,368,1,1,4,,
12158,4,2,11,1,1,5,,
12164,2,2,15,1,1,5,,
12181,7,2,27,1,1,5,,
12189,19,2,26,1,1,2,,
12192,26,2,128,1,1,7,,
12196,2,2,15,1,1,5,,
12201,16,2,22,1,1,4,,
12208,67,2,630,1,1,7,,
12212,62,2,104,1,1,7,,
12215,208,2,631,1,1,5,,
12227,14,2,94,1,1,5,,
12238,44,2,164,1,1,5,,
12250,40,2,632,1,1,7,,
12254,9,2,58,1,1,5,,
12273,52,2,84,1,1,7,,
12291,43,2,68,1,1,7,,
12293,232,2,633,1,1,6,,
12309,44,2,69,1,1,6,,
12332,51,2,230,1,1,4,,
12336,41,2,634,1,1,7,,
12345,73,2,635,1,1,5,,
12346,3,5,636,1,1,7,,
12354,55,15,637,1,1,5,,
12384,31,2,638,1,1,5,,
12388,25,2,639,1,1,4,,
12397,72,2,287,1,1,6,,
12434,43,2,68,1,1,7,,
12436,2,2,53,1,1,5,,
12446,78,15,640,1,1,7,,
12459,52,2,182,1,1,4,,
12469,3,2,15,1,1,4,,
12509,53,13,85,1,1,5,,
12517,3,5,641,1,1,5,,
12518,18,2,123,1,1,6,,
12533,45,2,44,1,1,4,,
12534,234,2,642,1,1,7,,
12538,7,2,55,1,1,6,,
12540,2,2,643,1,1,5,,
12578,3,16,644,1,1,6,,
12601,7,2,645,1,1,6,,
12643,30,2,646,1,1,7,,
12654,112,10,647,1,1,5,,
12658,7,2,12,1,1,3,,
12659,103,2,648,1,1,7,,
12667,73,2,649,1,1,6,,
12674,9,2,344,1,1,6,,
12680,73,2,88,1,1,2,,
12686,126,2,650,1,1,5,,
12701,73,2,88,1,1,5,,
12709,135,2,329,1,1,7,,
12727,27,2,651,1,1,7,,
12743,2,2,652,1,1,5,,
12749,25,2,653,1,1,4,,
12751,38,2,63,1,1,5,,
12770,9,2,654,1,1,7,,
12781,39,2,59,1,1,7,,
12782,39,2,59,1,1,5,,
12785,62,2,104,1,1,2,,
12787,19,2,26,1,1,7,,
12802,14,2,655,1,1,7,,
12820,172,2,272,1,1,5,,
12828,213,2,380,1,1,4,,
12835,62,2,104,1,1,4,,
12861,41,2,3,1,1,5,,
12863,184,2,656,1,1,5,,
12890,213,2,657,1,1,7,,
12902,44,2,238,1,1,7,,
12907,144,2,94,1,1,7,,
12908,7,2,658,1,1,5,,
12924,138,10,50,1,1,6,,
12931,41,2,253,1,1,5,,
12932,64,2,106,1,1,6,,
12934,3,2,10,1,1,7,,
12939,19,2,26,1,1,3,,
12951,139,12,65,1,1,7,,
12952,72,2,659,1,1,3,,
12969,3,16,660,1,1,5,,
12979,25,2,38,1,1,4,,
13002,43,2,68,1,1,4,,
13011,29,2,661,1,1,5,,
13015,41,2,662,1,1,5,,
13033,10,2,140,1,1,4,,
13038,67,2,663,1,1,6,,
13039,64,2,664,1,1,1,,
13068,7,2,12,1,1,5,,
13073,16,2,22,1,1,7,,
13074,32,2,623,1,1,7,,
13076,54,2,88,1,1,2,,
13079,90,2,422,1,1,6,,
13092,3,7,665,1,1,4,,
13094,3,2,10,1,1,7,,
13099,23,2,666,1,1,7,,
13138,28,13,40,1,1,4,,
13149,24,13,35,1,1,5,,
13151,3,6,667,1,1,6,,
13153,3,14,10,1,1,5,,
13154,2,2,15,1,1,5,,
13156,25,2,187,1,1,5,,
13179,138,10,108,1,1,5,,
13181,29,2,393,1,1,6,,
13188,49,2,668,1,1,5,,
13197,50,2,79,1,1,6,,
13203,41,2,669,1,1,5,,
13212,235,11,29,1,1,7,,
13214,73,2,670,1,1,7,,
13216,3,9,19,1,1,5,,
13256,4,2,289,1,1,6,,
13268,3,34,671,1,1,5,,
13282,7,2,198,1,1,3,,
13285,4,2,11,1,1,7,,
13288,6,2,5,1,1,5,,
13299,2,2,15,1,1,6,,
13309,31,2,545,1,1,5,,
13310,176,2,67,1,1,5,,
13315,64,2,106,1,1,5,,
13329,38,2,672,1,1,5,,
13333,9,2,285,1,1,3,,
13334,4,2,673,1,1,7,,
13350,9,2,148,1,1,7,,
13364,72,2,154,1,1,4,,
13376,4,2,11,1,1,5,,
13386,7,2,674,1,1,7,,
13412,236,35,675,1,1,5,,
13418,38,2,676,1,1,5,,
13420,56,2,93,1,1,6,,
13421,2,2,677,1,1,6,,
13437,10,2,3,1,1,7,,
13476,18,2,678,1,1,7,,
13483,31,2,44,1,1,2,,
13489,237,13,679,1,1,6,,
13495,7,2,680,1,1,7,,
13499,52,2,681,1,1,6,,
13508,9,2,27,1,1,5,,
13524,55,15,682,1,1,7,,
13542,16,2,683,1,1,7,,
13550,18,2,15,1,1,6,,
13573,45,2,75,1,1,4,,
13589,19,2,26,1,1,5,,
13626,16,2,255,1,1,7,,
13634,3,5,684,1,1,7,,
13644,238,2,15,1,1,5,,
13651,2,2,15,1,1,4,,
13657,39,2,67,1,1,5,,
13658,63,2,354,1,1,5,,
13670,10,2,685,1,1,6,,
13673,44,2,238,1,1,5,,
13675,3,13,40,1,1,5,,
13677,49,2,187,1,1,5,,
13684,62,2,271,1,1,5,,
13703,55,15,686,1,1,7,,
13719,10,2,92,1,1,5,,
13727,239,2,687,1,1,5,,
13728,191,17,545,1,1,5,,
13769,76,2,688,1,1,7,,
13775,240,2,689,1,1,7,,
13780,25,2,690,1,1,5,,
13787,86,2,183,1,1,4,,
13788,56,2,691,1,1,5,,
13795,103,2,692,1,1,3,,
13805,25,2,38,1,1,3,,
13811,120,2,79,1,1,7,,
13816,25,2,366,1,1,5,,
13819,3,5,693,1,1,7,,
13852,25,2,73,1,1,4,,
13856,16,2,694,1,1,7,,
13880,23,2,84,1,1,5,,
13884,72,2,191,1,1,6,,
13895,241,21,567,1,1,6,,
13901,103,2,695,1,1,5,,
13904,3,32,614,1,1,5,,
13908,56,2,696,1,1,2,,
13946,66,2,93,1,1,6,,
13948,9,2,27,1,1,4,,
13956,3,6,478,1,1,1,,
13985,32,2,697,1,1,5,,
13988,41,2,431,1,1,5,,
13990,5,2,71,1,1,6,,
14038,4,2,4,1,1,5,,
14064,6,2,99,1,1,7,,
14069,10,2,698,1,1,5,,
14074,43,2,68,1,1,7,,
14084,124,2,300,1,1,6,,
14088,16,2,22,1,1,7,,
14091,40,2,507,1,1,4,,
14100,7,2,198,1,1,3,,
14101,7,2,97,1,1,6,,
14104,67,2,594,1,1,3,,
14133,27,4,112,1,1,5,,
14140,67,2,223,1,1,7,,
14158,25,2,187,1,1,5,,
14164,45,2,44,1,1,5,,
14191,3,2,15,1,1,7,,
14242,43,2,68,1,1,7,,
14251,6,2,699,1,1,5,,
14255,10,2,431,1,1,5,,
14258,99,2,26,1,1,4,,
14282,22,6,17,1,1,2,,
14287,242,18,700,1,1,6,,
14296,42,2,68,1,1,5,,
14303,4,2,701,1,1,7,,
14317,78,15,702,1,1,7,,
14336,10,2,3,1,1,4,,
14344,18,2,703,1,1,5,,
14352,2,2,15,1,1,5,,
14363,38,2,704,1,1,7,,
14370,41,2,3,1,1,6,,
14376,7,2,198,1,1,5,,
14401,7,2,368,1,1,5,,
14430,43,2,68,1,1,7,,
14459,25,2,705,1,1,7,,
14461,62,2,104,1,1,6,,
14476,98,2,706,1,1,5,,
14488,178,17,445,1,1,5,,
14507,26,2,22,1,1,5,,
14512,72,2,707,1,1,4,,
14513,70,2,708,1,1,7,,
14528,9,2,399,1,1,5,,
14541,7,2,709,1,1,5,,
14546,9,2,122,1,1,5,,
14547,3,6,73,1,1,6,,
14555,4,2,11,1,1,3,,
14562,2,2,15,1,1,4,,
14570,64,2,42,1,1,7,,
14571,30,2,285,1,1,6,,
14576,52,2,710,1,1,6,,
14611,5,2,71,1,1,5,,
14631,49,2,38,1,1,5,,
14650,38,2,711,1,1,5,,
14651,38,2,712,1,1,2,,
14657,25,2,713,1,1,5,,
14716,38,2,714,1,1,5,,
14736,52,2,84,1,1,6,,
14741,103,2,104,1,1,2,,
14749,14,2,715,1,1,5,,
14765,50,2,716,1,1,5,,
14798,214,2,79,1,1,5,,
14814,29,2,223,1,1,2,,
14819,73,2,717,1,1,5,,
14822,7,2,58,1,1,7,,
14832,72,2,186,1,1,5,,
14853,243,33,718,1,1,7,,
14881,2,2,719,1,1,4,,
14926,73,2,720,1,1,5,,
14928,103,2,104,1,1,5,,
14947,4,2,11,1,1,7,,
14958,25,2,286,1,1,4,,
14966,183,2,721,1,1,7,,
14967,105,2,230,1,1,4,,
14984,31,2,360,1,1,7,,
14991,90,2,722,1,1,7,,
14995,7,2,77,1,1,5,,
15013,44,2,164,1,1,5,,
15014,173,6,17,1,1,3,,
15022,32,2,723,1,1,4,,
15027,25,2,214,1,1,5,,
15034,9,2,27,1,1,6,,
15038,3,2,15,1,1,5,,
15067,3,16,644,1,1,4,,
15068,6,2,5,1,1,5,,
15080,2,2,617,1,1,7,,
15085,90,2,422,1,1,6,,
15098,52,2,377,1,1,6,,
15110,41,2,724,1,1,3,,
15112,4,2,4,1,1,5,,
15124,22,6,725,1,1,2,,
15132,16,2,22,1,1,5,,
15139,23,2,568,1,1,6,,
15143,244,6,726,1,1,7,,
15163,72,2,422,1,1,7,,
15168,4,2,727,1,1,6,,
15201,27,2,23,1,1,7,,
15203,7,2,58,1,1,5,,
15208,245,18,728,1,1,6,,
15213,25,2,729,1,1,6,,
15217,3,16,730,1,1,5,,
15228,31,2,49,1,1,5,,
15231,9,2,148,1,1,5,,
15241,18,2,703,1,1,5,,
15244,192,30,731,1,1,5,,
15253,126,2,732,1,1,5,,
15283,7,2,506,1,1,7,,
15305,7,2,148,1,1,7,,
15313,7,2,97,1,1,3,,
15314,49,2,78,1,1,2,,
15317,6,2,11,1,1,6,,
15332,25,2,38,1,1,3,,
15345,56,2,93,1,1,5,,
15349,18,2,627,1,1,6,,
15355,41,2,3,1,1,,,
15357,246,2,275,1,1,2,,
15364,45,2,348,1,1,2,,
15388,39,2,733,1,1,5,,
15389,16,2,128,1,1,7,,
15393,19,2,26,1,1,3,,
15413,62,2,606,1,1,5,,
15434,105,2,231,1,1,7,,
15449,247,33,734,1,1,7,,
15451,3,6,17,1,1,5,,
15460,51,2,230,1,1,4,,
15472,3,2,10,1,1,7,,
15473,40,2,733,1,1,7,,
15485,248,6,735,1,1,6,,
15504,72,2,736,1,1,7,,
15506,2,2,15,1,1,7,,
15536,39,2,60,1,1,5,,
15539,86,2,737,1,1,6,,
15544,32,2,738,1,1,6,,
15552,26,2,739,1,1,5,,
15557,66,2,564,1,1,3,,
15560,103,2,104,1,1,7,,
15564,4,2,5,1,1,7,,
15602,25,2,653,1,1,5,,
15620,45,2,44,1,1,5,,
15633,101,12,258,1,1,7,,
15649,42,2,68,1,1,5,,
15651,2,2,15,1,1,5,,
15656,4,2,11,1,1,7,,
15668,64,2,740,1,1,4,,
15675,55,15,682,1,1,3,,
15677,16,2,22,1,1,6,,
15691,4,2,11,1,1,5,,
15720,3,5,741,1,1,6,,
15721,124,2,300,1,1,6,,
15725,6,2,11,1,1,4,,
15735,51,2,81,1,1,5,,
15739,179,15,533,1,1,5,,
15741,30,2,106,1,1,3,,
15746,3,2,10,1,1,7,,
15749,205,5,742,1,1,7,,
15762,19,2,26,1,1,5,,
15788,4,2,743,1,1,3,,
15798,10,2,744,1,1,7,,
15812,39,2,59,1,1,6,,
15823,18,2,15,1,1,5,,
15853,4,2,745,1,1,5,,
15855,43,2,746,1,1,7,,
15863,3,2,607,1,1,5,,
15870,4,2,11,1,1,5,,
15872,25,2,747,1,1,4,,
15891,9,2,748,1,1,7,,
15901,20,6,17,1,1,4,,
15933,44,2,232,1,1,5,,
15935,19,2,26,1,1,2,,
15944,2,2,15,1,1,3,,
15956,3,29,425,1,1,4,,
15957,25,2,38,1,1,3,,
15979,249,21,749,1,1,5,,
15989,31,2,545,1,1,2,,
15991,3,6,17,1,1,5,,
15999,41,2,3,1,1,5,,
16022,6,2,750,1,1,3,,
16027,52,2,182,1,1,4,,
16031,40,2,59,1,1,5,,
16041,4,2,99,1,1,3,,
16062,2,2,15,1,1,3,,
16078,3,5,56,1,1,7,,
16088,3,2,10,1,1,7,,
16093,4,2,11,1,1,5,,
16094,9,2,751,1,1,5,,
16096,43,2,68,1,1,7,,
16101,3,6,17,1,1,6,,
16120,3,7,752,1,1,5,,
16123,19,2,26,1,1,2,,
16127,38,2,753,1,1,5,,
16174,25,2,38,1,1,5,,
16182,42,2,68,1,1,7,,
16185,250,10,754,1,1,6,,
16194,210,2,15,1,1,3,,
16218,3,21,755,1,1,6,,
16219,251,13,756,1,1,5,,
16223,9,2,97,1,1,5,,
16227,23,2,84,1,1,2,,
16239,41,2,3,1,1,7,,
16258,10,2,3,1,1,3,,
16263,4,2,757,1,1,5,,
16264,2,2,433,1,1,5,,
16272,5,2,758,1,1,5,,
16279,14,2,759,1,1,7,,
16322,9,2,27,1,1,4,,
16331,3,2,10,1,1,,,
16349,52,2,84,1,1,5,,
16351,28,13,40,1,1,7,,
16363,38,2,672,1,1,5,,
16388,45,2,348,1,1,6,,
16402,72,2,191,1,1,5,,
16439,49,2,38,1,1,4,,
16462,90,2,137,1,1,6,,
16529,41,2,404,1,1,3,,
16530,10,2,365,1,1,7,,
16531,9,2,148,1,1,5,,
16552,144,2,119,1,1,5,,
16568,17,2,224,1,1,6,,
16582,2,2,15,1,1,4,,
16589,2,2,15,1,1,5,,
16631,90,2,154,1,1,7,,
16674,27,2,257,1,1,4,,
16685,7,2,639,1,1,5,,
16686,3,2,15,1,1,4,,
16690,38,2,760,1,1,5,,
16710,151,2,367,1,1,5,,
16726,62,2,761,1,1,6,,
16733,44,2,232,1,1,7,,
16742,9,2,27,1,1,5,,
16750,49,2,38,1,1,5,,
16764,2,2,15,1,1,5,,
16770,252,2,396,1,1,4,,
16775,67,2,118,1,1,3,,
16802,25,2,193,1,1,2,,
16811,52,2,762,1,1,7,,
16825,3,10,10,1,1,4,,
16827,9,2,122,1,1,5,,
16874,2,2,15,1,1,3,,
16892,124,2,300,1,1,7,,
16903,43,2,68,1,1,6,,
16907,2,2,15,1,1,6,,
16917,2,2,15,1,1,3,,
16939,26,2,255,1,1,5,,
16940,253,33,763,1,1,7,,
16944,254,10,50,1,1,5,,
16972,120,2,79,1,1,5,,
16977,7,2,239,1,1,4,,
16988,52,2,764,1,1,5,,
16995,141,7,218,1,1,5,,
17002,9,2,12,1,1,5,,
17022,126,2,765,1,1,4,,
17023,32,2,71,1,1,5,,
17033,4,2,4,1,1,5,,
17043,44,2,238,1,1,5,,
17069,170,2,421,1,1,7,,
17072,16,2,119,1,1,4,,
17090,38,2,332,1,1,3,,
17107,32,2,766,1,1,4,,
17109,43,2,68,1,1,6,,
17120,171,5,767,1,1,6,,
17132,151,2,527,1,1,6,,
17138,223,2,768,1,1,5,,
17142,132,6,769,1,1,6,,
17143,153,2,380,1,1,3,,
17191,3,6,17,1,1,4,,
17208,4,2,4,1,1,7,,
17224,73,2,159,1,1,6,,
17226,25,2,119,1,1,7,,
17233,14,2,63,1,1,5,,
17246,23,2,568,1,1,3,,
17259,31,2,75,1,1,4,,
17263,34,15,73,1,1,6,,
17283,7,2,770,1,1,5,,
17285,3,31,771,1,1,2,,
17299,25,2,38,1,1,5,,
17312,28,13,40,1,1,7,,
17315,3,36,772,1,1,5,,
17329,31,2,773,1,1,2,,
17339,9,2,27,1,1,2,,
17351,38,2,304,1,1,5,,
17363,39,2,774,1,1,6,,
17388,6,2,99,1,1,7,,
17394,14,2,63,1,1,3,,
17404,7,2,775,1,1,4,,
17419,4,2,448,1,1,6,,
17452,17,2,224,1,1,6,,
17460,7,2,27,1,1,5,,
17473,3,2,10,1,1,5,,
17483,25,2,221,1,1,4,,
17516,25,2,38,1,1,5,,
17518,6,2,4,1,1,5,,
17529,255,2,776,1,1,5,,
17544,2,2,15,1,1,3,,
17547,4,2,11,1,1,2,,
17560,256,33,777,1,1,7,,
17577,257,12,65,1,1,7,,
17599,4,2,43,1,1,3,,
17603,148,2,354,1,1,6,,
17626,73,2,670,1,1,5,,
17628,3,6,778,1,1,5,,
17639,42,2,284,1,1,3,,
17654,52,2,84,1,1,6,,
17663,7,2,160,1,1,5,,
17700,6,2,4,1,1,4,,
17719,7,2,770,1,1,7,,
17726,41,2,3,1,1,3,,
17752,68,2,119,1,1,3,,
17755,5,2,71,1,1,5,,
17758,3,13,35,1,1,5,,
17763,3,26,779,1,1,7,,
17788,213,2,376,1,1,5,,
17800,49,2,38,1,1,5,,
17836,5,2,71,1,1,3,,
17844,105,2,230,1,1,5,,
17847,255,2,780,1,1,4,,
17867,195,11,781,1,1,7,,
17877,27,2,23,1,1,5,,
17882,4,2,11,1,1,5,,
17902,52,2,782,1,1,5,,
17922,9,2,783,1,1,5,,
17936,14,2,784,1,1,5,,
17937,3,2,15,1,1,3,,
17944,258,2,785,1,1,5,,
17953,120,2,79,1,1,2,,
17981,67,2,594,1,1,3,,
17987,9,2,786,1,1,4,,
17995,54,2,502,1,1,6,,
18036,7,2,58,1,1,5,,
18043,10,2,3,1,1,5,,
18062,4,2,787,1,1,6,,
18090,98,2,217,1,1,7,,
18093,109,5,788,1,1,7,,
18098,9,2,97,1,1,5,,
18102,122,7,789,1,1,5,,
18109,56,2,790,1,1,5,,
18137,2,2,15,1,1,5,,
18144,25,2,38,1,1,5,,
18145,4,2,448,1,1,5,,
18151,43,2,68,1,1,5,,
18154,120,2,317,1,1,5,,
18169,3,2,10,1,1,3,,
18213,3,6,17,1,1,3,,
18214,27,2,62,1,1,3,,
18234,7,2,97,1,1,4,,
18255,26,2,243,1,1,5,,
18280,26,2,762,1,1,5,,
18281,120,2,79,1,1,4,,
18287,9,2,462,1,1,4,,
18292,2,2,15,1,1,5,,
18303,4,2,5,1,1,6,,
18306,7,2,791,1,1,7,,
18311,213,2,380,1,1,4,,
18314,105,2,81,1,1,2,,
18317,10,2,365,1,1,5,,
18337,10,2,402,1,1,6,,
18349,259,2,462,1,1,6,,
18353,153,2,380,1,1,5,,
18372,27,2,23,1,1,5,,
18389,2,2,15,1,1,2,,
18401,27,2,224,1,1,5,,
18409,103,2,276,1,1,7,,
18440,39,2,507,1,1,3,,
18453,126,2,792,1,1,6,,
18458,142,24,793,1,1,7,,
18466,73,2,794,1,1,6,,
18476,50,2,79,1,1,5,,
18477,41,2,3,1,1,2,,
18483,62,2,599,1,1,6,,
18487,3,2,607,1,1,5,,
18523,120,2,548,1,1,7,,
18542,52,2,34,1,1,3,,
18546,7,2,27,1,1,4,,
18554,26,2,128,1,1,4,,
18563,103,2,795,1,1,5,,
18613,3,14,10,1,1,7,,
18627,51,2,230,1,1,7,,
18641,36,15,52,1,1,5,,
18659,9,2,360,1,1,6,,
18686,7,2,796,1,1,4,,
18690,38,2,797,1,1,4,,
18691,63,2,354,1,1,7,,
18707,38,2,94,1,1,6,,
18717,22,6,17,1,1,6,,
18755,16,2,798,1,1,7,,
18756,26,2,798,1,1,7,,
18763,18,2,15,1,1,5,,
18774,90,2,799,1,1,5,,
18804,41,2,3,1,1,2,,
18870,3,24,10,1,1,7,,
18872,260,2,26,1,1,4,,
18893,52,2,84,1,1,4,,
18915,86,2,708,1,1,5,,
18921,2,2,15,1,1,5,,
18949,2,2,15,1,1,4,,
18961,27,2,23,1,1,6,,
18976,25,2,187,1,1,4,,
18998,3,21,567,1,1,7,,
19003,27,2,23,1,1,4,,
19022,9,2,27,1,1,6,,
19023,23,2,800,1,1,5,,
19066,10,2,744,1,1,6,,
19072,90,2,309,1,1,5,,
19082,7,2,801,1,1,4,,
19087,105,2,373,1,1,7,,
19092,10,2,802,1,1,3,,
19107,261,2,221,1,1,6,,
19108,9,2,148,1,1,3,,
19132,38,2,292,1,1,2,,
19146,40,2,144,1,1,3,,
19163,4,2,289,1,1,5,,
19167,2,2,563,1,1,4,,
19170,10,2,3,1,1,4,,
19174,117,2,803,1,1,5,,
19175,262,15,804,1,1,7,,
19180,43,2,128,1,1,6,,
19207,38,2,805,1,1,4,,
19236,213,2,380,1,1,5,,
19241,176,2,806,1,1,3,,
19243,2,2,15,1,1,2,,
19256,42,2,68,1,1,2,,
19263,62,2,104,1,1,5,,
19264,40,2,144,1,1,2,,
19267,2,2,15,1,1,2,,
19268,38,2,63,1,1,5,,
19274,31,2,44,1,1,3,,
19277,25,2,290,1,1,4,,
19283,4,2,11,1,1,5,,
19287,263,2,417,1,1,5,,
19327,17,2,62,1,1,5,,
19328,19,2,26,1,1,3,,
19330,9,2,260,1,1,5,,
19332,2,2,15,1,1,5,,
19337,42,2,68,1,1,5,,
19339,148,2,354,1,1,4,,
19340,143,2,807,1,1,3,,
19349,7,2,179,1,1,5,,
19368,9,2,179,1,1,5,,
19409,190,2,15,1,1,5,,
19424,54,2,107,1,1,2,,
19431,44,2,238,1,1,6,,
19436,3,2,10,1,1,5,,
19470,160,2,808,1,1,5,,
19472,38,2,809,1,1,7,,
19489,5,2,71,1,1,5,,
19498,90,2,137,1,1,3,,
19499,208,2,423,1,1,4,,
19511,264,2,71,1,1,2,,
19520,40,2,144,1,1,5,,
19521,2,2,123,1,1,2,,
19534,2,2,15,1,1,3,,
19546,2,2,15,1,1,5,,
19550,44,2,810,1,1,3,,
19559,41,2,3,1,1,3,,
19565,67,2,811,1,1,7,,
19593,6,2,114,1,1,4,,
19595,156,2,312,1,1,4,,
19607,77,2,812,1,1,4,,
19626,126,2,300,1,1,3,,
19631,83,2,217,1,1,2,,
19637,115,2,272,1,1,6,,
19647,7,2,148,1,1,3,,
19678,9,2,813,1,1,5,,
19693,52,2,400,1,1,5,,
19722,99,2,26,1,1,6,,
19731,9,2,748,1,1,4,,
19732,86,2,183,1,1,3,,
19745,41,2,3,1,1,4,,
19762,25,2,814,1,1,4,,
19767,125,2,164,1,1,5,,
19784,52,2,208,1,1,6,,
19785,170,2,612,1,1,4,,
19798,3,2,10,1,1,2,,
19807,26,2,22,1,1,5,,
19821,67,2,132,1,1,2,,
19825,17,2,23,1,1,3,,
19831,16,2,815,1,1,5,,
19857,25,2,38,1,1,7,,
19863,25,2,639,1,1,5,,
19866,125,2,816,1,1,5,,
19885,2,2,15,1,1,4,,
19887,19,2,26,1,1,3,,
19914,55,15,17,1,1,5,,
19933,32,2,71,1,1,4,,
19944,214,2,598,1,1,5,,
19996,125,2,817,1,1,5,,
20009,52,2,504,1,1,7,,
20016,10,2,3,1,1,5,,
20025,7,2,172,1,1,3,,
20038,22,6,17,1,1,5,,
20088,105,2,230,1,1,7,,
20089,124,2,792,1,1,6,,
20167,7,2,157,1,1,4,,
20186,22,6,17,1,1,4,,
20190,16,2,128,1,1,5,,
20240,82,2,818,1,1,5,,
20242,25,2,38,1,1,2,,
20257,31,2,819,1,1,4,,
20266,14,2,820,1,1,5,,
20273,5,2,71,1,1,4,,
20282,2,2,15,1,1,5,,
20300,29,2,821,1,1,5,,
20317,86,2,183,1,1,3,,
20339,9,2,822,1,1,5,,
20344,6,2,5,1,1,5,,
20369,18,2,15,1,1,7,,
20372,7,2,97,1,1,3,,
20374,153,2,376,1,1,5,,
20397,43,2,823,1,1,7,,
20409,29,2,234,1,1,3,,
20415,32,2,758,1,1,4,,
20431,2,2,15,1,1,4,,
20441,45,2,360,1,1,6,,
20466,18,2,15,1,1,2,,
20469,86,2,708,1,1,6,,
20477,3,2,15,1,1,2,,
20489,9,2,462,1,1,5,,
20513,9,2,27,1,1,4,,
20548,45,2,277,1,1,3,,
20551,45,2,49,1,1,5,,
20563,41,2,365,1,1,5,,
20573,51,2,297,1,1,7,,
20576,73,2,107,1,1,5,,
20603,56,2,824,1,1,3,,
20607,90,2,137,1,1,3,,
20622,9,2,58,1,1,5,,
20629,4,2,560,1,1,6,,
20663,265,2,601,1,1,5,,
20700,2,2,15,1,1,3,,
20708,103,2,104,1,1,5,,
20717,125,2,238,1,1,5,,
20720,51,2,81,1,1,3,,
20723,27,2,23,1,1,7,,
20734,43,2,68,1,1,6,,
20773,172,2,825,1,1,5,,
20788,6,2,11,1,1,2,,
20792,25,2,73,1,1,5,,
20805,184,2,469,1,1,5,,
20814,41,2,3,1,1,5,,
20822,32,2,71,1,1,4,,
20826,62,2,250,1,1,3,,
20830,129,2,826,1,1,4,,
20844,73,2,827,1,1,5,,
20845,40,2,131,1,1,4,,
20894,7,2,399,1,1,5,,
20902,9,2,27,1,1,2,,
20911,10,2,828,1,1,5,,
20918,2,2,617,1,1,7,,
20919,3,2,10,1,1,2,,
20922,2,2,15,1,1,4,,
20924,66,2,93,1,1,3,,
20954,52,2,84,1,1,6,,
20957,16,2,516,1,1,1,,
20972,29,2,829,1,1,4,,
21004,10,2,3,1,1,4,,
21007,67,2,223,1,1,3,,
21026,7,2,830,1,1,5,,
21041,208,2,831,1,1,5,,
21058,41,2,685,1,1,3,,
21082,18,2,832,1,1,3,,
21087,86,2,130,1,1,4,,
21120,19,2,26,1,1,3,,
21130,172,2,272,1,1,5,,
21147,26,2,297,1,1,4,,
21185,6,2,833,1,1,5,,
21209,208,2,281,1,1,5,,
21219,263,2,834,1,1,5,,
21228,176,2,616,1,1,6,,
21250,56,2,93,1,1,6,,
21261,77,2,431,1,1,5,,
21269,32,2,71,1,1,5,,
21273,32,2,623,1,1,6,,
21279,66,2,301,1,1,2,,
21292,206,2,469,1,1,7,,
21313,44,2,232,1,1,3,,
21330,66,2,691,1,1,3,,
21337,2,2,15,1,1,7,,
21366,126,2,300,1,1,3,,
21368,41,2,3,1,1,2,,
21377,72,2,287,1,1,6,,
21380,3,2,835,1,1,3,,
21386,266,2,380,1,1,5,,
21401,2,2,836,1,1,5,,
21408,52,2,762,1,1,4,,
21425,52,2,837,1,1,5,,
21444,106,2,162,1,1,5,,
21457,55,15,682,1,1,5,,
21460,31,2,838,1,1,6,,
21469,25,2,494,1,1,6,,
21485,38,2,540,1,1,2,,
21488,72,2,191,1,1,5,,
21490,10,2,338,1,1,1,,
21500,5,2,71,1,1,4,,
21503,106,2,347,1,1,5,,
21508,169,2,839,1,1,4,,
21521,9,2,840,1,1,5,,
21523,10,2,3,1,1,5,,
21540,41,2,335,1,1,3,,
21541,32,2,71,1,1,3,,
21542,183,2,354,1,1,5,,
21544,32,2,71,1,1,5,,
21554,25,2,193,1,1,5,,
21595,213,2,380,1,1,5,,
21607,6,2,841,1,1,5,,
21611,184,2,469,1,1,5,,
21642,2,2,15,1,1,5,,
21665,9,2,842,1,1,4,,
21667,90,2,580,1,1,5,,
21681,2,2,10,1,1,6,,
21694,96,2,211,1,1,5,,
21698,4,2,5,1,1,3,,
21702,9,2,843,1,1,4,,
21703,25,2,844,1,1,6,,
21708,66,2,93,1,1,5,,
21709,45,2,532,1,1,5,,
21727,9,2,845,1,1,5,,
21736,26,2,128,1,1,2,,
21738,16,2,297,1,1,5,,
21743,62,2,648,1,1,5,,
21784,9,2,314,1,1,3,,
21786,241,21,567,1,1,5,,
21792,56,2,136,1,1,5,,
21833,7,2,846,1,1,6,,
21835,9,2,148,1,1,6,,
21836,9,2,148,1,1,3,,
21860,6,2,11,1,1,3,,
21870,62,2,104,1,1,5,,
21889,106,2,233,1,1,5,,
21890,9,2,97,1,1,5,,
21940,16,2,22,1,1,1,,
21945,66,2,847,1,1,5,,
21971,31,2,51,1,1,4,,
21972,90,2,154,1,1,5,,
21980,267,2,104,1,1,5,,
21984,18,2,15,1,1,5,,
21989,6,2,4,1,1,3,,
21994,31,2,848,1,1,3,,
22003,9,2,849,1,1,5,,
22026,5,2,71,1,1,5,,
22076,32,2,71,1,1,3,,
22096,7,2,12,1,1,4,,
22099,25,2,494,1,1,2,,
22112,17,2,850,1,1,5,,
22113,31,2,360,1,1,2,,
22132,7,2,851,1,1,5,,
22133,184,2,469,1,1,5,,
22134,49,2,852,1,1,3,,
22141,86,2,737,1,1,5,,
22167,9,2,853,1,1,3,,
22177,72,2,854,1,1,7,,
22178,31,2,44,1,1,5,,
22210,86,2,183,1,1,5,,
22223,52,2,313,1,1,3,,
22240,125,2,428,1,1,5,,
22243,7,2,14,1,1,5,,
22244,2,2,15,1,1,5,,
22302,86,2,183,1,1,5,,
22303,3,9,103,1,1,3,,
22324,3,2,10,1,1,4,,
22329,248,6,855,1,1,3,,
22348,3,26,856,1,1,6,,
22355,92,2,857,1,1,5,,
22406,25,2,38,1,1,5,,
22409,4,2,359,1,1,5,,
22434,18,2,563,1,1,5,,
22446,4,2,528,1,1,5,,
22449,31,2,858,1,1,4,,
22456,25,2,38,1,1,5,,
22480,103,2,606,1,1,6,,
22503,7,2,70,1,1,1,,
22505,41,2,3,1,1,6,,
22517,32,2,859,1,1,4,,
22520,2,2,15,1,1,5,,
22523,262,15,758,1,1,7,,
22531,45,2,75,1,1,3,,
22534,56,2,860,1,1,6,,
22556,9,2,861,1,1,6,,
22564,6,2,289,1,1,5,,
22581,59,12,65,1,1,5,,
22592,27,2,23,1,1,5,,
22612,9,2,58,1,1,5,,
22614,138,10,862,1,1,4,,
22639,73,2,670,1,1,5,,
22656,18,2,123,1,1,5,,
22657,70,2,183,1,1,4,,
22660,18,2,15,1,1,1,,
22665,18,2,863,1,1,3,,
22675,51,2,81,1,1,5,,
22681,31,2,545,1,1,3,,
22688,81,17,170,1,1,6,,
22746,4,2,289,1,1,3,,
22752,41,2,232,1,1,4,,
22756,25,2,864,1,1,3,,
22790,103,2,104,1,1,4,,
22803,26,2,22,1,1,5,,
22822,90,2,287,1,1,4,,
22840,7,2,506,1,1,5,,
22849,4,2,4,1,1,5,,
22877,6,2,5,1,1,5,,
22883,220,15,52,1,1,5,,
22885,42,2,68,1,1,2,,
22907,66,2,93,1,1,5,,
22937,19,2,26,1,1,2,,
22944,6,2,11,1,1,3,,
22958,9,2,27,1,1,2,,
22964,7,2,709,1,1,2,,
23000,90,2,422,1,1,6,,
23004,6,2,11,1,1,5,,
23007,23,2,865,1,1,3,,
23063,105,2,81,1,1,2,,
23081,56,2,93,1,1,5,,
23099,4,2,4,1,1,1,,
23101,72,2,866,1,1,6,,
23110,9,2,54,1,1,2,,
23154,41,2,431,1,1,3,,
23156,20,6,17,1,1,2,,
23160,32,2,867,1,1,5,,
23161,17,2,868,1,1,2,,
23164,90,2,869,1,1,7,,
23182,16,2,255,1,1,6,,
23184,73,2,88,1,1,4,,
23189,42,2,383,1,1,5,,
23199,7,2,70,1,1,5,,
23201,7,2,31,1,1,3,,
23213,7,2,94,1,1,7,,
23222,73,2,88,1,1,5,,
23229,41,2,870,1,1,2,,
23254,3,6,17,1,1,2,,
23257,70,2,708,1,1,7,,
23279,23,2,871,1,1,3,,
23298,6,2,872,1,1,6,,
23301,9,2,97,1,1,3,,
23314,43,2,383,1,1,3,,
23323,2,2,15,1,1,3,,
23326,90,2,422,1,1,5,,
23337,4,2,873,1,1,7,,
23375,26,2,874,1,1,7,,
23379,52,2,377,1,1,6,,
23383,14,2,115,1,1,5,,
23393,9,2,77,1,1,2,,
23410,126,2,875,1,1,5,,
23435,40,2,876,1,1,5,,
23439,70,2,275,1,1,5,,
23441,41,2,877,1,1,7,,
23462,16,2,22,1,1,5,,
23467,9,2,457,1,1,4,,
23499,190,2,15,1,1,4,,
23506,3,12,878,1,1,3,,
23552,52,2,84,1,1,5,,
23554,18,2,879,1,1,5,,
23557,42,2,823,1,1,3,,
23628,124,2,300,1,1,5,,
23646,268,6,880,1,1,3,,
23656,41,2,3,1,1,3,,
23661,29,2,594,1,1,7,,
23662,26,2,128,1,1,5,,
23669,9,2,145,1,1,3,,
23673,232,2,174,1,1,7,,
23679,9,2,58,1,1,3,,
23689,51,2,230,1,1,4,,
23718,6,2,114,1,1,5,,
23720,153,2,380,1,1,5,,
23724,73,2,88,1,1,2,,
23736,40,2,59,1,1,5,,
23743,52,2,84,1,1,3,,
23789,19,2,26,1,1,7,,
23793,9,2,97,1,1,6,,
23814,66,2,881,1,1,5,,
23818,54,2,882,1,1,2,,
23858,42,2,883,1,1,6,,
23901,5,2,884,1,1,5,,
23902,73,2,882,1,1,2,,
23912,64,2,740,1,1,5,,
23922,9,2,14,1,1,4,,
23929,41,2,3,1,1,5,,
23934,3,6,17,1,1,3,,
23971,2,2,15,1,1,2,,
23976,2,2,15,1,1,3,,
23982,3,2,10,1,1,7,,
23992,49,2,885,1,1,5,,
23997,269,2,886,1,1,3,,
24015,26,2,22,1,1,6,,
24046,270,2,107,1,1,4,,
24062,7,2,97,1,1,3,,
24073,106,2,887,1,1,5,,
24076,26,2,888,1,1,2,,
24113,9,2,148,1,1,4,,
24150,9,2,97,1,1,5,,
24157,4,2,4,1,1,5,,
24161,44,2,232,1,1,7,,
24200,90,2,287,1,1,5,,
24211,10,2,365,1,1,4,,
24214,68,2,889,1,1,2,,
24282,10,2,3,1,1,5,,
24283,86,2,708,1,1,3,,
24302,9,2,58,1,1,4,,
24320,2,2,15,1,1,2,,
24331,9,2,148,1,1,3,,
24372,43,2,497,1,1,5,,
24385,31,2,539,1,1,5,,
24386,9,2,890,1,1,5,,
24387,271,4,891,1,1,2,,
24403,25,2,38,1,1,2,,
24407,203,2,838,1,1,5,,
24408,167,2,892,1,1,4,,
24422,4,2,893,1,1,5,,
24440,38,2,20,1,1,7,,
24448,126,2,894,1,1,5,,
24464,40,21,567,1,1,5,,
24480,42,2,68,1,1,3,,
24497,143,2,639,1,1,5,,
24505,270,2,895,1,1,6,,
24507,14,2,357,1,1,5,,
24508,56,2,896,1,1,4,,
24513,42,2,68,1,1,7,,
24540,39,2,131,1,1,2,,
24593,68,2,119,1,1,5,,
24594,7,2,58,1,1,4,,
24597,120,2,897,1,1,6,,
24608,176,2,898,1,1,3,,
24614,10,2,140,1,1,6,,
24629,6,2,4,1,1,3,,
24642,56,2,93,1,1,2,,
24649,26,2,340,1,1,5,,
24688,248,6,855,1,1,2,,
24748,126,2,300,1,1,4,,
24765,7,2,122,1,1,4,,
24778,4,2,289,1,1,5,,
24798,70,2,183,1,1,5,,
24803,45,2,614,1,1,3,,
24832,213,2,380,1,1,5,,
24833,52,2,182,1,1,5,,
24836,3,2,10,1,1,4,,
24840,52,2,899,1,1,4,,
24904,64,2,900,1,1,3,,
24906,2,2,15,1,1,2,,
24968,153,2,380,1,1,5,,
25017,9,2,770,1,1,5,,
25019,3,7,901,1,1,4,,
25041,42,2,902,1,1,7,,
25076,18,2,67,1,1,7,,
25081,9,2,654,1,1,3,,
25098,52,2,903,1,1,3,,
25143,32,2,71,1,1,5,,
25152,20,6,17,1,1,1,,
25158,49,2,537,1,1,4,,
25171,183,2,354,1,1,3,,
25181,143,2,806,1,1,3,,
25194,25,2,38,1,1,5,,
25204,9,2,148,1,1,6,,
25250,7,2,97,1,1,5,,
25256,18,2,67,1,1,5,,
25261,9,2,904,1,1,4,,
25264,41,2,3,1,1,2,,
25272,41,2,3,1,1,2,,
25286,272,2,107,1,1,4,,
25291,62,2,271,1,1,7,,
25296,9,2,399,1,1,6,,
25304,41,2,3,1,1,3,,
25334,10,2,92,1,1,5,,
25351,98,2,217,1,1,7,,
25356,4,2,11,1,1,2,,
25370,63,2,905,1,1,4,,
25371,43,2,823,1,1,6,,
25374,44,2,164,1,1,5,,
25403,2,2,15,1,1,5,,
25404,32,2,71,1,1,6,,
25437,19,2,26,1,1,2,,
25452,29,2,347,1,1,5,,
25461,39,2,507,1,1,5,,
25522,263,2,417,1,1,7,,
25552,54,2,906,1,1,5,,
25567,49,2,907,1,1,5,,
25583,67,2,223,1,1,3,,
25604,56,2,847,1,1,5,,
25647,52,2,908,1,1,3,,
25656,66,2,93,1,1,4,,
25683,52,2,909,1,1,5,,
25702,3,2,10,1,1,4,,
25707,9,2,910,1,1,3,,
25715,52,2,182,1,1,5,,
25731,263,2,573,1,1,1,,
25750,42,2,284,1,1,2,,
25752,29,2,298,1,1,2,,
25765,40,2,207,1,1,6,,
25773,10,2,685,1,1,3,,
25787,4,2,11,1,1,5,,
25798,67,2,811,1,1,2,,
25812,169,2,911,1,1,2,,
25829,273,2,912,1,1,6,,
25856,16,2,297,1,1,7,,
25877,261,2,913,1,1,3,,
25891,41,2,210,1,1,5,,
25894,41,2,3,1,1,5,,
25904,2,2,914,1,1,6,,
25929,49,2,78,1,1,2,,
25963,72,2,580,1,1,5,,
25980,106,2,347,1,1,5,,
25985,202,2,367,1,1,5,,
26035,3,2,10,1,1,4,,
26038,195,11,915,1,1,7,,
26051,34,15,916,1,1,7,,
26067,86,2,708,1,1,7,,
26072,29,2,10,1,1,5,,
26083,9,2,160,1,1,4,,
26100,274,12,917,1,1,5,,
26103,72,2,137,1,1,5,,
26121,40,2,918,1,1,3,,
26130,73,2,88,1,1,4,,
26162,9,2,70,1,1,2,,
26168,86,2,275,1,1,5,,
26173,32,2,45,1,1,5,,
26195,3,18,263,1,1,6,,
26205,160,2,421,1,1,5,,
26231,40,2,919,1,1,5,,
26233,41,2,431,1,1,4,,
26240,98,2,920,1,1,4,,
26250,17,2,23,1,1,4,,
26267,16,2,95,1,1,7,,
26287,27,2,23,1,1,5,,
26305,126,2,921,1,1,5,,
26315,14,2,922,1,1,7,,
26322,106,2,347,1,1,2,,
26331,3,21,10,1,1,5,,
26333,275,2,692,1,1,5,,
26341,25,2,923,1,1,5,,
26356,32,2,45,1,1,5,,
26364,16,2,924,1,1,6,,
26376,2,2,15,1,1,3,,
26425,7,2,83,1,1,2,,
26467,56,2,925,1,1,6,,
26479,9,2,70,1,1,6,,
26482,25,2,456,1,1,4,,
26519,3,2,15,1,1,3,,
26576,41,2,3,1,1,3,,
26586,41,2,232,1,1,5,,
26630,25,2,173,1,1,5,,
26643,32,2,71,1,1,5,,
26669,25,2,78,1,1,3,,
26676,73,2,88,1,1,7,,
26689,2,2,15,1,1,2,,
26710,32,2,71,1,1,5,,
26713,2,2,15,1,1,3,,
26745,9,2,148,1,1,6,,
26749,151,2,926,1,1,3,,
26754,62,2,761,1,1,3,,
26776,178,17,927,1,1,7,,
26779,45,2,928,1,1,7,,
26781,251,13,756,1,1,5,,
26793,7,2,12,1,1,6,,
26823,9,2,148,1,1,2,,
26855,3,12,929,1,1,6,,
26873,9,2,145,1,1,6,,
26894,70,2,708,1,1,5,,
26923,56,2,136,1,1,7,,
26932,43,2,68,1,1,6,,
26945,3,2,15,1,1,5,,
26963,276,18,263,1,1,4,,
26966,62,2,104,1,1,2,,
26981,67,2,656,1,1,5,,
27010,103,2,104,1,1,2,,
27013,7,2,58,1,1,5,,
27018,55,15,48,1,1,4,,
27020,31,2,838,1,1,5,,
27069,9,2,930,1,1,1,,
27091,64,2,106,1,1,2,,
27108,54,2,882,1,1,3,,
27127,6,2,11,1,1,6,,
27172,272,2,931,1,1,7,,
27278,41,2,3,1,1,5,,
27290,29,2,132,1,1,6,,
27292,14,2,932,1,1,5,,
27299,45,2,928,1,1,5,,
27302,277,2,842,1,1,5,,
27320,9,2,314,1,1,2,,
27333,9,2,344,1,1,5,,
27334,2,2,832,1,1,5,,
27342,7,2,122,1,1,3,,
27343,7,2,27,1,1,5,,
27383,7,2,97,1,1,2,,
27393,9,2,27,1,1,6,,
27409,151,2,367,1,1,5,,
27412,6,2,289,1,1,5,,
27490,49,2,286,1,1,5,,
27494,44,2,69,1,1,3,,
27499,90,2,933,1,1,4,,
27510,7,2,526,1,1,4,,
27523,67,2,629,1,1,3,,
27527,2,2,15,1,1,3,,
27549,86,2,183,1,1,5,,
27564,73,2,355,1,1,6,,
27573,6,2,11,1,1,7,,
27598,2,2,934,1,1,5,,
27604,9,2,77,1,1,2,,
27625,9,2,97,1,1,5,,
27664,3,21,450,1,1,5,,
27682,2,2,67,1,1,4,,
27717,19,2,26,1,1,5,,
27725,43,2,935,1,1,7,,
27758,9,2,198,1,1,3,,
27771,52,2,84,1,1,2,,
27788,263,2,573,1,1,4,,
27794,18,2,15,1,1,4,,
27803,16,2,924,1,1,5,,
27825,169,2,936,1,1,7,,
27837,96,2,211,1,1,7,,
27845,49,2,221,1,1,4,,
27853,73,2,88,1,1,4,,
27872,43,2,894,1,1,5,,
27906,19,2,26,1,1,4,,
27909,6,2,4,1,1,5,,
27946,9,2,314,1,1,2,,
27964,66,2,301,1,1,4,,
27973,45,2,819,1,1,6,,
28008,66,2,937,1,1,5,,
28014,16,2,938,1,1,4,,
28048,126,2,300,1,1,5,,
28051,106,2,939,1,1,5,,
28052,36,15,52,1,1,7,,
28053,272,2,940,1,1,7,,
28057,4,2,941,1,1,4,,
28067,31,2,942,1,1,3,,
28072,7,2,27,1,1,2,,
28108,278,2,4,1,1,3,,
28113,32,2,867,1,1,5,,
28154,36,15,52,1,1,4,,
28160,42,2,823,1,1,5,,
28169,279,2,943,1,1,7,,
28175,17,2,23,1,1,4,,
28180,45,2,944,1,1,2,,
28190,6,2,289,1,1,1,,
28209,9,2,945,1,1,6,,
28259,105,2,81,1,1,6,,
28270,4,2,946,1,1,5,,
28305,73,2,226,1,1,5,,
28324,280,5,947,1,1,7,,
28330,281,6,286,1,1,5,,
28332,14,2,20,1,1,7,,
28345,41,2,140,1,1,6,,
28352,4,2,95,1,1,6,,
28354,4,2,727,1,1,6,,
28362,10,2,3,1,1,4,,
28363,41,2,685,1,1,4,,
28388,186,2,486,1,1,5,,
28409,18,2,627,1,1,4,,
28417,16,2,22,1,1,5,,
28420,25,2,38,1,1,4,,
28424,9,2,658,1,1,2,,
28442,67,2,223,1,1,2,,
28449,103,2,104,1,1,4,,
28480,169,2,887,1,1,3,,
28498,52,2,948,1,1,7,,
28503,38,2,292,1,1,5,,
28513,98,2,217,1,1,3,,
28526,27,2,224,1,1,3,,
28542,59,12,65,1,1,5,,
28557,3,6,17,1,1,4,,
28576,7,2,201,1,1,5,,
28598,6,2,949,1,1,4,,
28609,55,15,48,1,1,5,,
28734,42,2,950,1,1,5,,
28745,90,2,287,1,1,4,,
28779,29,2,223,1,1,7,,
28792,55,15,48,1,1,1,,
28810,282,2,877,1,1,5,,
28813,2,2,15,1,1,7,,
28861,73,2,88,1,1,4,,
28869,10,2,156,1,1,4,,
28874,3,2,10,1,1,4,,
28893,9,2,97,1,1,7,,
28899,14,2,951,1,1,1,,
28913,193,2,68,1,1,3,,
28923,9,2,392,1,1,7,,
28927,206,2,952,1,1,3,,
28945,3,2,15,1,1,4,,
29002,41,2,3,1,1,7,,
29024,98,2,64,1,1,2,,
29034,29,2,223,1,1,4,,
29035,2,2,953,1,1,5,,
29060,9,2,97,1,1,2,,
29091,3,2,954,1,1,1,,
29104,6,2,4,1,1,2,,
29119,72,2,955,1,1,3,,
29147,7,2,399,1,1,2,,
29160,3,2,15,1,1,6,,
29171,14,2,672,1,1,5,,
29214,3,6,17,1,1,4,,
29231,17,2,224,1,1,5,,
29243,2,2,836,1,1,2,,
29308,72,2,854,1,1,2,,
29344,62,2,104,1,1,6,,
29352,9,2,12,1,1,7,,
29399,40,2,131,1,1,5,,
29405,263,2,417,1,1,4,,
29416,31,2,532,1,1,5,,
29426,41,2,65,1,1,5,,
29430,90,2,287,1,1,7,,
29457,16,2,243,1,1,2,,
29468,44,2,164,1,1,3,,
29489,17,2,126,1,1,3,,
29494,49,2,956,1,1,2,,
29497,62,2,271,1,1,4,,
29517,45,2,819,1,1,4,,
29531,72,2,438,1,1,6,,
29543,41,2,140,1,1,5,,
29559,9,2,957,1,1,4,,
29566,68,2,94,1,1,3,,
29579,44,2,958,1,1,5,,
29602,25,2,73,1,1,3,,
29616,124,2,300,1,1,3,,
29622,90,2,799,1,1,2,,
29623,3,2,15,1,1,5,,
29639,31,2,542,1,1,6,,
29686,66,2,959,1,1,2,,
29773,17,2,224,1,1,4,,
29781,56,2,93,1,1,2,,
29827,4,2,11,1,1,7,,
29848,7,2,198,1,1,5,,
29905,96,2,211,1,1,5,,
29916,67,2,223,1,1,3,,
29922,9,2,27,1,1,5,,
29961,9,2,27,1,1,3,,
30012,49,2,38,1,1,1,,
30017,6,2,5,1,1,2,,
30065,126,2,792,1,1,4,,
30086,7,2,960,1,1,7,,
30099,22,6,17,1,1,2,,
30104,49,2,290,1,1,1,,
30114,52,2,961,1,1,3,,
30130,44,2,238,1,1,7,,
30146,90,2,186,1,1,7,,
30148,10,2,3,1,1,5,,
30167,52,2,84,1,1,5,,
30170,3,5,962,1,1,7,,
30207,72,2,287,1,1,7,,
30215,26,2,128,1,1,3,,
30216,52,2,237,1,1,5,,
30225,6,2,4,1,1,5,,
30262,117,2,423,1,1,2,,
30267,7,2,786,1,1,4,,
30291,262,15,758,1,1,6,,
30316,41,2,3,1,1,2,,
30324,9,2,94,1,1,5,,
30335,25,2,963,1,1,5,,
30357,39,2,144,1,1,2,,
30368,72,2,186,1,1,4,,
30409,103,2,692,1,1,5,,
30465,117,2,423,1,1,2,,
30496,62,2,104,1,1,4,,
30497,32,2,71,1,1,4,,
30498,41,2,372,1,1,7,,
30499,233,2,223,1,1,5,,
30541,90,2,287,1,1,3,,
30551,49,2,653,1,1,4,,
30579,10,2,3,1,1,3,,
30587,40,2,374,1,1,4,,
30602,18,2,15,1,1,3,,
30611,23,2,34,1,1,3,,
30628,9,2,314,1,1,3,,
30698,120,2,79,1,1,5,,
30703,67,2,298,1,1,4,,
30749,86,2,964,1,1,4,,
30755,7,2,148,1,1,6,,
30775,29,2,439,1,1,5,,
30820,7,2,97,1,1,1,,
30823,17,2,112,1,1,7,,
30826,2,2,965,1,1,4,,
30835,27,2,23,1,1,5,,
30847,72,2,422,1,1,2,,
31065,44,2,238,1,1,5,,
31079,2,2,15,1,1,3,,
31084,29,2,223,1,1,3,,
31107,99,2,26,1,1,2,,
31134,19,2,26,1,1,3,,
31146,259,2,966,1,1,6,,
31177,9,2,506,1,1,3,,
31181,40,2,912,1,1,5,,
31230,3,9,967,1,1,5,,
31265,70,2,275,1,1,6,,
31310,23,2,182,1,1,5,,
31316,14,2,968,1,1,4,,
31366,29,2,594,1,1,3,,
31386,283,2,969,1,1,2,,
31392,20,6,17,1,1,1,,
31423,167,2,573,1,1,5,,
31429,2,2,15,1,1,4,,
31439,9,2,285,1,1,2,,
31468,66,2,301,1,1,2,,
31480,42,2,284,1,1,7,,
31481,284,33,734,1,1,7,,
31515,9,2,551,1,1,5,,
31517,9,2,27,1,1,5,,
31540,59,12,65,1,1,7,,
31541,22,6,17,1,1,5,,
31553,44,2,164,1,1,2,,
31580,90,2,137,1,1,5,,
31610,84,2,26,1,1,4,,
31631,9,2,970,1,1,4,,
31639,2,2,15,1,1,1,,
31661,83,2,217,1,1,3,,
31805,148,2,971,1,1,6,,
31815,7,2,14,1,1,5,,
31827,4,2,289,1,1,7,,
31850,72,2,661,1,1,5,,
31863,6,2,4,1,1,5,,
31869,140,2,346,1,1,7,,
31880,70,2,708,1,1,5,,
31891,99,2,26,1,1,2,,
31955,9,2,58,1,1,4,,
31972,285,5,972,1,1,5,,
31975,41,2,416,1,1,4,,
31985,6,2,4,1,1,1,,
32005,41,2,973,1,1,3,,
32010,2,2,15,1,1,3,,
32032,52,2,182,1,1,3,,
32052,7,2,70,1,1,3,,
32087,42,2,68,1,1,6,,
32090,25,2,221,1,1,3,,
32107,25,2,232,1,1,3,,
32118,9,2,974,1,1,5,,
32136,9,2,97,1,1,3,,
32150,9,2,77,1,1,4,,
32185,120,2,975,1,1,5,,
32207,202,2,976,1,1,4,,
32232,22,6,977,1,1,6,,
32292,7,2,122,1,1,3,,
32300,7,2,27,1,1,5,,
32313,286,10,978,1,1,5,,
32336,27,2,224,1,1,1,,
32346,105,2,230,1,1,5,,
32359,169,2,347,1,1,3,,
32364,62,2,648,1,1,4,,
32379,7,2,148,1,1,5,,
32380,2,2,15,1,1,4,,
32391,18,2,627,1,1,3,,
32415,287,10,979,1,1,5,,
32469,98,2,980,1,1,6,,
32478,45,2,981,1,1,7,,
32499,31,2,360,1,1,4,,
32542,43,2,68,1,1,2,,
32553,30,2,141,1,1,3,,
32563,44,2,69,1,1,2,,
32578,125,2,238,1,1,4,,
32629,22,6,982,1,1,1,,
32635,202,2,238,1,1,5,,
32705,6,2,114,1,1,5,,
32711,7,2,58,1,1,5,,
32727,43,2,383,1,1,4,,
32749,148,2,354,1,1,4,,
32758,73,2,983,1,1,6,,
32773,44,2,816,1,1,5,,
32788,261,2,984,1,1,5,,
32791,3,2,10,1,1,2,,
32815,3,2,10,1,1,7,,
32818,32,2,71,1,1,4,,
32831,16,2,985,1,1,4,,
32832,3,6,986,1,1,3,,
32834,19,2,26,1,1,2,,
32853,25,2,38,1,1,3,,
32889,64,2,106,1,1,5,,
32921,5,2,987,1,1,4,,
32924,36,15,988,1,1,7,,
32987,3,12,65,1,1,3,,
33005,9,2,27,1,1,5,,
33006,288,2,989,1,1,5,,
33055,106,2,887,1,1,2,,
33115,66,2,460,1,1,5,,
33125,26,2,22,1,1,1,,
33128,9,2,70,1,1,1,,
33167,105,2,586,1,1,6,,
33181,3,9,990,1,1,5,,
33218,38,2,991,1,1,4,,
33226,6,2,11,1,1,5,,
33240,23,2,992,1,1,2,,
33248,7,2,58,1,1,5,,
33250,41,2,993,1,1,5,,
33264,4,2,11,1,1,7,,
33266,41,2,140,1,1,4,,
33267,9,2,485,1,1,2,,
33269,202,2,238,1,1,5,,
33311,3,20,994,1,1,6,,
33338,4,2,11,1,1,7,,
33377,45,2,277,1,1,5,,
33419,73,2,355,1,1,6,,
33421,23,2,473,1,1,5,,
33458,2,2,15,1,1,4,,
33504,39,2,507,1,1,5,,
33513,9,2,995,1,1,3,,
33520,44,2,164,1,1,4,,
33521,39,2,996,1,1,5,,
33575,90,2,137,1,1,5,,
33588,213,2,997,1,1,6,,
33605,31,2,360,1,1,2,,
33619,126,2,875,1,1,3,,
33631,4,2,4,1,1,5,,
33636,42,2,68,1,1,7,,
33649,56,2,93,1,1,5,,
33671,289,12,998,1,1,6,,
33682,7,2,27,1,1,3,,
33700,31,2,305,1,1,4,,
33711,86,2,183,1,1,5,,
33740,160,2,612,1,1,5,,
33782,106,2,999,1,1,3,,
33800,6,2,289,1,1,2,,
33801,23,2,909,1,1,4,,
33816,52,2,909,1,1,2,,
33821,107,2,84,1,1,4,,
33823,43,2,1000,1,1,3,,
33835,45,2,1001,1,1,6,,
33837,31,2,545,1,1,2,,
33856,90,2,191,1,1,1,,
33874,169,2,1002,1,1,6,,
33878,26,2,128,1,1,5,,
33883,49,2,38,1,1,5,,
33901,3,7,505,1,1,4,,
33962,263,2,573,1,1,3,,
33981,25,2,1003,1,1,2,,
33983,6,2,289,1,1,3,,
33991,29,2,1004,1,1,4,,
34034,7,2,27,1,1,3,,
34070,3,2,97,1,1,5,,
34143,3,2,10,1,1,5,,
34208,262,15,758,1,1,6,,
34209,9,2,97,1,1,3,,
34216,9,2,314,1,1,3,,
34218,64,2,740,1,1,4,,
34233,9,2,904,1,1,5,,
34237,223,2,601,1,1,6,,
34272,59,12,1005,1,1,7,,
34275,29,2,1006,1,1,3,,
34280,29,2,547,1,1,4,,
34305,184,2,1007,1,1,3,,
34310,70,2,183,1,1,3,,
34333,38,2,1008,1,1,2,,
34341,2,2,1009,1,1,4,,
34358,9,2,1010,1,1,5,,
34375,26,2,243,1,1,3,,
34414,45,2,49,1,1,3,,
34424,9,2,311,1,1,3,,
34484,6,2,4,1,1,5,,
34511,184,2,469,1,1,5,,
34554,2,2,15,1,1,3,,
34580,3,2,10,1,1,6,,
34583,6,2,448,1,1,6,,
34585,40,2,60,1,1,5,,
34595,156,2,211,1,1,6,,
34616,38,2,514,1,1,2,,
34623,290,2,217,1,1,7,,
34624,72,2,137,1,1,5,,
34638,52,2,84,1,1,3,,
34664,14,2,471,1,1,5,,
34672,208,2,423,1,1,6,,
34698,50,2,1011,1,1,3,,
34704,52,2,473,1,1,7,,
34731,151,2,976,1,1,3,,
34778,9,2,176,1,1,4,,
34789,52,2,84,1,1,2,,
34818,72,2,137,1,1,2,,
34821,52,2,1012,1,1,5,,
34867,125,2,1013,1,1,5,,
34942,6,2,448,1,1,3,,
34963,6,2,167,1,1,2,,
34964,42,2,68,1,1,4,,
34997,43,2,68,1,1,5,,
35048,3,14,10,1,1,3,,
35074,42,2,1014,1,1,3,,
35081,10,2,335,1,1,1,,
35088,31,2,545,1,1,4,,
35094,41,2,686,1,1,4,,
35121,56,2,1015,1,1,5,,
35123,19,2,26,1,1,5,,
35133,232,2,174,1,1,5,,
35135,42,2,68,1,1,3,,
35143,31,2,545,1,1,5,,
35208,29,2,347,1,1,5,,
35214,10,2,3,1,1,4,,
35224,38,2,1016,1,1,1,,
35232,7,2,1017,1,1,2,,
35259,39,2,429,1,1,3,,
35298,90,2,191,1,1,5,,
35342,18,2,15,1,1,4,,
35465,291,2,1018,1,1,2,,
35477,16,2,1019,1,1,6,,
35479,14,2,426,1,1,5,,
35504,9,2,97,1,1,7,,
35561,124,2,300,1,1,3,,
35589,31,2,100,1,1,2,,
35595,7,2,558,1,1,5,,
35641,4,2,4,1,1,4,,
35647,125,2,428,1,1,2,,
35659,103,2,104,1,1,3,,
35680,49,2,494,1,1,5,,
35750,3,2,10,1,1,2,,
35769,16,2,318,1,1,5,,
35830,4,2,528,1,1,3,,
35840,10,2,136,1,1,4,,
35848,17,2,639,1,1,5,,
35870,19,2,26,1,1,2,,
35904,103,2,104,1,1,2,,
35963,7,2,1020,1,1,5,,
35985,25,2,135,1,1,3,,
36001,103,2,692,1,1,5,,
36003,66,2,959,1,1,2,,
36019,9,2,97,1,1,4,,
36063,52,2,182,1,1,6,,
36079,4,2,448,1,1,5,,
36110,56,2,1021,1,1,3,,
36130,3,14,375,1,1,2,,
36226,16,2,297,1,1,2,,
36232,44,2,544,1,1,5,,
36325,99,2,26,1,1,,,
36341,56,2,1022,1,1,5,,
36344,151,2,367,1,1,1,,
36351,3,2,583,1,1,3,,
36369,26,2,1023,1,1,5,,
36384,3,33,10,1,1,5,,
36406,41,2,197,1,1,4,,
36410,45,2,1024,1,1,4,,
36411,3,5,33,1,1,4,,
36486,22,6,17,1,1,2,,
36519,23,2,473,1,1,1,,
36522,38,2,1025,1,1,5,,
36539,3,6,1026,1,1,3,,
36547,172,2,272,1,1,4,,
36585,9,2,14,1,1,6,,
36612,7,2,462,1,1,4,,
36615,9,2,14,1,1,3,,
36642,96,2,312,1,1,5,,
36649,4,2,4,1,1,5,,
36662,198,2,1027,1,1,3,,
36676,72,2,445,1,1,5,,
36749,9,2,709,1,1,6,,
36769,151,2,1028,1,1,5,,
36821,25,2,38,1,1,3,,
36872,3,2,366,1,1,6,,
36873,52,2,175,1,1,5,,
36879,4,2,4,1,1,5,,
36916,56,2,93,1,1,2,,
36918,32,2,71,1,1,3,,
36931,52,2,208,1,1,4,,
36949,31,2,1001,1,1,3,,
36994,7,2,97,1,1,4,,
37027,52,2,84,1,1,3,,
37063,3,12,878,1,1,5,,
37074,67,2,223,1,1,4,,
37124,7,2,526,1,1,4,,
37210,27,2,62,1,1,3,,
37217,4,2,11,1,1,4,,
37235,42,2,1014,1,1,5,,
37268,25,2,290,1,1,5,,
37282,3,2,10,1,1,4,,
37390,2,2,15,1,1,2,,
37437,292,15,1029,1,1,6,,
37441,4,2,4,1,1,7,,
37466,43,2,68,1,1,5,,
37486,169,2,839,1,1,7,,
37494,43,2,1030,1,1,3,,
37500,2,2,15,1,1,4,,
37512,9,2,645,1,1,4,,
37516,4,2,43,1,1,5,,
37518,73,2,1031,1,1,5,,
37519,16,2,128,1,1,3,,
37520,6,2,5,1,1,3,,
37524,7,2,639,1,1,5,,
37530,52,2,175,1,1,3,,
37534,31,2,51,1,1,5,,
37538,25,2,1032,1,1,2,,
37561,25,2,1033,1,1,5,,
37564,41,2,1034,1,1,6,,
37590,9,2,97,1,1,2,,
37639,4,2,114,1,1,2,,
37657,3,2,10,1,1,3,,
37694,184,2,469,1,1,2,,
37697,52,2,1035,1,1,3,,
37711,72,2,186,1,1,4,,
37722,90,2,154,1,1,5,,
37759,170,2,421,1,1,6,,
37761,5,2,71,1,1,5,,
37768,7,2,172,1,1,5,,
37781,16,2,1036,1,1,3,,
37798,86,2,737,1,1,2,,
37829,6,2,114,1,1,4,,
37845,232,2,1037,1,1,5,,
37857,73,2,1038,1,1,5,,
37862,23,2,84,1,1,4,,
37871,90,2,1039,1,1,5,,
37883,54,2,1040,1,1,5,,
37900,25,2,864,1,1,5,,
37914,293,37,1041,1,1,5,,
37942,2,2,15,1,1,3,,
37945,3,2,10,1,1,3,,
37985,72,2,661,1,1,5,,
38018,26,2,22,1,1,4,,
38021,294,17,801,1,1,2,,
38046,41,2,1042,1,1,7,,
38113,56,2,284,1,1,4,,
38117,2,2,15,1,1,3,,
38146,295,2,1043,1,1,4,,
38197,14,2,357,1,1,3,,
38204,4,2,289,1,1,7,,
38215,3,2,10,1,1,5,,
38251,99,2,1044,1,1,3,,
38264,120,2,1045,1,1,5,,
38272,31,2,305,1,1,3,,
38293,54,2,107,1,1,4,,
38329,5,2,723,1,1,5,,
38368,3,9,1046,1,1,5,,
38389,6,2,5,1,1,2,,
38400,42,2,1047,1,1,6,,
38405,7,2,368,1,1,4,,
38432,25,2,38,1,1,3,,
38489,17,2,112,1,1,3,,
38500,18,2,15,1,1,2,,
38521,213,2,376,1,1,6,,
38583,72,2,287,1,1,4,,
38589,73,2,364,1,1,4,,
38605,39,2,429,1,1,5,,
38616,23,2,1048,1,1,5,,
38660,18,2,15,1,1,2,,
38705,103,2,1049,1,1,5,,
38806,125,2,428,1,1,6,,
38846,208,2,281,1,1,5,,
38879,6,2,448,1,1,2,,
38885,176,2,118,1,1,5,,
38897,38,2,82,1,1,5,,
38900,115,2,272,1,1,6,,
38913,52,2,1050,1,1,4,,
38923,2,2,617,1,1,5,,
38950,50,2,1051,1,1,6,,
38951,296,9,1052,1,1,1,,
38961,272,2,940,1,1,7,,
39014,6,2,4,1,1,7,,
39065,4,2,448,1,1,5,,
39142,52,2,1053,1,1,3,,
39168,90,2,186,1,1,5,,
39189,6,2,4,1,1,5,,
39199,29,2,223,1,1,5,,
39203,45,2,348,1,1,5,,
39218,42,2,68,1,1,2,,
39231,31,2,44,1,1,2,,
39237,26,2,116,1,1,4,,
39249,10,2,634,1,1,7,,
39298,263,2,1054,1,1,1,,
39331,92,2,1055,1,1,4,,
39362,23,2,84,1,1,5,,
39412,25,2,38,1,1,3,,
39423,297,17,1056,1,1,5,,
39449,52,2,876,1,1,5,,
39468,9,2,58,1,1,3,,
39469,9,2,27,1,1,3,,
39472,14,2,1057,1,1,5,,
39501,72,2,154,1,1,2,,
39511,66,2,93,1,1,1,,
39540,26,2,119,1,1,7,,
39588,3,4,375,1,1,2,,
39600,3,2,10,1,1,5,,
39604,298,18,1058,1,1,6,,
39624,49,2,38,1,1,5,,
39664,9,2,97,1,1,1,,
39673,120,2,1051,1,1,5,,
39796,18,2,15,1,1,3,,
39838,42,2,1059,1,1,2,,
39891,3,2,10,1,1,3,,
39897,2,2,643,1,1,5,,
39952,2,2,15,1,1,2,,
39954,140,2,1060,1,1,3,,
39978,72,2,854,1,1,2,,
39999,9,2,1061,1,1,4,,
40018,32,2,987,1,1,7,,
40025,90,2,1062,1,1,5,,
40056,41,2,698,1,1,6,,
40062,23,2,182,1,1,4,,
40131,45,2,75,1,1,5,,
40170,4,2,11,1,1,1,,
40244,2,2,1063,1,1,5,,
40269,7,2,239,1,1,4,,
40326,3,9,103,1,1,5,,
40370,31,2,819,1,1,5,,
40397,9,2,993,1,1,2,,
40433,143,2,1064,1,1,5,,
40461,67,2,347,1,1,2,,
40519,26,2,22,1,1,4,,
40532,40,2,1065,1,1,3,,
40577,25,2,1066,1,1,5,,
40586,29,2,347,1,1,3,,
40598,3,3,120,1,1,1,,
40639,17,2,23,1,1,7,,
40678,26,2,1067,1,1,3,,
40757,9,2,148,1,1,2,,
40769,10,2,3,1,1,3,,
40783,170,2,612,1,1,2,,
40787,40,2,912,1,1,4,,
40805,39,2,919,1,1,2,,
40808,52,2,84,1,1,5,,
40867,299,2,1068,1,1,4,,
40894,10,2,3,1,1,4,,
40910,14,2,1069,1,1,3,,
40956,23,2,1070,1,1,2,,
41004,27,2,126,1,1,6,,
41020,7,2,1071,1,1,4,,
41046,9,2,1072,1,1,5,,
41053,31,2,49,1,1,3,,
41066,66,2,591,1,1,5,,
41073,2,2,15,1,1,2,,
41088,9,2,1073,1,1,3,,
41089,14,2,82,1,1,5,,
41102,10,2,3,1,1,5,,
41147,9,2,148,1,1,5,,
41161,5,2,71,1,1,1,,
41165,52,2,1074,1,1,7,,
41185,9,2,1075,1,1,3,,
41221,9,2,58,1,1,3,,
41222,10,2,3,1,1,2,,
41226,3,6,17,1,1,1,,
41255,125,2,164,1,1,5,,
41262,300,21,1076,1,1,6,,
41266,40,2,131,1,1,5,,
41274,130,7,1077,1,1,5,,
41294,14,2,303,1,1,1,,
41300,27,2,248,1,1,1,,
41305,26,2,1078,1,1,4,,
41306,120,2,79,1,1,3,,
41315,7,2,770,1,1,5,,
41333,26,2,22,1,1,5,,
41386,10,2,3,1,1,5,,
41397,301,12,1079,1,1,3,,
41447,17,2,23,1,1,4,,
41459,85,9,19,1,1,5,,
41470,4,2,11,1,1,5,,
41509,49,2,968,1,1,1,,
41513,9,2,1080,1,1,2,,
41549,25,2,1081,1,1,5,,
41569,25,2,38,1,1,7,,
41581,6,2,4,1,1,5,,
41630,6,2,4,1,1,5,,
41688,161,10,1082,1,1,5,,
41700,135,2,329,1,1,3,,
41715,3,2,10,1,1,2,,
41754,17,2,23,1,1,3,,
41771,7,2,27,1,1,3,,
41780,46,6,73,1,1,5,,
41812,26,2,1083,1,1,4,,
41854,9,2,1084,1,1,5,,
41882,6,2,5,1,1,,,
41887,5,2,45,1,1,7,,
41904,25,2,773,1,1,3,,
41914,56,2,1085,1,1,5,,
41938,43,2,68,1,1,1,,
41966,105,2,1086,1,1,5,,
41996,8,7,218,1,1,5,,
42007,23,2,473,1,1,3,,
42019,9,2,14,1,1,5,,
42022,3,2,10,1,1,3,,
42054,51,2,230,1,1,3,,
42069,18,2,1087,1,1,3,,
42134,6,2,1088,1,1,7,,
42179,17,2,455,1,1,6,,
42208,302,2,1089,1,1,3,,
42211,66,2,1090,1,1,5,,
42221,7,2,58,1,1,6,,
42255,3,38,1091,1,1,5,,
42281,99,2,26,1,1,1,,
42328,125,2,817,1,1,5,,
42342,40,2,144,1,1,4,,
42352,20,6,17,1,1,6,,
42368,120,2,1092,1,1,4,,
42433,17,2,23,1,1,3,,
42462,303,6,1093,1,1,2,,
42489,7,2,27,1,1,2,,
42506,304,21,266,1,1,3,,
42519,7,2,27,1,1,5,,
42532,3,10,10,1,1,5,,
42537,3,14,10,1,1,5,,
42594,38,2,1008,1,1,4,,
42595,19,2,26,1,1,2,,
42610,7,2,172,1,1,5,,
42639,54,2,88,1,1,2,,
42711,43,2,68,1,1,1,,
42737,4,2,4,1,1,2,,
42744,25,2,38,1,1,1,,
42757,305,6,1094,1,1,5,,
42764,40,2,59,1,1,2,,
42781,49,2,38,1,1,3,,
42792,54,2,1095,1,1,4,,
42875,64,2,106,1,1,4,,
42890,9,2,399,1,1,3,,
42892,9,2,1096,1,1,2,,
42906,45,2,51,1,1,4,,
42912,4,2,99,1,1,6,,
42933,7,2,58,1,1,6,,
42962,7,2,97,1,1,2,,
42970,38,2,94,1,1,3,,
43010,14,2,1097,1,1,2,,
43020,90,2,1098,1,1,5,,
43037,9,2,27,1,1,2,,
43052,3,2,10,1,1,2,,
43081,27,2,224,1,1,5,,
43093,104,6,1099,1,1,5,,
43212,9,2,157,1,1,5,,
43271,43,2,554,1,1,5,,
43278,40,2,1100,1,1,6,,
43296,31,2,838,1,1,5,,
43325,7,2,551,1,1,5,,
43364,25,2,753,1,1,4,,
43374,86,2,275,1,1,5,,
43443,132,6,1101,1,1,5,,
43458,71,12,65,1,1,3,,
43470,151,2,926,1,1,2,,
43577,41,2,365,1,1,2,,
43596,84,2,26,1,1,1,,
43651,25,2,38,1,1,5,,
43676,7,2,464,1,1,3,,
43680,45,2,1102,1,1,5,,
43707,32,2,45,1,1,5,,
43729,73,2,141,1,1,5,,
43816,66,2,301,1,1,3,,
43821,31,2,44,1,1,4,,
43844,66,2,93,1,1,5,,
43876,16,2,22,1,1,1,,
43896,120,2,598,1,1,6,,
43920,49,2,38,1,1,3,,
43926,30,2,141,1,1,5,,
43952,10,2,1103,1,1,5,,
44012,4,2,359,1,1,1,,
44039,26,2,243,1,1,4,,
44048,5,2,1104,1,1,3,,
44061,3,2,10,1,1,5,,
44064,7,2,176,1,1,5,,
44072,52,2,401,1,1,5,,
44095,14,2,115,1,1,2,,
44097,49,2,1105,1,1,5,,
44099,42,2,68,1,1,2,,
44113,90,2,1106,1,1,4,,
44150,25,2,1107,1,1,6,,
44226,29,2,132,1,1,4,,
44227,8,7,1108,1,1,6,,
44230,18,2,15,1,1,3,,
44254,17,2,112,1,1,1,,
44278,7,2,198,1,1,2,,
44295,9,2,97,1,1,2,,
44312,6,2,5,1,1,1,,
44315,41,2,3,1,1,2,,
44350,31,2,360,1,1,3,,
44379,6,2,11,1,1,4,,
44384,14,2,10,1,1,2,,
44431,2,2,617,1,1,2,,
44458,52,2,899,1,1,5,,
44486,22,6,17,1,1,6,,
44543,90,2,287,1,1,2,,
44580,64,2,1109,1,1,6,,
44621,7,2,27,1,1,2,,
44661,10,2,1110,1,1,2,,
44666,41,2,3,1,1,5,,
44730,41,2,253,1,1,4,,
44795,52,2,568,1,1,5,,
44807,40,2,429,1,1,3,,
44932,148,2,354,1,1,1,,
44942,232,2,633,1,1,5,,
44960,10,2,3,1,1,5,,
44966,63,2,105,1,1,5,,
44994,208,2,281,1,1,2,,
45028,56,2,564,1,1,4,,
45031,2,2,15,1,1,5,,
45042,86,2,737,1,1,3,,
45072,18,2,1111,1,1,5,,
45091,43,2,1112,1,1,5,,
45105,19,2,26,1,1,1,,
45127,41,2,3,1,1,4,,
45145,41,2,140,1,1,5,,
45153,32,2,71,1,1,5,,
45261,67,2,1113,1,1,3,,
45338,44,2,544,1,1,2,,
45346,43,2,68,1,1,4,,
45365,38,2,94,1,1,3,,
45510,3,2,1114,1,1,2,,
45530,72,2,154,1,1,3,,
45537,99,2,26,1,1,1,,
45593,10,2,402,1,1,4,,
45603,117,2,631,1,1,2,,
45627,5,2,71,1,1,3,,
45630,52,2,1115,1,1,4,,
45644,43,2,68,1,1,3,,
45651,90,2,137,1,1,4,,
45680,19,2,26,1,1,3,,
45708,14,2,115,1,1,7,,
45716,62,2,271,1,1,6,,
45768,50,2,1116,1,1,5,,
45796,66,2,96,1,1,3,,
45868,9,2,148,1,1,2,,
45888,4,2,11,1,1,3,,
45919,90,2,191,1,1,2,,
45975,3,2,71,1,1,1,,
45982,302,2,713,1,1,2,,
45983,3,2,10,1,1,2,,
45993,44,2,164,1,1,2,,
46000,10,2,3,1,1,6,,
46018,31,2,614,1,1,3,,
46024,38,2,357,1,1,5,,
46034,124,2,1117,1,1,3,,
46043,3,2,10,1,1,5,,
46074,90,2,1118,1,1,5,,
46076,73,2,88,1,1,5,,
46084,306,2,1119,1,1,5,,
46090,30,2,1120,1,1,5,,
46097,3,6,17,1,1,2,,
46110,31,2,305,1,1,5,,
46119,43,2,68,1,1,5,,
46122,42,2,68,1,1,6,,
46201,26,2,22,1,1,2,,
46218,2,2,15,1,1,4,,
46221,41,2,3,1,1,2,,
46305,62,2,104,1,1,2,,
46314,208,2,1072,1,1,4,,
46338,29,2,223,1,1,7,,
46384,18,2,15,1,1,1,,
46404,72,2,137,1,1,7,,
46414,25,2,1121,1,1,1,,
46521,105,2,230,1,1,6,,
46529,184,2,512,1,1,4,,
46544,43,2,554,1,1,7,,
46562,40,2,1122,1,1,3,,
46648,173,6,17,1,1,3,,
46708,4,2,11,1,1,3,,
46713,98,2,1123,1,1,2,,
46717,7,2,58,1,1,5,,
46723,14,2,514,1,1,5,,
46754,4,2,4,1,1,5,,
46763,10,2,3,1,1,6,,
46777,62,2,104,1,1,5,,
46789,29,2,347,1,1,2,,
46797,307,30,525,1,1,6,,
46805,124,2,875,1,1,5,,
46852,2,2,1124,1,1,3,,
46899,3,22,268,1,1,5,,
46926,85,9,1125,1,1,6,,
46928,90,2,1126,1,1,5,,
46954,4,2,701,1,1,4,,
46964,32,2,302,1,1,5,,
46970,14,2,292,1,1,4,,
47008,117,2,1127,1,1,5,,
47024,42,2,68,1,1,2,,
47025,10,2,1128,1,1,5,,
47027,31,2,360,1,1,3,,
47040,14,2,1129,1,1,5,,
47129,7,2,368,1,1,5,,
47153,148,2,433,1,1,4,,
47158,16,2,22,1,1,5,,
47170,72,2,1130,1,1,2,,
47212,153,2,380,1,1,5,,
47260,4,2,4,1,1,5,,
47274,73,2,88,1,1,2,,
47323,67,2,393,1,1,5,,
47348,31,2,348,1,1,4,,
47420,10,2,3,1,1,5,,
47456,4,2,5,1,1,5,,
47471,32,2,452,1,1,4,,
47475,9,2,14,1,1,4,,
47477,14,2,1131,1,1,2,,
47489,2,2,15,1,1,5,,
47580,26,2,639,1,1,2,,
47738,90,2,191,1,1,7,,
47843,208,2,546,1,1,5,,
47867,50,2,1132,1,1,4,,
47874,6,2,1133,1,1,5,,
47899,73,2,1134,1,1,2,,
47901,44,2,428,1,1,1,,
47905,4,2,4,1,1,7,,
47943,9,2,1135,1,1,2,,
47962,31,2,44,1,1,4,,
47997,62,2,104,1,1,3,,
48017,49,2,1033,1,1,3,,
48024,6,2,289,1,1,7,,
48171,49,2,73,1,1,5,,
48172,56,2,591,1,1,2,,
48179,23,2,1136,1,1,3,,
48204,73,2,1137,1,1,5,,
48211,42,2,68,1,1,1,,
48217,103,2,521,1,1,4,,
48257,66,2,591,1,1,5,,
48260,308,34,671,1,1,5,,
48289,43,2,68,1,1,3,,
48293,309,2,1138,1,1,5,,
48413,310,17,1139,1,1,5,,
48420,3,2,10,1,1,5,,
48557,42,2,1140,1,1,6,,
48573,26,2,297,1,1,2,,
48627,4,2,4,1,1,5,,
48645,32,2,71,1,1,3,,
48654,3,2,15,1,1,3,,
48667,7,2,285,1,1,4,,
48678,7,2,70,1,1,1,,
48738,3,14,10,1,1,4,,
48792,22,6,1141,1,1,6,,
48835,54,2,107,1,1,6,,
48853,26,2,1142,1,1,,,
48935,120,2,1051,1,1,5,,
48980,3,2,10,1,1,5,,
48991,66,2,301,1,1,5,,
49025,7,2,180,1,1,4,,
49028,311,2,597,1,1,4,,
49041,52,2,84,1,1,7,,
49042,49,2,173,1,1,7,,
49072,7,2,58,1,1,4,,
49105,51,2,1143,1,1,5,,
49125,54,2,432,1,1,5,,
49135,42,2,68,1,1,7,,
49161,18,2,1111,1,1,4,,
49223,86,2,183,1,1,5,,
49284,117,2,281,1,1,5,,
49330,9,2,157,1,1,2,,
49354,26,2,22,1,1,5,,
49441,55,15,17,1,1,3,,
49452,4,2,11,1,1,1,,
49455,10,2,1144,1,1,5,,
49544,148,2,354,1,1,3,,
49546,4,2,1145,1,1,5,,
49565,10,2,3,1,1,2,,
49577,143,2,806,1,1,2,,
49632,6,2,99,1,1,4,,
49649,52,2,84,1,1,5,,
49681,2,2,1146,1,1,3,,
49697,7,2,770,1,1,5,,
49761,6,2,99,1,1,1,,
49768,3,2,10,1,1,2,,
49779,39,2,1147,1,1,7,,
49826,42,2,554,1,1,4,,
49830,255,2,354,1,1,3,,
49893,90,2,422,1,1,6,,
49928,43,2,68,1,1,3,,
50019,18,2,15,1,1,3,,
50072,38,2,672,1,1,4,,
50076,7,2,14,1,1,5,,
50112,105,2,1148,1,1,3,,
50120,45,2,44,1,1,1,,
50150,52,2,84,1,1,3,,
50152,4,2,4,1,1,6,,
50170,125,2,238,1,1,5,,
50215,22,6,17,1,1,7,,
50226,312,13,1149,1,1,5,,
50227,25,2,38,1,1,5,,
50296,6,2,99,1,1,3,,
50317,40,2,807,1,1,2,,
50322,313,10,1150,1,1,5,,
50396,151,2,1151,1,1,5,,
50400,38,2,740,1,1,3,,
50432,7,2,148,1,1,5,,
50434,41,2,335,1,1,2,,
50507,160,2,612,1,1,5,,
50511,6,2,11,1,1,5,,
50609,2,2,15,1,1,2,,
50625,55,15,637,1,1,5,,
50686,105,2,373,1,1,5,,
50708,43,2,68,1,1,2,,
50711,170,2,612,1,1,6,,
50712,5,2,71,1,1,2,,
50771,49,2,1152,1,1,2,,
50801,40,2,507,1,1,3,,
50805,90,2,191,1,1,2,,
50820,9,2,314,1,1,3,,
50826,2,2,15,1,1,2,,
50833,16,2,297,1,1,2,,
50861,39,2,374,1,1,5,,
50888,2,2,15,1,1,2,,
50909,2,2,15,1,1,1,,
50913,117,2,281,1,1,3,,
50923,29,2,594,1,1,3,,
50928,27,2,23,1,1,3,,
50996,125,2,1153,1,1,5,,
51005,32,2,71,1,1,5,,
51027,9,2,27,1,1,2,,
51029,25,2,38,1,1,4,,
51036,42,2,68,1,1,2,,
51037,314,11,1154,1,1,5,,
51062,55,15,637,1,1,7,,
51063,9,2,157,1,1,5,,
51075,9,2,1155,1,1,4,,
51098,44,2,232,1,1,4,,
51100,6,2,114,1,1,4,,
51176,45,2,542,1,1,6,,
51177,40,2,459,1,1,5,,
51196,86,2,183,1,1,5,,
51230,315,2,1156,1,1,5,,
51268,176,2,1094,1,1,2,,
51279,6,2,4,1,1,6,,
51301,56,2,93,1,1,5,,
51317,72,2,1157,1,1,4,,
51322,213,2,380,1,1,2,,
51389,62,2,104,1,1,3,,
51445,99,2,350,1,1,2,,
51486,50,2,79,1,1,4,,
51490,70,2,183,1,1,3,,
51517,43,2,1158,1,1,2,,
51556,9,2,645,1,1,5,,
51648,31,2,49,1,1,5,,
51661,44,2,816,1,1,3,,
51716,43,2,550,1,1,5,,
51787,4,2,114,1,1,3,,
51848,27,2,62,1,1,1,,
51863,67,2,132,1,1,2,,
51865,40,2,807,1,1,2,,
51872,27,2,23,1,1,5,,
51967,3,2,10,1,1,1,,
51977,40,2,59,1,1,2,,
52047,98,2,64,1,1,5,,
52065,10,2,197,1,1,3,,
52097,55,15,48,1,1,6,,
52112,2,2,15,1,1,5,,
52136,208,2,423,1,1,2,,
52144,32,2,1159,1,1,3,,
52259,3,2,10,1,1,2,,
52310,109,5,1160,1,1,7,,
52324,151,2,367,1,1,5,,
52392,4,2,114,1,1,5,,
52427,26,2,255,1,1,5,,
52449,20,6,1161,1,1,4,,
52454,22,6,17,1,1,4,,
52457,44,2,69,1,1,6,,
52488,105,2,231,1,1,7,,
52493,9,2,27,1,1,2,,
52521,31,2,44,1,1,2,,
52537,96,2,981,1,1,3,,
52615,316,12,1162,1,1,6,,
52625,25,2,639,1,1,2,,
52638,9,2,239,1,1,2,,
52662,317,23,1163,1,1,7,,
52690,4,2,11,1,1,7,,
52708,9,2,910,1,1,3,,
52730,27,2,1047,1,1,7,,
52766,25,2,494,1,1,4,,
52768,25,2,38,1,1,3,,
52818,7,2,27,1,1,1,,
52831,31,2,858,1,1,2,,
52863,9,2,368,1,1,3,,
52874,14,2,991,1,1,5,,
52911,9,2,148,1,1,2,,
52945,277,2,58,1,1,5,,
53009,7,2,14,1,1,3,,
53011,9,2,500,1,1,5,,
53015,9,2,786,1,1,5,,
53019,40,2,207,1,1,2,,
53052,50,2,1164,1,1,5,,
53118,125,2,544,1,1,2,,
53124,318,2,1165,1,1,4,,
53157,7,2,1166,1,1,1,,
53163,26,2,22,1,1,5,,
53193,42,2,151,1,1,3,,
53195,54,2,88,1,1,5,,
53252,4,2,872,1,1,6,,
53255,50,2,1167,1,1,3,,
53265,3,2,10,1,1,2,,
53284,16,2,128,1,1,4,,
53334,49,2,38,1,1,3,,
53348,16,2,322,1,1,5,,
53352,72,2,422,1,1,2,,
53377,4,2,11,1,1,5,,
53452,41,2,1168,1,1,5,,
53454,6,2,5,1,1,3,,
53535,32,2,71,1,1,2,,
53596,30,2,106,1,1,5,,
53688,67,2,132,1,1,5,,
53708,213,2,380,1,1,5,,
53714,26,2,120,1,1,5,,
53735,43,2,68,1,1,1,,
53802,25,2,864,1,1,1,,
53846,90,2,287,1,1,3,,
53868,3,2,10,1,1,5,,
53913,9,2,58,1,1,5,,
53959,4,2,11,1,1,6,,
53971,73,2,1169,1,1,7,,
53976,7,2,399,1,1,4,,
54120,31,2,277,1,1,4,,
54131,9,2,70,1,1,2,,
54132,4,2,1170,1,1,5,,
54133,186,2,486,1,1,5,,
54178,9,2,55,1,1,5,,
54291,3,2,10,1,1,5,,
54325,7,2,14,1,1,5,,
54358,9,2,1171,1,1,3,,
54409,7,2,121,1,1,1,,
54430,31,2,838,1,1,4,,
54461,17,2,23,1,1,5,,
54472,52,2,1172,1,1,5,,
54513,32,2,758,1,1,6,,
54577,25,2,73,1,1,5,,
54582,72,2,1173,1,1,1,,
54650,80,2,585,1,1,4,,
54684,7,2,930,1,1,2,,
54748,23,2,267,1,1,6,,
54788,38,2,115,1,1,1,,
54799,32,2,71,1,1,1,,
54807,167,2,573,1,1,4,,
54839,7,2,1174,1,1,4,,
54844,6,2,11,1,1,1,,
54846,18,2,15,1,1,7,,
54877,6,2,11,1,1,1,,
54929,7,2,58,1,1,5,,
55015,39,2,1175,1,1,6,,
55032,4,2,99,1,1,7,,
55078,41,2,3,1,1,3,,
55146,105,2,230,1,1,4,,
55157,14,2,1176,1,1,3,,
55167,52,2,377,1,1,5,,
55170,17,2,224,1,1,2,,
55279,99,2,26,1,1,2,,
55296,3,2,10,1,1,7,,
55310,23,2,84,1,1,3,,
55362,52,2,182,1,1,4,,
55375,3,6,17,1,1,4,,
55381,43,2,68,1,1,6,,
55394,153,2,1177,1,1,5,,
55406,31,2,545,1,1,3,,
55450,319,39,1178,1,1,3,,
55563,2,2,15,1,1,3,,
55571,320,2,79,1,1,2,,
55630,3,2,10,1,1,3,,
55711,41,2,335,1,1,2,,
55712,41,2,232,1,1,4,,
55763,3,2,15,1,1,1,,
55787,29,2,223,1,1,4,,
55855,4,2,4,1,1,1,,
55895,20,6,1179,1,1,5,,
55931,44,2,164,1,1,3,,
55972,43,2,68,1,1,5,,
55980,3,8,10,1,1,5,,
56024,106,2,1180,1,1,3,,
56108,3,6,17,1,1,4,,
56120,7,2,786,1,1,2,,
56138,126,2,300,1,1,1,,
56187,99,2,26,1,1,2,,
56196,321,2,1181,1,1,5,,
56243,4,2,4,1,1,4,,
56258,9,2,97,1,1,1,,
56274,43,2,68,1,1,3,,
56305,7,2,14,1,1,4,,
56311,9,2,148,1,1,2,,
56350,63,2,354,1,1,5,,
56397,62,2,446,1,1,4,,
56432,3,6,17,1,1,2,,
56445,4,2,114,1,1,3,,
56502,56,2,301,1,1,3,,
56625,3,7,1182,1,1,4,,
56662,148,2,1183,1,1,3,,
56670,7,2,1184,1,1,7,,
56699,186,2,486,1,1,2,,
56728,41,2,1185,1,1,2,,
56737,9,2,148,1,1,5,,
56758,5,2,1186,1,1,2,,
56766,186,2,1187,1,1,4,,
56783,9,2,1188,1,1,3,,
56801,67,2,132,1,1,3,,
56824,23,2,84,1,1,5,,
56833,52,2,407,1,1,2,,
56862,7,2,148,1,1,2,,
56880,9,2,260,1,1,2,,
56915,322,13,756,1,1,5,,
56960,16,2,22,1,1,5,,
56989,6,2,4,1,1,2,,
57010,36,15,52,1,1,5,,
57106,16,2,128,1,1,5,,
57146,323,5,9,1,1,7,,
57171,2,2,15,1,1,3,,
57217,56,2,790,1,1,5,,
57268,3,2,230,1,1,5,,
57277,66,2,807,1,1,4,,
57281,10,2,3,1,1,5,,
57378,44,2,428,1,1,3,,
57384,2,2,15,1,1,4,,
57409,45,2,1189,1,1,1,,
57421,9,2,344,1,1,3,,
57432,7,2,148,1,1,5,,
57482,10,2,3,1,1,5,,
57487,148,2,354,1,1,3,,
57517,38,2,57,1,1,3,,
57568,3,2,10,1,1,4,,
57578,6,2,448,1,1,2,,
57619,25,2,38,1,1,2,,
57738,3,2,799,1,1,3,,
57749,4,2,4,1,1,2,,
57753,9,2,12,1,1,3,,
57902,4,2,289,1,1,4,,
57958,38,2,107,1,1,1,,
57978,27,2,1190,1,1,6,,
58081,206,2,469,1,1,3,,
58113,26,2,632,1,1,5,,
58195,72,2,615,1,1,2,,
58213,4,2,359,1,1,5,,
58214,151,2,367,1,1,5,,
58222,62,2,271,1,1,5,,
58243,14,2,1191,1,1,7,,
58256,86,2,183,1,1,4,,
58302,18,2,15,1,1,1,,
58357,49,2,38,1,1,1,,
58396,28,13,40,1,1,5,,
58426,52,2,182,1,1,2,,
58485,4,2,1192,1,1,5,,
58486,7,2,890,1,1,5,,
58493,4,2,727,1,1,5,,
58498,63,2,354,1,1,5,,
58537,98,2,1193,1,1,4,,
58552,90,2,615,1,1,3,,
58556,16,2,297,1,1,7,,
58626,7,2,1194,1,1,2,,
58635,62,2,104,1,1,2,,
58661,106,2,347,1,1,2,,
58696,49,2,1195,1,1,4,,
58721,153,2,376,1,1,2,,
58741,31,2,348,1,1,4,,
58756,6,2,4,1,1,5,,
58827,9,2,770,1,1,2,,
58852,42,2,1059,1,1,3,,
58888,179,15,412,1,1,5,,
58930,2,2,15,1,1,3,,
58964,9,2,1196,1,1,5,,
58971,324,15,1197,1,1,5,,
58991,3,2,607,1,1,3,,
59020,9,2,12,1,1,4,,
59034,6,2,114,1,1,1,,
59084,49,2,38,1,1,1,,
59148,3,2,10,1,1,1,,
59229,3,40,1198,1,1,7,,
59238,18,2,15,1,1,5,,
59240,40,2,1199,1,1,5,,
59268,26,2,22,1,1,2,,
59283,50,2,548,1,1,5,,
59320,325,2,450,1,1,3,,
59462,58,10,25,1,1,5,,
59557,9,2,1200,1,1,,,
59577,52,2,415,1,1,4,,
59634,326,15,1201,1,1,7,,
59659,86,2,183,1,1,3,,
59713,120,2,598,1,1,2,,
59720,29,2,594,1,1,3,,
59755,26,2,22,1,1,3,,
59770,49,2,38,1,1,3,,
59803,31,2,44,1,1,2,,
59810,26,2,288,1,1,2,,
59819,29,2,594,1,1,2,,
59928,62,2,692,1,1,3,,
59988,17,2,62,1,1,5,,
59989,56,2,1202,1,1,5,,
60014,40,2,1203,1,1,4,,
60016,38,2,672,1,1,3,,
60049,160,2,612,1,1,5,,
60054,7,2,1075,1,1,3,,
60101,29,2,1204,1,1,5,,
60120,52,2,84,1,1,1,,
60156,52,2,84,1,1,2,,
60208,26,2,297,1,1,5,,
60281,3,7,1205,1,1,5,,
60322,18,2,90,1,1,3,,
60360,3,2,653,1,1,4,,
60389,41,2,92,1,1,3,,
60393,16,2,671,1,1,5,,
60437,25,2,38,1,1,7,,
60518,140,2,346,1,1,3,,
60529,49,2,290,1,1,5,,
60540,9,2,27,1,1,4,,
60561,10,2,3,1,1,4,,
60568,103,2,271,1,1,4,,
60588,18,2,15,1,1,5,,
60605,39,2,429,1,1,5,,
60608,52,2,1206,1,1,3,,
60667,3,2,15,1,1,3,,
60749,26,2,815,1,1,4,,
60751,223,2,601,1,1,3,,
60798,32,2,45,1,1,3,,
60870,9,2,97,1,1,5,,
60947,10,2,3,1,1,1,,
60955,16,2,1207,1,1,3,,
61013,10,2,3,1,1,5,,
61074,105,2,597,1,1,5,,
61117,5,2,71,1,1,2,,
61134,43,2,1208,1,1,5,,
61136,10,2,1209,1,1,5,,
61158,6,2,114,1,1,2,,
61235,196,2,1210,1,1,3,,
61252,52,2,1035,1,1,3,,
61257,41,2,3,1,1,3,,
61324,38,2,1211,1,1,6,,
61341,9,2,904,1,1,3,,
61346,7,2,508,1,1,3,,
61400,16,2,1212,1,1,2,,
61411,40,2,459,1,1,5,,
61421,7,2,1213,1,1,5,,
61453,54,2,107,1,1,2,,
61482,50,2,1167,1,1,3,,
61519,6,2,1214,1,1,5,,
61583,125,2,428,1,1,5,,
61631,41,2,634,1,1,6,,
61675,7,2,70,1,1,2,,
61677,38,2,514,1,1,4,,
61716,4,2,1215,1,1,6,,
61841,297,17,1216,1,1,5,,
61854,25,2,181,1,1,5,,
61874,18,2,222,1,1,4,,
61886,9,2,27,1,1,2,,
61984,327,2,1217,1,1,4,,
62021,56,2,93,1,1,4,,
62101,41,2,156,1,1,5,,
62114,6,2,5,1,1,3,,
62138,39,2,429,1,1,5,,
62185,44,2,69,1,1,2,,
62197,43,2,68,1,1,3,,
62227,7,2,368,1,1,5,,
62237,9,2,27,1,1,3,,
62266,40,2,144,1,1,3,,
62359,9,2,462,1,1,2,,
62370,148,2,1218,1,1,6,,
62373,6,2,5,1,1,5,,
62444,73,2,1219,1,1,5,,
62506,56,2,308,1,1,3,,
62571,41,2,1220,1,1,5,,
62582,90,2,1126,1,1,4,,
62589,2,2,1221,1,1,5,,
62599,223,2,601,1,1,5,,
62648,103,2,1222,1,1,4,,
62669,32,2,71,1,1,5,,
62716,49,2,38,1,1,1,,
62775,82,2,174,1,1,5,,
62780,17,2,112,1,1,2,,
62901,27,2,23,1,1,4,,
62923,62,2,761,1,1,5,,
62942,125,2,69,1,1,1,,
62954,63,2,105,1,1,2,,
62975,3,6,17,1,1,2,,
63001,52,2,80,1,1,4,,
63052,41,2,1223,1,1,3,,
63053,25,2,64,1,1,5,,
63056,169,2,887,1,1,4,,
63086,27,2,224,1,1,5,,
63091,10,2,1224,1,1,3,,
63122,73,2,1038,1,1,1,,
63147,67,2,594,1,1,4,,
63155,32,2,1225,1,1,5,,
63164,117,2,1072,1,1,3,,
63165,22,6,986,1,1,5,,
63171,66,2,807,1,1,5,,
63185,123,2,1129,1,1,3,,
63199,16,2,243,1,1,5,,
63233,10,2,1226,1,1,4,,
63265,66,2,1227,1,1,3,,
63295,16,2,1228,1,1,4,,
63313,105,2,230,1,1,4,,
63330,27,2,119,1,1,1,,
63335,143,2,1094,1,1,2,,
63357,9,2,58,1,1,5,,
63439,27,2,1229,1,1,6,,
63440,126,2,1230,1,1,3,,
63492,14,2,549,1,1,1,,
63563,41,2,3,1,1,1,,
63587,90,2,799,1,1,5,,
63589,90,2,422,1,1,1,,
63613,5,2,1231,1,1,5,,
63696,156,2,981,1,1,5,,
63713,90,2,422,1,1,4,,
63730,31,2,51,1,1,5,,
63757,54,2,355,1,1,3,,
63794,208,2,423,1,1,4,,
63800,176,2,806,1,1,4,,
63806,167,2,834,1,1,5,,
63828,40,2,1232,1,1,4,,
63838,7,2,148,1,1,2,,
63855,32,2,71,1,1,4,,
63879,86,2,275,1,1,1,,
63928,31,2,614,1,1,3,,
63956,26,2,120,1,1,2,,
63964,2,2,15,1,1,2,,
64056,31,2,1233,1,1,2,,
64076,4,2,11,1,1,2,,
64081,9,2,77,1,1,5,,
64168,123,2,238,1,1,3,,
64216,56,2,301,1,1,2,,
64247,2,2,15,1,1,2,,
64250,43,2,68,1,1,5,,
64314,42,2,1234,1,1,5,,
64320,41,2,1235,1,1,7,,
64332,26,2,1236,1,1,1,,
64379,63,2,1237,1,1,2,,
64442,7,2,97,1,1,5,,
64445,17,2,455,1,1,3,,
64461,17,2,1238,1,1,2,,
64481,38,2,1016,1,1,4,,
64501,2,2,15,1,1,2,,
64524,40,2,1239,1,1,1,,
64576,25,2,221,1,1,2,,
64581,31,2,360,1,1,5,,
64592,23,2,1240,1,1,4,,
64608,70,2,183,1,1,3,,
64611,7,2,179,1,1,1,,
64638,2,2,703,1,1,3,,
64641,52,2,84,1,1,2,,
64724,70,2,183,1,1,1,,
64726,68,2,119,1,1,5,,
64746,105,2,230,1,1,4,,
64761,6,2,11,1,1,5,,
64799,125,2,69,1,1,7,,
64818,196,2,1241,1,1,4,,
64863,52,2,909,1,1,4,,
64981,22,6,1094,1,1,2,,
65015,20,6,17,1,1,2,,
65101,184,2,952,1,1,5,,
65123,4,2,1242,1,1,5,,
65137,6,2,5,1,1,5,,
65226,3,10,1243,1,1,5,,
65229,34,15,48,1,1,2,,
65264,208,2,1244,1,1,1,,
65294,52,2,948,1,1,2,,
65296,41,2,335,1,1,,,
65299,70,2,708,1,1,1,,
65375,4,2,289,1,1,4,,
65380,9,2,709,1,1,3,,
65406,328,6,1245,1,1,5,,
65587,3,2,1246,1,1,2,,
65647,3,2,186,1,1,4,,
65730,9,2,1247,1,1,5,,
65762,39,2,131,1,1,5,,
65781,51,2,230,1,1,4,,
65784,54,2,107,1,1,4,,
65805,3,12,878,1,1,4,,
65808,4,2,359,1,1,5,,
65935,66,2,93,1,1,3,,
66006,4,2,560,1,1,7,,
66022,41,2,773,1,1,5,,
66075,2,2,678,1,1,1,,
66105,3,2,1248,1,1,5,,
66126,52,2,104,1,1,5,,
66140,9,2,1249,1,1,4,,
66149,97,2,1250,1,1,3,,
66252,7,2,14,1,1,5,,
66270,66,2,1251,1,1,5,,
66347,18,2,90,1,1,4,,
66379,9,2,97,1,1,4,,
66407,3,2,348,1,1,4,,
66436,23,2,1035,1,1,1,,
66442,4,2,4,1,1,7,,
66465,18,2,15,1,1,1,,
66514,9,2,148,1,1,1,,
66525,23,2,504,1,1,5,,
66674,28,13,1252,1,1,2,,
66705,3,2,10,1,1,5,,
66812,148,2,354,1,1,1,,
66932,62,2,446,1,1,1,,
66935,23,2,584,1,1,5,,
66992,54,2,88,1,1,1,,
67021,3,2,1253,1,1,3,,
67029,31,2,1254,1,1,4,,
67138,6,2,5,1,1,2,,
67158,329,2,1255,1,1,2,,
67179,29,2,594,1,1,4,,
67273,7,2,179,1,1,2,,
67274,3,2,10,1,1,5,,
67427,124,2,1256,1,1,5,,
67483,45,2,614,1,1,3,,
67495,105,2,1257,1,1,1,,
67507,6,2,1258,1,1,5,,
67538,9,2,97,1,1,3,,
67555,172,2,1259,1,1,5,,
67601,31,2,942,1,1,3,,
67606,32,2,1260,1,1,4,,
67657,62,2,648,1,1,4,,
67658,63,2,1261,1,1,4,,
67747,25,2,38,1,1,5,,
67761,330,2,94,1,1,3,,
67782,49,2,1107,1,1,4,,
67849,2,2,627,1,1,5,,
67873,3,5,1262,1,1,7,,
67880,44,2,164,1,1,4,,
67890,41,2,3,1,1,4,,
67908,9,2,1188,1,1,4,,
67975,2,2,1111,1,1,5,,
68017,54,2,1169,1,1,5,,
68117,210,2,67,1,1,4,,
68122,73,2,1263,1,1,4,,
68155,3,2,10,1,1,7,,
68169,42,2,383,1,1,,,
68189,105,2,373,1,1,1,,
68428,9,2,97,1,1,4,,
68463,120,2,79,1,1,5,,
68485,9,2,1264,1,1,5,,
68529,49,2,73,1,1,6,,
68543,2,2,15,1,1,7,,
68566,3,2,10,1,1,4,,
68629,331,36,671,1,1,5,,
68639,332,2,514,1,1,5,,
68647,41,2,3,1,1,1,,
68658,19,2,26,1,1,5,,
68679,9,2,1080,1,1,5,,
68681,3,2,10,1,1,5,,
68688,72,2,1126,1,1,4,,
68693,73,2,1265,1,1,4,,
68747,86,2,183,1,1,6,,
68749,73,2,1266,1,1,3,,
68794,9,2,58,1,1,2,,
68875,54,2,882,1,1,2,,
68889,38,2,672,1,1,6,,
68940,4,2,946,1,1,1,,
68941,3,41,1267,1,1,7,,
69067,41,2,1223,1,1,5,,
69107,70,2,183,1,1,5,,
69154,3,2,1268,1,1,5,,
69282,40,2,1269,1,1,5,,
69291,14,2,115,1,1,2,,
69354,41,2,3,1,1,4,,
69438,262,15,758,1,1,5,,
69443,43,2,68,1,1,2,,
69480,44,2,347,1,1,3,,
69524,23,2,1270,1,1,2,,
69732,41,2,1271,1,1,1,,
69773,72,2,287,1,1,3,,
69801,10,2,1272,1,1,5,,
69856,16,2,1273,1,1,1,,
69867,106,2,1274,1,1,7,,
69909,38,2,951,1,1,3,,
69925,16,2,128,1,1,1,,
69929,20,6,17,1,1,2,,
69964,62,2,104,1,1,3,,
69989,9,2,198,1,1,6,,
70095,26,2,297,1,1,4,,
70121,262,15,1275,1,1,5,,
70205,63,2,354,1,1,5,,
70223,9,2,796,1,1,5,,
70300,41,2,686,1,1,7,,
70373,54,2,882,1,1,5,,
70399,14,2,1276,1,1,5,,
70420,143,2,1135,1,1,4,,
70507,7,2,27,1,1,6,,
70534,7,2,1277,1,1,5,,
70560,4,2,841,1,1,2,,
70603,124,2,300,1,1,1,,
70640,333,3,120,1,1,7,,
70696,9,2,822,1,1,3,,
70711,16,2,22,1,1,5,,
70717,144,2,119,1,1,1,,
70844,153,2,380,1,1,1,,
70999,334,2,1278,1,1,2,,
71025,52,2,992,1,1,5,,
71031,9,2,846,1,1,1,,
71070,62,2,104,1,1,2,,
71081,4,2,4,1,1,3,,
71099,73,2,107,1,1,3,,
71101,56,2,1279,1,1,4,,
71169,43,2,68,1,1,5,,
71224,72,2,137,1,1,5,,
71289,39,2,1280,1,1,3,,
71350,17,2,224,1,1,5,,
71374,2,2,15,1,1,2,,
71417,148,2,1281,1,1,2,,
71441,63,2,1282,1,1,4,,
71447,22,6,986,1,1,2,,
71453,73,2,1031,1,1,3,,
71470,90,2,1283,1,1,4,,
71582,170,2,612,1,1,3,,
71611,55,15,48,1,1,3,,
71697,67,2,347,1,1,1,,
71734,135,2,1284,1,1,3,,
71887,90,2,580,1,1,1,,
71890,117,2,423,1,1,4,,
71910,7,2,157,1,1,3,,
71919,51,2,81,1,1,5,,
71939,9,2,12,1,1,2,,
71954,55,15,17,1,1,2,,
71957,31,2,49,1,1,3,,
72050,82,2,174,1,1,7,,
72060,105,2,597,1,1,5,,
72201,49,2,753,1,1,3,,
72416,34,15,48,1,1,7,,
72468,7,2,58,1,1,3,,
72483,6,2,114,1,1,7,,
72593,90,2,186,1,1,3,,
72717,41,2,1285,1,1,2,,
72825,4,2,11,1,1,4,,
72944,3,12,65,1,1,5,,
72946,98,2,1274,1,1,5,,
72952,18,2,15,1,1,1,,
72976,2,2,15,1,1,2,,
73024,6,2,11,1,1,2,,
73102,3,2,10,1,1,7,,
73142,63,2,354,1,1,4,,
73212,188,2,486,1,1,6,,
73229,25,2,78,1,1,2,,
73237,2,2,433,1,1,5,,
73271,62,2,104,1,1,7,,
73282,27,2,23,1,1,3,,
73392,7,2,198,1,1,3,,
73414,4,2,5,1,1,5,,
73503,148,2,354,1,1,2,,
73600,44,2,238,1,1,5,,
73605,3,2,10,1,1,4,,
73646,6,2,11,1,1,2,,
73681,7,2,157,1,1,4,,
73687,7,2,1286,1,1,4,,
73693,7,2,1287,1,1,4,,
73708,38,2,1288,1,1,5,,
73819,42,2,1047,1,1,5,,
73935,3,12,65,1,1,5,,
73959,25,2,214,1,1,5,,
74016,7,2,849,1,1,5,,
74063,38,2,426,1,1,5,,
74097,29,2,132,1,1,2,,
74157,25,2,38,1,1,3,,
74369,143,2,1094,1,1,5,,
74411,18,2,15,1,1,2,,
74464,66,2,1289,1,1,5,,
74466,66,2,545,1,1,4,,
74477,103,2,104,1,1,2,,
74535,335,2,328,1,1,2,,
74578,105,2,1290,1,1,3,,
74580,9,2,1291,1,1,5,,
74582,9,2,58,1,1,5,,
74601,25,2,221,1,1,5,,
74603,16,2,128,1,1,2,,
74604,72,2,1157,1,1,2,,
74624,90,2,137,1,1,1,,
74635,2,2,15,1,1,2,,
74658,151,2,367,1,1,1,,
74708,336,2,1292,1,1,7,,
74790,38,2,1293,1,1,3,,
74827,54,2,88,1,1,3,,
74878,4,2,289,1,1,5,,
74930,103,2,104,1,1,3,,
74985,176,2,1064,1,1,3,,
74989,31,2,532,1,1,5,,
74993,206,2,1294,1,1,3,,
75027,41,2,416,1,1,5,,
75061,4,2,5,1,1,3,,
75070,3,2,10,1,1,5,,
75103,6,2,11,1,1,3,,
75179,99,2,26,1,1,2,,
75193,3,2,1295,1,1,5,,
75231,66,2,93,1,1,4,,
75262,52,2,504,1,1,3,,
75348,62,2,104,1,1,5,,
75353,40,2,919,1,1,2,,
75384,14,2,1211,1,1,5,,
75497,9,2,119,1,1,2,,
75641,45,2,44,1,1,3,,
75700,67,2,1296,1,1,1,,
75730,3,2,10,1,1,5,,
75739,18,2,1297,1,1,1,,
75782,176,2,1298,1,1,4,,
75809,124,2,1230,1,1,4,,
75835,32,2,71,1,1,4,,
75895,3,2,10,1,1,3,,
75969,17,2,257,1,1,5,,
76182,115,2,1299,1,1,4,,
76202,3,2,10,1,1,3,,
76261,73,2,432,1,1,5,,
76283,51,2,231,1,1,3,,
76298,6,2,4,1,1,4,,
76312,124,2,300,1,1,4,,
76367,125,2,238,1,1,3,,
76545,3,2,10,1,1,5,,
76559,3,6,257,1,1,5,,
76561,16,2,128,1,1,2,,
76662,2,2,15,1,1,1,,
76663,18,2,832,1,1,3,,
76673,153,2,380,1,1,5,,
76693,52,2,182,1,1,4,,
76788,9,2,145,1,1,4,,
76885,72,2,186,1,1,2,,
76918,9,2,1300,1,1,5,,
76953,18,2,1087,1,1,4,,
77097,56,2,93,1,1,3,,
77114,6,2,114,1,1,2,,
77117,9,2,97,1,1,2,,
77120,18,2,53,1,1,2,,
77133,5,2,766,1,1,3,,
77153,172,2,1278,1,1,3,,
77159,32,2,71,1,1,2,,
77191,135,2,1301,1,1,5,,
77195,39,2,429,1,1,2,,
77222,86,2,708,1,1,7,,
77224,22,6,1302,1,1,5,,
77301,4,2,114,1,1,7,,
77356,16,2,1303,1,1,3,,
77363,3,18,10,1,1,6,,
77396,18,2,1304,1,1,4,,
77433,6,2,4,1,1,2,,
77434,31,2,100,1,1,1,,
77497,4,2,448,1,1,3,,
77575,337,31,1305,1,1,3,,
77601,3,2,15,1,1,4,,
77610,70,2,708,1,1,1,,
77688,49,2,1003,1,1,5,,
77695,3,2,15,1,1,1,,
77710,31,2,360,1,1,1,,
77760,106,2,839,1,1,7,,
77765,41,2,686,1,1,4,,
77771,43,2,68,1,1,3,,
77815,201,2,912,1,1,4,,
77831,9,2,97,1,1,2,,
77847,266,2,376,1,1,4,,
77855,338,13,1306,1,1,3,,
77906,22,6,17,1,1,2,,
77923,120,2,1307,1,1,2,,
78148,16,2,22,1,1,3,,
78184,3,2,10,1,1,5,,
78277,6,2,99,1,1,5,,
78278,9,2,97,1,1,3,,
78323,339,6,478,1,1,2,,
78334,64,2,1308,1,1,4,,
78340,4,2,448,1,1,7,,
78412,19,2,26,1,1,1,,
78514,72,2,137,1,1,3,,
78606,31,2,928,1,1,6,,
78631,327,2,1138,1,1,5,,
78636,25,2,358,1,1,4,,
78653,3,2,15,1,1,2,,
78676,176,2,1094,1,1,1,,
78702,73,2,1309,1,1,2,,
78790,6,2,167,1,1,2,,
78885,25,2,38,1,1,5,,
78932,17,2,224,1,1,5,,
79023,41,2,3,1,1,4,,
79098,202,2,976,1,1,5,,
79100,52,2,208,1,1,2,,
79135,9,2,97,1,1,5,,
79157,49,2,221,1,1,2,,
79197,41,2,662,1,1,,,
79277,10,2,3,1,1,2,,
79312,83,2,217,1,1,3,,
79375,3,2,10,1,1,4,,
79387,6,2,114,1,1,4,,
79437,45,2,49,1,1,2,,
79560,64,2,1094,1,1,6,,
79595,172,2,272,1,1,5,,
79629,103,2,104,1,1,2,,
79634,32,2,71,1,1,3,,
79657,340,3,1310,1,1,5,,
79710,17,2,23,1,1,4,,
79769,167,2,1311,1,1,3,,
79815,7,2,1312,1,1,2,,
79823,32,2,859,1,1,1,,
79859,42,2,1313,1,1,4,,
79923,49,2,1314,1,1,4,,
79947,66,2,1315,1,1,3,,
79950,2,2,15,1,1,2,,
80069,7,2,12,1,1,5,,
80150,45,2,545,1,1,1,,
80181,341,2,10,1,1,5,,
80206,10,2,140,1,1,1,,
80223,18,2,1316,1,1,2,,
80226,90,2,186,1,1,6,,
80249,42,2,383,1,1,2,,
80301,49,2,1317,1,1,3,,
80325,2,2,15,1,1,4,,
80354,39,2,459,1,1,6,,
80359,51,2,81,1,1,3,,
80380,38,2,1318,1,1,1,,
80387,7,2,344,1,1,5,,
80492,9,2,1319,1,1,1,,
80502,27,2,23,1,1,4,,
80587,62,2,104,1,1,1,,
80607,2,2,1320,1,1,7,,
80652,126,2,875,1,1,2,,
80705,62,2,761,1,1,4,,
80740,7,2,58,1,1,3,,
80755,9,2,94,1,1,2,,
80771,7,2,109,1,1,4,,
80772,125,2,1321,1,1,3,,
80868,10,2,140,1,1,4,,
80919,2,2,15,1,1,3,,
81119,286,10,1322,1,1,2,,
81128,9,2,172,1,1,3,,
81129,106,2,347,1,1,4,,
81167,2,2,575,1,1,6,,
81168,41,2,136,1,1,4,,
81326,342,2,1323,1,1,2,,
81341,125,2,518,1,1,1,,
81600,7,2,148,1,1,5,,
81636,106,2,1274,1,1,2,,
81710,2,2,1324,1,1,5,,
81760,265,2,601,1,1,2,,
81794,67,2,594,1,1,4,,
81815,3,6,1325,1,1,2,,
81853,9,2,14,1,1,3,,
81878,14,2,600,1,1,6,,
81886,99,2,26,1,1,3,,
81958,4,2,1326,1,1,7,,
81968,67,2,223,1,1,5,,
82051,38,2,672,1,1,2,,
82070,16,2,243,1,1,3,,
82095,256,33,1327,1,1,5,,
82107,6,2,289,1,1,4,,
82112,10,2,1328,1,1,6,,
82153,263,2,573,1,1,5,,
82263,105,2,81,1,1,2,,
82304,54,2,107,1,1,3,,
82339,90,2,191,1,1,5,,
82387,7,2,58,1,1,3,,
82407,42,2,68,1,1,4,,
82471,56,2,807,1,1,2,,
82488,26,2,288,1,1,6,,
82489,51,2,586,1,1,6,,
82569,40,2,429,1,1,5,,
82666,52,2,1329,1,1,2,,
82734,143,2,1330,1,1,2,,
82750,17,2,257,1,1,3,,
82766,22,6,272,1,1,7,,
82791,31,2,75,1,1,3,,
82849,63,2,1331,1,1,2,,
83111,3,6,17,1,1,7,,
83130,7,2,399,1,1,7,,
83207,3,29,425,1,1,7,,
83229,3,6,17,1,1,4,,
83302,52,2,903,1,1,5,,
83350,3,2,71,1,1,4,,
83485,115,2,1278,1,1,2,,
83546,64,2,1332,1,1,3,,
83561,18,2,1333,1,1,3,,
83571,9,2,58,1,1,4,,
83600,6,2,11,1,1,1,,
83642,41,2,335,1,1,3,,
83643,63,2,1334,1,1,5,,
83664,117,2,1335,1,1,3,,
83695,3,2,15,1,1,3,,
83708,50,2,1336,1,1,7,,
83744,4,2,4,1,1,2,,
83745,45,2,75,1,1,3,,
83800,90,2,287,1,1,2,,
83957,138,10,219,1,1,3,,
83979,23,2,473,1,1,2,,
83990,41,2,3,1,1,2,,
84056,17,2,265,1,1,4,,
84061,9,2,464,1,1,5,,
84085,105,2,373,1,1,3,,
84180,124,2,732,1,1,5,,
84201,7,2,1075,1,1,3,,
84276,3,2,68,1,1,2,,
84369,7,2,37,1,1,2,,
84411,72,2,1337,1,1,4,,
84418,148,2,354,1,1,2,,
84421,6,2,114,1,1,3,,
84551,14,2,357,1,1,3,,
84565,18,2,15,1,1,6,,
84615,20,6,17,1,1,2,,
84619,16,2,297,1,1,5,,
84645,51,2,231,1,1,4,,
84647,9,2,27,1,1,2,,
84673,52,2,182,1,1,2,,
84679,7,2,97,1,1,2,,
84686,9,2,27,1,1,,,
84705,16,2,202,1,1,4,,
84936,70,2,708,1,1,4,,
84994,3,10,1338,1,1,5,,
85039,56,2,1339,1,1,5,,
85042,3,14,10,1,1,1,,
85123,309,2,1138,1,1,5,,
85243,4,2,11,1,1,2,,
85320,9,2,1084,1,1,5,,
85459,3,42,1340,1,1,6,,
85561,44,2,164,1,1,3,,
85570,3,6,1341,1,1,3,,
85668,103,2,104,1,1,1,,
85677,42,2,68,1,1,7,,
85691,26,2,1342,1,1,3,,
85708,40,2,733,1,1,7,,
85738,7,2,122,1,1,7,,
85787,2,2,15,1,1,4,,
85823,2,2,15,1,1,5,,
85833,49,2,173,1,1,7,,
85885,50,2,1167,1,1,2,,
85891,49,2,1343,1,1,6,,
85947,86,2,183,1,1,4,,
85952,25,2,38,1,1,2,,
85964,38,2,672,1,1,4,,
86166,14,2,760,1,1,5,,
86170,56,2,301,1,1,5,,
86231,55,15,1344,1,1,5,,
86404,73,2,432,1,1,3,,
86414,10,2,3,1,1,2,,
86475,9,2,169,1,1,3,,
86479,62,2,1345,1,1,3,,
86506,49,2,366,1,1,4,,
86525,31,2,49,1,1,1,,
86635,52,2,1270,1,1,2,,
86712,9,2,145,1,1,5,,
86722,7,2,97,1,1,2,,
86753,153,2,380,1,1,2,,
86798,2,2,67,1,1,4,,
86800,18,2,563,1,1,2,,
86854,41,2,3,1,1,2,,
86892,39,2,1147,1,1,5,,
86922,4,2,5,1,1,5,,
86937,172,2,272,1,1,2,,
87294,144,2,119,1,1,5,,
87347,3,6,17,1,1,2,,
87355,14,2,426,1,1,3,,
87444,7,2,27,1,1,2,,
87465,38,2,1346,1,1,3,,
87586,7,2,97,1,1,2,,
87599,38,2,426,1,1,3,,
87677,32,2,45,1,1,4,,
87735,39,2,582,1,1,3,,
87804,2,2,15,1,1,2,,
87839,16,2,297,1,1,2,,
87879,64,2,1347,1,1,1,,
88016,18,2,1348,1,1,5,,
88081,90,2,287,1,1,3,,
88124,4,2,4,1,1,5,,
88125,3,2,10,1,1,4,,
88129,4,2,4,1,1,5,,
88206,54,2,1349,1,1,7,,
88236,7,2,58,1,1,5,,
88253,52,2,415,1,1,5,,
88304,32,2,45,1,1,1,,
88309,9,2,1350,1,1,2,,
88387,49,2,187,1,1,1,,
88421,255,2,1351,1,1,2,,
88425,18,2,1352,1,1,4,,
88592,45,2,51,1,1,2,,
88629,115,2,272,1,1,3,,
88632,16,2,297,1,1,1,,
88691,86,2,183,1,1,4,,
88795,56,2,93,1,1,3,,
88796,151,2,543,1,1,4,,
88802,27,2,224,1,1,5,,
88812,131,6,1033,1,1,2,,
88820,343,43,1353,1,1,3,,
88873,7,2,54,1,1,5,,
88921,3,5,1354,1,1,5,,
89064,4,2,448,1,1,2,,
89097,4,2,5,1,1,3,,
89186,2,2,1316,1,1,7,,
89224,31,2,360,1,1,2,,
89234,90,2,445,1,1,4,,
89242,153,2,380,1,1,2,,
89306,73,2,1355,1,1,5,,
89459,27,2,23,1,1,5,,
89466,4,2,4,1,1,4,,
89520,4,2,841,1,1,7,,
89611,29,2,1356,1,1,3,,
89618,4,2,448,1,1,2,,
89659,7,2,822,1,1,5,,
89746,56,2,1357,1,1,5,,
89759,9,2,27,1,1,4,,
89864,9,2,58,1,1,5,,
89938,2,2,15,1,1,5,,
90052,7,2,58,1,1,1,,
90068,45,2,44,1,1,4,,
90101,4,2,114,1,1,1,,
90173,44,2,518,1,1,4,,
90376,73,2,226,1,1,2,,
90396,38,2,672,1,1,5,,
90422,3,2,10,1,1,,,
90549,62,2,692,1,1,3,,
90639,2,2,15,1,1,3,,
90663,7,2,1358,1,1,2,,
90668,41,2,3,1,1,3,,
90782,29,2,223,1,1,3,,
90823,169,2,441,1,1,7,,
90869,153,2,380,1,1,1,,
90888,17,2,257,1,1,1,,
90893,43,2,151,1,1,4,,
90948,6,2,873,1,1,4,,
90985,41,2,877,1,1,5,,
90987,41,2,1359,1,1,5,,
90994,2,2,15,1,1,3,,
91021,39,2,1360,1,1,5,,
91025,7,2,904,1,1,3,,
91071,17,2,224,1,1,4,,
91084,41,2,501,1,1,3,,
91188,67,2,594,1,1,3,,
91253,30,2,141,1,1,3,,
91255,3,2,10,1,1,2,,
91305,45,2,44,1,1,3,,
91315,344,18,1361,1,1,2,,
91452,27,2,224,1,1,1,,
91565,3,2,1362,1,1,1,,
91578,160,2,1363,1,1,3,,
91579,202,2,367,1,1,1,,
91638,3,2,10,1,1,6,,
91653,215,2,346,1,1,2,,
91754,41,2,541,1,1,2,,
91899,39,2,429,1,1,5,,
91955,45,2,360,1,1,5,,
91974,72,2,1364,1,1,1,,
92222,117,2,631,1,1,1,,
92309,14,2,115,1,1,5,,
92349,38,2,1365,1,1,4,,
92390,9,2,27,1,1,2,,
92407,64,2,42,1,1,,,
92409,14,2,292,1,1,3,,
92489,43,2,554,1,1,4,,
92604,6,2,5,1,1,5,,
92611,41,2,135,1,1,3,,
92632,3,26,856,1,1,5,,
92651,86,2,183,1,1,5,,
92734,43,2,746,1,1,2,,
92738,9,2,148,1,1,5,,
92750,38,2,291,1,1,7,,
92776,17,2,224,1,1,5,,
92950,7,2,27,1,1,5,,
92952,52,2,470,1,1,2,,
92970,38,2,1366,1,1,3,,
93020,2,2,15,1,1,1,,
93028,73,2,1367,1,1,5,,
93180,41,2,3,1,1,1,,
93254,39,2,147,1,1,6,,
93302,9,2,654,1,1,5,,
93342,9,2,506,1,1,3,,
93361,7,2,1368,1,1,1,,
93374,83,2,217,1,1,3,,
93456,44,2,164,1,1,2,,
93478,3,2,10,1,1,2,,
93493,31,2,858,1,1,4,,
93514,2,2,15,1,1,1,,
93545,3,2,10,1,1,2,,
93554,9,2,261,1,1,5,,
93643,16,2,985,1,1,4,,
93675,345,2,645,1,1,1,,
93836,272,2,552,1,1,3,,
93843,288,2,912,1,1,3,,
93942,2,2,15,1,1,2,,
94054,63,2,1281,1,1,5,,
94138,9,2,957,1,1,3,,
94355,108,5,1369,1,1,5,,
94386,3,14,10,1,1,2,,
94447,2,2,15,1,1,5,,
94453,7,2,97,1,1,,,
94474,83,2,217,1,1,6,,
94479,29,2,223,1,1,2,,
94516,346,33,734,1,1,7,,
94543,36,15,52,1,1,5,,
94868,9,2,1370,1,1,2,,
94883,184,2,512,1,1,3,,
94967,2,2,914,1,1,1,,
95036,7,2,188,1,1,5,,
95126,72,2,1371,1,1,3,,
95267,42,2,68,1,1,1,,
95278,52,2,182,1,1,2,,
95313,17,2,23,1,1,5,,
95320,38,2,173,1,1,3,,
95409,7,2,1372,1,1,2,,
95466,72,2,933,1,1,2,,
95530,42,2,823,1,1,2,,
95567,2,2,15,1,1,1,,
95664,66,2,93,1,1,4,,
95724,27,2,1373,1,1,4,,
95725,9,2,27,1,1,1,,
95757,105,2,586,1,1,4,,
95761,127,8,565,1,1,3,,
95763,143,2,1374,1,1,5,,
95849,232,2,174,1,1,2,,
95872,3,2,10,1,1,6,,
96280,90,2,1375,1,1,3,,
96305,22,6,17,1,1,3,,
96406,160,2,1376,1,1,5,,
96642,2,2,1377,1,1,2,,
96643,6,2,4,1,1,2,,
96673,3,2,10,1,1,2,,
96687,14,2,753,1,1,2,,
96691,14,2,1211,1,1,2,,
96692,83,2,217,1,1,5,,
96702,25,2,1378,1,1,5,,
96716,3,13,679,1,1,4,,
96781,41,2,3,1,1,2,,
96815,6,2,448,1,1,1,,
96831,10,2,411,1,1,3,,
96847,125,2,238,1,1,3,,
96884,3,14,10,1,1,5,,
96925,25,2,1379,1,1,1,,
97016,347,2,1380,1,1,4,,
97051,348,2,1381,1,1,4,,
97122,10,2,3,1,1,2,,
97173,6,2,1382,1,1,3,,
97185,3,6,17,1,1,3,,
97270,72,2,287,1,1,2,,
97376,27,2,23,1,1,2,,
97413,42,14,1383,1,1,5,,
97421,99,2,26,1,1,5,,
97460,183,2,1384,1,1,3,,
97464,5,2,71,1,1,2,,
97475,9,2,198,1,1,4,,
97523,41,2,3,1,1,4,,
97585,29,2,1385,1,1,3,,
97606,3,2,10,1,1,,,
97661,153,2,380,1,1,5,,
97704,14,2,243,1,1,3,,
97718,44,2,69,1,1,2,,
97900,70,2,183,1,1,,,
97956,9,2,1020,1,1,5,,
98027,9,2,58,1,1,2,,
98127,125,2,428,1,1,2,,
98162,43,2,68,1,1,5,,
98210,9,2,198,1,1,4,,
98584,10,2,3,1,1,4,,
98615,25,2,1152,1,1,1,,
98619,66,2,591,1,1,3,,
98700,9,2,12,1,1,1,,
98704,2,2,15,1,1,1,,
98780,23,2,1386,1,1,2,,
98814,56,2,1279,1,1,5,,
98853,259,2,849,1,1,3,,
99055,7,2,344,1,1,5,,
99106,25,2,1387,1,1,3,,
99183,14,2,1388,1,1,5,,
99203,6,2,1389,1,1,5,,
99215,3,2,1390,1,1,2,,
99258,90,2,1130,1,1,2,,
99326,18,2,15,1,1,3,,
99360,30,2,141,1,1,5,,
99362,4,2,289,1,1,5,,
99427,9,2,368,1,1,1,,
99524,40,2,1391,1,1,3,,
99655,10,2,140,1,1,3,,
99692,44,2,164,1,1,5,,
99832,16,2,1083,1,1,5,,
99881,153,2,380,1,1,3,,
99888,38,2,1392,1,1,4,,
99898,38,2,1393,1,1,3,,
99905,9,2,27,1,1,1,,
99959,19,2,26,1,1,4,,
99974,45,2,75,1,1,5,,
100027,2,2,15,1,1,4,,
100033,126,2,1394,1,1,3,,
100085,167,2,573,1,1,5,,
100123,9,2,620,1,1,3,,
100134,16,2,1395,1,1,5,,
100302,41,2,3,1,1,5,,
100451,124,2,732,1,1,4,,
100564,7,2,160,1,1,3,,
100783,23,2,84,1,1,1,,
100890,4,2,11,1,1,2,,
100947,45,2,75,1,1,3,,
100984,23,2,740,1,1,4,,
101069,52,2,1396,1,1,2,,
101105,2,2,15,1,1,5,,
101108,66,2,807,1,1,5,,
101298,41,2,686,1,1,3,,
101320,41,2,372,1,1,2,,
101354,6,2,5,1,1,2,,
101401,109,5,1397,1,1,4,,
101402,42,2,68,1,1,4,,
101428,10,2,3,1,1,2,,
101459,38,2,1398,1,1,2,,
101504,183,2,1399,1,1,5,,
101573,64,2,1347,1,1,2,,
101752,2,2,627,1,1,5,,
101766,7,2,1400,1,1,4,,
101796,31,2,348,1,1,4,,
101873,126,2,1401,1,1,4,,
101949,26,2,297,1,1,3,,
102046,2,2,1402,1,1,4,,
102097,72,2,1403,1,1,2,,
102123,172,2,1404,1,1,3,,
102133,51,2,230,1,1,1,,
102176,14,2,357,1,1,2,,
102179,49,2,187,1,1,5,,
102189,10,2,3,1,1,5,,
102266,18,2,1405,1,1,2,,
102296,26,2,1406,1,1,,,
102362,4,2,11,1,1,4,,
102400,3,2,10,1,1,5,,
102466,9,2,97,1,1,5,,
102603,120,2,79,1,1,1,,
102609,2,2,433,1,1,2,,
102661,34,15,1407,1,1,5,,
102695,38,2,672,1,1,2,,
102777,90,2,1364,1,1,5,,
102825,31,2,360,1,1,4,,
102847,9,2,14,1,1,5,,
102904,29,2,330,1,1,3,,
102963,64,2,141,1,1,7,,
102989,72,2,438,1,1,3,,
103023,153,2,380,1,1,2,,
103060,2,2,15,1,1,3,,
103117,29,2,1408,1,1,4,,
103197,10,2,3,1,1,2,,
103222,30,2,106,1,1,2,,
103289,49,2,221,1,1,3,,
103427,148,2,971,1,1,1,,
103486,16,2,1409,1,1,4,,
103545,25,2,1410,1,1,3,,
103649,232,2,633,1,1,4,,
103681,98,2,217,1,1,3,,
103835,26,2,1131,1,1,4,,
103841,52,2,1411,1,1,,,
103923,67,2,663,1,1,1,,
103928,49,2,747,1,1,4,,
104070,3,2,10,1,1,3,,
104205,3,2,10,1,1,1,,
104216,349,2,1412,1,1,2,,
104405,9,2,198,1,1,7,,
104413,2,2,15,1,1,5,,
104427,2,2,15,1,1,2,,
104493,18,2,1413,1,1,4,,
104499,176,2,1414,1,1,3,,
104606,41,2,1223,1,1,1,,
104640,3,2,10,1,1,3,,
104659,29,2,894,1,1,5,,
104709,9,2,770,1,1,2,,
104826,41,2,3,1,1,1,,
104869,18,2,15,1,1,1,,
104873,3,10,1415,1,1,7,,
104895,56,2,1416,1,1,5,,
104996,51,2,226,1,1,5,,
105027,3,6,1094,1,1,1,,
105063,3,2,10,1,1,5,,
105066,90,2,422,1,1,5,,
105088,78,15,1417,1,1,6,,
105096,7,2,1418,1,1,4,,
105118,44,2,164,1,1,3,,
105203,51,2,231,1,1,5,,
105309,7,2,1419,1,1,3,,
105362,7,2,58,1,1,4,,
105390,40,2,429,1,1,5,,
105497,90,2,1420,1,1,2,,
105530,29,2,547,1,1,5,,
105556,41,2,3,1,1,2,,
105558,6,2,11,1,1,2,,
105756,40,2,207,1,1,1,,
105797,3,2,10,1,1,3,,
105843,6,2,289,1,1,4,,
105936,90,2,186,1,1,4,,
105950,9,2,179,1,1,5,,
106069,52,2,1421,1,1,1,,
106071,6,2,359,1,1,5,,
106083,2,2,15,1,1,2,,
106091,41,2,501,1,1,3,,
106129,26,2,297,1,1,3,,
106178,34,15,48,1,1,2,,
106330,199,5,1422,1,1,7,,
106371,7,2,1423,1,1,5,,
106383,202,2,367,1,1,3,,
106409,7,2,462,1,1,3,,
106481,7,2,770,1,1,3,,
106551,45,2,360,1,1,5,,
106573,49,2,38,1,1,1,,
106584,3,6,17,1,1,5,,
106613,3,14,10,1,1,2,,
106707,4,2,167,1,1,2,,
106714,4,2,11,1,1,5,,
106755,42,2,68,1,1,1,,
106900,169,2,1424,1,1,5,,
107021,38,2,292,1,1,3,,
107182,40,2,1100,1,1,1,,
107191,350,6,1425,1,1,5,,
107372,86,2,183,1,1,1,,
107457,9,2,506,1,1,5,,
107622,17,2,1426,1,1,5,,
107699,64,2,1427,1,1,5,,
107722,10,2,3,1,1,2,,
107817,4,2,11,1,1,6,,
107847,120,2,79,1,1,3,,
107854,10,2,404,1,1,7,,
107903,3,29,425,1,1,3,,
107911,5,2,1159,1,1,2,,
107999,73,2,794,1,1,4,,
108163,41,2,3,1,1,1,,
108204,76,2,1428,1,1,6,,
108340,70,2,183,1,1,7,,
108354,9,2,1429,1,1,4,,
108365,3,6,17,1,1,2,,
108486,32,2,71,1,1,3,,
108488,16,2,1430,1,1,3,,
108543,5,2,444,1,1,3,,
108854,6,2,114,1,1,5,,
109004,19,2,26,1,1,1,,
109165,41,2,253,1,1,2,,
109180,39,2,272,1,1,,,
109225,32,2,71,1,1,4,,
109274,124,2,765,1,1,3,,
109285,115,2,272,1,1,5,,
109298,4,2,11,1,1,1,,
109324,184,2,469,1,1,5,,
109336,16,2,255,1,1,2,,
109524,7,2,179,1,1,3,,
109619,7,2,172,1,1,3,,
109731,3,6,17,1,1,5,,
109766,62,2,104,1,1,3,,
109785,56,2,591,1,1,3,,
109824,125,2,428,1,1,3,,
109951,90,2,933,1,1,2,,
109961,43,2,68,1,1,3,,
110021,64,2,1072,1,1,2,,
110226,40,2,1239,1,1,1,,
110240,3,30,1431,1,1,7,,
110264,3,7,1432,1,1,3,,
110287,23,2,182,1,1,2,,
110290,54,2,413,1,1,4,,
110329,7,2,97,1,1,2,,
110410,351,32,1433,1,1,7,,
110510,9,2,654,1,1,4,,
110530,310,17,1434,1,1,7,,
110566,41,2,3,1,1,2,,
110618,4,2,4,1,1,3,,
110701,42,2,383,1,1,2,,
110767,151,2,367,1,1,1,,
110790,3,6,17,1,1,4,,
110815,45,2,348,1,1,3,,
110859,6,2,949,1,1,5,,
111108,63,2,1435,1,1,5,,
111265,7,2,399,1,1,3,,
111267,25,2,38,1,1,4,,
111316,25,2,38,1,1,2,,
111324,19,2,26,1,1,2,,
111485,4,2,289,1,1,5,,
111557,3,12,1436,1,1,6,,
111719,19,2,26,1,1,1,,
111803,3,2,10,1,1,5,,
111849,90,2,1437,1,1,2,,
111960,31,2,305,1,1,3,,
112035,41,2,3,1,1,1,,
112051,41,2,416,1,1,3,,
112076,9,2,861,1,1,4,,
112136,106,2,1110,1,1,1,,
112221,4,2,1438,1,1,5,,
112249,64,2,747,1,1,2,,
112291,49,2,1439,1,1,4,,
112333,91,6,1440,1,1,3,,
112406,52,2,504,1,1,2,,
112536,54,2,1441,1,1,5,,
112582,55,15,48,1,1,5,,
112761,9,2,770,1,1,1,,
112768,9,2,83,1,1,3,,
112785,40,2,1100,1,1,2,,
112840,23,2,710,1,1,5,,
112861,126,2,300,1,1,1,,
112891,7,2,1370,1,1,5,,
112948,7,2,993,1,1,2,,
113057,151,2,527,1,1,5,,
113100,9,2,1442,1,1,,,
113178,4,2,11,1,1,3,,
113254,9,2,14,1,1,5,,
113380,90,2,1443,1,1,3,,
113383,7,2,970,1,1,2,,
113436,99,2,26,1,1,4,,
113467,9,2,1444,1,1,5,,
113861,32,2,758,1,1,4,,
113875,31,2,1445,1,1,2,,
113885,2,2,413,1,1,5,,
113960,3,21,567,1,1,2,,
114044,3,44,1446,1,1,7,,
114213,160,2,612,1,1,3,,
114256,52,2,278,1,1,5,,
114339,26,2,22,1,1,3,,
114378,6,2,4,1,1,4,,
114485,6,2,448,1,1,5,,
114566,18,2,15,1,1,1,,
114664,18,2,15,1,1,3,,
114685,4,2,1447,1,1,7,,
114747,14,2,1448,1,1,1,,
114761,3,26,856,1,1,5,,
114853,41,2,1110,1,1,5,,
114938,82,2,174,1,1,4,,
114971,73,2,88,1,1,1,,
115024,14,2,1449,1,1,2,,
115116,2,2,15,1,1,5,,
115136,352,6,1450,1,1,5,,
115444,103,2,104,1,1,5,,
115492,72,2,154,1,1,4,,
115495,103,2,104,1,1,1,,
115516,52,2,366,1,1,3,,
115590,126,2,1451,1,1,3,,
115609,41,2,92,1,1,4,,
115624,73,2,794,1,1,2,,
115641,6,2,4,1,1,1,,
115679,25,2,1452,1,1,4,,
115804,42,2,68,1,1,2,,
115812,52,2,182,1,1,1,,
115913,353,36,772,1,1,2,,
115924,41,2,567,1,1,5,,
116025,52,2,1453,1,1,2,,
116052,9,2,1368,1,1,2,,
116164,42,2,1454,1,1,2,,
116332,223,2,1455,1,1,5,,
116394,32,2,1456,1,1,5,,
116401,39,2,1100,1,1,3,,
116488,25,2,604,1,1,2,,
116552,41,2,232,1,1,4,,
116575,103,2,692,1,1,,,
116627,224,21,567,1,1,5,,
116791,39,2,207,1,1,2,,
116859,3,2,10,1,1,2,,
116872,56,2,93,1,1,3,,
116999,17,2,224,1,1,1,,
117125,39,2,1100,1,1,4,,
117197,7,2,97,1,1,2,,
117297,66,2,301,1,1,5,,
117413,3,14,10,1,1,5,,
117494,42,2,68,1,1,5,,
117611,232,2,174,1,1,3,,
117620,7,2,786,1,1,,,
117700,73,2,107,1,1,5,,
117828,6,2,883,1,1,2,,
117882,40,2,429,1,1,2,,
117893,9,2,109,1,1,4,,
117983,9,2,148,1,1,5,,
118021,41,2,3,1,1,2,,
118062,32,2,45,1,1,2,,
118127,9,2,14,1,1,3,,
118159,3,2,10,1,1,2,,
118213,29,2,320,1,1,3,,
118233,10,2,1457,1,1,5,,
118246,3,12,1458,1,1,5,,
118256,52,2,366,1,1,3,,
118355,354,5,1459,1,1,7,,
118422,44,2,238,1,1,4,,
118478,105,2,230,1,1,5,,
118486,125,2,238,1,1,2,,
118561,98,2,488,1,1,2,,
118698,27,2,23,1,1,2,,
118708,262,15,758,1,1,5,,
118727,14,2,672,1,1,2,,
118767,26,2,297,1,1,1,,
118782,41,2,1460,1,1,5,,
118971,2,2,15,1,1,3,,
119023,9,2,97,1,1,1,,
119184,125,2,428,1,1,5,,
119265,3,12,65,1,1,2,,
119272,160,2,612,1,1,5,,
119291,7,2,1461,1,1,2,,
119375,56,2,807,1,1,1,,
119422,63,2,354,1,1,3,,
119429,67,2,1462,1,1,4,,
119586,9,2,27,1,1,3,,
119594,9,2,180,1,1,2,,
119688,9,2,58,1,1,2,,
119762,70,2,1463,1,1,,,
119834,90,2,1464,1,1,,,
119876,9,2,1465,1,1,1,,
120000,43,2,955,1,1,7,,
120068,14,2,94,1,1,2,,
120078,117,2,423,1,1,3,,
120205,3,2,10,1,1,2,,
120240,72,2,722,1,1,6,,
120254,38,2,672,1,1,2,,
120332,17,2,23,1,1,1,,
120393,2,2,1131,1,1,5,,
120488,4,2,43,1,1,2,,
120639,41,2,1466,1,1,4,,
120684,42,2,68,1,1,2,,
120853,4,2,4,1,1,4,,
120859,7,2,311,1,1,6,,
121071,2,2,413,1,1,3,,
121082,55,15,1407,1,1,6,,
121091,32,2,45,1,1,,,
121107,2,2,15,1,1,2,,
121157,9,2,77,1,1,3,,
121188,120,2,79,1,1,2,,
121192,14,2,817,1,1,3,,
121248,41,2,1467,1,1,4,,
121300,4,2,4,1,1,2,,
121387,6,2,99,1,1,5,,
121408,55,15,17,1,1,,,
121491,18,2,1468,1,1,4,,
121536,9,2,36,1,1,4,,
121580,18,2,627,1,1,5,,
121626,153,2,380,1,1,4,,
121658,355,15,1469,1,1,5,,
121708,67,2,1470,1,1,5,,
121711,103,2,104,1,1,5,,
121822,42,2,1471,1,1,2,,
121875,62,2,225,1,1,3,,
121911,4,2,4,1,1,2,,
122000,70,2,183,1,1,,,
122085,2,2,15,1,1,5,,
122279,7,2,1472,1,1,4,,
122314,40,2,1473,1,1,5,,
122451,25,2,1474,1,1,5,,
122655,56,2,959,1,1,1,,
122681,18,2,1475,1,1,3,,
122686,72,2,287,1,1,2,,
122767,64,2,1476,1,1,2,,
122771,30,2,295,1,1,7,,
122881,7,2,97,1,1,3,,
122942,148,2,1477,1,1,2,,
123034,5,2,1478,1,1,5,,
123042,17,2,23,1,1,2,,
123075,7,2,27,1,1,,,
123094,3,2,10,1,1,3,,
123162,41,2,1224,1,1,5,,
123361,356,16,1479,1,1,4,,
123472,52,2,1480,1,1,2,,
123499,3,2,93,1,1,3,,
123511,73,2,107,1,1,5,,
123591,17,2,112,1,1,2,,
123696,3,2,10,1,1,3,,
123822,4,2,99,1,1,2,,
123937,42,2,68,1,1,4,,
123944,41,2,3,1,1,3,,
124104,9,2,1481,1,1,2,,
124258,3,5,1482,1,1,6,,
124307,3,9,1483,1,1,3,,
124391,18,2,15,1,1,1,,
124541,9,2,457,1,1,2,,
124560,9,2,970,1,1,3,,
124612,25,2,1484,1,1,2,,
124759,18,2,15,1,1,5,,
124802,10,2,685,1,1,7,,
124817,26,2,128,1,1,,,
124905,4,2,11,1,1,3,,
124963,23,2,84,1,1,5,,
125048,9,2,160,1,1,2,,
125241,103,2,276,1,1,4,,
125293,3,2,10,1,1,5,,
125327,3,2,15,1,1,2,,
125364,3,5,1485,1,1,3,,
125527,28,13,185,1,1,5,,
125605,126,2,1486,1,1,2,,
125641,14,2,308,1,1,3,,
125657,72,2,137,1,1,4,,
125683,3,2,10,1,1,4,,
125892,44,2,810,1,1,3,,
125906,6,2,289,1,1,2,,
125999,25,2,187,1,1,5,,
126050,171,5,427,1,1,4,,
126085,73,2,1487,1,1,3,,
126106,2,2,15,1,1,2,,
126155,18,2,15,1,1,3,,
126230,70,2,275,1,1,2,,
126243,50,2,1488,1,1,2,,
126405,14,2,357,1,1,1,,
126428,2,2,15,1,1,2,,
126432,20,6,17,1,1,4,,
126434,357,2,1489,1,1,3,,
126437,9,2,770,1,1,2,,
126591,64,2,356,1,1,3,,
126600,105,2,231,1,1,5,,
126603,7,2,58,1,1,3,,
126632,16,2,297,1,1,3,,
126749,2,2,67,1,1,3,,
126855,16,2,297,1,1,1,,
127010,3,2,10,1,1,1,,
127047,9,2,239,1,1,3,,
127119,9,2,1490,1,1,3,,
127183,38,2,1491,1,1,5,,
127228,358,15,758,1,1,5,,
127267,25,2,1492,1,1,5,,
127315,6,2,4,1,1,1,,
127588,27,2,1493,1,1,4,,
127686,90,2,445,1,1,3,,
127921,34,15,916,1,1,6,,
128026,43,2,68,1,1,2,,
128138,55,15,48,1,1,1,,
128383,73,2,882,1,1,2,,
128505,2,2,53,1,1,6,,
128519,10,2,634,1,1,5,,
128589,70,2,708,1,1,1,,
128628,18,2,15,1,1,1,,
128634,5,2,1494,1,1,3,,
128737,86,2,183,1,1,5,,
128748,76,2,329,1,1,3,,
128888,120,2,79,1,1,2,,
128955,72,2,445,1,1,3,,
128971,4,2,11,1,1,,,
129106,78,15,52,1,1,1,,
129128,29,2,1495,1,1,4,,
129329,56,2,93,1,1,2,,
129385,2,2,15,1,1,3,,
129443,9,2,1496,1,1,2,,
129544,26,2,1497,1,1,5,,
129645,169,2,1424,1,1,2,,
129665,7,2,27,1,1,3,,
129778,72,2,1498,1,1,1,,
129978,27,2,23,1,1,,,
130095,359,14,10,1,1,4,,
130097,7,2,1499,1,1,6,,
130269,16,2,297,1,1,3,,
130371,3,2,10,1,1,,,
130483,32,2,45,1,1,3,,
130927,2,2,1111,1,1,2,,
131153,52,2,84,1,1,4,,
131265,73,2,1500,1,1,3,,
131300,50,2,79,1,1,3,,
131324,10,2,338,1,1,5,,
131372,10,2,416,1,1,3,,
131621,90,2,1501,1,1,6,,
131648,103,2,1049,1,1,6,,
131756,103,2,1365,1,1,3,,
131759,38,2,426,1,1,1,,
131762,17,2,62,1,1,3,,
131801,51,2,230,1,1,3,,
131849,5,2,45,1,1,5,,
131880,52,2,1502,1,1,5,,
131923,7,2,14,1,1,3,,
132125,26,2,516,1,1,2,,
132146,7,2,1247,1,1,4,,
132173,124,2,1503,1,1,3,,
132193,99,2,26,1,1,1,,
132205,20,6,17,1,1,5,,
132241,2,2,1504,1,1,3,,
132277,56,2,564,1,1,5,,
132283,9,2,315,1,1,3,,
132305,7,2,77,1,1,1,,
132319,2,2,15,1,1,1,,
132468,9,2,285,1,1,5,,
132598,3,2,10,1,1,,,
132614,40,2,1505,1,1,3,,
132625,4,2,1382,1,1,2,,
132660,96,2,1506,1,1,3,,
132688,40,2,507,1,1,2,,
132861,27,2,257,1,1,5,,
132969,52,2,84,1,1,2,,
133074,31,2,44,1,1,3,,
133078,51,2,586,1,1,2,,
133103,86,2,964,1,1,5,,
133216,43,2,68,1,1,2,,
133367,25,2,44,1,1,3,,
133553,39,2,59,1,1,2,,
133627,73,2,1507,1,1,2,,
133659,2,2,15,1,1,1,,
133721,90,2,422,1,1,1,,
133784,9,2,55,1,1,,,
133810,202,2,976,1,1,3,,
133820,3,2,10,1,1,3,,
133825,55,15,916,1,1,5,,
133874,30,2,106,1,1,2,,
133882,18,2,863,1,1,4,,
133897,36,15,52,1,1,3,,
134014,2,2,1508,1,1,3,,
134078,42,2,1234,1,1,5,,
134081,2,2,563,1,1,7,,
134353,41,2,744,1,1,4,,
134726,7,2,58,1,1,2,,
134869,360,2,1509,1,1,4,,
134924,7,2,1510,1,1,4,,
134994,42,2,68,1,1,1,,
135161,41,2,802,1,1,1,,
135206,42,2,1511,1,1,2,,
135275,4,2,5,1,1,4,,
135357,16,2,587,1,1,2,,
135385,20,6,1512,1,1,2,,
135441,25,2,38,1,1,1,,
135522,27,2,23,1,1,5,,
135705,73,2,107,1,1,4,,
135740,56,2,93,1,1,2,,
135795,2,2,15,1,1,5,,
135815,151,2,543,1,1,3,,
136115,73,2,1513,1,1,4,,
136123,40,2,1514,1,1,2,,
136188,41,2,335,1,1,2,,
136191,31,2,75,1,1,1,,
136195,72,2,1515,1,1,5,,
136203,9,2,172,1,1,3,,
136292,7,2,97,1,1,4,,
136307,4,2,4,1,1,4,,
136509,62,2,1516,1,1,2,,
136517,103,2,1517,1,1,3,,
136573,148,2,686,1,1,4,,
136629,3,2,10,1,1,2,,
136684,66,2,691,1,1,3,,
136791,361,2,272,1,1,6,,
136816,120,2,1051,1,1,1,,
136846,2,2,1518,1,1,2,,
136952,26,2,1519,1,1,4,,
137040,82,2,174,1,1,5,,
137338,9,2,12,1,1,5,,
137349,3,2,10,1,1,1,,
137350,18,2,1520,1,1,5,,
137533,41,2,3,1,1,1,,
137572,7,2,58,1,1,3,,
137616,40,2,459,1,1,2,,
137624,262,15,1521,1,1,5,,
137699,9,2,27,1,1,1,,
137758,14,2,1522,1,1,3,,
137779,6,2,289,1,1,2,,
137825,9,2,27,1,1,3,,
137877,105,2,230,1,1,2,,
137951,73,2,1523,1,1,3,,
137969,38,2,332,1,1,6,,
137971,16,2,297,1,1,2,,
138027,23,2,470,1,1,1,,
138032,66,2,937,1,1,5,,
138076,9,2,148,1,1,3,,
138290,7,2,462,1,1,3,,
138417,4,2,167,1,1,1,,
138430,103,2,104,1,1,2,,
138567,88,2,1524,1,1,3,,
138649,105,2,373,1,1,7,,
138719,42,2,383,1,1,3,,
138828,23,2,208,1,1,2,,
139026,9,2,526,1,1,2,,
139096,29,2,347,1,1,2,,
139294,4,2,4,1,1,3,,
139348,43,2,1525,1,1,3,,
139366,9,2,148,1,1,4,,
139477,72,2,1526,1,1,3,,
139661,38,2,672,1,1,3,,
139722,6,2,289,1,1,3,,
139732,18,2,1527,1,1,2,,
139742,3,2,10,1,1,5,,
140342,26,2,1207,1,1,2,,
140452,6,2,11,1,1,3,,
140564,56,2,807,1,1,2,,
140581,25,2,221,1,1,5,,
140801,3,2,10,1,1,2,,
141118,41,2,3,1,1,1,,
141230,49,2,1152,1,1,5,,
141494,10,2,3,1,1,1,,
141626,43,2,1140,1,1,2,,
141634,52,2,84,1,1,4,,
141640,4,2,1528,1,1,5,,
141697,62,2,1365,1,1,3,,
141785,14,2,1307,1,1,1,,
141858,4,2,528,1,1,3,,
141875,29,2,1529,1,1,4,,
141934,362,2,1530,1,1,5,,
141953,40,2,1531,1,1,4,,
142026,16,2,22,1,1,5,,
142130,5,2,45,1,1,3,,
142457,14,2,20,1,1,4,,
142560,41,2,1223,1,1,,,
142569,52,2,84,1,1,5,,
142571,14,2,672,1,1,2,,
142596,56,2,621,1,1,2,,
142672,14,2,426,1,1,2,,
142933,10,2,3,1,1,2,,
143003,7,2,1532,1,1,1,,
143331,6,2,872,1,1,4,,
143367,44,2,1232,1,1,5,,
143371,14,2,514,1,1,2,,
143398,105,2,586,1,1,3,,
143442,27,2,868,1,1,4,,
143648,40,21,567,1,1,5,,
143657,27,2,224,1,1,2,,
143687,262,15,758,1,1,5,,
143706,90,2,1533,1,1,2,,
143717,41,2,404,1,1,5,,
143796,169,2,887,1,1,1,,
143812,9,2,97,1,1,3,,
143892,25,2,38,1,1,1,,
143906,38,2,292,1,1,7,,
143940,9,2,97,1,1,3,,
143988,7,2,97,1,1,2,,
143993,16,2,128,1,1,2,,
144036,6,2,4,1,1,2,,
144086,18,2,15,1,1,3,,
144105,73,2,88,1,1,4,,
144237,309,2,1534,1,1,5,,
144240,18,2,413,1,1,4,,
144376,38,2,292,1,1,1,,
144414,9,2,1535,1,1,4,,
144418,105,2,1536,1,1,4,,
144455,20,6,17,1,1,2,,
144561,363,6,1537,1,1,3,,
145016,9,2,639,1,1,2,,
145050,52,2,84,1,1,4,,
145077,54,2,226,1,1,3,,
145137,7,2,148,1,1,4,,
145218,25,2,181,1,1,1,,
145267,34,15,1538,1,1,3,,
145288,153,2,380,1,1,3,,
145467,39,2,459,1,1,2,,
145495,144,2,1539,1,1,6,,
145522,172,2,272,1,1,5,,
145554,44,2,238,1,1,3,,
145675,2,2,15,1,1,,,
145785,73,2,1349,1,1,4,,
145812,16,2,1540,1,1,2,,
145829,10,2,3,1,1,,,
145848,51,2,230,1,1,3,,
145856,26,2,762,1,1,5,,
145934,29,2,1541,1,1,3,,
145944,9,2,27,1,1,2,,
145949,90,2,287,1,1,3,,
145957,22,6,17,1,1,2,,
146019,6,2,750,1,1,5,,
146075,3,10,1542,1,1,6,,
146254,6,2,11,1,1,2,,
146266,124,2,1117,1,1,3,,
146282,39,2,1100,1,1,5,,
146426,62,2,250,1,1,1,,
146658,41,2,335,1,1,2,,
146752,364,6,17,1,1,4,,
146782,38,2,292,1,1,2,,
146857,7,2,58,1,1,2,,
147038,52,2,175,1,1,2,,
147345,52,2,377,1,1,2,,
147505,153,2,380,1,1,2,,
147666,7,2,37,1,1,4,,
147699,32,2,723,1,1,4,,
147825,98,2,1543,1,1,5,,
147847,25,2,604,1,1,3,,
147875,4,2,528,1,1,2,,
147899,41,2,416,1,1,2,,
147926,176,2,396,1,1,,,
147977,7,2,239,1,1,5,,
148023,265,2,601,1,1,2,,
148189,56,2,896,1,1,2,,
148227,72,2,1544,1,1,2,,
148327,18,2,678,1,1,3,,
148375,4,2,4,1,1,4,,
148590,19,2,26,1,1,2,,
148599,72,2,191,1,1,,,
148736,9,2,496,1,1,2,,
148738,25,2,38,1,1,2,,
148784,9,2,957,1,1,3,,
148856,72,2,1545,1,1,2,,
148877,151,2,976,1,1,3,,
149193,41,2,232,1,1,5,,
149293,4,2,99,1,1,2,,
149434,64,2,1546,1,1,1,,
149617,3,2,10,1,1,2,,
149664,9,2,1547,1,1,5,,
149772,31,2,75,1,1,5,,
149825,63,2,354,1,1,2,,
149917,4,2,399,1,1,5,,
149934,9,2,1368,1,1,3,,
150048,259,2,148,1,1,4,,
150203,49,2,1548,1,1,5,,
150419,261,2,1241,1,1,4,,
150489,29,2,223,1,1,3,,
150573,7,2,27,1,1,4,,
150607,50,2,79,1,1,4,,
150772,42,2,68,1,1,1,,
150820,119,10,1549,1,1,5,,
151007,3,2,10,1,1,2,,
151137,125,2,238,1,1,3,,
151199,72,2,1533,1,1,2,,
151257,103,2,104,1,1,,,
151258,6,2,5,1,1,2,,
151315,18,2,15,1,1,2,,
151441,6,2,99,1,1,1,,
151480,52,2,1386,1,1,5,,
151624,18,2,67,1,1,3,,
151633,4,2,294,1,1,4,,
151656,51,2,373,1,1,3,,
151755,52,2,84,1,1,1,,
151910,135,2,1428,1,1,5,,
151911,172,2,272,1,1,4,,
151983,9,2,770,1,1,2,,
152049,86,2,183,1,1,1,,
152101,6,2,4,1,1,3,,
152109,52,2,182,1,1,4,,
152111,140,2,342,1,1,3,,
152134,45,2,396,1,1,5,,
152237,30,2,1033,1,1,2,,
152243,3,2,10,1,1,3,,
152308,14,2,1550,1,1,2,,
152528,42,2,497,1,1,1,,
152531,3,2,10,1,1,2,,
152765,169,2,936,1,1,2,,
152928,4,2,4,1,1,5,,
152962,86,2,183,1,1,2,,
153026,172,2,272,1,1,2,,
153070,67,2,347,1,1,4,,
153083,263,2,1551,1,1,3,,
153225,167,2,417,1,1,3,,
153258,64,2,106,1,1,5,,
153262,73,2,1552,1,1,2,,
153293,50,2,79,1,1,5,,
153343,106,2,1553,1,1,4,,
153364,72,2,736,1,1,3,,
153456,52,2,1554,1,1,3,,
153531,3,2,15,1,1,2,,
153617,4,2,99,1,1,3,,
154101,360,2,238,1,1,6,,
154217,40,2,1555,1,1,1,,
154245,4,2,114,1,1,3,,
154270,2,2,15,1,1,3,,
154310,4,2,4,1,1,2,,
154417,26,2,604,1,1,3,,
154620,17,2,1556,1,1,2,,
154700,2,2,1557,1,1,4,,
155154,41,2,1558,1,1,2,,
155277,42,2,383,1,1,2,,
155498,43,2,746,1,1,1,,
155511,26,2,297,1,1,2,,
155525,27,2,112,1,1,2,,
155644,23,2,182,1,1,2,,
155764,143,2,806,1,1,1,,
155824,41,2,362,1,1,4,,
155902,120,2,79,1,1,1,,
155925,3,6,1094,1,1,6,,
156059,72,2,1443,1,1,4,,
156075,90,2,287,1,1,4,,
156228,52,2,118,1,1,5,,
156335,365,2,1559,1,1,2,,
156391,40,2,1560,1,1,3,,
156440,4,2,167,1,1,3,,
156470,45,2,944,1,1,4,,
156476,16,2,120,1,1,3,,
156559,366,21,1561,1,1,4,,
156656,4,2,289,1,1,3,,
156806,6,2,4,1,1,2,,
157235,6,2,1562,1,1,7,,
157237,42,2,68,1,1,7,,
157239,19,2,26,1,1,7,,
157240,47,12,65,1,1,7,,
157241,3,5,1563,1,1,7,,
157252,7,2,27,1,1,3,,
157261,99,2,26,1,1,7,,
157262,105,2,81,1,1,6,,
157303,6,2,11,1,1,6,,
157306,4,2,11,1,1,5,,
157312,4,2,11,1,1,7,,
157313,14,2,672,1,1,6,,
157324,42,2,68,1,1,7,,
157327,29,2,547,1,1,7,,
157329,67,2,223,1,1,6,,
157330,26,2,297,1,1,6,,
157336,42,2,68,1,1,7,,
157337,2,2,15,1,1,7,,
157338,31,2,44,1,1,6,,
157340,198,2,722,1,1,6,,
157342,6,2,4,1,1,6,,
157343,156,2,211,1,1,5,,
157345,68,2,94,1,1,5,,
157346,5,2,71,1,1,6,,
157348,2,2,15,1,1,5,,
157353,3,2,1564,1,1,7,,
157355,71,12,65,1,1,6,,
157357,9,2,791,1,1,7,,
157359,202,2,367,1,1,7,,
162205,38,2,471,1,1,3,,
162206,42,2,68,1,1,3,,
162213,106,2,911,1,1,5,,
162214,28,13,1252,1,1,6,,
162224,40,2,59,1,1,7,,
162230,19,2,26,1,1,5,,
162234,55,15,48,1,1,7,,
162238,3,2,15,1,1,7,,
162241,67,2,594,1,1,6,,
162243,7,2,58,1,1,4,,
162244,145,6,17,1,1,5,,
162255,126,2,1565,1,1,7,,
162258,10,2,685,1,1,6,,
162293,90,2,191,1,1,7,,
162301,10,2,1272,1,1,5,,
162315,3,11,29,1,1,7,,
162322,45,2,44,1,1,5,,
162348,73,2,1038,1,1,5,,
162359,5,2,71,1,1,7,,
162361,17,2,23,1,1,6,,
162371,2,2,15,1,1,3,,
162380,54,2,107,1,1,5,,
162383,120,2,79,1,1,5,,
162395,39,2,1566,1,1,7,,
162399,2,2,15,1,1,6,,
162418,31,2,44,1,1,3,,
162419,26,2,128,1,1,7,,
162422,26,2,297,1,1,7,,
162427,2,2,15,1,1,5,,
162436,25,2,1567,1,1,5,,
162443,190,2,15,1,1,5,,
162444,30,2,1568,1,1,7,,
162448,99,2,26,1,1,7,,
162468,66,2,1227,1,1,2,,
162482,367,2,1569,1,1,5,,
162486,50,2,79,1,1,6,,
162510,41,2,1570,1,1,5,,
162519,19,2,26,1,1,5,,
162528,14,2,63,1,1,6,,
162531,41,2,3,1,1,1,,
162533,7,2,14,1,1,6,,
162536,3,14,10,1,1,6,,
162547,73,2,1571,1,1,7,,
162552,368,9,1572,1,1,5,,
162556,3,7,218,1,1,7,,
162563,51,2,230,1,1,7,,
162564,369,26,1573,1,1,7,,
162570,19,2,26,1,1,6,,
162616,3,34,1574,1,1,6,,
162640,5,2,1575,1,1,5,,
162644,115,2,272,1,1,5,,
162650,16,2,128,1,1,7,,
162655,4,2,4,1,1,6,,
162656,7,2,122,1,1,2,,
162663,17,2,257,1,1,6,,
162675,43,2,68,1,1,5,,
162677,7,2,551,1,1,7,,
162683,9,2,198,1,1,5,,
162714,370,18,1576,1,1,4,,
162715,111,12,1577,1,1,7,,
162723,4,2,114,1,1,5,,
162725,3,2,1578,1,1,5,,
162738,105,2,586,1,1,6,,
162749,4,2,448,1,1,7,,
162750,2,2,15,1,1,7,,
162752,327,2,1579,1,1,5,,
162755,82,2,174,1,1,6,,
162772,56,2,93,1,1,3,,
162787,51,2,230,1,1,7,,
162801,25,2,1580,1,1,5,,
162807,3,9,19,1,1,7,,
162813,3,6,17,1,1,5,,
162828,125,2,69,1,1,7,,
162834,371,12,65,1,1,7,,
162835,72,2,287,1,1,7,,
162852,2,2,15,1,1,5,,
162866,18,2,15,1,1,7,,
162875,67,2,223,1,1,2,,
162881,55,15,682,1,1,7,,
162889,18,2,15,1,1,7,,
162901,45,2,360,1,1,7,,
162912,14,2,514,1,1,7,,
162914,62,2,276,1,1,7,,
162929,10,2,3,1,1,5,,
162930,42,2,68,1,1,3,,
162940,25,2,38,1,1,6,,
162947,4,2,99,1,1,6,,
162953,17,2,1581,1,1,3,,
162954,25,2,1119,1,1,6,,
162961,4,2,4,1,1,6,,
162964,41,2,1582,1,1,6,,
162965,9,2,179,1,1,6,,
162985,139,12,1583,1,1,5,,
162986,2,2,15,1,1,6,,
162987,66,2,591,1,1,7,,
162993,22,6,17,1,1,7,,
162999,2,2,15,1,1,5,,
163011,45,2,1584,1,1,6,,
163019,72,2,799,1,1,7,,
163020,32,2,71,1,1,7,,
163025,7,2,462,1,1,7,,
163042,255,2,1399,1,1,4,,
163049,3,2,10,1,1,7,,
163054,10,2,3,1,1,5,,
163062,156,2,211,1,1,7,,
163068,90,2,1420,1,1,5,,
163069,9,2,97,1,1,5,,
163071,62,2,686,1,1,5,,
163072,4,2,5,1,1,7,,
163075,25,2,38,1,1,7,,
163077,3,2,10,1,1,7,,
163079,9,2,1585,1,1,7,,
163082,9,2,54,1,1,4,,
163085,32,2,71,1,1,7,,
163094,172,2,1586,1,1,7,,
163100,372,10,1587,1,1,7,,
163115,3,12,65,1,1,7,,
163138,373,12,1588,1,1,5,,
163139,19,2,26,1,1,5,,
163149,275,2,446,1,1,6,,
163151,115,2,1278,1,1,5,,
163152,116,16,730,1,1,5,,
163161,4,2,99,1,1,7,,
163163,27,2,1373,1,1,7,,
163170,3,2,375,1,1,5,,
163188,2,2,15,1,1,7,,
163224,7,2,464,1,1,5,,
163225,32,2,71,1,1,7,,
163228,9,2,453,1,1,7,,
163248,43,2,554,1,1,7,,
163250,115,2,272,1,1,5,,
163252,9,2,97,1,1,5,,
163253,9,2,97,1,1,3,,
163255,40,2,507,1,1,5,,
163259,69,3,120,1,1,7,,
163261,28,13,40,1,1,5,,
163263,179,15,412,1,1,5,,
163302,20,6,17,1,1,5,,
163328,29,2,132,1,1,6,,
163348,143,2,118,1,1,6,,
163359,38,2,292,1,1,7,,
163387,31,2,545,1,1,5,,
163390,52,2,1589,1,1,5,,
163394,374,9,18,1,1,6,,
163414,31,2,348,1,1,5,,
163416,27,2,23,1,1,7,,
163438,3,30,525,1,1,6,,
163440,6,2,5,1,1,3,,
163444,80,2,1590,1,1,4,,
163452,375,21,1591,1,1,5,,
163453,6,2,11,1,1,2,,
163490,169,2,233,1,1,6,,
163494,376,38,1091,1,1,7,,
163499,377,2,281,1,1,4,,
163500,25,2,73,1,1,5,,
163513,39,2,59,1,1,7,,
163535,126,2,300,1,1,5,,
163547,51,2,1592,1,1,7,,
163551,25,2,221,1,1,4,,
163578,9,2,148,1,1,7,,
163617,42,2,68,1,1,5,,
163632,52,2,366,1,1,6,,
163640,167,2,417,1,1,7,,
163641,7,2,457,1,1,3,,
163643,4,2,4,1,1,6,,
163644,9,2,37,1,1,5,,
163658,73,2,1593,1,1,7,,
163662,9,2,77,1,1,5,,
163664,18,2,15,1,1,7,,
163667,10,2,3,1,1,5,,
163672,56,2,691,1,1,5,,
163690,3,12,1594,1,1,7,,
163705,14,2,672,1,1,5,,
163719,151,2,926,1,1,6,,
163741,2,2,1595,1,1,1,,
163743,2,2,15,1,1,7,,
163746,160,2,421,1,1,7,,
163753,30,2,225,1,1,5,,
163755,30,2,42,1,1,7,,
163761,45,2,1596,1,1,7,,
163763,17,2,257,1,1,5,,
163773,30,2,607,1,1,6,,
163787,45,2,819,1,1,7,,
163789,3,10,1597,1,1,6,,
163824,41,2,1224,1,1,4,,
163828,27,2,224,1,1,7,,
163839,42,2,68,1,1,4,,
163846,202,2,1028,1,1,5,,
163849,198,2,615,1,1,6,,
163852,378,16,644,1,1,7,,
163863,10,2,365,1,1,6,,
163864,18,2,90,1,1,7,,
163878,50,2,1508,1,1,3,,
163880,4,2,43,1,1,6,,
163881,7,2,1598,1,1,7,,
163883,55,15,48,1,1,7,,
163884,3,2,1599,1,1,5,,
163885,9,2,97,1,1,7,,
163901,2,2,15,1,1,4,,
163905,59,12,1600,1,1,7,,
163906,4,2,11,1,1,7,,
163907,26,2,22,1,1,5,,
163920,22,6,17,1,1,5,,
163929,2,2,15,1,1,6,,
163982,7,2,121,1,1,2,,
163983,2,2,15,1,1,5,,
163991,379,2,112,1,1,5,,
163993,9,2,121,1,1,7,,
164006,43,2,68,1,1,7,,
164008,9,2,12,1,1,7,,
164009,2,2,15,1,1,2,,
164024,41,2,3,1,1,5,,
164026,25,2,1601,1,1,3,,
164041,125,2,164,1,1,6,,
164044,26,2,22,1,1,6,,
164075,3,2,10,1,1,6,,
164085,2,2,1599,1,1,6,,
164086,9,2,97,1,1,7,,
164098,42,2,1602,1,1,7,,
164113,4,2,5,1,1,6,,
164123,73,2,88,1,1,6,,
164124,18,2,15,1,1,5,,
164126,10,2,3,1,1,6,,
164131,3,6,17,1,1,6,,
164133,2,2,15,1,1,6,,
164136,380,2,1603,1,1,6,,
164150,43,2,68,1,1,7,,
164152,213,2,380,1,1,7,,
164153,90,2,1604,1,1,6,,
164156,66,2,136,1,1,7,,
164158,10,2,3,1,1,5,,
164159,6,2,289,1,1,7,,
164171,3,6,17,1,1,5,,
164172,52,2,34,1,1,6,,
164175,2,2,123,1,1,7,,
164178,40,2,774,1,1,6,,
164182,28,13,1252,1,1,7,,
164195,6,2,4,1,1,5,,
164197,41,2,3,1,1,7,,
164200,160,2,421,1,1,7,,
164207,29,2,298,1,1,5,,
164223,9,2,97,1,1,5,,
164228,25,2,1379,1,1,5,,
164234,72,2,269,1,1,5,,
164244,14,2,1605,1,1,3,,
164245,16,2,128,1,1,7,,
164249,208,2,631,1,1,7,,
164266,358,15,1521,1,1,5,,
164331,9,2,389,1,1,5,,
164336,52,2,84,1,1,6,,
164346,7,2,14,1,1,5,,
164356,3,6,17,1,1,7,,
164361,381,13,679,1,1,7,,
164372,2,2,15,1,1,6,,
164376,43,2,284,1,1,7,,
164401,19,2,26,1,1,5,,
164414,124,2,1606,1,1,7,,
164420,19,2,26,1,1,5,,
164423,9,2,198,1,1,6,,
164451,208,2,631,1,1,7,,
164452,117,2,1607,1,1,6,,
164516,7,2,58,1,1,7,,
164517,49,2,38,1,1,4,,
164518,40,2,1100,1,1,5,,
164525,3,3,120,1,1,5,,
164527,135,2,1608,1,1,7,,
164535,18,2,832,1,1,7,,
164543,26,2,983,1,1,7,,
164549,14,2,304,1,1,6,,
164552,9,2,27,1,1,7,,
164569,23,2,182,1,1,5,,
164571,105,2,597,1,1,5,,
164585,9,2,261,1,1,4,,
164590,23,2,182,1,1,7,,
164603,7,2,315,1,1,5,,
164606,103,2,104,1,1,7,,
164608,3,2,10,1,1,4,,
164621,151,2,1028,1,1,7,,
164639,2,2,15,1,1,6,,
164664,27,2,221,1,1,7,,
164666,139,12,65,1,1,6,,
164682,3,5,1609,1,1,7,,
164692,41,2,3,1,1,5,,
164705,9,2,260,1,1,4,,
164711,72,2,287,1,1,6,,
164713,155,16,730,1,1,5,,
164728,99,2,26,1,1,5,,
164731,10,2,634,1,1,5,,
164754,31,2,1102,1,1,5,,
164756,55,15,1344,1,1,7,,
164766,20,6,1610,1,1,3,,
164767,3,2,10,1,1,4,,
164774,9,2,97,1,1,7,,
164775,80,2,97,1,1,5,,
164798,18,2,617,1,1,7,,
164808,2,2,15,1,1,6,,
164820,3,5,1354,1,1,7,,
164821,2,2,627,1,1,6,,
164825,3,6,366,1,1,6,,
164826,18,2,15,1,1,5,,
164827,3,2,90,1,1,3,,
164834,253,33,1611,1,1,7,,
164848,86,2,183,1,1,7,,
164860,17,2,224,1,1,6,,
164876,4,2,4,1,1,6,,
164880,67,2,347,1,1,7,,
164881,45,2,49,1,1,7,,
164885,25,2,38,1,1,6,,
164888,67,2,1529,1,1,7,,
164889,382,2,1612,1,1,5,,
164891,3,2,10,1,1,5,,
164894,17,2,257,1,1,3,,
164906,17,2,23,1,1,6,,
164920,3,2,15,1,1,5,,
164921,383,2,839,1,1,7,,
164923,49,2,604,1,1,5,,
164924,42,2,383,1,1,5,,
164926,29,2,347,1,1,7,,
164934,42,2,68,1,1,5,,
164936,63,2,354,1,1,5,,
164940,86,2,708,1,1,5,,
164941,2,2,15,1,1,2,,
164945,41,2,3,1,1,4,,
164956,105,2,230,1,1,6,,
164957,26,2,297,1,1,6,,
164959,3,2,10,1,1,5,,
164971,23,2,182,1,1,5,,
164972,73,2,88,1,1,4,,
164987,2,2,15,1,1,6,,
164988,25,2,221,1,1,7,,
164989,73,2,882,1,1,6,,
164992,7,2,160,1,1,3,,
165006,9,2,58,1,1,5,,
165022,43,2,1613,1,1,7,,
165024,41,2,326,1,1,7,,
165025,3,7,111,1,1,6,,
165029,2,2,703,1,1,7,,
165033,18,2,15,1,1,7,,
165034,2,2,1614,1,1,7,,
165053,169,2,1615,1,1,5,,
165062,39,2,59,1,1,6,,
165069,1,2,1616,1,1,3,,
165078,153,2,380,1,1,5,,
165085,16,2,938,1,1,6,,
165087,44,2,238,1,1,4,,
165109,4,2,4,1,1,7,,
165110,84,2,26,1,1,7,,
165112,19,2,26,1,1,2,,
165123,25,2,1617,1,1,5,,
165137,213,2,376,1,1,6,,
165145,3,10,101,1,1,6,,
165158,9,2,389,1,1,7,,
165160,26,2,128,1,1,6,,
165170,2,2,15,1,1,5,,
165197,49,2,38,1,1,5,,
165207,31,2,75,1,1,5,,
165218,70,2,1618,1,1,5,,
165221,41,2,3,1,1,6,,
165222,72,2,287,1,1,7,,
165229,2,2,15,1,1,3,,
165246,40,2,144,1,1,7,,
165251,9,2,526,1,1,4,,
165257,27,2,23,1,1,7,,
165276,104,6,228,1,1,7,,
165279,9,2,97,1,1,3,,
165286,385,10,1549,1,1,7,,
165290,169,2,887,1,1,5,,
165292,63,2,10,1,1,7,,
165294,120,2,598,1,1,5,,
165295,9,2,27,1,1,7,,
165299,23,2,1619,1,1,6,,
165302,6,2,11,1,1,7,,
165303,4,2,448,1,1,5,,
165308,70,2,708,1,1,7,,
165330,160,2,612,1,1,4,,
165337,252,2,971,1,1,5,,
165340,49,2,604,1,1,4,,
165349,72,2,422,1,1,3,,
165353,54,2,1266,1,1,7,,
165359,16,2,297,1,1,3,,
165370,6,2,4,1,1,7,,
165374,32,2,45,1,1,7,,
165380,9,2,462,1,1,5,,
165381,148,2,354,1,1,6,,
165401,161,10,1082,1,1,5,,
165404,80,2,1620,1,1,5,,
165416,10,2,253,1,1,7,,
165422,5,2,758,1,1,7,,
165423,52,2,182,1,1,4,,
165426,25,2,73,1,1,6,,
165430,3,6,17,1,1,7,,
165441,29,2,651,1,1,7,,
165443,386,9,1621,1,1,7,,
165444,44,2,1622,1,1,6,,
165447,3,3,120,1,1,7,,
165461,70,2,183,1,1,5,,
165464,3,6,17,1,1,6,,
165472,51,2,373,1,1,7,,
165506,32,2,71,1,1,4,,
165536,17,2,1238,1,1,5,,
165557,19,2,26,1,1,4,,
165568,32,2,1456,1,1,7,,
165582,23,2,1623,1,1,5,,
165586,38,2,94,1,1,7,,
165594,7,2,70,1,1,4,,
165602,43,2,383,1,1,6,,
165607,191,17,170,1,1,7,,
165621,151,2,367,1,1,5,,
165629,10,2,877,1,1,4,,
165636,7,2,1499,1,1,5,,
165647,9,2,822,1,1,7,,
165648,9,2,14,1,1,4,,
165649,211,16,644,1,1,7,,
165654,9,2,180,1,1,5,,
165661,56,2,136,1,1,5,,
165667,38,2,549,1,1,5,,
165686,3,32,1624,1,1,7,,
165697,3,2,71,1,1,7,,
165707,247,33,734,1,1,7,,
165722,3,6,17,1,1,5,,
165725,9,2,1625,1,1,6,,
165726,72,2,154,1,1,7,,
165730,2,2,15,1,1,5,,
165735,62,2,104,1,1,5,,
165747,202,2,367,1,1,2,,
165749,3,2,10,1,1,5,,
165755,40,2,919,1,1,7,,
165757,173,6,17,1,1,5,,
165775,40,2,374,1,1,5,,
165782,9,2,180,1,1,4,,
165784,90,2,137,1,1,5,,
165806,3,25,1626,1,1,7,,
165833,245,18,1627,1,1,5,,
165845,32,2,867,1,1,5,,
165847,80,2,12,1,1,5,,
165862,357,2,506,1,1,5,,
165873,73,2,502,1,1,7,,
165876,6,2,4,1,1,7,,
165908,3,2,10,1,1,7,,
165914,66,2,93,1,1,6,,
165920,7,2,70,1,1,5,,
165923,285,5,206,1,1,4,,
165924,43,2,68,1,1,4,,
165926,3,12,1600,1,1,7,,
165938,9,2,58,1,1,7,,
165942,105,2,81,1,1,7,,
165944,26,2,297,1,1,7,,
165949,9,2,14,1,1,7,,
165957,10,2,3,1,1,5,,
165964,23,2,1554,1,1,5,,
165970,161,10,1082,1,1,7,,
165971,6,2,5,1,1,5,,
165978,120,2,79,1,1,6,,
165998,7,2,148,1,1,6,,
166000,32,2,71,1,1,7,,
166014,7,2,157,1,1,5,,
166030,55,15,48,1,1,5,,
166039,4,2,5,1,1,5,,
166057,14,2,107,1,1,7,,
166065,42,2,497,1,1,5,,
166068,143,2,1094,1,1,7,,
166075,32,2,1628,1,1,5,,
166076,66,2,136,1,1,5,,
166079,40,2,429,1,1,7,,
166083,3,2,10,1,1,5,,
166100,156,2,211,1,1,2,,
166124,42,2,383,1,1,3,,
166127,41,2,3,1,1,7,,
166130,56,2,93,1,1,4,,
166147,206,2,469,1,1,7,,
166153,39,2,429,1,1,7,,
166161,3,2,1629,1,1,4,,
166186,49,2,38,1,1,5,,
166189,3,10,1630,1,1,7,,
166197,387,17,801,1,1,7,,
166204,43,2,68,1,1,5,,
166209,7,2,157,1,1,7,,
166212,32,2,71,1,1,7,,
166224,25,2,1121,1,1,6,,
166228,18,2,1316,1,1,5,,
166241,388,10,1631,1,1,5,,
166264,42,2,68,1,1,4,,
166277,9,2,97,1,1,3,,
166299,25,2,1548,1,1,3,,
166328,389,19,1632,1,1,7,,
166331,39,2,582,1,1,7,,
166338,92,2,448,1,1,5,,
166352,4,2,11,1,1,4,,
166358,52,2,84,1,1,7,,
166360,9,2,70,1,1,6,,
166361,2,2,15,1,1,5,,
166364,90,2,137,1,1,2,,
166372,52,2,84,1,1,2,,
166373,84,2,26,1,1,5,,
166376,39,2,1633,1,1,4,,
166377,52,2,237,1,1,7,,
166386,32,2,1456,1,1,2,,
166388,213,2,380,1,1,6,,
166391,42,2,68,1,1,5,,
166400,7,2,180,1,1,2,,
166422,49,2,1634,1,1,2,,
166423,19,2,26,1,1,5,,
166426,19,2,26,1,1,7,,
166430,42,2,1635,1,1,2,,
166436,44,2,544,1,1,4,,
166439,10,2,3,1,1,5,,
166442,3,5,1636,1,1,7,,
166448,18,2,15,1,1,7,,
166470,6,2,5,1,1,7,,
166471,52,2,1035,1,1,6,,
166486,67,2,223,1,1,6,,
166491,4,2,4,1,1,5,,
166512,29,2,1408,1,1,5,,
166530,55,15,48,1,1,5,,
166531,86,2,737,1,1,5,,
166541,70,2,737,1,1,6,,
166551,135,2,1637,1,1,7,,
166572,41,2,698,1,1,7,,
166575,9,2,1350,1,1,6,,
166576,22,6,17,1,1,6,,
166586,17,2,23,1,1,5,,
166587,27,2,248,1,1,7,,
166607,19,2,26,1,1,3,,
166608,3,14,10,1,1,7,,
166612,90,2,422,1,1,7,,
166632,72,2,422,1,1,7,,
166643,202,2,1638,1,1,7,,
166657,184,2,952,1,1,5,,
166658,214,2,1639,1,1,6,,
166659,170,2,1640,1,1,5,,
166671,90,2,186,1,1,7,,
166674,66,2,301,1,1,5,,
166680,6,2,44,1,1,5,,
166707,105,2,586,1,1,7,,
166714,41,2,634,1,1,7,,
166716,6,2,359,1,1,7,,
166720,19,2,26,1,1,5,,
166732,2,2,386,1,1,7,,
166739,4,2,757,1,1,7,,
166751,32,2,1456,1,1,5,,
166753,213,2,380,1,1,7,,
166766,390,9,1641,1,1,6,,
166767,7,2,145,1,1,7,,
166772,45,2,360,1,1,7,,
166774,31,2,360,1,1,6,,
166786,10,2,1642,1,1,7,,
166796,4,2,99,1,1,5,,
166821,72,2,287,1,1,7,,
166839,9,2,285,1,1,5,,
166840,117,2,1043,1,1,5,,
166860,5,2,45,1,1,5,,
166875,5,2,1643,1,1,6,,
166877,7,2,97,1,1,5,,
166880,25,2,747,1,1,6,,
166897,3,3,120,1,1,7,,
166905,2,2,67,1,1,7,,
166912,16,2,120,1,1,7,,
166918,7,2,399,1,1,4,,
166921,52,2,407,1,1,6,,
166939,41,2,3,1,1,5,,
166943,68,2,119,1,1,5,,
166944,9,2,77,1,1,5,,
166958,19,2,26,1,1,7,,
166967,26,2,243,1,1,5,,
166977,4,2,11,1,1,5,,
166979,67,2,347,1,1,5,,
166985,9,2,27,1,1,5,,
166996,9,2,36,1,1,6,,
167013,126,2,1486,1,1,5,,
167024,41,2,877,1,1,7,,
167027,20,6,17,1,1,6,,
167212,9,2,31,1,1,5,,
167251,7,2,27,1,1,5,,
167254,26,2,22,1,1,6,,
167379,7,2,180,1,1,4,,
167624,9,2,55,1,1,4,,
167700,32,2,45,1,1,5,,
167757,2,2,15,1,1,2,,
167798,49,2,181,1,1,3,,
167902,2,2,15,1,1,4,,
167907,7,2,27,1,1,5,,
200030,93,9,19,1,1,5,,
200365,44,2,428,1,1,4,,
200465,26,2,128,1,1,7,,
200589,54,2,88,1,1,5,,
200685,52,2,175,1,1,2,,
200715,51,2,230,1,1,7,,
200972,16,2,1644,1,1,2,,
201227,7,2,849,1,1,4,,
201257,9,2,58,1,1,5,,
201258,124,2,1645,1,1,5,,
201287,5,2,71,1,1,4,,
201351,39,2,131,1,1,7,,
201524,126,2,1646,1,1,3,,
201662,52,2,175,1,1,4,,
201664,40,2,733,1,1,2,,
201778,56,2,696,1,1,4,,
202081,40,2,459,1,1,4,,
202287,208,2,1647,1,1,4,,
202294,9,2,849,1,1,2,,
202484,391,2,1648,1,1,5,,
202528,309,2,1579,1,1,2,,
202529,90,2,154,1,1,3,,
202625,143,2,286,1,1,1,,
202694,83,2,1649,1,1,1,,
202782,22,6,1650,1,1,5,,
202846,18,2,617,1,1,3,,
202944,143,2,286,1,1,2,,
202963,41,2,335,1,1,4,,
203053,70,2,130,1,1,5,,
203075,43,2,383,1,1,4,,
203204,144,2,94,1,1,1,,
203227,52,2,267,1,1,1,,
203274,4,2,4,1,1,2,,
203391,10,2,3,1,1,4,,
203479,14,2,514,1,1,,,
203731,9,2,172,1,1,2,,
203942,52,2,1411,1,1,5,,
204219,73,2,413,1,1,5,,
204243,38,2,1651,1,1,2,,
204367,105,2,230,1,1,5,,
204445,22,6,17,1,1,6,,
204455,206,2,1294,1,1,4,,
204715,4,2,289,1,1,1,,
204766,7,2,55,1,1,3,,
204770,4,2,4,1,1,7,,
204802,18,2,627,1,1,2,,
205018,9,2,1652,1,1,2,,
205110,72,2,137,1,1,3,,
205278,63,2,354,1,1,1,,
205289,143,2,806,1,1,2,,
205431,67,2,132,1,1,2,,
205619,9,2,27,1,1,1,,
205651,38,2,1293,1,1,5,,
205918,392,6,1653,1,1,5,,
206006,5,2,71,1,1,5,,
206040,143,9,1654,1,1,5,,
206121,6,2,5,1,1,3,,
206226,7,2,198,1,1,5,,
206250,52,2,267,1,1,1,,
206498,83,2,64,1,1,2,,
206637,5,2,71,1,1,4,,
206706,56,2,691,1,1,5,,
206799,42,2,68,1,1,,,
206800,42,2,68,1,1,1,,
206944,23,2,400,1,1,1,,
207350,41,2,569,1,1,6,,
207539,2,2,15,1,1,5,,
207570,56,2,1655,1,1,2,,
207590,31,2,51,1,1,3,,
207595,40,2,374,1,1,3,,
207927,40,2,207,1,1,5,,
207939,42,2,68,1,1,3,,
208137,9,2,36,1,1,5,,
208224,89,6,366,1,1,2,,
208401,3,45,1656,1,1,7,,
208544,42,2,68,1,1,3,,
209004,72,2,422,1,1,2,,
209086,10,2,3,1,1,3,,
209147,7,2,14,1,1,2,,
209180,2,2,15,1,1,3,,
209424,18,2,863,1,1,4,,
209468,6,2,11,1,1,1,,
209610,90,2,186,1,1,7,,
210064,2,2,15,1,1,7,,
210177,3,2,15,1,1,1,,
210372,63,2,354,1,1,4,,
210662,208,2,423,1,1,3,,
210965,7,2,58,1,1,5,,
211129,42,2,68,1,1,2,,
211152,202,2,238,1,1,7,,
211153,2,2,433,1,1,7,,
211166,2,2,863,1,1,4,,
211251,62,2,104,1,1,7,,
211281,14,2,1657,1,1,2,,
211315,148,2,354,1,1,2,,
211380,9,2,58,1,1,4,,
211857,20,6,1658,1,1,5,,
211981,393,2,1659,1,1,5,,
212201,3,6,1094,1,1,4,,
212259,23,2,1660,1,1,1,,
212405,52,2,1661,1,1,3,,
212478,26,2,22,1,1,4,,
212571,16,2,255,1,1,3,,
213096,38,2,1662,1,1,4,,
213427,56,2,93,1,1,2,,
213536,19,2,26,1,1,1,,
213550,44,2,164,1,1,2,,
213642,5,2,45,1,1,5,,
213743,72,2,186,1,1,5,,
213746,88,2,422,1,1,,,
213873,90,2,1533,1,1,1,,
213890,49,2,358,1,1,4,,
214089,43,2,746,1,1,1,,
214121,16,2,95,1,1,3,,
214189,67,2,381,1,1,2,,
214212,32,2,1663,1,1,4,,
214286,25,2,38,1,1,2,,
214560,56,2,591,1,1,5,,
214756,199,5,1636,1,1,7,,
214795,7,2,55,1,1,3,,
214960,105,2,231,1,1,6,,
215004,42,2,604,1,1,3,,
215243,39,2,59,1,1,5,,
215423,169,2,887,1,1,5,,
215561,30,2,42,1,1,2,,
215645,6,2,4,1,1,2,,
215656,39,2,1467,1,1,4,,
215891,183,2,1664,1,1,2,,
215929,82,2,1665,1,1,3,,
215953,4,2,4,1,1,5,,
216581,117,2,281,1,1,5,,
216594,56,2,1666,1,1,1,,
216716,3,6,17,1,1,2,,
216780,45,2,773,1,1,3,,
216789,56,2,93,1,1,5,,
216922,55,15,1407,1,1,2,,
216929,42,2,151,1,1,2,,
217032,7,2,58,1,1,3,,
217145,103,2,1365,1,1,6,,
217273,31,2,310,1,1,5,,
217338,72,2,1667,1,1,5,,
217372,52,2,1593,1,1,3,,
217526,196,2,1668,1,1,2,,
217947,27,2,23,1,1,3,,
217994,202,2,527,1,1,5,,
218019,86,2,183,1,1,5,,
218097,10,2,335,1,1,4,,
218101,41,2,92,1,1,3,,
218367,394,2,232,1,1,4,,
218487,3,2,10,1,1,1,,
219120,9,2,239,1,1,2,,
219477,4,2,4,1,1,2,,
219642,9,2,399,1,1,3,,
219963,56,2,881,1,1,5,,
220139,6,2,5,1,1,5,,
220336,41,2,3,1,1,7,,
221027,134,11,1669,1,1,7,,
221050,27,2,224,1,1,1,,
221162,2,2,15,1,1,2,,
221360,49,2,38,1,1,3,,
221390,41,2,3,1,1,5,,
221519,4,2,872,1,1,5,,
221810,51,2,230,1,1,5,,
221815,41,2,335,1,1,2,,
221915,90,2,722,1,1,6,,
221940,7,2,1670,1,1,4,,
222111,3,29,425,1,1,7,,
222322,54,2,1263,1,1,7,,
222423,6,2,1528,1,1,5,,
222474,32,2,623,1,1,3,,
222632,264,2,45,1,1,2,,
222708,66,2,93,1,1,1,,
222879,62,2,104,1,1,2,,
222975,9,2,145,1,1,2,,
223003,40,2,733,1,1,1,,
223399,98,2,1671,1,1,,,
223479,50,2,1336,1,1,3,,
223659,7,2,770,1,1,5,,
223873,25,2,78,1,1,3,,
223957,25,2,38,1,1,1,,
223964,3,2,10,1,1,5,,
224006,58,10,25,1,1,7,,
224075,2,2,15,1,1,1,,
224130,72,2,1283,1,1,2,,
224173,7,2,453,1,1,2,,
224457,40,2,374,1,1,5,,
224500,67,2,298,1,1,2,,
224782,9,2,500,1,1,1,,
224935,6,2,99,1,1,3,,
225056,3,6,17,1,1,3,,
225063,16,2,516,1,1,2,,
225069,72,2,1672,1,1,4,,
225343,84,2,26,1,1,6,,
225521,10,2,3,1,1,2,,
225538,2,2,627,1,1,5,,
225796,14,2,1673,1,1,3,,
225833,26,2,1395,1,1,2,,
225920,18,2,67,1,1,3,,
225930,10,2,140,1,1,1,,
225942,31,2,1469,1,1,5,,
225982,4,2,4,1,1,4,,
226362,7,2,70,1,1,2,,
226418,4,2,114,1,1,2,,
226511,9,2,70,1,1,2,,
226898,4,2,11,1,1,3,,
226965,38,2,514,1,1,5,,
227013,213,2,380,1,1,3,,
227268,22,6,17,1,1,2,,
227611,395,6,1674,1,1,3,,
227878,98,2,217,1,1,6,,
227940,125,2,958,1,1,2,,
227942,7,2,58,1,1,1,,
228011,14,2,1605,1,1,5,,
228052,170,2,612,1,1,4,,
228068,17,2,23,1,1,2,,
228071,70,2,708,1,1,2,,
228144,160,2,421,1,1,4,,
228641,2,2,15,1,1,3,,
228650,20,6,982,1,1,2,,
228790,90,2,287,1,1,2,,
228791,26,2,1675,1,1,2,,
229396,183,2,354,1,1,2,,
229432,52,2,1676,1,1,3,,
229433,7,2,12,1,1,5,,
229538,40,2,272,1,1,4,,
229786,17,2,371,1,1,5,,
229790,45,2,44,1,1,2,,
229869,3,2,10,1,1,7,,
229978,7,2,55,1,1,5,,
229991,73,2,1677,1,1,4,,
230014,26,2,924,1,1,6,,
230220,7,2,172,1,1,3,,
230282,39,2,459,1,1,7,,
230641,17,2,62,1,1,2,,
230813,55,15,48,1,1,1,,
230920,3,9,1678,1,1,5,,
231085,72,2,799,1,1,,,
231127,67,2,1679,1,1,1,,
231383,66,2,93,1,1,4,,
231681,6,2,4,1,1,3,,
231715,19,2,26,1,1,2,,
231758,62,2,104,1,1,2,,
231810,70,2,183,1,1,6,,
232381,3,16,644,1,1,7,,
232394,22,6,17,1,1,2,,
232520,3,2,10,1,1,1,,
232557,45,2,545,1,1,5,,
232646,80,2,1680,1,1,2,,
232793,3,2,583,1,1,5,,
232915,7,2,172,1,1,2,,
233024,4,2,4,1,1,5,,
233054,39,2,59,1,1,5,,
233259,67,2,1679,1,1,2,,
233894,22,6,17,1,1,5,,
233922,2,2,15,1,1,1,,
233954,26,2,340,1,1,2,,
233972,26,2,297,1,1,4,,
234269,396,6,1094,1,1,2,,
234280,22,6,17,1,1,4,,
234625,7,2,14,1,1,6,,
234658,26,2,1681,1,1,2,,
234683,66,2,564,1,1,2,,
234717,63,2,1331,1,1,2,,
234772,9,2,1682,1,1,1,,
234790,73,2,107,1,1,4,,
235154,45,2,545,1,1,4,,
235327,143,2,343,1,1,4,,
235348,6,2,167,1,1,5,,
235456,272,2,940,1,1,1,,
235938,9,2,853,1,1,5,,
235945,208,2,1043,1,1,2,,
235984,6,2,114,1,1,3,,
236048,73,2,514,1,1,4,,
236155,9,2,36,1,1,1,,
236259,44,2,347,1,1,5,,
236413,32,2,71,1,1,6,,
236502,99,2,26,1,1,1,,
236516,103,2,1683,1,1,2,,
236535,2,2,15,1,1,2,,
236658,25,2,38,1,1,3,,
236688,67,2,347,1,1,3,,
236801,39,2,1684,1,1,4,,
237482,90,2,186,1,1,3,,
237658,14,2,292,1,1,5,,
237791,45,2,614,1,1,6,,
237925,9,2,1247,1,1,5,,
237939,43,2,550,1,1,2,,
237948,18,2,1685,1,1,3,,
237961,7,2,58,1,1,,,
237976,2,2,15,1,1,3,,
238664,397,21,1686,1,1,7,,
238862,18,2,627,1,1,,,
239024,56,2,93,1,1,1,,
239222,45,2,51,1,1,2,,
239252,45,2,44,1,1,3,,
239533,3,6,17,1,1,2,,
239674,362,2,366,1,1,5,,
239755,39,2,59,1,1,1,,
239879,90,2,137,1,1,6,,
239891,3,18,1687,1,1,4,,
239993,86,2,1618,1,1,3,,
240158,90,2,186,1,1,5,,
240179,186,2,486,1,1,5,,
240411,17,2,868,1,1,1,,
240486,52,2,237,1,1,1,,
240588,49,2,221,1,1,4,,
240880,103,2,104,1,1,3,,
240963,358,15,1521,1,1,3,,
241214,398,6,1688,1,1,2,,
241280,45,2,348,1,1,5,,
241309,2,2,1689,1,1,7,,
241408,208,2,1607,1,1,1,,
241762,62,2,250,1,1,3,,
241994,45,2,532,1,1,2,,
242157,41,2,744,1,1,2,,
242227,29,2,1690,1,1,4,,
242230,41,2,335,1,1,4,,
242349,183,2,1691,1,1,1,,
242538,10,2,335,1,1,2,,
243103,3,6,17,1,1,4,,
243288,106,2,1692,1,1,5,,
243302,26,2,815,1,1,1,,
243711,22,6,17,1,1,2,,
243764,72,2,186,1,1,6,,
243858,124,2,300,1,1,4,,
244455,17,2,1693,1,1,1,,
245148,52,2,473,1,1,6,,
245219,25,2,214,1,1,2,,
245238,41,2,686,1,1,3,,
245310,224,21,266,1,1,4,,
245312,9,2,97,1,1,7,,
245360,159,2,144,1,1,6,,
245393,25,2,38,1,1,2,,
246085,3,6,1694,1,1,2,,
246210,9,2,1194,1,1,2,,
246435,213,2,380,1,1,4,,
246750,41,2,1695,1,1,4,,
246768,151,2,1696,1,1,4,,
246904,40,2,429,1,1,2,,
247413,72,2,422,1,1,5,,
247447,98,2,217,1,1,7,,
247790,52,2,710,1,1,2,,
248184,49,2,38,1,1,5,,
248354,22,6,17,1,1,6,,
248371,2,2,1697,1,1,2,,
248494,18,2,15,1,1,2,,
248599,125,2,69,1,1,5,,
248754,38,2,426,1,1,2,,
249012,7,2,368,1,1,2,,
249216,5,2,1456,1,1,2,,
249309,6,2,11,1,1,3,,
249657,7,2,58,1,1,2,,
249673,17,2,257,1,1,4,,
249830,49,2,286,1,1,4,,
249869,83,2,217,1,1,2,,
250099,120,2,317,1,1,2,,
250138,18,2,15,1,1,3,,
250164,7,2,260,1,1,5,,
250200,17,2,126,1,1,5,,
250278,4,2,114,1,1,4,,
250592,43,2,1525,1,1,2,,
250671,38,2,540,1,1,5,,
250774,7,2,122,1,1,5,,
250820,52,2,961,1,1,3,,
250834,6,2,1698,1,1,3,,
251028,399,19,1699,1,1,7,,
251336,27,2,224,1,1,5,,
251337,3,2,607,1,1,1,,
251539,400,13,1700,1,1,6,,
251970,4,2,4,1,1,2,,
252398,42,2,68,1,1,7,,
252526,36,15,52,1,1,6,,
252536,6,2,289,1,1,7,,
252938,360,2,1701,1,1,5,,
253213,401,2,1543,1,1,6,,
253661,16,2,128,1,1,3,,
253815,402,2,1138,1,1,4,,
253818,3,2,704,1,1,5,,
253964,3,13,35,1,1,1,,
254060,54,2,432,1,1,6,,
254088,7,2,1702,1,1,2,,
254618,4,2,4,1,1,3,,
254644,22,6,17,1,1,2,,
254923,172,2,1404,1,1,2,,
254995,90,2,615,1,1,7,,
255252,7,2,58,1,1,2,,
255522,334,2,1404,1,1,3,,
255739,96,2,1703,1,1,5,,
256109,16,2,1704,1,1,1,,
256227,10,2,338,1,1,4,,
256744,2,2,15,1,1,5,,
256819,6,2,560,1,1,5,,
257261,172,2,825,1,1,5,,
258149,4,2,43,1,1,3,,
258644,57,5,1705,1,1,7,,
259108,3,2,1706,1,1,1,,
259411,9,2,14,1,1,3,,
259492,45,2,1102,1,1,3,,
259589,43,2,383,1,1,4,,
259745,90,2,137,1,1,2,,
259864,32,2,7,1,1,2,,
259898,3,5,1707,1,1,7,,
260295,43,2,383,1,1,3,,
260303,29,2,594,1,1,3,,
260348,90,2,1062,1,1,1,,
260387,16,2,22,1,1,6,,
260514,67,2,538,1,1,2,,
260601,41,2,326,1,1,4,,
260775,124,2,1645,1,1,4,,
260781,42,2,1602,1,1,,,
260986,40,2,507,1,1,3,,
261023,23,2,740,1,1,2,,
261456,22,6,1708,1,1,7,,
261562,86,2,130,1,1,5,,
261749,124,2,300,1,1,2,,
261933,6,2,528,1,1,5,,
262098,70,2,708,1,1,2,,
262254,44,2,1709,1,1,4,,
262750,41,2,812,1,1,4,,
262802,72,2,154,1,1,5,,
263278,167,2,1710,1,1,3,,
263549,44,2,238,1,1,5,,
263824,72,2,186,1,1,2,,
263996,160,2,612,1,1,2,,
264125,9,2,97,1,1,2,,
264216,9,2,260,1,1,5,,
264317,2,2,15,1,1,4,,
264774,43,2,497,1,1,3,,
264799,5,2,859,1,1,1,,
265111,18,2,15,1,1,3,,
265120,67,2,1559,1,1,2,,
265146,73,2,1711,1,1,4,,
265272,27,2,23,1,1,3,,
265294,31,2,100,1,1,5,,
265310,10,2,140,1,1,3,,
265314,2,2,15,1,1,5,,
265611,9,2,957,1,1,5,,
265869,40,2,374,1,1,7,,
266094,41,2,3,1,1,,,
266132,66,2,1712,1,1,3,,
266267,86,2,260,1,1,3,,
266375,105,2,81,1,1,,,
266393,9,2,97,1,1,2,,
266421,73,2,502,1,1,5,,
266461,72,2,1106,1,1,1,,
266465,3,2,614,1,1,2,,
266626,50,2,128,1,1,5,,
266635,3,2,10,1,1,2,,
266710,26,2,243,1,1,5,,
267137,2,2,15,1,1,4,,
267217,72,2,1713,1,1,1,,
267294,72,2,287,1,1,2,,
267379,349,2,377,1,1,1,,
267430,43,2,1471,1,1,3,,
267528,18,2,15,1,1,2,,
268072,44,2,544,1,1,7,,
268271,73,2,1714,1,1,1,,
268278,45,2,75,1,1,2,,
268355,16,2,1715,1,1,3,,
268974,67,2,1716,1,1,3,,
269397,72,2,1672,1,1,7,,
269420,29,2,1717,1,1,3,,
269609,120,2,930,1,1,3,,
269613,39,2,1100,1,1,5,,
269675,7,2,58,1,1,5,,
269702,120,2,79,1,1,2,,
270020,42,2,68,1,1,2,,
270028,120,2,79,1,1,2,,
270126,3,36,772,1,1,5,,
270216,4,2,43,1,1,2,,
270401,9,2,796,1,1,4,,
271038,50,2,1167,1,1,1,,
271171,9,2,97,1,1,5,,
271541,14,2,1718,1,1,5,,
271552,4,2,1719,1,1,4,,
271750,10,2,3,1,1,3,,
272414,16,2,683,1,1,3,,
272484,3,2,10,1,1,2,,
272517,54,2,1040,1,1,5,,
272529,10,2,1720,1,1,1,,
272972,3,29,425,1,1,4,,
273698,5,2,1721,1,1,5,,
273755,3,2,10,1,1,3,,
273852,105,2,230,1,1,3,,
273882,52,2,267,1,1,1,,
274539,90,2,1722,1,1,2,,
274603,158,6,17,1,1,1,,
274847,9,2,12,1,1,3,,
275237,49,2,187,1,1,3,,
276308,2,2,15,1,1,1,,
276385,18,2,433,1,1,6,,
276497,105,2,597,1,1,1,,
276872,7,2,314,1,1,3,,
276920,27,2,224,1,1,1,,
276981,52,2,568,1,1,5,,
277338,3,12,65,1,1,3,,
277459,3,6,1723,1,1,7,,
277579,218,10,25,1,1,7,,
277905,170,2,612,1,1,5,,
277922,72,2,287,1,1,4,,
277986,50,2,79,1,1,3,,
277990,9,2,1291,1,1,1,,
278057,2,2,836,1,1,2,,
278203,31,2,1724,1,1,4,,
278243,16,2,22,1,1,2,,
278332,66,2,67,1,1,5,,
278713,16,2,128,1,1,7,,
278848,3,6,1725,1,1,7,,
278965,39,2,1726,1,1,4,,
279205,2,2,15,1,1,4,,
279407,18,2,15,1,1,2,,
279535,9,2,145,1,1,2,,
279556,52,2,473,1,1,5,,
279565,85,9,19,1,1,5,,
279570,7,2,27,1,1,3,,
279728,43,2,68,1,1,2,,
279753,56,2,959,1,1,2,,
279924,27,2,224,1,1,4,,
280603,20,6,1727,1,1,3,,
280666,56,2,93,1,1,5,,
280699,18,2,537,1,1,4,,
280961,22,6,272,1,1,2,,
281315,39,2,429,1,1,5,,
281351,50,2,1051,1,1,1,,
281580,52,2,1728,1,1,5,,
281590,4,2,787,1,1,7,,
281622,5,2,71,1,1,3,,
281662,151,2,173,1,1,2,,
281666,42,2,746,1,1,1,,
281801,54,2,1441,1,1,1,,
281848,32,2,71,1,1,5,,
282139,64,2,740,1,1,1,,
282692,6,2,43,1,1,5,,
283209,14,2,1729,1,1,,,
283252,42,2,1730,1,1,3,,
283314,23,2,118,1,1,4,,
283515,25,2,38,1,1,3,,
283560,52,2,182,1,1,5,,
283714,66,2,93,1,1,4,,
283807,72,2,661,1,1,7,,
284053,3,6,17,1,1,6,,
284165,3,2,10,1,1,3,,
284483,172,2,825,1,1,1,,
284509,29,2,298,1,1,2,,
284608,54,2,355,1,1,5,,
284713,26,2,340,1,1,5,,
285201,4,2,528,1,1,4,,
285628,38,2,291,1,1,4,,
285650,6,2,4,1,1,1,,
285718,52,2,1731,1,1,,,
285904,17,2,1732,1,1,3,,
285983,7,2,1080,1,1,4,,
286115,9,2,54,1,1,3,,
286306,39,2,1232,1,1,4,,
286379,3,20,994,1,1,6,,
286607,62,2,104,1,1,2,,
286730,9,2,148,1,1,3,,
286953,7,2,1702,1,1,3,,
287061,32,2,71,1,1,1,,
287076,10,2,3,1,1,4,,
287132,7,2,14,1,1,2,,
287570,27,2,112,1,1,1,,
287711,4,2,4,1,1,7,,
287724,41,2,877,1,1,5,,
287777,51,2,230,1,1,2,,
287821,45,2,232,1,1,4,,
287824,31,2,539,1,1,1,,
287899,126,2,921,1,1,2,,
288047,7,2,14,1,1,4,,
288365,18,2,15,1,1,5,,
288385,52,2,1733,1,1,3,,
288566,16,2,985,1,1,3,,
288851,403,10,1734,1,1,6,,
289513,27,2,112,1,1,,,
289726,3,2,285,1,1,3,,
289869,124,2,1230,1,1,3,,
290010,18,2,15,1,1,2,,
290493,41,2,1735,1,1,3,,
290512,44,2,69,1,1,6,,
290678,202,2,976,1,1,4,,
291014,9,2,58,1,1,2,,
291044,86,2,183,1,1,7,,
291168,70,2,1736,1,1,1,,
291182,117,2,1043,1,1,1,,
291263,41,2,210,1,1,3,,
291954,144,2,119,1,1,5,,
292040,49,2,181,1,1,4,,
292107,41,2,3,1,1,1,,
292283,3,2,221,1,1,3,,
292287,72,2,191,1,1,3,,
292978,45,2,44,1,1,2,,
293088,327,2,1138,1,1,4,,
293541,9,2,148,1,1,7,,
293659,399,19,1737,1,1,5,,
293905,52,2,377,1,1,2,,
294095,9,2,172,1,1,4,,
294101,52,2,584,1,1,2,,
294125,39,2,131,1,1,4,,
294396,43,2,1059,1,1,5,,
294483,140,2,1738,1,1,3,,
294502,38,2,115,1,1,2,,
294810,50,2,1132,1,1,4,,
295538,54,2,88,1,1,4,,
295604,4,2,4,1,1,5,,
295644,17,2,112,1,1,5,,
296008,52,2,1012,1,1,3,,
296073,41,2,3,1,1,5,,
296125,26,2,1395,1,1,2,,
296148,9,2,1739,1,1,4,,
296193,44,2,238,1,1,3,,
296229,14,2,672,1,1,5,,
296407,7,2,239,1,1,3,,
297406,3,2,1740,1,1,4,,
297457,16,2,22,1,1,3,,
297505,56,2,1741,1,1,5,,
297607,72,2,191,1,1,4,,
297621,72,2,287,1,1,2,,
298270,45,2,614,1,1,5,,
298313,3,2,10,1,1,1,,
298409,9,2,285,1,1,4,,
298669,3,2,15,1,1,2,,
298797,14,2,426,1,1,6,,
299295,176,2,396,1,1,5,,
299305,143,2,616,1,1,1,,
299338,26,2,694,1,1,5,,
299386,4,2,399,1,1,4,,
299669,2,2,15,1,1,3,,
299849,38,2,292,1,1,6,,
299938,7,2,966,1,1,5,,
300543,66,2,1742,1,1,4,,
300828,73,2,107,1,1,4,,
300890,52,2,584,1,1,3,,
300904,7,2,27,1,1,5,,
301071,73,2,107,1,1,2,,
301142,3,2,10,1,1,3,,
301215,2,2,433,1,1,5,,
301305,83,2,1743,1,1,5,,
301408,4,2,11,1,1,4,,
301477,66,2,564,1,1,1,,
302387,4,2,4,1,1,4,,
302489,132,6,1744,1,1,3,,
302759,52,2,351,1,1,2,,
302777,41,2,802,1,1,7,,
302991,29,2,594,1,1,5,,
303109,10,2,3,1,1,4,,
303602,73,2,1266,1,1,5,,
303611,404,6,1745,1,1,2,,
303615,90,2,186,1,1,5,,
303647,201,2,1746,1,1,2,,
304021,32,2,71,1,1,1,,
304051,9,2,1747,1,1,6,,
304056,70,2,183,1,1,2,,
304182,7,2,58,1,1,4,,
304390,51,2,373,1,1,3,,
304447,41,2,1748,1,1,2,,
304493,9,2,945,1,1,1,,
304782,9,2,172,1,1,2,,
304863,7,2,12,1,1,3,,
305063,405,46,1749,1,1,6,,
305287,3,5,247,1,1,7,,
305322,72,2,422,1,1,1,,
305697,25,2,187,1,1,4,,
305763,30,2,475,1,1,5,,
305895,406,7,1077,1,1,6,,
305914,9,2,506,1,1,4,,
306019,2,2,15,1,1,6,,
306049,3,5,1750,1,1,6,,
306072,2,2,15,1,1,3,,
306375,16,2,1704,1,1,6,,
306618,407,24,1751,1,1,7,,
306862,56,2,807,1,1,4,,
307079,9,2,904,1,1,3,,
307460,220,15,52,1,1,7,,
307494,14,2,115,1,1,7,,
307513,27,2,23,1,1,7,,
307537,408,6,1752,1,1,5,,
307553,72,2,287,1,1,3,,
307610,83,2,217,1,1,4,,
307706,90,2,186,1,1,2,,
307726,27,2,1753,1,1,3,,
307886,55,15,916,1,1,7,,
307908,41,2,193,1,1,2,,
307965,3,22,268,1,1,6,,
308135,31,2,614,1,1,2,,
308648,46,6,1754,1,1,4,,
309222,2,2,1755,1,1,,,
309542,32,2,45,1,1,5,,
309688,52,2,182,1,1,5,,
309694,9,2,27,1,1,6,,
310015,14,2,514,1,1,4,,
310019,83,2,217,1,1,5,,
310250,51,2,231,1,1,,,
310756,166,2,1756,1,1,5,,
311205,66,2,93,1,1,1,,
311464,38,2,115,1,1,5,,
311496,52,2,948,1,1,5,,
311559,135,2,1757,1,1,5,,
311631,172,2,272,1,1,5,,
311690,409,2,1758,1,1,2,,
311743,9,2,58,1,1,3,,
311752,63,2,354,1,1,2,,
311792,6,2,1759,1,1,2,,
311807,4,2,5,1,1,5,,
311835,2,2,15,1,1,2,,
311841,10,2,135,1,1,7,,
312058,410,38,1091,1,1,2,,
312490,25,2,73,1,1,3,,
312538,3,10,1760,1,1,5,,
313195,18,2,15,1,1,2,,
313431,90,2,287,1,1,3,,
313622,10,2,3,1,1,6,,
314350,3,2,1761,1,1,6,,
315794,43,2,1140,1,1,1,,
315817,70,2,183,1,1,7,,
316059,73,2,1762,1,1,1,,
316197,7,2,70,1,1,5,,
316247,52,2,407,1,1,3,,
316370,3,2,10,1,1,4,,
316458,10,2,1763,1,1,5,,
316602,2,2,433,1,1,1,,
316675,126,2,1764,1,1,2,,
316972,3,2,10,1,1,,,
317393,117,2,1765,1,1,,,
318294,72,2,186,1,1,2,,
318323,169,2,347,1,1,1,,
318375,40,2,1766,1,1,4,,
318540,10,2,135,1,1,5,,
318696,2,2,15,1,1,,,
318711,9,2,31,1,1,1,,
318785,284,33,734,1,1,7,,
318884,7,2,122,1,1,5,,
318949,3,7,665,1,1,3,,
319107,52,2,1115,1,1,2,,
319194,2,2,1767,1,1,3,,
319210,124,2,875,1,1,3,,
319328,6,2,4,1,1,2,,
320132,62,2,227,1,1,2,,
320311,3,6,17,1,1,1,,
321076,6,2,11,1,1,6,,
321125,90,2,1157,1,1,2,,
321428,6,2,99,1,1,1,,
321618,5,2,71,1,1,2,,
321712,70,2,708,1,1,1,,
321795,2,2,15,1,1,4,,
321986,25,2,1387,1,1,6,,
322028,55,15,48,1,1,2,,
322686,7,2,1200,1,1,2,,
322769,14,2,232,1,1,3,,
323091,105,2,586,1,1,3,,
323214,73,2,1507,1,1,1,,
323296,23,2,182,1,1,6,,
323777,62,2,761,1,1,5,,
323799,126,2,211,1,1,1,,
324222,86,2,183,1,1,5,,
324276,31,2,1768,1,1,7,,
324410,26,2,1769,1,1,2,,
324604,120,2,1770,1,1,6,,
324747,70,2,708,1,1,5,,
325397,7,2,1418,1,1,5,,
325452,411,26,1573,1,1,5,,
326218,16,2,243,1,1,2,,
326284,52,2,961,1,1,3,,
326442,10,2,802,1,1,3,,
326835,2,2,15,1,1,2,,
326987,148,2,354,1,1,2,,
327058,4,2,11,1,1,2,,
327271,2,2,1520,1,1,3,,
327316,27,2,850,1,1,1,,
327332,6,2,1528,1,1,3,,
327471,9,2,1442,1,1,3,,
327505,9,2,1287,1,1,2,,
327508,45,2,44,1,1,5,,
327513,3,2,10,1,1,7,,
327639,9,2,654,1,1,5,,
327706,62,2,276,1,1,2,,
327838,6,2,44,1,1,2,,
328489,7,2,399,1,1,3,,
328568,17,2,1771,1,1,4,,
328665,73,2,882,1,1,1,,
328766,390,9,1772,1,1,3,,
328880,202,2,367,1,1,2,,
329091,27,2,1773,1,1,4,,
329175,9,2,1774,1,1,1,,
329724,38,2,1775,1,1,2,,
329835,3,38,1091,1,1,5,,
331132,10,2,685,1,1,5,,
331147,50,2,1776,1,1,3,,
331302,6,2,4,1,1,5,,
331348,27,2,112,1,1,1,,
331355,38,2,1777,1,1,2,,
331470,14,2,1778,1,1,5,,
331482,6,2,4,1,1,3,,
331504,3,2,10,1,1,1,,
331509,43,2,68,1,1,3,,
331887,41,2,1272,1,1,4,,
331961,80,2,1779,1,1,1,,
332139,39,2,919,1,1,3,,
332184,4,2,1326,1,1,4,,
332255,170,2,421,1,1,2,,
332342,6,2,11,1,1,2,,
332372,45,2,49,1,1,3,,
332596,72,2,1780,1,1,6,,
333392,2,2,1781,1,1,2,,
333426,170,2,421,1,1,3,,
333636,16,2,288,1,1,1,,
333785,26,2,1704,1,1,1,,
333918,124,2,300,1,1,2,,
333988,72,2,422,1,1,3,,
334135,40,2,507,1,1,5,,
334414,2,2,1377,1,1,5,,
334460,90,2,186,1,1,4,,
334506,31,2,1782,1,1,3,,
334654,55,15,48,1,1,3,,
334661,6,2,43,1,1,1,,
334738,4,2,4,1,1,4,,
334840,73,2,1783,1,1,2,,
335297,7,2,145,1,1,5,,
335660,39,2,459,1,1,4,,
335790,6,2,5,1,1,3,,
335966,98,2,217,1,1,2,,
336165,7,2,27,1,1,3,,
336219,14,2,1469,1,1,3,,
336225,120,2,598,1,1,3,,
336257,44,2,164,1,1,2,,
336338,31,2,838,1,1,3,,
336380,32,2,1104,1,1,5,,
337132,6,2,99,1,1,2,,
337453,55,15,48,1,1,4,,
339022,73,2,649,1,1,2,,
339105,412,2,26,1,1,3,,
339563,45,2,614,1,1,2,,
339731,1,2,320,1,1,2,,
340062,54,2,88,1,1,6,,
340377,105,2,1784,1,1,2,,
340588,56,2,1785,1,1,2,,
341447,72,2,445,1,1,4,,
342372,105,2,230,1,1,2,,
342460,39,2,60,1,1,3,,
342487,18,2,832,1,1,2,,
342597,49,2,187,1,1,1,,
342684,41,2,3,1,1,2,,
342743,26,2,22,1,1,1,,
342803,9,2,148,1,1,4,,
343015,39,2,996,1,1,4,,
343135,17,2,23,1,1,2,,
343257,117,2,1786,1,1,4,,
343264,26,2,22,1,1,3,,
343393,52,2,182,1,1,2,,
343481,4,2,4,1,1,3,,
343654,228,17,613,1,1,2,,
344299,9,2,1747,1,1,4,,
344685,52,2,366,1,1,5,,
344707,262,15,758,1,1,5,,
344868,72,2,933,1,1,1,,
344890,3,2,10,1,1,6,,
344962,82,2,1787,1,1,1,,
345295,40,2,374,1,1,5,,
345348,29,2,594,1,1,2,,
345564,32,2,7,1,1,5,,
345589,82,2,1788,1,1,4,,
346403,7,2,368,1,1,4,,
346496,18,2,123,1,1,2,,
346543,215,2,346,1,1,4,,
346641,120,2,1336,1,1,7,,
346691,29,2,223,1,1,5,,
346779,25,2,1789,1,1,3,,
347061,9,2,179,1,1,1,,
347401,4,2,4,1,1,1,,
347410,6,2,99,1,1,7,,
347466,6,2,11,1,1,3,,
347579,7,2,239,1,1,,,
347685,54,2,1038,1,1,3,,
347732,9,2,58,1,1,2,,
348570,106,2,1790,1,1,2,,
348649,4,2,11,1,1,6,,
348709,18,2,1134,1,1,5,,
348837,25,2,290,1,1,3,,
348872,16,2,297,1,1,3,,
348976,17,2,23,1,1,1,,
348981,49,2,38,1,1,2,,
349029,16,2,288,1,1,1,,
349088,4,2,872,1,1,5,,
349330,38,2,1791,1,1,5,,
350048,49,2,38,1,1,2,,
350942,7,2,462,1,1,5,,
351082,232,2,633,1,1,5,,
352037,3,2,1792,1,1,5,,
352242,2,2,15,1,1,2,,
352330,72,2,137,1,1,5,,
352558,39,2,1269,1,1,6,,
352855,7,2,58,1,1,2,,
352894,3,2,58,1,1,5,,
352970,6,2,669,1,1,4,,
353356,41,2,3,1,1,1,,
354733,277,2,506,1,1,4,,
354793,18,2,15,1,1,3,,
354870,25,2,358,1,1,2,,
354988,17,2,62,1,1,3,,
355506,117,2,423,1,1,4,,
355532,72,2,1793,1,1,3,,
356094,62,2,271,1,1,2,,
356254,124,2,1486,1,1,5,,
356311,9,2,1794,1,1,2,,
356432,7,2,58,1,1,5,,
356544,73,2,1795,1,1,2,,
357168,52,2,1796,1,1,6,,
357844,45,2,44,1,1,1,,
357882,126,2,1486,1,1,5,,
357957,56,2,807,1,1,3,,
358052,17,2,23,1,1,5,,
358102,9,2,176,1,1,1,,
358231,106,2,887,1,1,1,,
358448,348,2,1797,1,1,1,,
359783,5,2,1798,1,1,5,,
359901,3,2,68,1,1,5,,
359912,120,2,598,1,1,6,,
360153,103,2,276,1,1,5,,
360220,9,2,323,1,1,6,,
360270,50,2,1799,1,1,2,,
360308,3,12,65,1,1,6,,
360316,62,2,1049,1,1,3,,
361037,9,2,1264,1,1,5,,
361097,9,2,1652,1,1,3,,
361424,3,31,1800,1,1,5,,
361869,25,2,73,1,1,2,,
362178,5,2,45,1,1,5,,
362181,6,2,289,1,1,3,,
362246,9,2,97,1,1,3,,
362321,31,2,545,1,1,,,
362558,67,2,132,1,1,2,,
362594,64,2,138,1,1,2,,
362780,6,2,4,1,1,4,,
362808,41,2,3,1,1,3,,
363322,43,2,383,1,1,1,,
363435,7,2,172,1,1,2,,
363448,45,2,545,1,1,3,,
364428,2,2,1111,1,1,2,,
364631,32,2,623,1,1,1,,
365347,26,2,243,1,1,4,,
365597,31,2,539,1,1,4,,
365659,196,2,1241,1,1,2,,
365662,9,2,1801,1,1,4,,
365944,38,2,308,1,1,5,,
365968,41,2,1802,1,1,3,,
365982,105,2,586,1,1,3,,
366025,2,2,15,1,1,7,,
366256,202,2,1803,1,1,3,,
366287,153,2,380,1,1,2,,
366351,7,2,58,1,1,2,,
366476,25,2,38,1,1,3,,
366628,70,2,708,1,1,5,,
366720,148,2,354,1,1,3,,
367886,3,2,10,1,1,1,,
367977,52,2,414,1,1,5,,
368102,26,2,614,1,1,5,,
368350,26,2,762,1,1,2,,
368728,2,2,15,1,1,5,,
368844,54,2,882,1,1,4,,
368900,14,2,1673,1,1,4,,
369000,120,2,317,1,1,3,,
369003,2,2,15,1,1,1,,
369099,4,2,4,1,1,4,,
369191,73,2,1804,1,1,4,,
369353,9,2,261,1,1,2,,
370728,67,2,223,1,1,5,,
370788,25,2,1608,1,1,5,,
371279,29,2,132,1,1,1,,
371305,51,2,1805,1,1,6,,
371348,98,2,217,1,1,3,,
371641,41,2,326,1,1,4,,
372184,413,21,266,1,1,7,,
372589,414,23,1806,1,1,7,,
372899,23,2,1807,1,1,3,,
372915,17,2,224,1,1,4,,
372962,63,2,354,1,1,4,,
373159,31,2,75,1,1,6,,
373234,56,2,93,1,1,4,,
373275,43,2,1808,1,1,2,,
373312,52,2,948,1,1,2,,
373399,9,2,27,1,1,4,,
373568,9,2,97,1,1,2,,
373873,2,2,1809,1,1,2,,
374199,90,2,154,1,1,,,
374520,38,2,1810,1,1,2,,
374632,2,2,15,1,1,5,,
374790,132,6,1811,1,1,4,,
374950,78,15,52,1,1,5,,
374954,62,2,104,1,1,2,,
374963,70,2,183,1,1,1,,
375185,148,2,354,1,1,2,,
375293,42,2,383,1,1,3,,
375335,9,2,70,1,1,1,,
375438,9,2,172,1,1,5,,
375485,3,5,1812,1,1,6,,
375894,7,2,148,1,1,4,,
376850,6,2,4,1,1,2,,
377086,106,2,839,1,1,2,,
377647,43,2,519,1,1,5,,
377841,51,2,597,1,1,6,,
377874,9,2,157,1,1,4,,
378223,10,2,3,1,1,5,,
378234,41,2,3,1,1,6,,
378540,9,2,368,1,1,2,,
378624,97,2,1813,1,1,3,,
379775,120,2,317,1,1,5,,
379836,31,2,44,1,1,3,,
380009,10,2,1110,1,1,2,,
380496,41,2,1814,1,1,4,,
380738,7,2,70,1,1,3,,
380752,7,2,526,1,1,5,,
381087,41,2,3,1,1,5,,
381097,7,2,58,1,1,,,
381449,73,2,116,1,1,2,,
382343,415,2,1430,1,1,3,,
382903,54,2,996,1,1,2,,
382936,19,2,26,1,1,3,,
383161,201,2,1815,1,1,6,,
383369,7,2,957,1,1,1,,
384331,29,2,223,1,1,5,,
384490,17,2,221,1,1,1,,
384570,285,5,1705,1,1,2,,
384685,18,2,617,1,1,,,
385058,90,2,287,1,1,4,,
385236,25,2,38,1,1,,,
385245,6,2,4,1,1,4,,
385366,27,2,23,1,1,1,,
385662,42,2,68,1,1,3,,
386372,27,2,23,1,1,2,,
386756,55,15,48,1,1,3,,
386895,4,2,1192,1,1,2,,
387501,288,2,128,1,1,2,,
387827,83,2,64,1,1,5,,
388449,125,2,238,1,1,2,,
389194,39,2,1816,1,1,4,,
389544,27,2,224,1,1,1,,
389561,47,12,65,1,1,5,,
389765,115,2,1278,1,1,4,,
389781,66,2,93,1,1,6,,
390109,3,47,10,1,1,2,,
390333,66,2,301,1,1,2,,
390416,16,2,985,1,1,5,,
391020,9,2,14,1,1,5,,
391849,23,2,84,1,1,3,,
391896,2,2,1817,1,1,4,,
391906,3,2,15,2,1,2,186,32508
391992,72,2,186,1,1,4,,
392021,30,2,42,1,1,3,,
392435,72,2,1818,1,1,1,,
392449,148,2,354,1,1,2,,
392486,41,2,3,1,1,5,,
392569,3,2,1819,1,1,1,,
392739,9,2,27,1,1,2,,
392772,4,2,11,1,1,2,,
392790,4,2,11,1,1,1,,
392894,9,2,1820,1,1,4,,
393102,18,2,1696,1,1,1,,
393562,98,2,1821,1,1,7,,
394226,4,2,4,1,1,2,,
394395,25,2,290,1,1,3,,
394476,270,2,297,1,1,3,,
394497,40,2,1100,1,1,5,,
394517,39,2,1566,1,1,2,,
395004,72,2,1464,1,1,2,,
395042,86,2,708,1,1,5,,
395410,416,48,1822,1,1,4,,
395901,45,2,44,1,1,4,,
396399,64,2,1823,1,1,5,,
396765,9,2,1084,1,1,3,,
396897,56,2,545,1,1,4,,
397181,124,2,1486,1,1,5,,
397186,9,2,1194,1,1,2,,
397202,208,2,1607,1,1,2,,
397597,10,2,3,1,1,2,,
397738,50,2,79,1,1,3,,
397750,7,2,506,1,1,3,,
398252,52,2,1824,1,1,3,,
398355,4,2,4,1,1,2,,
398606,6,2,1825,1,1,6,,
399457,3,2,10,1,1,,,
399557,2,2,15,1,1,3,,
399999,7,2,14,1,1,2,,
400064,10,2,1272,1,1,2,,
400176,31,2,1826,1,1,2,,
400277,6,2,43,1,1,3,,
400488,63,2,105,1,1,2,,
400495,156,2,1827,1,1,4,,
400528,7,2,27,1,1,6,,
401116,4,2,4,1,1,4,,
401433,27,2,23,1,1,4,,
401545,22,6,17,1,1,4,,
401618,89,6,366,1,1,2,,
401801,31,2,100,1,1,1,,
401896,2,2,1828,1,1,5,,
401956,38,2,672,1,1,4,,
402048,9,2,770,1,1,6,,
402162,38,2,1778,1,1,1,,
402341,32,2,45,1,1,2,,
403034,417,13,1829,1,1,5,,
403139,418,6,1830,1,1,6,,
403183,31,2,942,1,1,2,,
403275,52,2,182,1,1,5,,
403393,52,2,1831,1,1,2,,
403409,86,2,183,1,1,5,,
403506,4,2,4,1,1,3,,
403593,17,2,224,1,1,4,,
403646,16,2,1409,1,1,3,,
403661,105,2,597,1,1,1,,
403981,9,2,148,1,1,2,,
404119,9,2,97,1,1,2,,
404211,4,2,99,1,1,3,,
404776,9,2,27,1,1,,,
404782,23,2,562,1,1,2,,
405042,9,2,148,1,1,5,,
405848,4,2,289,1,1,1,,
406004,4,2,4,1,1,5,,
406084,153,2,380,1,1,4,,
406315,2,2,15,1,1,7,,
406419,10,2,1223,1,1,2,,
406542,16,2,516,1,1,1,,
407222,7,2,27,1,1,5,,
407544,16,2,888,1,1,5,,
407810,67,2,1832,1,1,3,,
408027,76,2,1833,1,1,3,,
408805,32,2,7,1,1,4,,
408953,18,2,1834,1,1,6,,
409640,153,2,380,1,1,3,,
409750,45,2,858,1,1,3,,
409849,54,2,88,1,1,5,,
410058,261,2,1835,1,1,2,,
410065,3,2,10,1,1,5,,
410217,132,6,1836,1,1,5,,
410291,17,2,23,1,1,4,,
410409,167,2,417,1,1,2,,
410499,4,2,4,1,1,7,,
410519,62,2,104,1,1,3,,
410541,31,2,1724,1,1,4,,
410756,33,6,1837,1,1,5,,
410918,16,2,22,1,1,5,,
410984,106,2,233,1,1,5,,
410992,7,2,12,1,1,2,,
412012,2,2,15,1,1,,,
412695,167,2,1543,1,1,3,,
412872,3,6,1838,1,1,4,,
412931,90,2,269,1,1,1,,
413275,6,2,872,1,1,2,,
413363,18,2,15,1,1,3,,
413617,31,2,838,1,1,5,,
413667,42,2,284,1,1,5,,
413796,10,2,3,1,1,3,,
414015,52,2,278,1,1,3,,
414097,4,2,11,1,1,1,,
414102,41,2,335,1,1,2,,
414192,120,2,79,1,1,5,,
414372,9,2,97,1,1,2,,
414478,7,2,55,1,1,5,,
414551,7,2,148,1,1,2,,
415455,3,6,17,1,1,3,,
415728,3,31,596,1,1,5,,
415745,2,2,15,1,1,3,,
415928,151,2,238,1,1,4,,
415984,41,2,3,1,1,4,,
416108,43,2,68,1,1,5,,
416904,103,2,276,1,1,4,,
417618,44,2,1839,1,1,3,,
417674,108,5,1354,1,1,3,,
417766,6,2,4,1,1,4,,
417913,49,2,38,1,1,1,,
418039,23,2,1840,1,1,2,,
418095,7,2,27,1,1,6,,
418440,6,2,5,1,1,5,,
418469,41,2,1110,1,1,5,,
418547,3,2,90,1,1,2,,
418549,56,2,1368,1,1,4,,
418737,327,2,1138,1,1,3,,
418938,3,2,10,1,1,2,,
419443,305,6,1094,1,1,4,,
420052,255,2,1841,1,1,5,,
420394,40,2,207,1,1,2,,
420558,38,2,357,1,1,3,,
420568,25,2,495,1,1,3,,
420856,7,2,97,1,1,5,,
421128,2,2,1842,1,1,,,
421658,38,2,1366,1,1,2,,
422158,160,2,1843,1,1,4,,
422193,106,2,1844,1,1,4,,
422486,5,2,1159,1,1,2,,
422503,62,2,276,1,1,6,,
422579,115,2,272,1,1,7,,
422897,88,2,1604,1,1,2,,
422976,419,24,1751,1,1,5,,
423389,17,2,23,1,1,1,,
424124,117,2,631,1,1,1,,
424177,7,2,198,1,1,2,,
424803,156,2,211,1,1,4,,
424844,120,2,1307,1,1,4,,
424881,90,2,137,1,1,1,,
424932,20,6,17,1,1,3,,
424952,16,2,297,1,1,4,,
425066,41,2,3,1,1,4,,
425272,3,2,10,1,1,6,,
425337,126,2,1486,1,1,4,,
425698,4,2,11,1,1,4,,
426101,72,2,1437,1,1,4,,
426121,31,2,75,1,1,3,,
426144,40,2,429,1,1,2,,
426253,9,2,27,1,1,5,,
426388,170,2,421,1,1,5,,
426394,2,2,15,1,1,2,,
426567,420,15,1845,1,1,5,,
427185,40,2,131,1,1,6,,
427273,90,2,722,1,1,7,,
427378,7,2,645,1,1,3,,
427392,16,2,120,1,1,5,,
427415,45,2,44,1,1,6,,
427532,17,2,1089,1,1,2,,
427556,25,2,73,1,1,2,,
427596,2,2,15,1,1,2,,
427685,50,2,317,1,1,5,,
427831,3,2,1846,1,1,2,,
428055,66,2,93,1,1,5,,
428258,4,2,4,1,1,5,,
428531,9,2,1847,1,1,2,,
428632,44,2,164,1,1,2,,
428834,50,2,79,1,1,2,,
428857,40,2,1848,1,1,2,,
428925,6,2,11,1,1,5,,
429411,52,2,1849,1,1,5,,
430082,105,2,373,1,1,6,,
431617,14,2,1777,1,1,6,,
431631,2,2,15,1,1,2,,
432048,120,2,79,1,1,4,,
432173,169,2,887,1,1,2,,
432241,22,6,1094,1,1,2,,
432363,120,2,1051,1,1,5,,
432552,3,6,366,1,1,5,,
432701,261,2,1850,1,1,4,,
433407,14,2,1851,1,1,,,
433995,29,2,223,1,1,6,,
434092,2,2,15,1,1,3,,
434598,25,2,38,1,1,5,,
434828,45,2,360,1,1,5,,
434982,6,2,4,1,1,2,,
435208,90,2,1157,1,1,4,,
435210,7,2,54,1,1,3,,
436009,45,2,49,1,1,2,,
436163,4,2,1852,1,1,3,,
436898,10,2,698,1,1,4,,
436931,52,2,84,1,1,5,,
436939,220,15,1853,1,1,5,,
437013,106,2,887,1,1,5,,
437112,97,2,1854,1,1,3,,
437225,7,2,148,1,1,5,,
437341,52,2,84,1,1,2,,
437393,90,2,154,1,1,1,,
437405,135,2,688,1,1,,,
437449,45,2,75,1,1,3,,
437636,18,2,15,1,1,5,,
437851,19,2,26,1,1,3,,
438121,144,2,119,1,1,5,,
438123,72,2,933,1,1,4,,
438278,160,2,421,1,1,4,,
438321,3,2,10,1,1,1,,
438586,187,29,425,1,1,4,,
439201,66,2,93,1,1,2,,
439482,213,2,380,1,1,2,,
439512,421,2,1855,1,1,,,
439723,169,2,64,1,1,5,,
439767,7,2,314,1,1,1,,
439909,9,2,83,1,1,3,,
440288,27,2,868,1,1,1,,
440542,16,2,22,1,1,2,,
441164,25,2,73,1,1,3,,
441353,90,2,137,1,1,2,,
441910,3,2,1856,1,1,2,,
441929,169,2,420,1,1,3,,
442348,90,2,799,1,1,5,,
442484,263,2,1857,1,1,4,,
442495,9,2,58,1,1,4,,
443119,32,2,1365,1,1,3,,
443738,173,6,17,1,1,5,,
444038,72,2,186,1,1,2,,
444171,26,2,1715,1,1,2,,
444427,32,2,71,1,1,1,,
444574,4,2,4,1,1,2,,
444782,2,2,1858,1,1,5,,
444926,125,2,544,1,1,5,,
444991,51,2,230,1,1,4,,
445168,422,19,1859,1,1,5,,
445193,52,2,1676,1,1,5,,
445579,14,2,358,1,1,2,,
445686,41,2,335,1,1,2,,
445700,56,2,93,1,1,2,,
445702,6,2,11,1,1,1,,
445759,7,2,122,1,1,2,,
446025,49,2,38,1,1,3,,
446030,54,2,88,1,1,1,,
446357,43,2,1860,1,1,4,,
446414,72,2,186,1,1,3,,
446435,9,2,709,1,1,5,,
446503,7,2,253,1,1,5,,
447297,7,2,1861,1,1,1,,
447337,120,2,1508,1,1,5,,
447373,6,2,5,1,1,2,,
447716,44,2,238,1,1,3,,
447979,2,2,15,1,1,5,,
447992,3,2,10,1,1,,,
448970,29,2,223,1,1,3,,
449325,9,2,849,1,1,3,,
449360,4,2,4,1,1,4,,
449549,2,2,15,1,1,2,,
449579,72,2,422,1,1,4,,
449672,64,2,295,1,1,2,,
449826,73,2,1862,1,1,3,,
449845,31,2,49,1,1,1,,
449914,9,2,97,1,1,5,,
449986,10,2,3,1,1,1,,
450013,4,2,4,1,1,2,,
450185,32,2,1863,1,1,4,,
450215,41,2,3,1,1,2,,
450279,7,2,709,1,1,6,,
450312,7,2,377,1,1,1,,
450323,7,2,27,1,1,3,,
451202,3,7,111,1,1,7,,
451220,43,2,550,1,1,4,,
451285,10,2,3,1,1,2,,
451305,160,2,612,1,1,1,,
451455,52,2,84,1,1,5,,
451961,2,2,15,1,1,2,,
451962,72,2,1118,1,1,5,,
452139,50,2,79,1,1,5,,
452426,103,2,104,1,1,5,,
452467,261,2,969,1,1,5,,
452947,3,9,19,1,1,5,,
453599,40,2,1864,1,1,5,,
453634,73,2,1038,1,1,2,,
453726,105,2,232,1,1,4,,
454452,10,2,335,1,1,1,,
454464,4,2,4,1,1,5,,
454615,43,2,1865,1,1,1,,
454896,26,2,683,1,1,3,,
455186,54,2,1031,1,1,3,,
455283,42,2,68,1,1,5,,
455711,132,6,1866,1,1,1,,
455737,9,2,36,1,1,5,,
455844,67,2,223,1,1,6,,
455861,18,2,15,1,1,1,,
455932,4,2,528,1,1,4,,
456015,10,2,3,1,1,2,,
456068,44,2,238,1,1,1,,
456189,73,2,882,1,1,3,,
456230,23,2,415,1,1,2,,
456272,26,2,120,1,1,3,,
456691,126,2,300,1,1,2,,
456775,42,2,383,1,1,5,,
456859,3,2,287,1,1,7,,
456872,2,2,15,1,1,,,
456929,9,2,14,1,1,3,,
457885,72,2,154,1,1,4,,
457886,25,2,119,1,1,4,,
457913,172,2,272,1,1,2,,
458207,29,2,1867,1,1,2,,
458327,194,2,3,1,1,7,,
458345,17,2,23,1,1,5,,
458381,14,2,1016,1,1,5,,
458390,52,2,584,1,1,5,,
458553,43,2,68,1,1,2,,
458639,98,2,1868,1,1,5,,
458871,2,2,15,1,1,5,,
459293,70,2,708,1,1,5,,
459788,135,2,455,1,1,1,,
460139,3,2,1130,1,1,5,,
460421,52,2,182,1,1,1,,
460544,56,2,1869,1,1,3,,
461310,10,2,3,1,1,2,,
461340,3,6,986,1,1,2,,
461358,18,2,1870,1,1,2,,
461365,2,2,1871,1,1,5,,
461404,176,2,1094,1,1,4,,
461466,39,2,131,1,1,3,,
461498,2,2,15,1,1,4,,
461567,52,2,1872,1,1,5,,
462164,3,2,15,1,1,1,,
462318,125,2,164,1,1,7,,
462369,18,2,1873,1,1,5,,
462487,70,2,708,1,1,1,,
462558,56,2,301,1,1,5,,
463082,27,2,23,1,1,5,,
463913,43,2,383,1,1,1,,
464541,49,2,864,1,1,4,,
464988,25,2,1439,1,1,5,,
466300,18,2,836,1,1,5,,
466667,10,2,1874,1,1,4,,
466739,7,2,1875,1,1,6,,
466785,73,2,1876,1,1,3,,
466903,38,2,1072,1,1,2,,
467038,43,2,383,1,1,2,,
467195,10,2,416,1,1,2,,
467718,120,2,79,1,1,3,,
468160,101,12,65,1,1,7,,
468525,125,2,238,1,1,2,,
468782,2,2,15,1,1,7,,
468875,14,2,1877,1,1,3,,
468898,64,2,1878,1,1,2,,
469180,172,2,131,1,1,5,,
469324,213,2,380,1,1,2,,
469351,261,2,1879,1,1,3,,
469391,99,2,26,1,1,2,,
469487,56,2,284,1,1,5,,
469504,56,2,1368,1,1,3,,
469551,9,2,1350,1,1,3,,
469597,86,2,708,1,1,4,,
469607,86,2,130,1,1,3,,
469720,186,2,1880,1,1,2,,
469726,49,2,221,1,1,2,,
469801,7,2,14,1,1,4,,
470375,25,2,1152,1,1,2,,
470652,6,2,5,1,1,2,,
470963,105,2,597,1,1,,,
471011,67,2,1529,1,1,1,,
471086,54,2,1881,1,1,3,,
471174,90,2,580,1,1,7,,
471220,148,2,396,1,1,2,,
471475,7,2,122,1,1,1,,
471812,2,2,1882,1,1,2,,
472056,68,2,94,1,1,2,,
472706,70,2,275,1,1,4,,
472833,86,2,183,1,1,3,,
473051,18,2,703,1,1,2,,
473988,67,2,223,1,1,1,,
474384,52,2,1883,1,1,5,,
474443,10,2,1756,1,1,4,,
474794,223,2,601,1,1,2,,
474854,125,2,544,1,1,2,,
475006,135,2,155,1,1,3,,
475262,31,2,75,1,1,2,,
475270,6,2,99,1,1,4,,
476312,59,12,258,1,1,7,,
476373,3,2,10,1,1,2,,
476416,2,2,15,1,1,5,,
477154,39,2,733,1,1,2,,
477190,29,2,381,1,1,3,,
477630,26,2,657,1,1,2,,
477843,3,2,10,1,1,2,,
478140,24,13,1884,1,1,4,,
478163,83,2,217,1,1,4,,
478270,3,2,137,1,1,4,,
479080,3,16,644,1,1,7,,
479154,39,2,207,1,1,3,,
479294,18,2,627,1,1,5,,
479415,125,2,238,1,1,3,,
479569,6,2,5,1,1,2,,
479654,16,2,1885,1,1,2,,
479662,105,2,230,1,1,1,,
479833,156,2,1886,1,1,1,,
479939,32,2,71,1,1,1,,
480382,4,2,1887,1,1,3,,
480753,41,2,1888,1,1,1,,
481500,278,2,289,1,1,3,,
481697,4,2,872,1,1,2,,
481729,2,2,15,1,1,1,,
482196,208,2,379,1,1,4,,
482238,4,2,289,1,1,2,,
482272,7,2,120,1,1,3,,
482819,9,2,27,1,1,5,,
482962,9,2,77,1,1,2,,
483347,67,2,547,1,1,3,,
483483,41,2,3,1,1,4,,
483784,26,2,22,1,1,1,,
483961,90,2,154,1,1,7,,
483997,50,2,79,1,1,1,,
484002,43,2,550,1,1,1,,
484003,73,2,1889,1,1,2,,
484337,423,16,1890,1,1,4,,
484413,9,2,27,1,1,5,,
484604,125,2,428,1,1,7,,
484735,424,13,40,1,1,7,,
484903,40,2,207,1,1,2,,
484969,14,2,759,1,1,5,,
484982,73,2,88,1,1,,,
485407,90,2,1126,1,1,4,,
485531,2,2,15,1,1,4,,
485573,6,2,11,1,1,7,,
485892,83,2,1274,1,1,2,,
486621,7,2,148,1,1,2,,
487245,6,2,11,1,1,4,,
487551,103,2,271,1,1,5,,
487582,5,2,1863,1,1,5,,
487820,72,2,1420,1,1,2,,
487830,18,2,15,1,1,3,,
487950,54,2,1593,1,1,2,,
488066,7,2,1891,1,1,5,,
488228,42,2,497,1,1,1,,
488281,18,2,15,1,1,4,,
488412,32,2,7,1,1,2,,
488559,10,2,3,1,1,1,,
488799,19,2,1892,1,1,,,
489607,425,9,1893,1,1,2,,
490154,213,2,380,1,1,6,,
490218,10,2,1894,1,1,3,,
490220,62,2,250,1,1,1,,
490432,43,2,383,1,1,6,,
490592,90,2,1895,1,1,2,,
490656,2,2,15,1,1,3,,
490878,103,2,104,1,1,1,,
491089,7,2,172,1,1,5,,
491462,99,2,26,1,1,5,,
492307,9,2,12,1,1,6,,
492428,3,2,10,1,1,1,,
492841,17,2,224,1,1,2,,
492877,49,2,221,1,1,3,,
493106,55,15,48,1,1,2,,
493130,9,2,830,1,1,3,,
493453,10,2,3,1,1,5,,
493527,38,2,1016,1,1,2,,
493599,90,2,186,1,1,1,,
493857,10,2,335,1,1,3,,
494051,90,2,269,1,1,5,,
494870,52,2,377,1,1,1,,
495288,426,2,1896,1,1,2,,
495689,16,2,762,1,1,3,,
495856,7,2,148,1,1,5,,
496792,45,2,44,1,1,1,,
496899,45,2,49,1,1,3,,
496934,167,2,1897,1,1,4,,
497017,2,2,15,1,1,7,,
497248,9,2,157,1,1,1,,
497494,106,2,377,1,1,4,,
497515,26,2,876,1,1,6,,
497649,4,2,1898,1,1,3,,
497718,9,2,1899,1,1,3,,
497729,103,2,686,1,1,2,,
498361,45,2,614,1,1,3,,
498704,3,35,675,1,1,3,,
499768,29,2,347,1,1,3,,
500589,3,9,1900,1,1,5,,
501073,63,2,1901,1,1,5,,
501103,106,2,887,1,1,5,,
501361,49,2,1152,1,1,1,,
502882,3,9,19,1,1,6,,
502982,10,2,698,1,1,5,,
503712,72,2,287,1,1,5,,
503757,2,2,15,1,1,6,,
503768,41,2,140,1,1,3,,
503931,9,2,120,1,1,2,,
504215,7,2,1423,1,1,7,,
505472,160,2,421,1,1,2,,
505524,90,2,722,1,1,2,,
505733,97,2,215,1,1,5,,
505749,52,2,84,1,1,3,,
505805,144,2,94,1,1,2,,
506020,7,2,97,1,1,4,,
506086,3,2,1393,1,1,1,,
506275,3,2,1902,1,1,1,,
506460,16,2,243,1,1,3,,
506788,23,2,175,1,1,3,,
507893,339,6,478,1,1,2,,
507963,90,2,186,1,1,3,,
508154,3,2,154,1,1,6,,
508556,115,2,1278,1,1,1,,
508668,39,2,207,1,1,3,,
508935,45,2,360,1,1,1,,
508963,25,2,38,1,1,6,,
508985,4,2,5,1,1,1,,
510293,6,2,99,1,1,3,,
510681,2,2,15,1,1,3,,
510683,49,2,38,1,1,3,,
510807,4,2,5,1,1,,,
510883,50,2,317,1,1,5,,
511214,25,2,1081,1,1,3,,
511438,3,17,613,1,1,4,,
511521,23,2,84,1,1,2,,
511617,4,2,5,1,1,2,,
511863,14,2,94,1,1,4,,
512239,2,2,1903,1,1,3,,
512582,72,2,1904,1,1,2,,
513110,34,15,637,1,1,5,,
513153,18,2,15,1,1,3,,
514223,172,2,1905,1,1,2,,
514374,4,2,4,1,1,2,,
514701,51,2,597,1,1,5,,
514781,9,2,157,1,1,2,,
514815,5,2,71,1,1,3,,
515240,39,2,1906,1,1,4,,
516830,125,2,466,1,1,5,,
516902,2,2,15,1,1,2,,
517387,25,2,193,1,1,3,,
517595,23,2,34,1,1,1,,
517940,83,2,217,1,1,2,,
518086,18,2,15,1,1,1,,
518180,17,2,23,1,1,1,,
518206,129,2,15,1,1,1,,
519574,39,2,919,1,1,2,,
519594,143,2,1907,1,1,3,,
520121,96,2,211,1,1,1,,
520215,4,2,114,1,1,2,,
520304,4,2,1908,1,1,3,,
520885,51,2,230,1,1,,,
521084,45,2,305,1,1,3,,
521122,262,15,758,1,1,3,,
521134,5,2,7,1,1,5,,
521160,70,2,183,1,1,2,,
521479,31,2,75,1,1,4,,
521777,3,12,65,1,1,7,,
521789,14,2,63,1,1,5,,
521948,41,2,253,1,1,5,,
522876,9,2,27,1,1,3,,
522929,213,2,532,1,1,2,,
522987,32,2,987,1,1,2,,
523103,3,2,230,1,1,3,,
523480,9,2,27,1,1,2,,
524282,2,2,15,1,1,5,,
525011,3,2,10,1,1,2,,
525424,7,2,14,1,1,4,,
525605,7,2,27,1,1,2,,
526102,26,2,128,1,1,1,,
527521,25,2,38,1,1,5,,
528063,3,2,10,1,1,1,,
528064,44,2,164,1,1,4,,
528117,41,2,1328,1,1,4,,
528122,54,2,1909,1,1,5,,
528191,45,2,360,1,1,4,,
528199,54,2,882,1,1,4,,
528401,9,2,449,1,1,3,,
528422,29,2,1385,1,1,4,,
528722,427,2,1910,1,1,2,,
528830,41,2,1911,1,1,2,,
529068,31,2,44,1,1,3,,
529191,9,2,58,1,1,3,,
529229,14,2,1912,1,1,1,,
529548,7,2,27,1,1,2,,
529600,17,2,194,1,1,3,,
530662,25,2,1574,1,1,2,,
530677,22,6,17,1,1,1,,
530735,22,6,1094,1,1,1,,
531094,41,2,1913,1,1,2,,
531535,70,2,708,1,1,1,,
531590,282,2,3,1,1,,,
531631,67,2,629,1,1,3,,
531693,17,2,1493,1,1,5,,
531785,73,2,364,1,1,3,,
531869,42,2,1602,1,1,3,,
531902,7,2,1914,1,1,2,,
532049,6,2,883,1,1,3,,
532050,6,2,359,1,1,5,,
533247,26,2,22,1,1,3,,
533345,4,2,841,1,1,5,,
533371,45,2,944,1,1,5,,
533498,126,2,300,1,1,5,,
533534,19,2,26,1,1,7,,
533600,62,2,1915,1,1,3,,
533732,73,2,1593,1,1,3,,
534006,18,2,413,1,1,5,,
534029,3,2,1916,1,1,2,,
534162,2,2,1221,1,1,1,,
534276,25,2,1314,1,1,2,,
534521,184,2,469,1,1,3,,
534757,7,2,1917,1,1,4,,
535088,5,2,623,1,1,3,,
535978,40,2,1918,1,1,5,,
536060,3,2,10,1,1,2,,
536160,54,2,1038,1,1,4,,
537187,9,2,261,1,1,1,,
537246,9,2,172,1,1,2,,
537311,424,13,40,1,1,5,,
538090,17,2,224,1,1,5,,
538138,41,2,3,1,1,4,,
538501,3,2,10,1,1,2,,
538735,99,2,26,1,1,1,,
539067,9,2,97,1,1,4,,
539074,2,2,15,1,1,,,
539853,6,2,4,1,1,5,,
540016,16,2,209,1,1,4,,
540477,9,2,1919,1,1,3,,
540777,22,6,17,1,1,4,,
540808,25,2,38,1,1,5,,
541168,3,2,10,1,1,2,,
542075,10,2,686,1,1,5,,
542088,3,6,1920,1,1,1,,
542417,7,2,27,1,1,1,,
542651,40,2,429,1,1,1,,
542719,3,2,10,1,1,1,,
542742,49,2,1921,1,1,5,,
542961,4,2,359,1,1,3,,
543022,38,2,63,1,1,3,,
543265,3,2,692,1,1,4,,
543343,64,2,415,1,1,2,,
544159,428,6,17,1,1,1,,
544277,16,2,95,1,1,3,,
545026,38,2,115,1,1,3,,
545086,90,2,186,1,1,4,,
545477,126,2,792,1,1,,,
545538,90,2,1922,1,1,5,,
545613,25,2,173,1,1,1,,
545751,67,2,347,1,1,3,,
545791,3,2,154,1,1,3,,
545865,14,2,672,1,1,2,,
546140,43,2,1602,1,1,4,,
547009,23,2,407,1,1,4,,
547179,17,2,221,1,1,3,,
547225,25,2,1923,1,1,2,,
547998,176,2,1094,1,1,3,,
548016,54,2,107,1,1,2,,
548048,143,2,639,1,1,6,,
548161,40,2,1239,1,1,3,,
548226,3,6,17,1,1,2,,
548383,106,2,839,1,1,2,,
548385,62,2,104,1,1,1,,
548448,64,2,259,1,1,3,,
548542,90,2,287,1,1,3,,
548688,90,2,1924,1,1,2,,
549532,2,2,15,1,1,4,,
550162,86,2,1925,1,1,2,,
550412,7,2,1264,1,1,1,,
550530,6,2,1926,1,1,5,,
550969,41,2,431,1,1,3,,
550974,54,2,1266,1,1,7,,
551178,45,2,545,1,1,2,,
551263,52,2,1927,1,1,2,,
552278,2,2,15,1,1,3,,
552466,90,2,736,1,1,5,,
552958,56,2,591,1,1,2,,
553631,2,2,1928,1,1,2,,
553718,38,2,514,1,1,5,,
553954,170,2,612,1,1,3,,
554463,56,2,460,1,1,4,,
555058,17,2,1929,1,1,5,,
555777,72,2,186,1,1,1,,
556031,18,2,703,1,1,5,,
556096,41,2,136,1,1,4,,
556266,27,2,1930,1,1,,,
556402,9,2,148,1,1,6,,
556799,90,2,191,1,1,,,
557059,348,2,215,1,1,2,,
557215,4,2,95,1,1,5,,
557279,9,2,654,1,1,4,,
558275,106,2,420,1,1,3,,
558939,9,2,654,1,1,5,,
558956,2,2,15,1,1,1,,
559340,105,2,230,1,1,5,,
559661,41,2,1129,1,1,5,,
560529,120,2,1931,1,1,4,,
560766,31,2,1932,1,1,5,,
563417,6,2,1933,1,1,4,,
563797,9,2,904,1,1,5,,
564112,151,2,1934,1,1,4,,
564194,51,2,373,1,1,5,,
564586,103,2,446,1,1,2,,
564709,9,2,27,1,1,4,,
565826,9,2,58,1,1,1,,
567465,151,2,1028,1,1,2,,
567565,3,2,15,1,1,4,,
567569,4,2,1935,1,1,,,
568502,76,2,1936,1,1,,,
568624,14,2,1937,1,1,2,,
570101,9,2,1938,1,1,3,,
570420,7,2,58,1,1,4,,
570550,26,2,22,1,1,7,,
570739,70,2,708,1,1,4,,
571160,19,2,26,1,1,1,,
571214,17,2,1190,1,1,,,
572144,72,2,1939,1,1,2,,
572533,220,15,1940,1,1,4,,
572769,52,2,504,1,1,1,,
572850,31,2,51,1,1,4,,
573095,2,2,703,1,1,5,,
573158,2,2,67,1,1,4,,
573197,98,2,217,1,1,4,,
573243,9,2,97,1,1,4,,
573263,23,2,84,1,1,2,,
573810,9,2,830,1,1,1,,
573871,7,2,360,1,1,1,,
574859,72,2,1941,1,1,1,,
574885,16,2,288,1,1,2,,
575501,9,2,157,1,1,,,
575641,4,2,1942,1,1,2,,
575810,73,2,1943,1,1,2,,
575811,41,2,3,1,1,1,,
575869,7,2,145,1,1,1,,
575969,144,2,119,1,1,2,,
576101,26,2,604,1,1,2,,
577499,40,2,1944,1,1,2,,
578065,429,2,26,1,1,2,,
578151,9,2,58,1,1,2,,
579009,9,2,1945,1,1,3,,
579052,5,2,71,1,1,5,,
579539,42,2,68,1,1,2,,
580089,115,2,825,1,1,5,,
580619,14,2,357,1,1,6,,
580624,25,2,38,1,1,4,,
581027,44,2,164,1,1,4,,
581589,31,2,1946,1,1,2,,
581824,7,2,485,1,1,6,,
581910,72,2,137,1,1,5,,
582024,2,2,15,1,1,4,,
582316,32,2,1663,1,1,,,
582324,2,2,15,1,1,3,,
583166,9,2,27,1,1,5,,
584081,169,2,1615,1,1,3,,
584401,41,2,232,1,1,4,,
584471,103,2,104,1,1,5,,
584561,7,2,10,1,1,4,,
584683,29,2,347,1,1,4,,
584773,7,2,315,1,1,5,,
585138,430,2,1947,1,1,5,,
585184,31,2,532,1,1,1,,
585331,5,2,1159,1,1,5,,
585393,6,2,4,1,1,3,,
585873,431,5,472,1,1,4,,
585887,3,32,614,1,1,7,,
586336,40,2,919,1,1,4,,
586414,3,10,264,1,1,7,,
586520,183,2,721,1,1,,,
586645,7,2,122,1,1,2,,
586648,125,2,428,1,1,5,,
586673,125,2,1948,1,1,4,,
586817,3,2,10,1,1,1,,
586818,45,2,614,1,1,2,,
587343,39,2,429,1,1,3,,
587493,51,2,231,1,1,5,,
587525,26,2,22,1,1,3,,
588372,7,2,58,1,1,1,,
589247,62,2,104,1,1,4,,
589376,30,2,1546,1,1,1,,
589571,3,3,1949,1,1,4,,
589718,14,2,276,1,1,2,,
589859,7,2,904,1,1,2,,
590130,68,2,119,1,1,5,,
590131,125,2,232,1,1,3,,
590578,18,2,1377,1,1,3,,
591561,143,2,1950,1,1,1,,
591781,4,2,4,1,1,5,,
592250,63,2,354,1,1,2,,
592623,73,2,1804,1,1,3,,
593073,9,2,97,1,1,1,,
594012,73,2,794,1,1,4,,
594302,26,2,128,1,1,2,,
594333,18,2,15,1,1,4,,
594464,29,2,223,1,1,7,,
594849,73,2,1169,1,1,4,,
594915,40,2,131,1,1,4,,
595615,6,2,4,1,1,1,,
595749,2,2,627,1,1,2,,
596009,90,2,722,1,1,4,,
596464,3,18,1951,1,1,5,,
596689,432,2,67,1,1,3,,
596893,9,2,97,1,1,3,,
597433,42,2,68,1,1,5,,
597953,135,2,1952,1,1,5,,
598372,41,2,140,1,1,2,,
598783,4,2,1258,1,1,3,,
599659,41,2,1953,1,1,,,
599993,3,6,17,1,1,5,,
600339,289,12,1954,1,1,5,,
600930,73,2,1955,1,1,2,,
601509,90,2,615,1,1,2,,
601906,186,2,486,1,1,1,,
601919,9,2,83,1,1,6,,
602059,103,2,225,1,1,2,,
602066,86,2,183,1,1,2,,
602195,42,2,68,1,1,2,,
602239,98,2,217,1,1,7,,
603134,4,2,11,1,1,5,,
603251,43,2,68,1,1,1,,
603280,73,2,1956,1,1,3,,
603421,57,5,1705,1,1,7,,
603630,3,4,10,1,1,5,,
604355,3,2,10,1,1,3,,
604525,328,6,1957,1,1,2,,
604796,54,2,1031,1,1,2,,
604967,4,2,167,1,1,5,,
605130,70,2,183,1,1,2,,
605498,3,38,1091,1,1,7,,
605815,202,2,367,1,1,2,,
606276,66,2,1958,1,1,1,,
606295,72,2,933,1,1,2,,
606356,7,2,1084,1,1,2,,
606375,56,2,1959,1,1,5,,
606385,31,2,360,1,1,4,,
606478,3,2,537,1,1,1,,
606495,3,2,1960,1,1,4,,
606862,135,2,455,1,1,2,,
607957,3,14,10,1,1,7,,
608239,39,2,429,1,1,4,,
608249,120,2,1961,1,1,1,,
608564,124,2,732,1,1,2,,
608647,56,2,136,1,1,2,,
608678,7,2,344,1,1,5,,
608693,25,2,78,1,1,2,,
609107,148,2,354,1,1,3,,
609119,5,2,45,1,1,4,,
609198,72,2,955,1,1,1,,
609279,9,2,464,1,1,5,,
609966,120,2,1167,1,1,3,,
610108,90,2,186,1,1,3,,
610475,2,2,15,1,1,2,,
610608,3,2,10,1,1,,,
610863,72,2,186,1,1,1,,
611131,43,2,68,1,1,7,,
611576,4,2,5,1,1,4,,
611987,16,2,128,1,1,5,,
612048,10,2,416,1,1,5,,
612239,7,2,58,1,1,5,,
612300,2,2,1962,1,1,1,,
612493,6,2,5,1,1,2,,
612636,45,2,614,1,1,5,,
612698,45,2,360,1,1,5,,
612815,10,2,1963,1,1,2,,
612877,9,2,148,1,1,3,,
613123,7,2,1964,1,1,1,,
613196,66,2,1965,1,1,3,,
613385,41,2,3,1,1,,,
613447,26,2,1966,1,1,1,,
613812,14,2,514,1,1,4,,
614655,66,2,691,1,1,4,,
614724,40,2,807,1,1,1,,
614775,10,2,1967,1,1,3,,
614870,9,2,1968,1,1,,,
615115,3,2,1969,1,1,2,,
615255,3,2,1970,1,1,2,,
615808,172,2,1971,1,1,3,,
616119,7,2,14,1,1,3,,
616139,5,2,1972,1,1,3,,
616940,104,6,1973,1,1,5,,
617457,9,2,368,1,1,3,,
617665,49,2,38,1,1,5,,
617961,25,2,73,1,1,5,,
618276,40,2,478,1,1,5,,
618326,73,2,1263,1,1,3,,
618336,7,2,58,1,1,2,,
618590,5,2,71,1,1,1,,
619425,3,2,10,1,1,1,,
619737,98,2,1543,1,1,3,,
620188,43,2,68,1,1,3,,
620532,202,2,1028,1,1,3,,
620995,4,2,5,1,1,2,,
621143,52,2,1974,1,1,2,,
621180,56,2,93,1,1,2,,
621294,3,6,478,1,1,5,,
621939,6,2,4,1,1,2,,
622064,9,2,368,1,1,3,,
622180,165,15,412,1,1,5,,
622432,41,2,1975,1,1,2,,
622557,3,2,433,1,1,3,,
622936,70,2,260,1,1,1,,
623152,433,49,1976,1,1,2,,
623337,3,6,17,1,1,2,,
623444,3,2,15,1,1,1,,
623716,5,2,859,1,1,5,,
624581,6,2,114,1,1,4,,
624917,72,2,287,1,1,1,,
624965,32,2,1977,1,1,4,,
625689,52,2,762,1,1,5,,
626382,120,2,598,1,1,2,,
626891,52,2,1978,1,1,2,,
628138,7,2,285,1,1,2,,
628410,67,2,1979,1,1,3,,
628480,43,2,383,1,1,4,,
628489,328,6,1980,1,1,2,,
628842,27,2,1556,1,1,2,,
629227,17,2,23,1,1,7,,
629425,73,2,1981,1,1,4,,
629524,7,2,261,1,1,2,,
629785,62,2,695,1,1,5,,
631358,7,2,1982,1,1,,,
631614,17,2,257,1,1,2,,
631652,10,2,3,1,1,2,,
632721,52,2,400,1,1,2,,
633031,3,5,56,1,1,5,,
633558,242,18,1983,1,1,5,,
633654,3,2,10,1,1,2,,
634256,2,2,1984,1,1,1,,
634422,3,2,10,1,1,5,,
634643,55,15,48,1,1,5,,
636533,4,2,289,1,1,3,,
636711,72,2,1985,1,1,3,,
636832,51,2,1784,1,1,3,,
636890,434,21,1986,1,1,6,,
639600,206,2,952,1,1,2,,
639707,63,2,105,1,1,,,
639860,90,2,186,1,1,2,,
639979,72,2,1027,1,1,1,,
640071,4,2,1215,1,1,2,,
641230,10,2,232,1,1,3,,
641254,72,2,287,1,1,2,,
641288,120,2,1987,1,1,2,,
641385,70,2,183,1,1,6,,
641569,4,2,4,1,1,,,
642062,41,2,1988,1,1,5,,
642251,6,2,4,1,1,2,,
642341,70,2,708,1,1,5,,
642417,210,2,1989,1,1,2,,
643088,435,6,1990,1,1,4,,
643347,56,2,93,1,1,2,,
644472,18,2,15,1,1,2,,
644531,2,2,513,1,1,4,,
644691,3,2,15,1,1,4,,
644865,26,2,22,1,1,4,,
644959,148,2,1608,1,1,4,,
645247,4,2,883,1,1,4,,
646228,4,2,11,1,1,5,,
647197,86,2,708,1,1,3,,
647285,7,2,1075,1,1,4,,
647587,2,2,1755,1,1,1,,
647731,7,2,1991,1,1,2,,
647822,16,2,22,1,1,1,,
648924,158,6,17,1,1,5,,
649332,6,2,11,1,1,1,,
649388,40,2,1992,1,1,4,,
649629,7,2,585,1,1,,,
649827,20,6,17,1,1,2,,
649898,17,2,23,1,1,1,,
651069,14,2,1288,1,1,2,,
651176,126,2,1565,1,1,3,,
651490,16,2,510,1,1,3,,
652083,188,2,486,1,1,2,,
652234,103,2,104,1,1,4,,
654145,42,2,68,1,1,7,,
656158,9,2,172,1,1,5,,
656182,22,6,17,1,1,5,,
656412,45,2,1826,1,1,5,,
657475,103,2,104,1,1,1,,
657616,9,2,399,1,1,2,,
658538,31,2,49,1,1,3,,
658814,90,2,287,1,1,5,,
659023,90,2,137,1,1,3,,
659301,151,2,367,1,1,3,,
659469,103,2,1365,1,1,4,,
659472,39,2,429,1,1,1,,
659695,2,2,627,1,1,4,,
660103,7,2,1993,1,1,2,,
660180,206,2,1994,1,1,5,,
660285,90,2,422,1,1,2,,
660560,436,17,1995,1,1,7,,
661106,2,2,15,1,1,4,,
661843,14,2,1778,1,1,6,,
661985,45,2,1996,1,1,1,,
662089,348,2,215,1,1,1,,
662171,72,2,154,1,1,4,,
663663,22,6,17,1,1,1,,
664795,99,2,26,1,1,2,,
665915,73,2,1523,1,1,1,,
666172,232,2,818,1,1,2,,
668124,51,2,1997,1,1,5,,
668211,55,15,637,1,1,,,
668844,2,2,832,1,1,5,,
669241,41,2,1998,1,1,2,,
669243,41,2,1272,1,1,,,
669253,4,2,893,1,1,5,,
669285,43,2,1999,1,1,4,,
669768,90,2,186,1,1,4,,
670004,43,2,68,1,1,1,,
670197,27,2,2000,1,1,3,,
670449,81,17,170,1,1,3,,
670462,26,2,22,1,1,2,,
670503,83,2,217,1,1,4,,
670584,41,2,3,1,1,5,,
672722,3,49,2001,1,1,1,,
672814,103,2,104,1,1,2,,
673163,42,2,68,1,1,2,,
674210,30,2,747,1,1,3,,
674301,73,2,1862,1,1,5,,
675378,172,2,272,1,1,2,,
675562,9,2,27,1,1,5,,
676434,2,2,15,1,1,4,,
676658,437,6,2002,1,1,3,,
677285,52,2,84,1,1,2,,
677834,90,2,186,1,1,1,,
678036,25,2,753,1,1,4,,
679272,4,2,4,1,1,1,,
679635,6,2,4,1,1,5,,
679786,34,15,48,1,1,2,,
679857,7,2,791,1,1,2,,
680248,6,2,5,1,1,4,,
680364,9,2,2003,1,1,3,,
680499,7,2,2004,1,1,2,,
682039,4,2,4,1,1,4,,
682306,17,2,1556,1,1,4,,
683144,2,2,15,1,1,5,,
683310,10,2,338,1,1,6,,
683420,51,2,586,1,1,3,,
683606,2,2,15,1,1,3,,
683678,54,2,720,1,1,2,,
683870,31,2,100,1,1,3,,
684349,4,2,5,1,1,1,,
684457,22,6,2005,1,1,2,,
684686,73,2,696,1,1,3,,
685175,31,2,100,1,1,2,,
685611,323,5,9,1,1,5,,
685741,67,2,594,1,1,2,,
685780,72,2,422,1,1,2,,
686294,7,2,27,1,1,5,,
686498,32,2,71,1,1,1,,
686686,3,2,10,1,1,,,
687274,54,2,88,1,1,6,,
687352,7,2,27,1,1,4,,
687450,131,6,320,1,1,3,,
687779,55,15,2006,1,1,1,,
688222,2,2,15,1,1,3,,
688249,7,2,58,1,1,4,,
688540,31,2,360,1,1,2,,
688958,52,2,2007,1,1,7,,
689045,2,2,15,1,1,7,,
689293,17,2,23,1,1,1,,
689669,118,24,2008,1,1,6,,
689849,9,2,58,1,1,2,,
690108,51,2,373,1,1,1,,
690468,14,2,1550,1,1,3,,
690568,282,2,3,1,1,5,,
690587,3,2,10,1,1,2,,
690822,90,2,191,1,1,2,,
690867,73,2,720,1,1,3,,
691067,183,2,2009,1,1,7,,
691458,160,2,2010,1,1,7,,
691754,4,2,1935,1,1,4,,
692925,62,2,686,1,1,5,,
693360,27,2,23,1,1,4,,
693467,4,2,11,1,1,5,,
693712,18,2,15,1,1,,,
695193,143,2,983,1,1,4,,
695473,2,2,15,1,1,5,,
696311,67,2,811,1,1,2,,
696318,2,2,15,1,1,4,,
696365,41,2,1931,1,1,4,,
696485,438,19,2011,1,1,7,,
696534,39,2,1147,1,1,4,,
696715,2,2,15,1,1,5,,
696781,90,2,287,1,1,7,,
697992,32,2,45,1,1,5,,
698150,7,2,97,1,1,5,,
699101,39,2,2012,1,1,2,,
699250,4,2,11,1,1,1,,
699290,43,2,68,1,1,,,
699401,40,2,1147,1,1,5,,
699480,25,2,2013,1,1,3,,
700137,259,2,14,1,1,2,,
700448,439,6,2014,1,1,5,,
700906,166,2,2015,1,1,3,,
700995,17,2,224,1,1,1,,
701152,14,2,2016,1,1,4,,
701236,5,2,71,1,1,4,,
701323,90,2,186,1,1,3,,
701377,183,2,2017,1,1,2,,
701483,4,2,5,1,1,3,,
701795,2,2,15,1,1,4,,
701854,7,2,148,1,1,6,,
702048,263,2,2018,1,1,4,,
702173,72,2,707,1,1,2,,
702394,172,2,2019,1,1,5,,
703010,25,2,1314,1,1,2,,
703034,52,2,104,1,1,2,,
703201,120,2,79,1,1,2,,
703835,117,2,2020,1,1,5,,
703974,169,2,1002,1,1,2,,
704090,6,2,289,1,1,4,,
704462,67,2,2021,1,1,,,
705199,10,2,3,1,1,7,,
705508,90,50,1027,1,1,2,,
705528,6,2,11,1,1,4,,
705539,6,2,2022,1,1,3,,
705542,41,2,3,1,1,3,,
705661,339,6,2023,1,1,2,,
706445,6,2,289,1,1,3,,
707531,18,2,703,1,1,3,,
707656,3,10,219,1,1,6,,
708012,82,2,174,1,1,3,,
708393,40,2,507,1,1,5,,
708507,9,2,496,1,1,3,,
708541,3,2,10,1,1,1,,
708782,6,2,5,1,1,2,,
708917,4,2,11,1,1,5,,
709232,5,2,1663,1,1,1,,
709475,73,2,2024,1,1,2,,
710404,31,2,539,1,1,2,,
710411,39,2,131,1,1,1,,
711088,4,2,1852,1,1,2,,
712121,31,2,773,1,1,4,,
712307,39,2,2025,1,1,3,,
713845,6,2,4,1,1,5,,
714814,14,2,357,1,1,2,,
716317,31,2,310,1,1,5,,
716360,2,2,15,1,1,1,,
716404,49,2,2026,1,1,2,,
716802,56,2,93,1,1,2,,
716986,7,2,122,1,1,3,,
717072,151,2,2027,1,1,2,,
717080,23,2,34,1,1,4,,
717088,32,2,1104,1,1,4,,
717273,218,9,2028,1,1,3,,
717871,45,2,2029,1,1,2,,
717971,39,2,429,1,1,2,,
717995,56,2,591,1,1,4,,
718195,9,2,97,1,1,2,,
718282,19,2,26,1,1,7,,
718471,440,2,310,1,1,2,,
718476,14,2,91,1,1,1,,
718526,144,2,119,1,1,2,,
718570,263,2,2030,1,1,5,,
719642,18,2,15,1,1,4,,
719759,52,2,2031,1,1,5,,
719778,4,2,5,1,1,,,
720051,42,2,550,1,1,2,,
720261,176,2,67,1,1,2,,
720284,105,2,230,1,1,1,,
721068,31,2,360,1,1,1,,
721189,153,2,380,1,1,5,,
721349,6,2,4,1,1,3,,
721458,72,2,2032,1,1,3,,
721488,7,2,27,1,1,,,
721622,90,2,191,1,1,3,,
722211,51,2,1290,1,1,5,,
722490,73,2,2033,1,1,3,,
725097,31,2,44,1,1,6,,
725809,9,2,27,1,1,5,,
725907,27,2,194,1,1,6,,
725969,106,2,1424,1,1,,,
726096,282,2,3,1,1,1,,
726144,441,6,2034,1,1,3,,
726206,2,2,15,1,1,5,,
726805,9,2,148,1,1,5,,
727156,120,2,79,1,1,5,,
727218,29,2,594,1,1,3,,
727928,169,2,420,1,1,5,,
728285,16,2,297,1,1,4,,
728312,4,2,99,1,1,3,,
728320,6,2,359,1,1,4,,
728445,9,2,399,1,1,3,,
728596,39,2,144,1,1,2,,
728607,124,2,300,1,1,3,,
729040,41,2,1110,1,1,5,,
729043,23,2,2035,1,1,4,,
729046,106,2,233,1,1,1,,
729238,17,2,23,1,1,2,,
729369,9,2,14,1,1,1,,
729473,9,2,97,1,1,2,,
730660,10,2,1223,1,1,3,,
731128,41,2,3,1,1,4,,
731245,4,2,2036,1,1,4,,
732168,90,2,722,1,1,4,,
732328,9,2,2037,1,1,4,,
732400,117,2,1607,1,1,5,,
732639,31,2,75,1,1,2,,
732744,9,2,31,1,1,3,,
733068,3,12,2038,1,1,4,,
733272,3,9,19,1,1,2,,
734498,442,31,2039,1,1,6,,
734619,27,2,23,1,1,2,,
734732,120,2,68,1,1,4,,
734752,327,2,1138,1,1,5,,
735085,7,2,14,1,1,6,,
735906,22,6,17,1,1,2,,
736168,4,2,701,1,1,2,,
736191,50,2,79,1,1,5,,
736223,2,2,1377,1,1,3,,
736239,73,2,1134,1,1,4,,
736366,25,2,38,1,1,3,,
736377,86,2,183,1,1,5,,
736634,6,2,99,1,1,1,,
736683,86,2,737,1,1,1,,
737010,9,2,148,1,1,7,,
737035,167,2,2040,1,1,3,,
737554,3,2,10,1,1,5,,
737849,16,2,172,1,1,1,,
739652,41,2,1913,1,1,5,,
740278,3,9,1900,1,1,7,,
740469,443,6,1445,1,1,2,,
740521,3,2,10,1,1,4,,
740560,82,2,174,1,1,4,,
741062,9,2,526,1,1,2,,
741449,29,2,811,1,1,4,,
741968,2,2,617,1,1,1,,
742079,6,2,43,1,1,3,,
742262,127,8,565,1,1,7,,
743346,34,15,637,1,1,4,,
743658,115,2,2041,1,1,4,,
743711,3,2,10,1,1,1,,
743757,52,2,1840,1,1,2,,
743837,41,2,2042,1,1,,,
743843,9,2,314,1,1,3,,
744372,9,2,957,1,1,2,,
744442,4,2,4,1,1,5,,
744453,4,2,528,1,1,4,,
744608,4,2,872,1,1,5,,
744748,135,2,155,1,1,3,,
744959,3,2,269,1,1,5,,
745817,18,2,53,1,1,3,,
746141,27,2,2043,1,1,4,,
746297,51,2,230,1,1,2,,
746463,6,2,114,1,1,2,,
746485,25,2,38,1,1,1,,
746802,120,2,79,1,1,3,,
746809,90,2,186,1,1,2,,
747679,103,2,104,1,1,2,,
748587,120,2,2044,1,1,5,,
748604,64,2,1912,1,1,2,,
748731,3,7,218,1,1,6,,
748875,7,2,14,1,1,2,,
749285,3,2,10,1,1,1,,
749331,41,2,3,1,1,2,,
749716,151,2,367,1,1,1,,
749795,172,2,2045,1,1,1,,
749957,67,2,132,1,1,1,,
750072,7,2,14,1,1,5,,
751004,3,2,10,1,1,3,,
751259,26,2,587,1,1,5,,
751260,39,2,429,1,1,4,,
751575,45,2,277,1,1,2,,
751761,18,2,15,1,1,1,,
752761,90,2,186,1,1,5,,
753083,2,2,15,1,1,1,,
754505,14,2,63,1,1,3,,
755129,55,15,2046,1,1,3,,
755570,27,2,112,1,1,2,,
756382,18,2,15,1,1,4,,
756569,38,2,672,1,1,2,,
756621,4,2,1192,1,1,6,,
757451,7,2,157,1,1,2,,
757831,3,2,10,1,1,2,,
758016,41,2,2047,1,1,2,,
758531,2,2,15,1,1,1,,
758538,213,2,997,1,1,3,,
758581,232,2,633,1,1,3,,
758623,3,2,10,1,1,1,,
759432,9,2,2048,1,1,2,,
759441,9,2,399,1,1,2,,
759702,7,2,261,1,1,5,,
760481,52,2,313,1,1,2,,
760554,9,2,58,1,1,4,,
760913,6,2,4,1,1,1,,
760983,4,2,114,1,1,6,,
761043,2,2,15,1,1,4,,
761121,315,2,940,1,1,3,,
761899,90,2,186,1,1,2,,
762365,72,2,1375,1,1,7,,
762535,9,2,77,1,1,1,,
762603,7,2,97,1,1,1,,
763137,22,6,17,1,1,3,,
763780,52,2,182,1,1,2,,
763915,41,2,3,1,1,5,,
765008,3,12,65,1,1,3,,
765222,9,2,97,1,1,4,,
765920,64,2,2049,1,1,2,,
766058,105,2,597,1,1,7,,
766262,18,2,1834,1,1,2,,
766308,4,2,560,1,1,2,,
766351,9,2,453,1,1,4,,
766849,14,2,20,1,1,1,,
766876,40,2,144,1,1,5,,
768161,120,2,79,1,1,6,,
768483,3,3,120,1,1,1,,
770359,88,2,186,1,1,4,,
770551,3,2,10,1,1,4,,
770597,30,2,138,1,1,3,,
770743,63,2,105,1,1,2,,
770812,3,2,692,1,1,3,,
771125,5,2,2050,1,1,4,,
771688,206,2,469,1,1,2,,
772837,26,2,2051,1,1,5,,
772880,120,2,2052,1,1,1,,
772977,3,2,10,1,1,1,,
773342,42,2,68,1,1,2,,
773375,4,2,4,1,1,2,,
773538,30,2,2053,1,1,1,,
774058,62,2,1915,1,1,3,,
775402,40,2,507,1,1,6,,
775490,90,2,659,1,1,1,,
775687,4,2,289,1,1,2,,
775815,10,2,1888,1,1,2,,
775963,14,2,357,1,1,3,,
776461,62,2,276,1,1,,,
776590,31,2,348,1,1,4,,
776750,4,2,787,1,1,3,,
776909,40,2,1100,1,1,5,,
777243,72,2,722,1,1,3,,
777448,52,2,2054,1,1,3,,
778098,22,6,17,1,1,2,,
778731,51,2,373,1,1,4,,
778742,3,6,17,1,1,2,,
778985,45,2,49,1,1,1,,
779147,41,2,1975,1,1,2,,
779352,125,2,164,1,1,,,
779638,4,2,5,1,1,4,,
780268,2,2,15,1,1,5,,
780422,10,2,3,1,1,1,,
781398,3,6,806,1,1,2,,
781738,25,2,173,1,1,2,,
781868,29,2,2055,1,1,2,,
783215,3,7,218,1,1,2,,
783257,4,2,289,1,1,6,,
783421,9,2,55,1,1,7,,
783611,2,2,15,1,1,5,,
784330,9,2,97,1,1,1,,
784652,34,15,682,1,1,7,,
786063,176,2,2056,1,1,1,,
786140,14,2,2057,1,1,1,,
786419,72,2,191,1,1,2,,
787067,45,2,1045,1,1,5,,
787232,25,2,181,1,1,5,,
787339,9,2,157,1,1,6,,
788340,3,2,10,1,1,4,,
788707,26,2,2058,1,1,3,,
788977,183,2,354,1,1,5,,
789643,14,2,2059,1,1,5,,
789681,9,2,179,1,1,2,,
790131,9,2,160,1,1,2,,
791498,6,2,4,1,1,5,,
791541,41,2,2060,1,1,2,,
792164,4,2,883,1,1,2,,
792461,3,2,71,1,1,2,,
792882,18,2,15,1,1,5,,
792940,72,2,2061,1,1,2,,
793510,84,2,26,1,1,2,,
794068,16,2,488,1,1,3,,
794193,39,2,876,1,1,2,,
795290,160,2,612,1,1,2,,
795507,2,2,627,1,1,2,,
795551,9,2,70,1,1,1,,
795709,223,2,601,1,1,1,,
795755,9,2,654,1,1,2,,
796037,3,6,2062,1,1,1,,
796655,62,2,2063,1,1,2,,
797399,14,2,1307,1,1,2,,
798828,2,2,15,1,1,5,,
798998,3,19,235,1,1,7,,
799030,90,2,186,1,1,3,,
799057,70,2,183,1,1,2,,
800969,444,2,2064,1,1,2,,
801129,2,2,15,1,1,5,,
801428,3,10,2065,1,1,6,,
801800,16,2,2066,1,1,4,,
802433,52,2,909,1,1,5,,
802614,17,2,126,1,1,4,,
803638,25,2,494,1,1,2,,
803934,6,2,99,1,1,3,,
804493,10,2,3,1,1,1,,
804801,445,2,545,1,1,3,,
804928,52,2,407,1,1,3,,
805326,19,2,26,1,1,2,,
806395,10,2,2067,1,1,3,,
807020,124,2,1230,1,1,1,,
807133,90,2,186,1,1,4,,
807257,7,2,27,1,1,5,,
807582,56,2,93,1,1,2,,
807593,2,2,15,1,1,7,,
808034,9,2,58,1,1,6,,
808264,9,2,77,1,1,1,,
809218,3,2,15,1,1,5,,
809238,45,2,310,1,1,2,,
809314,62,2,271,1,1,5,,
809337,29,2,381,1,1,2,,
809338,184,2,469,1,1,2,,
809360,73,2,1134,1,1,2,,
809397,3,21,10,1,1,7,,
810233,90,2,615,1,1,1,,
810300,59,12,1079,1,1,5,,
810707,103,2,692,1,1,3,,
811950,3,6,17,1,1,1,,
812542,41,2,404,1,1,2,,
813166,3,13,10,1,1,1,,
814025,7,2,27,1,1,5,,
815009,67,2,347,1,1,4,,
815085,206,2,469,1,1,2,,
816173,14,2,2068,1,1,7,,
816819,4,2,114,1,1,4,,
816965,17,2,126,1,1,5,,
816968,126,2,1117,1,1,3,,
818231,44,2,69,1,1,3,,
818426,3,2,10,1,1,,,
818627,89,6,2069,1,1,4,,
818691,27,2,2070,1,1,,,
818762,52,2,2071,1,1,1,,
819886,3,2,375,1,1,5,,
820978,4,2,11,1,1,2,,
821065,45,2,942,1,1,2,,
821548,259,2,786,1,1,1,,
821612,16,2,120,1,1,5,,
821640,7,2,1418,1,1,2,,
821650,25,2,187,1,1,4,,
822071,25,2,232,1,1,5,,
822191,3,2,10,1,1,5,,
822408,9,2,148,1,1,5,,
822535,9,2,27,1,1,5,,
822694,446,2,2072,1,1,5,,
823412,3,2,2073,1,1,3,,
823931,40,2,1560,1,1,1,,
824370,41,2,92,1,1,5,,
824456,148,2,1331,1,1,5,,
825052,10,2,2074,1,1,2,,
825290,26,2,938,1,1,5,,
826942,39,2,131,1,1,4,,
827001,9,2,129,1,1,4,,
827183,18,2,15,1,1,3,,
827928,52,2,84,1,1,2,,
828046,52,2,84,1,1,2,,
828170,38,2,292,1,1,4,,
828390,25,2,753,1,1,5,,
829179,2,2,703,1,1,3,,
829341,18,2,2075,1,1,3,,
829374,72,2,2076,1,1,5,,
829626,447,19,2077,1,1,7,,
829701,23,2,278,1,1,5,,
830603,90,2,2078,1,1,2,,
831571,358,15,2079,1,1,3,,
833257,448,12,2080,1,1,2,,
833683,26,2,516,1,1,1,,
833913,45,2,1045,1,1,2,,
834055,40,2,2081,1,1,5,,
834250,202,2,543,1,1,3,,
834464,16,2,2082,1,1,2,,
835663,9,2,58,1,1,4,,
836004,3,2,10,1,1,1,,
836277,2,2,15,1,1,5,,
836345,66,2,564,1,1,1,,
836465,43,2,68,1,1,2,,
836474,16,2,985,1,1,1,,
836710,17,2,224,1,1,4,,
837022,72,2,1443,1,1,5,,
837106,7,2,55,1,1,,,
837188,3,2,600,1,1,2,,
837281,25,2,1378,1,1,2,,
837291,49,2,604,1,1,2,,
837566,25,2,2083,1,1,1,,
838155,449,3,6,1,1,1,,
838311,28,13,2084,1,1,3,,
838605,76,2,329,1,1,4,,
839023,9,2,822,1,1,2,,
839032,45,2,360,1,1,1,,
839287,30,2,106,1,1,3,,
839678,62,2,2085,1,1,1,,
839847,63,2,354,1,1,3,,
839894,179,15,533,1,1,3,,
840033,9,2,37,1,1,1,,
840339,103,2,478,1,1,5,,
840874,450,6,552,1,1,2,,
840919,72,2,287,1,1,4,,
841976,99,2,26,1,1,1,,
842708,86,2,183,1,1,1,,
844654,348,2,1250,1,1,2,,
844988,3,5,2086,1,1,6,,
845217,25,2,290,1,1,3,,
845708,41,2,973,1,1,2,,
845871,9,2,157,1,1,5,,
845956,143,2,642,1,1,3,,
846202,7,2,188,1,1,,,
846385,31,2,100,1,1,2,,
846443,90,2,287,1,1,3,,
846940,38,2,714,1,1,5,,
846953,29,2,347,1,1,1,,
847311,312,13,2087,1,1,5,,
847550,3,22,268,1,1,4,,
848216,10,2,1888,1,1,2,,
848248,52,2,84,1,1,7,,
849957,70,2,183,1,1,1,,
851438,186,2,486,1,1,3,,
851980,202,2,238,1,1,7,,
852030,18,2,2088,1,1,1,,
852201,5,2,1159,1,1,2,,
852267,132,6,2089,1,1,7,,
852298,9,2,172,1,1,3,,
852398,215,2,346,1,1,1,,
853257,17,2,651,1,1,3,,
853360,6,2,5,1,1,2,,
853537,52,2,1035,1,1,5,,
853642,103,2,104,1,1,2,,
853742,10,2,3,1,1,4,,
853789,52,2,2090,1,1,4,,
853793,52,2,2091,1,1,5,,
853989,451,2,794,1,1,1,,
854521,49,2,604,1,1,4,,
855005,105,2,597,1,1,2,,
855364,284,33,734,1,1,2,,
855749,52,2,366,1,1,5,,
856261,20,6,17,1,1,,,
856631,4,2,5,1,1,2,,
856720,14,2,922,1,1,7,,
856887,105,2,231,1,1,5,,
856969,49,2,38,1,1,2,,
857246,3,2,10,1,1,2,,
857495,23,2,241,1,1,5,,
857700,18,2,15,1,1,1,,
858214,72,2,2092,1,1,7,,
858623,27,2,23,1,1,5,,
859069,38,2,1550,1,1,3,,
859307,452,15,2093,1,1,2,,
860124,26,2,604,1,1,2,,
860335,6,2,11,1,1,3,,
860456,5,2,71,1,1,2,,
860458,7,2,179,1,1,2,,
860833,232,2,174,1,1,3,,
860860,16,2,120,1,1,3,,
860919,43,2,68,1,1,1,,
860999,9,2,1861,1,1,7,,
861427,3,2,15,1,1,4,,
861612,18,2,433,1,1,1,,
862962,2,2,703,1,1,2,,
863009,70,2,275,1,1,2,,
863212,36,15,2094,1,1,4,,
864261,48,2,1770,1,1,2,,
865558,26,2,1519,1,1,3,,
865764,51,2,230,1,1,,,
865825,115,2,1598,1,1,4,,
866389,6,2,5,1,1,4,,
866507,45,2,49,1,1,2,,
866718,30,2,225,1,1,3,,
866788,31,2,348,1,1,2,,
866905,169,2,2095,1,1,2,,
867761,132,6,2096,1,1,,,
868314,50,2,136,1,1,3,,
868336,41,2,3,1,1,2,,
868951,73,2,2097,1,1,2,,
869128,10,2,3,1,1,3,,
869492,38,2,291,1,1,2,,
869524,66,2,93,1,1,4,,
869909,7,2,31,1,1,1,,
870900,27,2,23,1,1,3,,
870977,16,2,1207,1,1,3,,
871040,73,2,226,1,1,2,,
871108,99,2,26,1,1,,,
871133,14,2,357,1,1,1,,
871502,31,2,1045,1,1,6,,
873825,118,24,282,1,1,7,,
874009,32,2,2098,1,1,2,,
875335,3,2,10,1,1,2,,
875431,9,2,1358,1,1,4,,
875966,206,2,469,1,1,2,,
876048,39,2,2099,1,1,1,,
876123,268,6,2100,1,1,2,,
876196,26,2,2101,1,1,5,,
876225,172,2,272,1,1,5,,
877430,4,2,359,1,1,5,,
877499,285,5,1636,1,1,6,,
878353,4,2,4,1,1,3,,
878413,38,2,714,1,1,3,,
878481,453,36,2102,1,1,4,,
878499,6,2,5,1,1,1,,
878513,23,2,2103,1,1,4,,
878533,202,2,543,1,1,4,,
878597,24,13,35,1,1,5,,
879040,83,2,64,1,1,2,,
879486,49,2,73,1,1,3,,
880202,3,6,17,1,1,1,,
880669,16,2,614,1,1,3,,
880808,62,2,104,1,1,5,,
881102,56,2,67,1,1,2,,
881148,6,2,4,1,1,2,,
881304,9,2,58,1,1,3,,
881424,7,2,368,1,1,1,,
882674,103,2,227,1,1,2,,
883225,66,2,2104,1,1,1,,
883471,176,2,1064,1,1,4,,
884316,64,2,2105,1,1,7,,
885787,14,2,514,1,1,2,,
886425,3,2,10,1,1,5,,
886457,25,2,753,1,1,,,
886705,206,2,1294,1,1,3,,
887484,4,2,5,1,1,3,,
887776,41,2,2106,1,1,3,,
887799,327,2,1138,1,1,4,,
887894,454,17,2107,1,1,5,,
888055,7,2,58,1,1,2,,
889392,18,2,2108,1,1,5,,
889599,10,2,402,1,1,5,,
889841,6,2,4,1,1,6,,
889902,99,2,26,1,1,2,,
889952,19,2,26,1,1,1,,
890145,42,2,2109,1,1,5,,
890161,2,2,15,1,1,1,,
890543,7,2,239,1,1,1,,
892001,9,2,846,1,1,5,,
892530,52,2,400,1,1,1,,
893018,455,51,2110,1,1,2,,
893807,248,6,1650,1,1,2,,
893928,120,2,598,1,1,3,,
893983,38,2,1129,1,1,3,,
894315,9,2,2111,1,1,3,,
894471,456,2,94,1,1,3,,
894610,16,2,2066,1,1,5,,
894640,18,2,15,1,1,,,
896415,106,2,1790,1,1,4,,
897906,9,2,1010,1,1,4,,
899339,52,2,267,1,1,,,
899708,9,2,97,1,1,6,,
899790,23,2,2112,1,1,2,,
900736,103,2,1365,1,1,4,,
901502,23,2,175,1,1,3,,
902605,72,2,2113,1,1,2,,
902762,16,2,128,1,1,2,,
903054,4,2,5,1,1,4,,
903138,2,2,15,1,1,2,,
903491,66,2,959,1,1,1,,
903687,6,2,114,1,1,2,,
903862,106,2,347,1,1,2,,
904119,18,2,2114,1,1,,,
904246,90,2,1403,1,1,5,,
905282,52,2,1329,1,1,5,,
905283,25,2,2115,1,1,,,
905367,90,2,722,1,1,2,,
905676,10,2,686,1,1,1,,
906401,43,2,68,1,1,5,,
906633,31,2,44,1,1,1,,
907307,89,6,2116,1,1,5,,
908087,41,2,251,1,1,2,,
908113,72,2,1027,1,1,5,,
910095,3,2,10,1,1,2,,
911430,2,2,15,1,1,4,,
911461,38,2,2117,1,1,5,,
912157,6,2,4,1,1,3,,
912312,72,2,1027,1,1,3,,
912358,42,2,68,1,1,2,,
912360,40,2,2118,1,1,4,,
912494,31,2,360,1,1,5,,
912675,73,2,794,1,1,2,,
912694,103,2,104,1,1,2,,
912833,7,2,27,1,1,5,,
913665,67,2,223,1,1,5,,
914254,9,2,2119,1,1,2,,
914890,31,2,360,1,1,4,,
915154,98,2,217,1,1,1,,
915215,348,2,215,1,1,3,,
915584,18,2,67,1,1,2,,
915922,2,2,15,1,1,3,,
917029,52,2,182,1,1,4,,
917185,2,2,2120,1,1,2,,
917557,9,2,2121,1,1,5,,
917641,105,2,597,1,1,2,,
917706,45,2,545,1,1,1,,
917707,10,2,3,1,1,3,,
917742,2,2,15,1,1,4,,
917979,105,2,81,1,1,2,,
918035,6,2,289,1,1,2,,
918334,56,2,93,1,1,2,,
920080,73,2,88,1,1,,,
920209,42,2,68,1,1,4,,
920392,2,2,575,1,1,3,,
920424,70,2,260,1,1,5,,
920618,2,2,15,1,1,1,,
920954,6,2,2122,1,1,5,,
921112,19,2,26,1,1,4,,
921340,7,2,261,1,1,1,,
921509,27,2,868,1,1,1,,
921636,23,2,377,1,1,,,
922502,29,2,1529,1,1,7,,
922640,2,2,15,1,1,5,,
922983,6,2,883,1,1,5,,
923557,3,2,10,1,1,2,,
924002,3,2,579,1,1,3,,
924962,3,12,2123,1,1,4,,
925074,52,2,84,1,1,1,,
925260,72,2,933,1,1,2,,
926041,7,2,27,1,1,6,,
926086,3,2,10,1,1,2,,
926979,334,2,825,1,1,4,,
927284,39,2,374,1,1,2,,
927781,4,2,4,1,1,6,,
927981,31,2,348,1,1,1,,
928045,9,2,70,1,1,2,,
928047,9,2,1964,1,1,,,
928766,38,2,2124,1,1,2,,
929276,18,2,15,1,1,1,,
929462,2,2,15,1,1,1,,
929568,3,2,599,1,1,5,,
929836,29,2,2125,1,1,5,,
931495,4,2,99,1,1,1,,
931863,19,2,26,1,1,,,
931923,7,2,27,1,1,1,,
932138,54,2,107,1,1,1,,
932155,52,2,182,1,1,2,,
932563,86,2,708,1,1,5,,
932755,32,2,2126,1,1,1,,
932766,2,2,1316,1,1,5,,
933942,38,2,292,1,1,4,,
934077,327,2,1138,1,1,4,,
934361,56,2,1227,1,1,4,,
934588,195,11,2127,1,1,7,,
935060,4,2,2128,1,1,5,,
935956,3,6,17,1,1,5,,
936460,327,2,1138,1,1,2,,
936483,23,2,762,1,1,2,,
936584,17,2,23,1,1,6,,
936620,43,2,554,1,1,4,,
936885,457,2,180,1,1,1,,
936915,25,2,38,1,1,3,,
937112,2,2,15,1,1,5,,
937217,7,2,14,1,1,2,,
937325,19,2,26,1,1,2,,
937393,3,2,26,1,1,1,,
937678,40,2,59,1,1,3,,
938659,3,5,2129,1,1,7,,
938801,3,2,10,1,1,4,,
939336,42,2,383,1,1,1,,
939521,348,2,1250,1,1,5,,
939844,170,2,612,1,1,5,,
939903,7,2,261,1,1,1,,
940888,126,2,792,1,1,2,,
941454,458,2,94,1,1,5,,
941488,7,2,169,1,1,5,,
941677,40,2,429,1,1,5,,
942009,6,2,11,1,1,7,,
942920,72,2,137,1,1,5,,
943057,14,2,292,1,1,2,,
943113,5,2,758,1,1,1,,
943426,4,2,4,1,1,2,,
943798,90,2,287,1,1,2,,
945178,459,5,2130,1,1,5,,
945273,20,6,17,1,1,2,,
945727,2,2,2131,1,1,4,,
945733,21,5,2132,1,1,5,,
946084,327,2,1138,1,1,1,,
946114,9,2,993,1,1,1,,
946242,63,2,105,1,1,3,,
946386,3,2,10,1,1,,,
946408,9,2,2133,1,1,4,,
946628,7,2,58,1,1,5,,
946811,41,2,3,1,1,1,,
946966,206,2,469,1,1,6,,
947663,160,2,2010,1,1,5,,
947715,120,2,79,1,1,6,,
947791,2,2,15,1,1,5,,
947812,103,2,1365,1,1,2,,
947908,62,2,227,1,1,5,,
947989,3,2,10,1,1,2,,
948098,3,2,607,1,1,7,,
948528,45,2,310,1,1,2,,
948550,31,2,539,1,1,3,,
948847,44,2,2134,1,1,4,,
948851,4,2,872,1,1,2,,
948981,25,2,232,1,1,4,,
949762,3,6,17,1,1,3,,
950746,6,2,359,1,1,3,,
950751,288,2,818,1,1,,,
950965,40,2,429,1,1,1,,
950989,17,2,23,1,1,3,,
951005,160,2,612,1,1,3,,
951130,25,2,38,1,1,5,,
951132,40,2,710,1,1,5,,
951177,3,2,10,1,1,1,,
952628,103,2,276,1,1,1,,
952784,4,2,11,1,1,2,,
952788,16,2,128,1,1,4,,
953310,3,2,1051,1,1,,,
954213,52,2,208,1,1,3,,
954757,4,2,114,1,1,2,,
955494,43,2,68,1,1,2,,
955524,2,2,222,1,1,1,,
956749,327,2,1138,1,1,1,,
957015,67,2,829,1,1,5,,
957131,202,2,1638,1,1,3,,
957193,73,2,1169,1,1,3,,
957210,2,2,15,1,1,5,,
957397,41,2,3,1,1,1,,
957722,2,2,2135,1,1,,,
957775,66,2,564,1,1,3,,
959354,86,2,708,1,1,1,,
959738,4,2,2136,1,1,5,,
959877,7,2,1774,1,1,3,,
960918,64,2,740,1,1,2,,
961273,7,2,12,1,1,3,,
961661,2,2,15,1,1,5,,
962257,9,2,2137,1,1,1,,
962407,90,2,287,1,1,5,,
963375,73,2,2138,1,1,2,,
963427,72,2,1544,1,1,2,,
963624,148,2,105,1,1,2,,
963739,7,2,10,1,1,3,,
963770,44,2,164,1,1,6,,
964208,39,2,429,1,1,1,,
964248,106,2,887,1,1,4,,
964511,86,2,708,1,1,1,,
965405,167,2,1054,1,1,1,,
965407,14,2,2139,1,1,2,,
965474,51,2,597,1,1,2,,
965557,9,2,97,1,1,2,,
965703,18,2,15,1,1,,,
965942,49,2,38,1,1,2,,
966006,4,2,359,1,1,5,,
966085,9,2,97,1,1,,,
966527,460,17,801,1,1,4,,
966976,72,2,580,1,1,5,,
967124,3,2,10,1,1,5,,
967220,66,2,93,1,1,5,,
967395,14,2,1191,1,1,4,,
967563,461,6,1064,1,1,1,,
969396,9,2,1291,1,1,4,,
969699,27,2,23,1,1,1,,
969725,9,2,27,1,1,2,,
969826,67,2,594,1,1,5,,
970538,173,6,17,1,1,3,,
970588,3,6,17,1,1,7,,
971273,90,2,137,1,1,3,,
971511,40,2,2140,1,1,1,,
971542,4,2,43,1,1,3,,
971890,45,2,100,1,1,4,,
973991,105,2,81,1,1,2,,
974098,82,2,174,1,1,7,,
974416,62,2,692,1,1,2,,
974997,49,2,73,1,1,1,,
975681,30,2,2053,1,1,2,,
976529,17,2,23,1,1,4,,
976806,139,12,2141,1,1,2,,
978056,19,2,26,1,1,2,,
978324,32,2,867,1,1,1,,
978382,3,2,2142,1,1,3,,
978668,40,2,582,1,1,5,,
979374,29,2,223,1,1,7,,
980641,3,2,10,1,1,2,,
981244,462,6,2143,1,1,5,,
982361,2,2,2144,1,1,3,,
982614,9,2,1075,1,1,5,,
982797,25,2,1314,1,1,2,,
983286,7,2,995,1,1,5,,
984169,56,2,284,1,1,7,,
986093,172,2,2145,1,1,5,,
986234,41,2,3,1,1,6,,
987005,120,2,317,1,1,4,,
987321,4,2,5,1,1,2,,
987613,2,2,15,1,1,2,,
988555,172,2,272,1,1,1,,
988615,2,2,15,1,1,1,,
988653,56,2,2146,1,1,4,,
988690,41,2,3,1,1,3,,
988887,4,2,4,1,1,2,,
989170,9,2,180,1,1,1,,
989815,9,2,157,1,1,2,,
990745,347,2,2147,1,1,5,,
990776,17,2,119,1,1,3,,
991319,16,2,128,1,1,5,,
991363,44,2,1701,1,1,2,,
991400,27,2,23,1,1,3,,
991576,90,2,955,1,1,4,,
992782,442,31,2148,1,1,2,,
994103,148,2,1237,1,1,1,,
994191,135,2,329,1,1,2,,
994464,52,2,175,1,1,3,,
995075,10,2,1359,1,1,3,,
995190,9,2,786,1,1,7,,
995453,9,2,148,1,1,1,,
995588,4,2,841,1,1,4,,
995875,7,2,148,1,1,2,,
996149,3,2,10,1,1,2,,
996655,169,2,887,1,1,1,,
997179,3,2,10,1,1,2,,
997773,7,2,14,1,1,2,,
998131,202,2,543,1,1,4,,
998305,45,2,49,1,1,2,,
999245,25,2,2149,1,1,3,,
999780,103,2,276,1,1,2,,
1000415,6,2,4,1,1,5,,
1000626,90,2,154,1,1,2,,
1000636,32,2,2150,1,1,3,,
1000783,3,2,10,1,1,,,
1001824,16,2,22,1,1,4,,
1002254,166,2,414,1,1,3,,
1002412,39,2,912,1,1,3,,
1002639,16,2,2151,1,1,2,,
1002773,43,2,68,1,1,7,,
1002880,25,2,1119,1,1,1,,
1003053,54,2,1195,1,1,3,,
1003064,32,2,71,1,1,1,,
1003134,67,2,223,1,1,4,,
1003889,9,2,2152,1,1,4,,
1003933,41,2,2153,1,1,4,,
1004269,9,2,58,1,1,1,,
1004356,3,15,161,1,1,2,,
1004436,6,2,4,1,1,5,,
1004459,16,2,683,1,1,2,,
1004855,125,2,238,1,1,5,,
1004891,56,2,2154,1,1,4,,
1005649,2,2,627,1,1,,,
1006350,2,2,2155,1,1,5,,
1007435,9,2,323,1,1,4,,
1007530,41,2,2156,1,1,2,,
1007571,6,2,4,1,1,5,,
1007910,52,2,762,1,1,4,,
1007957,62,2,227,1,1,1,,
1007962,39,2,2157,1,1,,,
1008238,106,2,2158,1,1,4,,
1008255,23,2,84,1,1,2,,
1008271,44,2,164,1,1,3,,
1008422,39,2,374,1,1,5,,
1008624,3,2,10,1,1,2,,
1009990,25,2,2159,1,1,3,,
1010123,6,2,2160,1,1,4,,
1010140,90,2,287,1,1,6,,
1010238,32,2,623,1,1,1,,
1010446,41,2,3,1,1,4,,
1011103,63,2,1331,1,1,3,,
1011518,3,5,2161,1,1,5,,
1012260,10,2,3,1,1,1,,
1012324,73,2,1714,1,1,3,,
1012577,86,2,708,1,1,1,,
1012623,3,6,17,1,1,3,,
1013110,45,2,1469,1,1,4,,
1013189,26,2,340,1,1,2,,
1013591,14,2,672,1,1,2,,
1014710,3,13,10,1,1,,,
1014734,45,2,277,1,1,3,,
1015589,9,2,54,1,1,4,,
1015717,17,2,1373,1,1,3,,
1015739,7,2,198,1,1,4,,
1015745,67,2,1408,1,1,2,,
1016007,7,2,27,1,1,1,,
1016817,6,2,2162,1,1,3,,
1016945,7,2,36,1,1,3,,
1017004,41,2,3,1,1,1,,
1017056,42,2,68,1,1,6,,
1017299,67,2,223,1,1,2,,
1017708,32,2,71,1,1,1,,
1017807,9,2,2163,1,1,1,,
1017879,25,2,38,1,1,2,,
1018230,4,2,448,1,1,1,,
1019807,18,2,15,1,1,2,,
1020702,41,2,1467,1,1,4,,
1022431,120,2,1316,1,1,5,,
1022548,36,15,2164,1,1,5,,
1022601,38,2,1016,1,1,4,,
1022728,6,2,4,1,1,4,,
1022898,2,2,1697,1,1,2,,
1022975,5,2,45,1,1,2,,
1023386,2,2,15,1,1,2,,
1023624,4,2,114,1,1,4,,
1025072,40,2,919,1,1,5,,
1025207,463,6,2165,1,1,5,,
1025311,40,2,1100,1,1,4,,
1025446,16,2,22,1,1,7,,
1025753,120,2,2166,1,1,2,,
1025815,70,2,130,1,1,2,,
1025996,106,2,887,1,1,1,,
1026261,73,2,2167,1,1,4,,
1027175,16,2,1430,1,1,1,,
1027285,9,2,31,1,1,2,,
1027558,26,2,2168,1,1,2,,
1027866,9,2,145,1,1,6,,
1027869,64,2,747,1,1,1,,
1028156,3,2,15,1,1,4,,
1028217,66,2,93,1,1,2,,
1029285,41,2,3,1,1,5,,
1029798,2,2,67,1,1,4,,
1029879,4,2,5,1,1,1,,
1030330,7,2,70,1,1,4,,
1030395,7,2,1084,1,1,2,,
1030518,120,2,2169,1,1,4,,
1030624,4,2,114,1,1,2,,
1030814,18,2,15,1,1,2,,
1031662,31,2,819,1,1,2,,
1032163,62,2,692,1,1,1,,
1033036,25,2,38,1,1,3,,
1033540,140,2,346,1,1,2,,
1033728,32,2,2170,1,1,1,,
1034009,52,2,584,1,1,5,,
1034220,4,2,99,1,1,4,,
1035245,2,2,15,1,1,5,,
1035335,223,2,601,1,1,3,,
1035683,2,2,90,1,1,2,,
1035742,54,2,107,1,1,3,,
1036202,3,52,10,1,1,1,,
1036595,62,2,217,1,1,2,,
1036685,66,2,564,1,1,1,,
1037566,18,2,2171,1,1,3,,
1038152,120,2,79,1,1,3,,
1038250,23,2,568,1,1,2,,
1038580,3,2,10,1,1,2,,
1039599,4,2,4,1,1,3,,
1039840,9,2,176,1,1,2,,
1040010,29,2,656,1,1,3,,
1040695,7,2,2172,1,1,4,,
1040738,40,2,131,1,1,1,,
1041095,3,10,1338,1,1,7,,
1041443,50,2,317,1,1,2,,
1042218,3,2,15,1,1,4,,
1042230,29,2,223,1,1,5,,
1042778,90,2,659,1,1,,,
1043057,153,2,376,1,1,3,,
1043063,7,2,58,1,1,3,,
1044152,148,2,354,1,1,1,,
1044717,25,2,1066,1,1,2,,
1045120,25,2,521,1,1,4,,
1045198,16,2,297,1,1,3,,
1045296,62,2,686,1,1,4,,
1045324,208,2,281,1,1,1,,
1045378,14,2,2173,1,1,2,,
1045582,2,2,1984,1,1,2,,
1045637,34,15,48,1,1,2,,
1045761,10,2,404,1,1,3,,
1045781,29,2,2174,1,1,5,,
1046833,464,2,3,1,1,,,
1047174,17,2,119,1,1,6,,
1047203,7,2,639,1,1,3,,
1047206,265,2,2175,1,1,4,,
1047500,25,2,38,1,1,1,,
1047896,2,2,2176,1,1,5,,
1049102,66,2,67,1,1,4,,
1049635,19,2,26,1,1,3,,
1050601,14,2,20,1,1,2,,
1050905,9,2,58,1,1,3,,
1050934,43,2,1865,1,1,4,,
1051055,56,2,1227,1,1,2,,
1051105,66,2,2177,1,1,3,,
1051184,72,2,154,1,1,3,,
1051620,38,2,1673,1,1,2,,
1051720,6,2,5,1,1,3,,
1051897,56,2,2178,1,1,,,
1051903,4,2,5,1,1,5,,
1051998,4,2,99,1,1,2,,
1052664,202,2,367,1,1,5,,
1052686,40,2,774,1,1,2,,
1052946,25,2,1152,1,1,2,,
1053630,42,2,68,1,1,2,,
1054156,26,2,642,1,1,,,
1054393,332,2,671,1,1,1,,
1054905,23,2,473,1,1,5,,
1055583,18,6,17,1,1,2,,
1055862,52,2,2179,1,1,3,,
1056356,3,7,218,1,1,5,,
1056618,184,2,469,1,1,1,,
1056670,4,2,787,1,1,4,,
1056780,184,2,469,1,1,2,,
1057159,7,2,70,1,1,5,,
1057235,6,2,4,1,1,2,,
1058216,465,2,2180,1,1,1,,
1058806,62,2,271,1,1,2,,
1059029,26,2,288,1,1,5,,
1059436,67,2,298,1,1,3,,
1059482,148,2,2181,1,1,1,,
1059492,73,2,2182,1,1,3,,
1059504,44,2,2183,1,1,,,
1059609,90,2,1283,1,1,2,,
1059690,151,2,367,1,1,5,,
1060709,90,2,854,1,1,2,,
1060858,135,2,455,1,1,4,,
1061851,43,2,1471,1,1,1,,
1063038,99,2,26,1,1,2,,
1063313,188,2,486,1,1,3,,
1064013,38,2,2184,1,1,1,,
1064454,3,6,1094,1,1,1,,
1065105,62,2,692,1,1,4,,
1066369,124,2,300,1,1,4,,
1066442,2,2,15,1,1,5,,
1066481,310,17,2185,1,1,3,,
1068029,17,2,224,1,1,3,,
1068366,3,2,10,1,1,1,,
1068426,327,2,1579,1,1,5,,
1069062,4,2,4,1,1,4,,
1069814,3,18,2186,1,1,2,,
1070148,99,2,26,1,1,5,,
1070686,72,2,422,1,1,4,,
1071048,31,2,2187,1,1,5,,
1071103,25,2,273,1,1,2,,
1072126,41,2,2188,1,1,5,,
1072142,38,2,760,1,1,5,,
1072347,18,2,627,1,1,4,,
1072429,45,2,310,1,1,4,,
1072529,9,2,97,1,1,3,,
1072533,38,2,2184,1,1,2,,
1072910,31,2,1045,1,1,5,,
1073013,3,6,2189,1,1,,,
1073325,4,2,448,1,1,5,,
1073444,32,2,71,1,1,1,,
1074444,2,2,2190,1,1,6,,
1074964,3,6,2191,1,1,2,,
1075010,7,2,453,1,1,5,,
1075046,7,2,109,1,1,5,,
1075061,7,2,14,1,1,5,,
1075072,23,2,2192,1,1,1,,
1075106,206,2,469,1,1,5,,
1075434,41,2,3,1,1,7,,
1075513,40,2,429,1,1,3,,
1075962,32,2,302,1,1,2,,
1076033,50,2,1770,1,1,3,,
1076050,7,2,157,1,1,2,,
1076175,9,2,1774,1,1,3,,
1076320,3,13,85,1,1,3,,
1076858,68,2,2193,1,1,3,,
1076974,160,2,612,1,1,3,,
1077068,26,2,128,1,1,5,,
1078837,41,2,3,1,1,5,,
1079114,67,2,132,1,1,2,,
1080671,120,2,598,1,1,4,,
1081075,56,2,93,1,1,1,,
1082026,120,2,79,1,1,7,,
1082195,42,2,68,1,1,2,,
1083074,215,2,2194,1,1,3,,
1083489,7,2,1358,1,1,3,,
1084020,3,2,10,1,1,3,,
1085547,63,2,354,1,1,3,,
1086439,72,2,1939,1,1,3,,
1086737,140,2,346,1,1,2,,
1086745,115,2,1278,1,1,2,,
1086800,43,2,1602,1,1,1,,
1087079,18,2,433,1,1,5,,
1087151,4,2,2195,1,1,2,,
1087315,17,2,126,1,1,3,,
1087408,18,2,15,1,1,2,,
1087560,27,2,1426,1,1,2,,
1087755,31,2,614,1,1,1,,
1088079,466,19,2196,1,1,7,,
1088311,3,40,2197,1,1,2,,
1088372,52,2,909,1,1,2,,
1088884,90,2,659,1,1,2,,
1089202,2,2,2198,1,1,2,,
1089204,151,2,543,1,1,2,,
1089558,38,2,514,1,1,1,,
1089952,5,2,71,1,1,3,,
1090323,45,2,100,1,1,5,,
1090622,67,2,2199,1,1,6,,
1090634,26,2,119,1,1,5,,
1090796,7,2,658,1,1,1,,
1091069,18,2,15,1,1,3,,
1091704,70,2,130,1,1,4,,
1092280,22,6,17,1,1,1,,
1092777,40,2,1100,1,1,2,,
1095246,221,6,272,1,1,1,,
1095737,2,2,2200,1,1,3,,
1095818,206,2,469,1,1,,,
1096036,14,2,672,1,1,6,,
1096167,27,2,1238,1,1,5,,
1096173,9,2,786,1,1,1,,
1096648,2,2,15,1,1,7,,
1096698,19,2,26,1,1,1,,
1097546,73,2,2024,1,1,3,,
1097607,3,2,383,1,1,3,,
1097803,50,2,79,1,1,3,,
1098262,29,2,132,1,1,3,,
1098458,52,2,182,1,1,2,,
1098754,32,2,1186,1,1,4,,
1098868,56,2,881,1,1,6,,
1100063,39,2,1103,1,1,1,,
1100068,7,2,97,1,1,,,
1100328,103,2,446,1,1,2,,
1100400,42,2,68,1,1,2,,
1100591,10,2,3,1,1,2,,
1100792,27,2,112,1,1,4,,
1100944,86,2,183,1,1,7,,
1101054,62,2,104,1,1,5,,
1101759,2,2,1221,1,1,1,,
1102373,25,2,1492,1,1,5,,
1102521,63,2,1649,1,1,3,,
1102596,31,2,75,1,1,2,,
1102706,9,2,14,1,1,2,,
1102833,4,2,2036,1,1,5,,
1104109,7,2,430,1,1,1,,
1104193,72,2,2201,1,1,4,,
1104341,169,2,347,1,1,2,,
1104359,3,10,25,1,1,7,,
1105221,66,2,93,1,1,4,,
1105358,117,2,2202,1,1,3,,
1105385,25,2,214,1,1,2,,
1106438,9,2,27,1,1,2,,
1106954,126,2,792,1,1,2,,
1107151,467,40,2203,1,1,5,,
1107600,73,2,2204,1,1,2,,
1107795,6,2,289,1,1,5,,
1107900,6,2,4,1,1,1,,
1108764,62,2,2205,1,1,4,,
1109109,9,2,31,1,1,5,,
1109157,18,2,2206,1,1,4,,
1109341,9,2,1547,1,1,4,,
1110454,25,2,38,1,1,4,,
1111304,25,2,38,1,1,2,,
1111845,9,2,2207,1,1,3,,
1112708,16,2,116,1,1,4,,
1113121,9,2,526,1,1,4,,
1114147,3,2,607,1,1,1,,
1115352,62,2,104,1,1,2,,
1115372,90,2,447,1,1,4,,
1115743,208,2,1072,1,1,1,,
1116080,38,2,2208,1,1,5,,
1116353,20,6,17,1,1,2,,
1116823,160,2,612,1,1,2,,
1116890,52,2,175,1,1,5,,
1117266,26,2,120,1,1,2,,
1118373,38,2,115,1,1,5,,
1118621,3,2,10,1,1,,,
1118764,232,2,174,1,1,5,,
1119770,41,2,335,1,1,2,,
1119919,90,2,2209,1,1,1,,
1120131,468,2,23,1,1,1,,
1120218,3,13,10,1,1,5,,
1120223,262,15,758,1,1,6,,
1120816,3,38,1091,1,1,3,,
1121618,2,2,2171,1,1,1,,
1121984,45,2,360,1,1,4,,
1121995,125,2,164,1,1,,,
1122021,140,2,346,1,1,1,,
1122072,16,2,22,1,1,5,,
1122148,64,2,1033,1,1,2,,
1122347,9,2,658,1,1,3,,
1122744,41,2,335,1,1,6,,
1124026,43,2,554,1,1,4,,
1124131,7,2,27,1,1,5,,
1124499,148,2,1237,1,1,4,,
1124641,17,2,112,1,1,2,,
1124752,83,2,488,1,1,2,,
1124924,50,2,79,1,1,4,,
1125021,9,2,58,1,1,2,,
1125676,18,2,15,1,1,6,,
1125938,3,2,10,1,1,,,
1126170,23,2,2210,1,1,,,
1126457,86,2,183,1,1,3,,
1126511,38,2,922,1,1,2,,
1126642,42,2,68,1,1,2,,
1126777,9,2,261,1,1,2,,
1127295,67,2,2211,1,1,7,,
1128175,2,2,2120,1,1,2,,
1128334,42,2,2212,1,1,3,,
1128661,38,2,292,1,1,2,,
1128772,106,2,1692,1,1,5,,
1129552,7,2,890,1,1,7,,
1129637,16,2,22,1,1,2,,
1130658,7,2,97,1,1,4,,
1130682,9,2,526,1,1,2,,
1130907,9,2,2213,1,1,5,,
1131351,72,2,2214,1,1,4,,
1133000,9,2,1291,1,1,3,,
1133049,90,2,191,1,1,5,,
1133633,42,2,2215,1,1,4,,
1133946,17,2,224,1,1,5,,
1134536,3,2,10,1,1,2,,
1134645,42,2,68,1,1,2,,
1135248,169,2,2216,1,1,2,,
1135292,72,2,269,1,1,2,,
1135347,201,2,2217,1,1,5,,
1135689,9,2,1286,1,1,3,,
1136547,51,2,373,1,1,1,,
1136638,99,2,26,1,1,2,,
1136912,167,2,632,1,1,5,,
1137591,40,2,144,1,1,5,,
1137800,7,2,1247,1,1,6,,
1137888,73,2,88,1,1,3,,
1138023,30,2,106,1,1,2,,
1138065,14,2,292,1,1,3,,
1138353,38,2,2208,1,1,1,,
1138369,62,2,271,1,1,5,,
1138689,6,2,11,1,1,6,,
1139444,49,2,705,1,1,7,,
1140035,3,2,10,1,1,2,,
1140216,26,2,22,1,1,4,,
1140546,401,2,1551,1,1,4,,
1140707,7,2,2133,1,1,3,,
1140722,2,2,15,1,1,3,,
1140750,178,17,445,1,1,5,,
1141810,18,2,386,1,1,3,,
1142201,14,2,2218,1,1,1,,
1142497,4,2,2219,1,1,2,,
1142560,3,2,10,1,1,3,,
1143555,72,2,1098,1,1,1,,
1143999,3,21,2220,1,1,3,,
1144632,14,2,2221,1,1,1,,
1145589,3,32,2222,1,1,5,,
1145681,42,2,68,1,1,3,,
1145825,120,2,79,1,1,4,,
1145944,23,2,84,1,1,3,,
1146019,52,2,2223,1,1,3,,
1146328,206,2,469,1,1,4,,
1146340,132,6,2224,1,1,1,,
1146342,17,2,224,1,1,1,,
1146569,6,2,4,1,1,,,
1146830,50,2,79,1,1,2,,
1147291,67,2,347,1,1,3,,
1149007,36,15,52,1,1,5,,
1149193,3,2,10,1,1,3,,
1149235,17,2,23,1,1,1,,
1149244,40,2,1239,1,1,4,,
1149297,9,2,97,1,1,1,,
1149301,52,2,2225,1,1,2,,
1149540,10,2,3,1,1,2,,
1149971,9,2,198,1,1,1,,
1150965,106,2,2226,1,1,4,,
1151065,64,2,2105,1,1,3,,
1151276,23,2,909,1,1,5,,
1151508,9,2,58,1,1,2,,
1151626,25,2,983,1,1,3,,
1151762,90,2,1118,1,1,4,,
1151803,64,2,1332,1,1,,,
1151859,54,2,882,1,1,6,,
1151910,9,2,368,1,1,4,,
1152123,125,2,238,1,1,1,,
1152410,26,2,128,1,1,2,,
1152888,39,2,131,1,1,3,,
1153088,22,6,17,1,1,2,,
1153096,25,2,119,1,1,5,,
1153423,120,2,1336,1,1,3,,
1154342,3,2,10,1,1,2,,
1154648,9,2,796,1,1,2,,
1155494,2,2,2227,1,1,2,,
1155618,167,2,892,1,1,3,,
1155646,43,2,284,1,1,3,,
1156293,7,2,2228,1,1,1,,
1158232,3,2,2229,1,1,2,,
1159419,9,2,842,1,1,3,,
1159938,3,6,17,1,1,6,,
1160138,3,2,1106,1,1,3,,
1160236,261,2,2230,1,1,3,,
1160416,63,2,396,1,1,2,,
1160424,167,2,573,1,1,4,,
1160830,10,2,2231,1,1,1,,
1160951,178,17,2232,1,1,3,,
1161603,310,17,2233,1,1,5,,
1162260,3,7,218,1,1,4,,
1162571,72,2,2234,1,1,,,
1162572,14,2,143,1,1,2,,
1162667,9,2,172,1,1,4,,
1163674,90,2,137,1,1,3,,
1164772,9,2,315,1,1,4,,
1164803,52,2,948,1,1,4,,
1164978,202,2,1028,1,1,3,,
1165014,31,2,100,1,1,3,,
1165219,9,2,344,1,1,5,,
1165758,143,2,806,1,1,,,
1166417,49,2,38,1,1,3,,
1167425,23,2,903,1,1,2,,
1167427,169,2,887,1,1,4,,
1167582,282,2,140,1,1,2,,
1168031,282,2,3,1,1,2,,
1169849,172,2,825,1,1,5,,
1170014,22,6,229,1,1,3,,
1170165,64,2,106,1,1,1,,
1171036,206,2,469,1,1,2,,
1173099,30,2,1568,1,1,3,,
1173323,469,6,2235,1,1,1,,
1175268,10,2,3,1,1,5,,
1175330,7,2,462,1,1,1,,
1175642,72,2,2236,1,1,1,,
1176781,50,2,548,1,1,6,,
1177054,25,2,478,1,1,2,,
1177103,126,2,732,1,1,2,,
1177191,2,2,836,1,1,1,,
1177302,50,2,79,1,1,7,,
1179477,4,2,4,1,1,1,,
1179682,4,2,11,1,1,2,,
1179884,52,2,267,1,1,1,,
1180728,50,2,79,1,1,5,,
1181086,18,2,627,1,1,4,,
1181273,9,2,1547,1,1,2,,
1182417,98,2,64,1,1,,,
1182531,27,2,1930,1,1,1,,
1182553,41,2,3,1,1,1,,
1182899,183,2,354,1,1,3,,
1183247,106,2,347,1,1,5,,
1183601,143,2,747,1,1,3,,
1183856,10,2,3,1,1,2,,
1184811,143,2,616,1,1,5,,
1184888,14,2,1912,1,1,3,,
1185381,31,2,49,1,1,2,,
1185424,43,2,497,1,1,4,,
1186641,103,2,2237,1,1,1,,
1188867,9,2,97,1,1,3,,
1188909,52,2,568,1,1,5,,
1189097,72,2,186,1,1,5,,
1189322,82,2,2238,1,1,2,,
1189394,2,2,2239,1,1,6,,
1189413,50,2,79,1,1,,,
1189796,208,2,2240,1,1,2,,
1190133,4,2,787,1,1,3,,
1190456,470,19,235,1,1,,,
1190937,43,2,2241,1,1,5,,
1191375,42,2,68,1,1,2,,
1191714,4,2,167,1,1,1,,
1191778,6,2,5,1,1,3,,
1191835,7,2,198,1,1,2,,
1192815,9,2,2242,1,1,5,,
1194036,25,2,1474,1,1,6,,
1194336,39,2,1560,1,1,3,,
1194746,120,2,79,1,1,2,,
1195173,52,2,1386,1,1,5,,
1195377,2,2,15,1,1,4,,
1195396,52,2,2243,1,1,3,,
1195818,52,2,2244,1,1,2,,
1196636,105,2,2245,1,1,2,,
1196920,56,2,2246,1,1,4,,
1197139,3,2,367,1,1,5,,
1197199,9,2,399,1,1,2,,
1197526,6,2,167,1,1,2,,
1197788,172,2,2247,1,1,2,,
1199371,90,2,154,1,1,1,,
1199425,72,2,2248,1,1,2,,
1199482,4,2,4,1,1,3,,
1200217,126,2,300,1,1,2,,
1200322,9,2,58,1,1,1,,
1200486,39,2,2249,1,1,,,
1202146,2,2,15,1,1,2,,
1202286,32,2,758,1,1,4,,
1204008,86,2,737,1,1,3,,
1205597,3,2,10,1,1,2,,
1205763,3,2,2250,1,1,5,,
1205858,112,10,264,1,1,7,,
1206036,10,2,2251,1,1,2,,
1206052,66,2,93,1,1,2,,
1206276,2,2,15,1,1,3,,
1206743,7,2,27,1,1,5,,
1207327,7,2,157,1,1,1,,
1207387,7,2,97,1,1,3,,
1209846,3,2,287,1,1,1,,
1210252,38,2,759,1,1,5,,
1210463,14,2,332,1,1,2,,
1210593,50,2,79,1,1,6,,
1210777,7,2,145,1,1,2,,
1211050,3,24,2252,1,1,1,,
1211063,72,2,2253,1,1,4,,
1211135,471,2,383,1,1,3,,
1211552,31,2,539,1,1,3,,
1212669,117,2,1931,1,1,2,,
1213134,9,2,1247,1,1,3,,
1213296,31,2,2254,1,1,1,,
1214100,73,2,1134,1,1,1,,
1214165,52,2,762,1,1,,,
1214303,125,2,428,1,1,5,,
1214453,126,2,792,1,1,5,,
1215629,18,2,15,1,1,2,,
1216446,30,2,259,1,1,1,,
1216717,4,2,4,1,1,1,,
1216867,7,2,957,1,1,5,,
1217051,64,2,1764,1,1,1,,
1217647,44,2,232,1,1,4,,
1218233,7,2,658,1,1,5,,
1218665,3,19,2255,1,1,7,,
1219396,120,2,79,1,1,2,,
1219436,3,19,10,1,1,6,,
1222117,36,15,52,1,1,5,,
1222129,32,2,71,1,1,2,,
1222894,72,2,422,1,1,2,,
1223584,8,7,2256,1,1,5,,
1224253,73,2,597,1,1,3,,
1224454,125,2,238,1,1,3,,
1224492,66,2,959,1,1,5,,
1224618,3,2,10,1,1,1,,
1224963,25,2,494,1,1,2,,
1225121,3,14,10,1,1,5,,
1225192,22,6,17,1,1,2,,
1225301,2,2,15,1,1,3,,
1226520,72,2,154,1,1,3,,
1227813,6,2,4,1,1,4,,
1228140,16,2,1519,1,1,2,,
1228213,39,2,2257,1,1,4,,
1228344,4,2,5,1,1,3,,
1228497,50,2,79,1,1,3,,
1228798,25,2,73,1,1,2,,
1228837,99,2,26,1,1,2,,
1229017,17,2,224,1,1,5,,
1229654,7,2,148,1,1,2,,
1229656,3,2,10,1,1,2,,
1229716,9,2,14,1,1,4,,
1230090,6,2,167,1,1,4,,
1230481,14,2,115,1,1,7,,
1230595,124,2,1565,1,1,3,,
1230807,3,2,10,1,1,1,,
1231075,7,2,2258,1,1,1,,
1232616,3,2,289,1,1,4,,
1233019,103,2,104,1,1,3,,
1233366,56,2,93,1,1,3,,
1234587,7,2,97,1,1,1,,
1236567,148,2,354,1,1,2,,
1236687,6,2,883,1,1,5,,
1237006,6,2,4,1,1,3,,
1237463,7,2,14,1,1,5,,
1239084,3,2,217,1,1,3,,
1242034,66,2,2259,1,1,5,,
1242080,72,2,2260,1,1,6,,
1242378,66,2,1959,1,1,3,,
1242766,2,2,15,1,1,1,,
1242877,18,2,2261,1,1,4,,
1243039,27,2,112,1,1,1,,
1243589,4,2,4,1,1,2,,
1243674,67,2,594,1,1,,,
1243700,52,2,1840,1,1,4,,
1243980,167,2,573,1,1,2,,
1244326,40,2,272,1,1,5,,
1244951,14,2,2262,1,1,2,,
1247000,103,2,271,1,1,3,,
1247220,38,2,292,1,1,4,,
1247487,56,2,2263,1,1,5,,
1247510,42,2,68,1,1,3,,
1247902,3,2,10,1,1,7,,
1248216,7,2,285,1,1,7,,
1248708,29,2,594,1,1,2,,
1249413,18,2,627,1,1,2,,
1250602,17,2,224,1,1,2,,
1250658,38,2,2264,1,1,3,,
1251463,9,2,1801,1,1,2,,
1251510,472,2,157,1,1,4,,
1251913,29,2,347,1,1,2,,
1252704,9,2,129,1,1,2,,
1252897,105,2,1805,1,1,3,,
1252954,26,2,22,1,1,7,,
1252993,41,2,402,1,1,4,,
1253375,349,2,2265,1,1,1,,
1253387,9,2,399,1,1,2,,
1253502,3,2,1373,1,1,5,,
1253581,9,2,849,1,1,3,,
1253671,7,2,27,1,1,5,,
1253690,42,2,823,1,1,3,,
1253709,19,2,26,1,1,2,,
1253950,2,2,15,1,1,4,,
1254463,2,2,15,1,1,3,,
1254572,32,2,859,1,1,3,,
1256152,43,2,68,1,1,3,,
1256481,73,2,226,1,1,3,,
1257105,4,2,11,1,1,3,,
1257192,41,2,685,1,1,3,,
1257299,64,2,1764,1,1,2,,
1257738,43,2,284,1,1,5,,
1257837,103,2,104,1,1,5,,
1258341,40,2,429,1,1,5,,
1258653,358,15,758,1,1,7,,
1258846,70,2,708,1,1,2,,
1259121,140,2,346,1,1,5,,
1259256,124,2,300,1,1,3,,
1259668,4,2,528,1,1,5,,
1260561,41,2,698,1,1,5,,
1262640,14,2,2266,1,1,6,,
1262896,115,2,2267,1,1,5,,
1263534,26,2,2268,1,1,5,,
1263903,40,2,2269,1,1,,,
1264953,42,2,68,1,1,1,,
1265257,2,2,15,1,1,2,,
1265442,70,2,737,1,1,4,,
1265719,24,13,1884,1,1,4,,
1265972,32,2,71,1,1,4,,
1266211,3,29,425,1,1,3,,
1266312,41,2,3,1,1,3,,
1267359,90,2,447,1,1,5,,
1267571,327,2,1534,1,1,5,,
1267995,52,2,666,1,1,4,,
1268542,6,2,289,1,1,3,,
1268566,4,2,289,1,1,1,,
1269161,7,2,54,1,1,3,,
1269456,105,2,230,1,1,1,,
1270134,56,2,2270,1,1,4,,
1270342,23,2,84,1,1,2,,
1271305,105,2,231,1,1,4,,
1271542,158,6,17,1,1,3,,
1271599,184,2,469,1,1,5,,
1271806,73,2,88,1,1,7,,
1272635,473,11,2271,1,1,7,,
1273097,248,6,2272,1,1,3,,
1273631,31,2,348,1,1,5,,
1275357,26,2,128,1,1,4,,
1276166,7,2,1993,1,1,5,,
1276240,52,2,182,1,1,4,,
1276705,63,2,396,1,1,5,,
1277290,2,2,15,1,1,3,,
1277302,51,2,373,1,1,3,,
1277307,27,2,868,1,1,5,,
1277348,36,15,52,1,1,,,
1277958,38,2,115,1,1,1,,
1277980,52,2,2273,1,1,1,,
1278517,6,2,2274,1,1,2,,
1278574,7,2,188,1,1,1,,
1279135,4,2,841,1,1,4,,
1279208,17,2,104,1,1,2,,
1279270,45,2,944,1,1,2,,
1279359,40,2,507,1,1,7,,
1279498,90,2,580,1,1,5,,
1280243,31,2,2275,1,1,3,,
1280492,72,2,1039,1,1,2,,
1280557,169,2,887,1,1,5,,
1281852,45,2,944,1,1,5,,
1282089,51,2,2276,1,1,2,,
1282324,20,6,17,1,1,2,,
1282591,153,2,380,1,1,5,,
1283580,41,2,62,1,1,2,,
1283753,17,2,112,1,1,5,,
1283982,3,14,10,1,1,,,
1284249,27,2,23,1,1,4,,
1284511,38,2,2277,1,1,3,,
1284538,52,2,267,1,1,2,,
1284908,56,2,96,1,1,2,,
1284913,52,2,208,1,1,4,,
1284978,45,2,232,1,1,5,,
1285000,2,2,15,1,1,4,,
1285745,51,2,230,1,1,2,,
1286113,45,2,579,1,1,2,,
1286302,52,2,84,1,1,3,,
1286746,6,2,5,1,1,3,,
1286867,9,2,399,1,1,1,,
1286891,6,2,528,1,1,4,,
1287066,213,2,376,1,1,3,,
1287825,3,14,10,1,1,,,
1290387,120,2,79,1,1,2,,
1291588,67,2,132,1,1,5,,
1292129,63,2,2278,1,1,4,,
1292458,7,2,37,1,1,2,,
1292486,2,2,15,1,1,3,,
1292509,90,2,2279,1,1,2,,
1292798,3,2,112,1,1,2,,
1293049,72,2,422,1,1,5,,
1293591,25,2,273,1,1,2,,
1293789,172,2,825,1,1,1,,
1294561,9,2,344,1,1,2,,
1294698,223,2,601,1,1,5,,
1294704,32,2,1159,1,1,5,,
1294914,52,2,2280,1,1,3,,
1294941,206,2,469,1,1,2,,
1295126,7,2,890,1,1,5,,
1295214,3,14,10,1,1,,,
1295230,26,2,2281,1,1,,,
1297898,90,2,191,1,1,1,,
1298113,16,2,128,1,1,1,,
1299059,9,2,285,1,1,2,,
1299114,9,2,97,1,1,2,,
1299267,49,2,1314,1,1,4,,
1300194,358,15,758,1,1,5,,
1300249,55,15,48,1,1,5,,
1300289,125,2,428,1,1,6,,
1300309,54,2,1711,1,1,5,,
1300563,2,2,15,1,1,,,
1300779,39,2,876,1,1,2,,
1301808,7,2,27,1,1,3,,
1301889,106,2,2282,1,1,1,,
1302410,2,2,433,1,1,,,
1302898,2,2,15,1,1,4,,
1304385,10,2,2283,1,1,7,,
1306146,148,2,354,1,1,1,,
1307665,23,2,622,1,1,7,,
1308355,31,2,310,1,1,5,,
1308410,22,6,17,1,1,7,,
1309067,3,2,22,1,1,2,,
1309361,4,2,2284,1,1,2,,
1309570,41,2,1816,1,1,1,,
1309680,31,2,348,1,1,3,,
1309964,66,2,1959,1,1,2,,
1310532,3,14,10,1,1,,,
1310741,3,2,932,1,1,2,,
1310815,172,2,1278,1,1,5,,
1311052,83,2,1821,1,1,3,,
1311272,54,2,107,1,1,3,,
1311678,7,2,27,1,1,3,,
1311847,56,2,824,1,1,2,,
1312123,26,2,297,1,1,1,,
1312688,99,2,26,1,1,1,,
1312747,73,2,88,1,1,3,,
1313100,7,2,770,1,1,3,,
1314202,40,2,131,1,1,1,,
1314683,22,6,17,1,1,7,,
1315779,3,2,1234,1,1,,,
1316321,49,2,38,1,1,,,
1317683,23,2,2285,1,1,1,,
1319223,49,2,187,1,1,1,,
1319959,6,2,114,1,1,,,
1320056,4,2,4,1,1,7,,
1320522,126,2,732,1,1,3,,
1321145,167,2,2286,1,1,2,,
1321226,474,2,1316,1,1,1,,
1321873,99,2,26,1,1,1,,
1322244,178,17,445,1,1,4,,
1323519,132,6,1811,1,1,1,,
1324164,143,2,2287,1,1,2,,
1324597,52,2,182,1,1,4,,
1324613,3,14,10,1,1,5,,
1324941,45,2,545,1,1,1,,
1325454,2,2,15,1,1,2,,
1325694,9,2,2288,1,1,3,,
1325886,7,2,58,1,1,2,,
1325982,4,2,5,1,1,2,,
1326119,43,2,1014,1,1,4,,
1326971,9,2,157,1,1,2,,
1327829,73,2,88,1,1,1,,
1328565,90,2,191,1,1,5,,
1328643,7,2,1547,1,1,1,,
1328834,3,12,2289,1,1,5,,
1329750,72,2,287,1,1,5,,
1329898,7,2,129,1,1,3,,
1329947,171,5,2290,1,1,5,,
1331150,7,2,2291,1,1,4,,
1331578,10,2,3,1,1,2,,
1331632,7,2,770,1,1,4,,
1331777,41,2,2292,1,1,4,,
1332287,117,2,379,1,1,5,,
1332329,40,2,131,1,1,5,,
1332922,43,2,2293,1,1,2,,
1333032,9,2,315,1,1,2,,
1334362,90,2,186,1,1,1,,
1335118,38,2,549,1,1,4,,
1335801,4,2,11,1,1,4,,
1337177,25,2,73,1,1,7,,
1337571,47,12,2294,1,1,5,,
1338162,39,2,2140,1,1,2,,
1338506,167,2,1054,1,1,3,,
1339209,4,2,11,1,1,7,,
1339873,4,2,4,1,1,2,,
1340204,50,2,1051,1,1,4,,
1340308,6,2,11,1,1,6,,
1340385,49,2,923,1,1,5,,
1340634,18,2,2295,1,1,4,,
1340717,90,2,422,1,1,4,,
1340825,52,2,1927,1,1,2,,
1341246,172,2,272,1,1,7,,
1341833,41,2,3,1,1,2,,
1342014,16,2,2082,1,1,3,,
1342100,86,2,2296,1,1,4,,
1342448,99,2,26,1,1,5,,
1342925,475,38,1091,1,1,6,,
1343149,9,2,506,1,1,3,,
1343808,52,2,2297,1,1,,,
1344398,9,2,27,1,1,4,,
1344410,16,2,1519,1,1,4,,
1346497,7,2,1444,1,1,2,,
1346678,4,2,4,1,1,1,,
1346908,41,2,877,1,1,2,,
1348564,25,2,604,1,1,3,,
1348779,90,2,186,1,1,1,,
1348828,18,2,617,1,1,4,,
1349493,9,2,97,1,1,1,,
1349712,49,2,2298,1,1,5,,
1350200,26,2,22,1,1,2,,
1351156,9,2,261,1,1,2,,
1351399,73,2,355,1,1,5,,
1351400,66,2,2299,1,1,1,,
1353018,81,17,2300,1,1,4,,
1354109,22,6,986,1,1,2,,
1355424,6,2,2301,1,1,2,,
1356007,18,2,15,1,1,5,,
1356549,476,2,58,1,1,3,,
1356677,261,2,2302,1,1,2,,
1357032,160,2,612,1,1,3,,
1357181,18,2,2303,1,1,2,,
1357658,32,2,302,1,1,4,,
1357922,9,2,2304,1,1,3,,
1358298,78,15,2305,1,1,4,,
1358653,52,2,377,1,1,1,,
1359521,477,2,747,1,1,2,,
1359624,32,2,1104,1,1,5,,
1360062,9,2,849,1,1,2,,
1360127,191,17,170,1,1,2,,
1360209,7,2,27,1,1,2,,
1360279,63,2,354,1,1,2,,
1360319,9,2,2306,1,1,3,,
1360392,31,2,100,1,1,2,,
1361009,41,2,2060,1,1,1,,
1361916,7,2,55,1,1,2,,
1363642,105,2,1284,1,1,3,,
1363988,17,2,23,1,1,2,,
1364228,4,2,5,1,1,2,,
1364235,255,2,1664,1,1,4,,
1364494,2,2,2307,1,1,4,,
1365126,52,2,762,1,1,5,,
1365746,3,14,10,1,1,,,
1366002,7,2,853,1,1,4,,
1366127,14,2,1491,1,1,2,,
1366457,52,2,961,1,1,4,,
1366546,42,2,2308,1,1,1,,
1366785,23,2,4,1,1,3,,
1366800,213,2,380,1,1,3,,
1367328,41,2,3,1,1,1,,
1367338,40,2,1239,1,1,3,,
1367563,153,2,380,1,1,4,,
1367825,10,2,1223,1,1,1,,
1368864,4,2,11,1,1,4,,
1369051,3,14,10,1,1,4,,
1369238,52,2,710,1,1,4,,
1369344,32,2,723,1,1,,,
1371627,50,2,317,1,1,1,,
1372291,45,2,310,1,1,4,,
1372314,19,2,26,1,1,4,,
1372477,32,2,7,1,1,1,,
1372870,56,2,93,1,1,2,,
1372950,52,2,400,1,1,3,,
1373028,191,17,2309,1,1,2,,
1373602,220,15,52,1,1,5,,
1373626,9,2,157,1,1,1,,
1373658,10,2,3,1,1,1,,
1373835,51,2,231,1,1,5,,
1374135,16,2,2310,1,1,,,
1374310,117,2,2311,1,1,7,,
1374480,26,2,128,1,1,6,,
1374695,22,6,2312,1,1,3,,
1374999,232,2,2313,1,1,5,,
1375100,73,2,107,1,1,2,,
1375545,54,2,1031,1,1,3,,
1375630,10,2,2314,1,1,,,
1375914,172,2,825,1,1,5,,
1376154,9,2,2315,1,1,2,,
1376946,6,2,11,1,1,4,,
1376949,41,2,2316,1,1,4,,
1377014,7,2,239,1,1,6,,
1378125,30,2,138,1,1,3,,
1378616,176,2,286,1,1,2,,
1379045,72,2,186,1,1,5,,
1379106,2,2,15,1,1,1,,
1379257,124,2,2317,1,1,2,,
1379355,73,2,1040,1,1,4,,
1379795,2,2,15,1,1,,,
1379912,3,2,15,1,1,4,,
1380287,54,2,2318,1,1,3,,
1380865,51,2,230,1,1,4,,
1380955,3,14,10,1,1,4,,
1381051,3,14,10,1,1,,,
1381054,7,2,148,1,1,1,,
1381065,25,2,38,1,1,2,,
1381506,4,2,289,1,1,3,,
1381676,4,2,5,1,1,2,,
1381832,3,2,15,1,1,2,,
1382996,39,2,429,1,1,7,,
1383652,3,14,10,1,1,2,,
1383902,263,2,1054,1,1,1,,
1383931,64,2,106,1,1,,,
1384369,144,2,119,1,1,5,,
1384888,3,2,27,1,1,2,,
1386018,17,2,2319,1,1,3,,
1386080,72,2,154,1,1,3,,
1387626,4,2,5,1,1,5,,
1387875,22,6,2320,1,1,1,,
1388212,90,2,854,1,1,1,,
1388304,263,2,573,1,1,1,,
1388547,7,2,27,1,1,1,,
1388679,7,2,261,1,1,3,,
1392051,40,2,1514,1,1,2,,
1392401,10,2,698,1,1,2,,
1392689,6,2,2321,1,1,4,,
1393557,7,2,157,1,1,1,,
1393718,9,2,462,1,1,1,,
1393899,2,2,15,1,1,3,,
1394281,6,2,43,1,1,3,,
1394696,3,2,154,1,1,2,,
1394810,32,2,2322,1,1,4,,
1394857,31,2,75,1,1,3,,
1395151,9,2,97,1,1,2,,
1396029,188,2,486,1,1,5,,
1396725,19,2,26,1,1,6,,
1396879,52,2,84,1,1,4,,
1399385,213,2,376,1,1,4,,
1400125,45,2,614,1,1,2,,
1400172,2,2,703,1,1,5,,
1400397,54,2,794,1,1,1,,
1400720,51,2,586,1,1,6,,
1400801,56,2,136,1,1,2,,
1401484,49,2,1452,1,1,1,,
1401846,179,15,533,1,1,,,
1402017,86,2,2323,1,1,2,,
1402502,38,2,1393,1,1,3,,
1402825,9,2,97,1,1,3,,
1403143,42,2,746,1,1,2,,
1403634,14,2,1550,1,1,3,,
1403725,54,2,88,1,1,3,,
1403805,478,6,986,1,1,1,,
1404302,3,14,10,1,1,1,,
1404432,25,2,2324,1,1,1,,
1404653,62,2,276,1,1,4,,
1404838,99,2,26,1,1,2,,
1405344,44,2,69,1,1,,,
1406226,18,2,15,1,1,4,,
1407039,2,2,15,1,1,4,,
1407502,3,2,15,1,1,5,,
1407633,120,2,79,1,1,3,,
1407981,52,2,1012,1,1,1,,
1408056,7,2,2325,1,1,3,,
1408094,125,2,2326,1,1,5,,
1408404,166,2,672,1,1,5,,
1408415,3,2,2327,1,1,1,,
1408497,51,2,373,1,1,2,,
1408734,51,2,231,1,1,7,,
1408927,66,2,2328,1,1,2,,
1408967,70,2,737,1,1,3,,
1409042,9,2,796,1,1,4,,
1409198,4,2,941,1,1,4,,
1409218,17,2,2329,1,1,5,,
1409335,9,2,930,1,1,2,,
1409798,173,2,17,1,1,5,,
1410985,479,15,2330,1,1,5,,
1410999,126,2,300,1,1,5,,
1411183,72,2,137,1,1,2,,
1411367,67,2,1462,1,1,2,,
1411940,261,2,2331,1,1,3,,
1412470,7,2,148,1,1,3,,
1414581,55,15,637,1,1,3,,
1415110,44,2,544,1,1,2,,
1415626,56,2,93,1,1,2,,
1416143,480,2,912,1,1,1,,
1416300,86,2,183,1,1,3,,
1417153,120,2,317,1,1,1,,
1417167,52,2,2332,1,1,5,,
1417393,41,2,338,1,1,1,,
1417605,169,2,887,1,1,5,,
1418447,9,2,27,1,1,4,,
1418841,9,2,27,1,1,4,,
1420454,56,2,1712,1,1,1,,
1423544,7,2,58,1,1,1,,
1427139,2,2,15,1,1,1,,
1429486,56,2,1958,1,1,3,,
1430329,49,2,2333,1,1,3,,
1431100,3,2,1174,1,1,2,,
1431185,25,2,773,1,1,2,,
1431241,18,2,15,1,1,2,,
1431726,27,2,23,1,1,4,,
1434445,3,16,2334,1,1,3,,
1434685,18,2,1111,1,1,2,,
1435011,151,2,367,1,1,3,,
1435126,55,15,48,1,1,2,,
1435779,25,2,983,1,1,1,,
1437263,16,2,322,1,1,2,,
1438172,4,2,11,1,1,1,,
1438207,41,2,541,1,1,4,,
1438364,38,2,115,1,1,2,,
1438446,3,14,10,1,1,,,
1439331,2,2,1962,1,1,1,,
1439333,23,2,84,1,1,1,,
1440067,9,2,368,1,1,,,
1440904,16,2,1207,1,1,2,,
1440960,5,2,1231,1,1,1,,
1442109,41,2,338,1,1,5,,
1442947,88,2,574,1,1,2,,
1443200,151,2,2335,1,1,2,,
1443330,262,15,758,1,1,1,,
1444016,416,2,2336,1,1,5,,
1444317,45,2,545,1,1,1,,
1444794,17,2,62,1,1,1,,
1444957,72,2,422,1,1,3,,
1445217,6,2,1161,1,1,6,,
1446879,41,2,2337,1,1,2,,
1446884,117,2,831,1,1,,,
1447037,4,2,1192,1,1,,,
1447520,14,2,2338,1,1,5,,
1448806,3,9,2339,1,1,2,,
1451404,23,2,401,1,1,1,,
1452948,9,2,12,1,1,4,,
1453205,62,2,2340,1,1,2,,
1453402,18,2,90,1,1,,,
1453914,9,2,14,1,1,2,,
1457149,98,2,217,1,1,5,,
1457175,49,2,2341,1,1,2,,
1457439,2,2,15,1,1,1,,
1457702,38,2,2342,1,1,,,
1457940,172,2,1404,1,1,5,,
1458635,44,2,1998,1,1,2,,
1458842,51,2,230,1,1,2,,
1459113,73,2,1677,1,1,2,,
1459351,90,2,933,1,1,1,,
1459455,27,2,224,1,1,,,
1459822,49,2,38,1,1,1,,
1460354,481,2,354,1,1,,,
1460572,25,2,38,1,1,1,,
1460748,44,2,1948,1,1,1,,
1462126,202,2,367,1,1,3,,
1462308,143,2,1094,1,1,3,,
1463851,170,2,612,1,1,1,,
1465209,3,38,1091,1,1,3,,
1465287,7,2,1993,1,1,3,,
1465603,4,2,5,1,1,1,,
1465721,42,2,746,1,1,5,,
1465907,6,2,5,1,1,2,,
1468444,41,2,3,1,1,3,,
1468533,73,2,882,1,1,2,,
1468926,19,2,26,1,1,5,,
1469134,76,2,329,1,1,4,,
1469914,25,2,907,1,1,2,,
1469921,125,2,544,1,1,4,,
1471368,63,2,354,1,1,6,,
1471697,3,14,10,1,1,4,,
1472684,31,2,2343,1,1,5,,
1473329,2,2,15,1,1,,,
1473796,23,2,1676,1,1,1,,
1473979,9,2,58,1,1,2,,
1474199,148,2,354,1,1,3,,
1475190,86,2,130,1,1,5,,
1476269,72,2,422,1,1,5,,
1476706,52,2,2071,1,1,2,,
1477627,44,2,164,1,1,3,,
1478477,31,2,49,1,1,5,,
1478785,6,2,1247,1,1,3,,
1478859,178,17,445,1,1,1,,
1479721,22,6,366,1,1,1,,
1480446,4,2,4,1,1,2,,
1480987,26,2,2344,1,1,3,,
1481176,27,2,224,1,1,1,,
1481892,9,2,58,1,1,1,,
1481982,16,2,297,1,1,2,,
1482371,188,2,486,1,1,2,,
1482552,41,2,167,1,1,5,,
1482824,6,2,99,1,1,5,,
1483514,6,2,528,1,1,1,,
1485063,38,2,115,1,1,2,,
1489630,3,2,433,1,1,3,,
1490257,70,2,183,1,1,5,,
1490433,40,2,69,1,1,3,,
1493837,25,2,1548,1,1,,,
1494955,7,2,172,1,1,4,,
1495075,478,6,986,1,1,1,,
1495405,5,2,723,1,1,1,,
1495873,5,2,71,1,1,3,,
1495885,9,2,2345,1,1,2,,
1495958,3,14,10,1,1,,,
1495991,41,2,140,1,1,1,,
1496003,19,2,26,1,1,2,,
1496276,10,2,3,1,1,1,,
1497966,66,2,2346,1,1,2,,
1497977,76,2,2347,1,1,7,,
1498833,31,2,348,1,1,1,,
1499102,2,2,1316,1,1,4,,
1499669,148,2,354,1,1,1,,
1499970,3,2,2327,1,1,,,
1500854,9,2,910,1,1,2,,
1501714,38,2,291,1,1,5,,
1501722,23,2,2348,1,1,2,,
1502536,42,2,2215,1,1,4,,
1502762,50,2,2349,1,1,3,,
1503180,482,2,692,1,1,2,,
1503525,18,2,1696,1,1,1,,
1503749,68,2,119,1,1,1,,
1503821,9,2,526,1,1,2,,
1503954,9,2,27,1,1,3,,
1505704,52,2,182,1,1,2,,
1505813,54,2,1552,1,1,2,,
1506196,26,2,22,1,1,2,,
1506726,62,2,104,1,1,2,,
1507521,90,2,1062,1,1,4,,
1507579,23,2,948,1,1,3,,
1507960,42,2,68,1,1,2,,
1508260,54,2,10,1,1,3,,
1508388,4,2,528,1,1,2,,
1508753,20,6,17,1,1,2,,
1509949,90,2,287,1,1,1,,
1511193,43,2,68,1,1,5,,
1511215,38,2,292,1,1,2,,
1512210,431,5,472,1,1,3,,
1512529,7,2,2350,1,1,5,,
1512982,98,2,217,1,1,6,,
1514335,183,2,2351,1,1,2,,
1515366,4,2,11,1,1,5,,
1515446,3,2,15,1,1,4,,
1515688,39,2,2352,1,1,1,,
1519367,125,2,238,1,1,4,,
1519439,23,2,642,1,1,1,,
1519925,3,14,10,1,1,1,,
1520163,9,2,2353,1,1,3,,
1520543,5,2,2354,1,1,3,,
1523656,2,2,15,1,1,5,,
1523998,25,2,2355,1,1,2,,
1524357,9,2,31,1,1,3,,
1524736,103,2,104,1,1,3,,
1524912,3,2,448,1,1,2,,
1524968,3,2,88,1,1,5,,
1525419,126,2,792,1,1,4,,
1526729,38,2,2356,1,1,2,,
1527043,3,2,15,1,1,6,,
1527064,3,14,10,1,1,,,
1527347,483,21,2357,1,1,6,,
1528180,2,2,627,1,1,3,,
1529646,215,2,346,1,1,1,,
1532867,9,2,54,1,1,3,,
1534786,14,2,303,1,1,4,,
1535609,3,14,10,1,1,4,,
1536386,9,2,260,1,1,4,,
1539342,6,2,5,1,1,3,,
1540117,9,2,27,1,1,2,,
1540474,50,2,1167,1,1,3,,
1542382,18,2,433,1,1,2,,
1543093,7,2,145,1,1,2,,
1545609,484,4,2358,1,1,5,,
1545783,42,2,383,1,1,1,,
1547250,9,2,1418,1,1,2,,
1547574,4,2,528,1,1,2,,
1547653,3,14,10,1,1,,,
1548994,26,2,22,1,1,2,,
1549111,43,2,68,1,1,2,,
1549596,3,6,17,1,1,6,,
1550114,25,2,2359,1,1,5,,
1550138,22,6,2360,1,1,6,,
1550714,16,2,340,1,1,5,,
1550826,3,15,52,1,1,1,,
1551117,55,15,48,1,1,7,,
1551516,2,2,15,1,1,2,,
1551641,2,2,123,1,1,2,,
1552084,2,2,15,1,1,5,,
1552331,14,2,876,1,1,1,,
1552579,6,2,701,1,1,5,,
1552586,16,2,243,1,1,3,,
1554297,7,2,12,1,1,3,,
1555109,202,2,926,1,1,4,,
1555695,42,2,68,1,1,,,
1556071,25,2,1567,1,1,1,,
1556142,143,2,1330,1,1,1,,
1556149,90,2,422,1,1,1,,
1556180,4,2,5,1,1,5,,
1556237,3,24,2361,1,1,1,,
1556457,3,2,15,1,1,2,,
1556615,31,2,348,1,1,2,,
1556683,23,2,710,1,1,1,,
1556689,6,2,448,1,1,2,,
1557059,9,2,97,1,1,2,,
1557409,6,2,4,1,1,5,,
1559003,16,2,531,1,1,1,,
1560126,38,2,357,1,1,2,,
1560402,25,2,807,1,1,,,
1560914,170,2,612,1,1,3,,
1561283,44,2,238,1,1,4,,
1561445,120,2,79,1,1,2,,
1561506,4,2,4,1,1,4,,
1561782,17,2,119,1,1,1,,
1562365,9,2,709,1,1,3,,
1563344,99,2,26,1,1,1,,
1564776,115,2,1476,1,1,3,,
1565707,66,2,591,1,1,1,,
1566268,202,2,2362,1,1,5,,
1567908,9,2,97,1,1,4,,
1570328,3,16,2363,1,1,7,,
1570432,70,2,708,1,1,2,,
1570865,42,2,1140,1,1,3,,
1571360,39,2,1100,1,1,1,,
1573225,30,2,2053,1,1,1,,
1574275,67,2,298,1,1,1,,
1575652,4,2,5,1,1,2,,
1575703,39,2,733,1,1,2,,
1575984,9,2,58,1,1,1,,
1576969,90,2,186,1,1,4,,
1577486,9,2,148,1,1,2,,
1577707,32,2,71,1,1,5,,
1579747,56,2,1965,1,1,1,,
1581868,67,2,1113,1,1,2,,
1582142,208,2,627,1,1,4,,
1582517,86,2,183,1,1,1,,
1582659,72,2,1062,1,1,1,,
1584011,45,2,49,1,1,3,,
1584246,3,2,238,1,1,,,
1584428,42,2,550,1,1,1,,
1585410,10,2,135,1,1,2,,
1585669,10,2,3,1,1,2,,
1586478,3,20,2364,1,1,7,,
1587704,43,2,68,1,1,4,,
1588346,16,2,318,1,1,2,,
1588734,41,2,2365,1,1,1,,
1589069,120,2,79,1,1,5,,
1589496,9,2,1418,1,1,6,,
1589941,7,2,55,1,1,5,,
1592400,45,2,348,1,1,2,,
1592702,41,2,685,1,1,2,,
1593071,3,2,2366,1,1,3,,
1593331,18,2,627,1,1,3,,
1593346,51,2,231,1,1,7,,
1594050,20,6,17,1,1,4,,
1594436,38,2,2367,1,1,4,,
1595527,3,2,10,1,1,2,,
1595660,18,2,15,1,1,1,,
1596264,2,2,15,1,1,2,,
1596601,6,2,883,1,1,2,,
1596641,62,2,250,1,1,1,,
1597161,18,2,15,1,1,1,,
1597768,148,2,1218,1,1,2,,
1597847,9,2,172,1,1,3,,
1597932,2,2,2368,1,1,1,,
1598367,70,2,708,1,1,,,
1599309,2,2,15,1,1,5,,
1600946,2,2,433,1,1,7,,
1603501,263,2,892,1,1,2,,
1603624,16,2,128,1,1,1,,
1603781,44,2,1709,1,1,,,
1608191,7,2,1891,1,1,1,,
1608684,38,2,115,1,1,2,,
1608778,52,2,278,1,1,2,,
1611662,17,2,257,1,1,,,
1611904,49,2,38,1,1,4,,
1612129,14,2,1673,1,1,2,,
1612362,44,2,2369,1,1,3,,
1612465,173,6,17,1,1,2,,
1612488,2,2,15,1,1,3,,
1612748,7,2,27,1,1,5,,
1612777,40,2,2370,1,1,2,,
1613038,27,2,23,1,1,2,,
1613092,45,14,773,1,1,2,,
1613226,9,2,2371,1,1,6,,
1613698,38,2,115,1,1,5,,
1613944,3,14,10,1,1,,,
1613972,52,2,84,1,1,4,,
1614062,38,2,2372,1,1,2,,
1614240,224,21,567,1,1,7,,
1615645,173,6,17,1,1,1,,
1617751,25,2,38,1,1,2,,
1618074,3,2,15,1,1,2,,
1618165,10,2,3,1,1,4,,
1619932,99,2,26,1,1,1,,
1620907,90,2,137,1,1,2,,
1620962,26,2,128,1,1,5,,
1621615,32,2,45,1,1,2,,
1623211,2,2,15,1,1,4,,
1623306,7,2,27,1,1,2,,
1623491,485,2,672,1,1,2,,
1625168,49,2,38,1,1,1,,
1626786,54,2,364,1,1,4,,
1627062,19,2,26,1,1,1,,
1627284,6,2,11,1,1,2,,
1628221,45,2,944,1,1,2,,
1628890,19,2,26,1,1,2,,
1629106,9,2,1010,1,1,3,,
1630212,478,6,2373,1,1,3,,
1631222,41,2,3,1,1,3,,
1631547,23,2,84,1,1,2,,
1632202,9,2,12,1,1,6,,
1632380,23,2,400,1,1,5,,
1632571,3,14,10,1,1,,,
1632978,6,2,4,1,1,2,,
1633066,10,2,135,1,1,4,,
1633419,169,2,839,1,1,,,
1634209,120,2,317,1,1,,,
1634459,215,2,2374,1,1,2,,
1636633,9,2,148,1,1,4,,
1637984,10,2,3,1,1,4,,
1639816,86,2,183,1,1,2,,
1641078,3,2,2375,1,1,,,
1641260,16,2,128,1,1,3,,
1642006,7,2,453,1,1,1,,
1642843,38,2,760,1,1,3,,
1644718,16,2,120,1,1,5,,
1645086,7,2,399,1,1,1,,
1645141,38,2,2117,1,1,1,,
1645229,106,2,2376,1,1,1,,
1646245,56,2,807,1,1,5,,
1647354,72,2,287,1,1,,,
1647525,7,2,2133,1,1,4,,
1647800,201,2,1839,1,1,3,,
1647803,22,6,2377,1,1,1,,
1648409,7,2,97,1,1,2,,
1649842,99,2,26,1,1,1,,
1650170,41,2,3,1,1,2,,
1650461,90,2,2253,1,1,1,,
1651819,184,2,469,1,1,5,,
1652504,90,2,2378,1,1,4,,
1653937,26,2,2379,1,1,3,,
1654428,3,2,2380,1,1,2,,
1654504,3,2,15,1,1,1,,
1654971,105,2,605,1,1,2,,
1655306,18,2,15,1,1,2,,
1655316,38,2,514,1,1,4,,
1656268,7,2,14,1,1,5,,
1657063,41,2,1226,1,1,6,,
1657843,54,2,364,1,1,2,,
1657928,486,53,2381,1,1,7,,
1658333,38,2,1131,1,1,2,,
1658561,27,2,112,1,1,5,,
1658799,125,2,238,1,1,3,,
1659022,14,2,1016,1,1,2,,
1660010,5,2,45,1,1,5,,
1660474,73,2,2382,1,1,4,,
1660811,43,2,68,1,1,,,
1660845,105,2,230,1,1,2,,
1663642,18,2,15,1,1,4,,
1666639,8,7,218,1,1,3,,
1666794,99,2,26,1,1,1,,
1666908,172,2,272,1,1,3,,
1666998,72,2,186,1,1,4,,
1667132,14,2,225,1,1,3,,
1668011,29,2,393,1,1,2,,
1668620,7,2,2383,1,1,,,
1669489,9,2,1547,1,1,2,,
1669537,103,2,2384,1,1,1,,
1670700,5,2,758,1,1,3,,
1670794,3,14,10,1,1,,,
1672939,67,2,226,1,1,1,,
1672986,2,2,15,1,1,3,,
1673439,72,2,287,1,1,3,,
1673695,6,2,289,1,1,7,,
1674743,31,2,545,1,1,1,,
1674880,64,2,1347,1,1,,,
1674945,16,2,128,1,1,1,,
1675748,7,2,27,1,1,,,
1676191,4,2,11,1,1,4,,
1677195,9,2,2385,1,1,5,,
1677664,10,2,3,1,1,2,,
1679078,66,2,96,1,1,5,,
1680198,66,2,93,1,1,1,,
1681064,6,2,99,1,1,5,,
1682168,39,2,2386,1,1,2,,
1682895,36,15,2387,1,1,7,,
1682943,3,14,10,1,1,2,,
1683442,38,2,760,1,1,2,,
1683487,29,2,223,1,1,3,,
1683757,7,2,97,1,1,2,,
1684122,7,2,94,1,1,5,,
1684870,4,2,528,1,1,4,,
1685110,14,2,672,1,1,4,,
1686785,7,2,585,1,1,3,,
1687254,98,2,217,1,1,7,,
1687419,38,2,2388,1,1,2,,
1688026,474,2,15,1,1,5,,
1688526,6,2,289,1,1,2,,
1689331,17,2,126,1,1,,,
1689349,3,2,10,1,1,2,,
1689845,63,2,354,1,1,1,,
1693850,45,2,100,1,1,2,,
1694446,42,2,68,1,1,2,,
1695160,10,2,3,1,1,3,,
1696374,10,2,404,1,1,5,,
1697050,7,2,957,1,1,5,,
1697124,42,2,383,1,1,6,,
1697130,140,2,346,1,1,2,,
1697958,105,2,347,1,1,3,,
1698028,2,2,2389,1,1,1,,
1702914,10,2,2390,1,1,5,,
1703027,67,2,2125,1,1,6,,
1703759,6,2,99,1,1,2,,
1704219,66,2,93,1,1,1,,
1705516,4,2,11,1,1,2,,
1705633,10,2,156,1,1,1,,
1705878,49,2,38,1,1,2,,
1705927,31,2,2254,1,1,5,,
1706059,5,2,71,1,1,2,,
1707111,90,2,186,1,1,2,,
1707389,3,13,2391,1,1,5,,
1707404,389,19,2392,1,1,7,,
1709292,41,2,2393,1,1,2,,
1710825,2,2,15,1,1,3,,
1712525,1,2,1010,1,1,,,
1712844,6,2,4,1,1,4,,
1713530,26,2,686,1,1,2,,
1715746,3,10,10,1,1,4,,
1716548,3,2,15,1,1,5,,
1716792,43,2,450,1,1,5,,
1717755,66,2,1227,1,1,2,,
1718034,358,15,758,1,1,4,,
1718412,52,2,84,1,1,3,,
1719218,4,2,11,1,1,2,,
1719544,26,2,1548,1,1,1,,
1719894,9,2,12,1,1,3,,
1722553,27,2,23,1,1,2,,
1723637,3,14,10,1,1,,,
1724775,4,2,4,1,1,4,,
1725373,153,2,1309,1,1,2,,
1725592,106,2,887,1,1,4,,
1725692,39,2,2394,1,1,3,,
1726253,4,2,5,1,1,,,
1728091,22,6,17,1,1,5,,
1729413,90,2,933,1,1,3,,
1729930,88,2,1818,1,1,5,,
1731254,36,15,2395,1,1,2,,
1732280,3,2,10,1,1,,,
1732931,18,2,563,1,1,2,,
1734694,4,2,289,1,1,4,,
1736518,98,2,1123,1,1,,,
1737013,66,2,67,1,1,3,,
1737481,16,2,1451,1,1,1,,
1738747,3,2,97,1,1,1,,
1738971,27,2,224,1,1,3,,
1739031,312,13,1149,1,1,7,,
1739561,3,10,2396,1,1,5,,
1741641,56,2,807,1,1,5,,
1741663,43,2,68,1,1,1,,
1742506,72,2,154,1,1,4,,
1743251,23,2,992,1,1,4,,
1745669,4,2,99,1,1,4,,
1745685,51,2,597,1,1,5,,
1746389,228,17,613,1,1,4,,
1748427,26,2,938,1,1,5,,
1750100,7,2,27,1,1,4,,
1750310,126,2,300,1,1,5,,
1750455,23,2,1035,1,1,,,
1751464,151,2,367,1,1,1,,
1752020,7,2,58,1,1,4,,
1752456,115,2,272,1,1,2,,
1753184,9,2,83,1,1,1,,
1753550,38,2,292,1,1,3,,
1756231,41,2,877,1,1,1,,
1757020,54,2,670,1,1,1,,
1757051,72,2,154,1,1,5,,
1757281,125,2,2397,1,1,4,,
1757361,4,2,4,1,1,,,
1757798,148,2,396,1,1,2,,
1757867,7,2,27,1,1,1,,
1758714,31,2,100,1,1,7,,
1758830,9,2,506,1,1,1,,
1759010,172,2,272,1,1,2,,
1760708,103,2,1365,1,1,2,,
1762590,3,14,10,1,1,,,
1763396,4,2,294,1,1,2,,
1765887,27,2,23,1,1,1,,
1766026,124,2,2398,1,1,7,,
1768028,487,2,1350,1,1,2,,
1768090,6,2,4,1,1,5,,
1768093,166,2,414,1,1,6,,
1768169,90,2,287,1,1,1,,
1768624,7,2,12,1,1,3,,
1769571,3,6,17,1,1,5,,
1770225,44,2,817,1,1,5,,
1770776,125,2,232,1,1,2,,
1771105,43,2,68,1,1,,,
1771124,38,2,357,1,1,2,,
1771409,215,2,2399,1,1,1,,
1771432,41,2,3,1,1,7,,
1772177,18,2,53,1,1,,,
1772344,3,14,10,1,1,,,
1772348,6,2,11,1,1,2,,
1772462,29,2,223,1,1,3,,
1776228,45,2,2400,1,1,3,,
1776322,7,2,261,1,1,4,,
1776620,3,2,15,1,1,1,,
1778622,52,2,2401,1,1,,,
1778726,26,2,22,1,1,1,,
1779663,9,2,180,1,1,1,,
1782276,18,2,563,1,1,1,,
1782858,83,2,217,1,1,2,,
1782908,488,2,11,1,1,1,,
1783676,202,2,367,1,1,3,,
1784305,19,2,26,1,1,3,,
1784355,7,2,1547,1,1,1,,
1786002,7,2,12,1,1,4,,
1786427,349,2,182,1,1,2,,
1786479,4,2,99,1,1,5,,
1788903,52,2,2031,1,1,5,,
1788994,23,2,1661,1,1,5,,
1789866,41,2,2402,1,1,1,,
1790656,67,2,594,1,1,1,,
1791354,29,2,298,1,1,1,,
1791668,18,2,703,1,1,3,,
1791674,7,2,37,1,1,4,,
1791755,27,2,23,1,1,2,,
1792232,30,2,1094,1,1,3,,
1792592,41,2,92,1,1,5,,
1793590,18,2,2403,1,1,4,,
1793759,5,2,45,1,1,2,,
1796630,90,2,186,1,1,1,,
1796887,44,2,2404,1,1,1,,
1798047,27,2,23,1,1,3,,
1798087,4,2,114,1,1,5,,
1798546,7,2,27,1,1,2,,
1798894,52,2,1053,1,1,,,
1799170,125,2,1424,1,1,2,,
1799935,16,2,2344,1,1,4,,
1802856,103,2,227,1,1,4,,
1803436,18,2,617,1,1,2,,
1804052,156,2,1703,1,1,4,,
1805509,62,2,104,1,1,6,,
1806790,17,2,2245,1,1,1,,
1807052,206,2,469,1,1,7,,
1809549,27,2,62,1,1,1,,
1810300,3,12,2405,1,1,3,,
1810796,9,2,198,1,1,5,,
1811580,72,2,422,1,1,1,,
1811868,9,2,957,1,1,7,,
1812071,29,2,2406,1,1,1,,
1813115,3,14,10,1,1,,,
1814029,10,2,167,1,1,,,
1814552,27,2,257,1,1,2,,
1814622,148,2,1331,1,1,3,,
1814987,75,2,1231,1,1,3,,
1815218,7,2,27,1,1,7,,
1815720,3,6,17,1,1,5,,
1816591,20,6,17,1,1,2,,
1817158,38,2,2407,1,1,2,,
1817492,3,14,10,1,1,,,
1817645,489,2,469,1,1,,,
1818775,153,2,376,1,1,5,,
1818919,140,2,346,1,1,2,,
1821048,103,2,686,1,1,2,,
1821191,115,2,107,1,1,2,,
1821549,2,2,15,1,1,5,,
1821762,52,2,710,1,1,3,,
1822057,9,2,261,1,1,2,,
1822067,67,2,223,1,1,3,,
1828087,18,2,15,1,1,,,
1828593,2,2,15,1,1,1,,
1828842,490,6,2408,1,1,5,,
1829381,19,2,26,1,1,3,,
1829760,5,2,71,1,1,1,,
1830132,6,2,949,1,1,2,,
1830587,26,2,2082,1,1,2,,
1830653,63,2,1183,1,1,7,,
1831165,73,2,88,1,1,5,,
1831634,170,2,421,1,1,2,,
1832050,72,2,1098,1,1,1,,
1832103,9,2,2409,1,1,1,,
1832259,9,2,957,1,1,2,,
1832311,7,2,58,1,1,3,,
1832363,3,14,10,1,1,,,
1833121,2,2,15,1,1,,,
1835162,6,2,1528,1,1,3,,
1835869,7,2,180,1,1,4,,
1836151,105,2,230,1,1,2,,
1836824,14,2,1129,1,1,1,,
1837539,52,2,84,1,1,5,,
1838643,2,2,15,1,1,1,,
1838991,156,2,1703,1,1,3,,
1839577,9,2,2410,1,1,4,,
1840979,90,2,191,1,1,7,,
1842330,3,31,2411,1,1,2,,
1842410,52,2,267,1,1,4,,
1842435,42,2,383,1,1,3,,
1842856,63,2,354,1,1,5,,
1843038,3,14,10,1,1,,,
1843942,43,2,2412,1,1,5,,
1843955,25,2,1745,1,1,4,,
1844107,54,2,2182,1,1,2,,
1844187,17,2,224,1,1,1,,
1844365,265,2,601,1,1,2,,
1844624,25,2,221,1,1,3,,
1844927,18,2,2171,1,1,2,,
1845179,90,2,438,1,1,2,,
1845876,4,2,10,1,1,4,,
1846050,4,2,946,1,1,1,,
1847386,39,2,144,1,1,3,,
1848032,148,2,354,1,1,1,,
1849513,56,2,2413,1,1,3,,
1849605,50,2,79,1,1,,,
1850066,90,2,1062,1,1,,,
1850706,491,2,2414,1,1,1,,
1850810,144,2,2193,1,1,2,,
1851642,9,2,145,1,1,2,,
1852109,7,2,31,1,1,3,,
1853048,6,2,11,1,1,1,,
1853061,18,2,15,1,1,1,,
1853240,9,2,368,1,1,5,,
1854896,82,2,1788,1,1,2,,
1855796,329,2,414,1,1,3,,
1856927,56,2,1785,1,1,2,,
1857712,6,2,11,1,1,3,,
1857984,64,2,42,1,1,5,,
1858005,103,2,104,1,1,1,,
1861137,14,2,2415,1,1,2,,
1861270,2,2,15,1,1,2,,
1861293,42,2,68,1,1,2,,
1861546,3,2,2416,1,1,2,,
1862749,315,2,2417,1,1,3,,
1863877,40,2,919,1,1,5,,
1864571,38,2,2418,1,1,1,,
1867264,25,2,2419,1,1,5,,
1867321,3,21,567,1,1,5,,
1868579,49,2,2149,1,1,,,
1871163,44,2,238,1,1,2,,
1871697,86,2,1736,1,1,1,,
1872358,51,2,231,1,1,,,
1872542,9,2,58,1,1,2,,
1872726,2,2,2420,1,1,1,,
1872740,40,2,919,1,1,4,,
1874251,9,2,198,1,1,2,,
1876865,4,2,99,1,1,2,,
1878108,31,2,51,1,1,4,,
1878695,7,2,14,1,1,4,,
1880308,2,2,15,1,1,1,,
1880392,62,2,250,1,1,,,
1880869,9,2,97,1,1,2,,
1880896,73,2,1593,1,1,1,,
1881724,73,2,88,1,1,1,,
1884820,49,2,2421,1,1,3,,
1884851,3,18,2422,1,1,6,,
1885550,153,2,380,1,1,2,,
1885848,9,2,2423,1,1,6,,
1885974,62,2,761,1,1,5,,
1886386,90,2,799,1,1,1,,
1886875,25,2,38,1,1,,,
1888066,3,14,10,1,1,,,
1888257,51,2,230,1,1,2,,
1888269,7,2,97,1,1,1,,
1891059,7,2,2424,1,1,5,,
1891806,4,2,99,1,1,2,,
1891868,3,2,2425,1,1,2,,
1892793,9,2,496,1,1,3,,
1892859,178,17,360,1,1,4,,
1895909,26,2,22,1,1,,,
1897707,5,2,71,1,1,3,,
1898104,14,2,1469,1,1,1,,
1900704,90,2,2426,1,1,1,,
1901416,18,2,2427,1,1,,,
1901519,23,2,84,1,1,5,,
1901578,3,14,10,1,1,2,,
1901874,18,2,703,1,1,1,,
1903591,7,2,2428,1,1,2,,
1903990,18,2,832,1,1,2,,
1907225,18,2,1304,1,1,2,,
1908485,22,6,17,1,1,1,,
1908498,42,2,68,1,1,5,,
1909732,64,2,2429,1,1,1,,
1909776,38,2,1211,1,1,2,,
1910013,3,2,601,1,1,2,,
1910344,10,2,3,1,1,1,,
1910700,16,2,22,1,1,3,,
1911450,73,2,107,1,1,6,,
1911506,18,2,2430,1,1,3,,
1912061,32,2,353,1,1,3,,
1912157,3,2,2431,1,1,1,,
1912597,9,2,1166,1,1,5,,
1913817,42,2,68,1,1,3,,
1915627,54,2,107,1,1,3,,
1916623,10,2,404,1,1,5,,
1917100,3,2,10,1,1,4,,
1917341,14,2,2432,1,1,1,,
1917520,7,2,430,1,1,3,,
1920792,4,2,4,1,1,3,,
1921392,117,2,631,1,1,,,
1923930,44,2,2433,1,1,1,,
1924238,66,2,2434,1,1,1,,
1924353,492,2,1993,1,1,6,,
1924808,125,2,428,1,1,2,,
1926878,67,2,2435,1,1,2,,
1926904,3,14,10,1,1,,,
1927783,32,2,859,1,1,2,,
1928867,27,2,651,1,1,1,,
1929375,120,2,79,1,1,5,,
1929488,4,2,841,1,1,2,,
1931320,45,2,348,1,1,3,,
1932287,37,2,360,1,1,1,,
1934883,14,2,1072,1,1,3,,
1935855,97,2,215,1,1,2,,
1936704,3,12,65,1,1,5,,
1938458,36,15,52,1,1,4,,
1939404,90,2,422,1,1,7,,
1939559,40,2,807,1,1,2,,
1939771,14,2,2436,1,1,2,,
1939984,4,2,1214,1,1,,,
1940159,3,14,10,1,1,,,
1940403,67,2,2435,1,1,1,,
1941146,16,2,120,1,1,3,,
1942275,9,2,1496,1,1,1,,
1944368,67,2,2437,1,1,2,,
1944535,52,2,182,1,1,4,,
1945102,45,2,44,1,1,4,,
1945473,153,2,1309,1,1,3,,
1946119,26,2,255,1,1,3,,
1946139,223,2,601,1,1,7,,
1947294,7,2,261,1,1,2,,
1947586,103,2,276,1,1,2,,
1947980,7,2,261,1,1,3,,
1948749,90,2,1904,1,1,2,,
1951644,7,2,658,1,1,4,,
1951952,73,2,107,1,1,2,,
1952897,348,2,215,1,1,2,,
1953029,6,2,4,1,1,1,,
1953058,9,2,945,1,1,5,,
1953412,2,2,15,1,1,6,,
1953635,32,2,45,1,1,2,,
1955113,125,2,69,1,1,1,,
1955208,45,2,614,1,1,2,,
1955599,9,2,157,1,1,2,,
1957412,27,2,2070,1,1,4,,
1960010,52,2,366,1,1,7,,
1960149,172,2,2041,1,1,2,,
1960805,103,2,104,1,1,1,,
1961369,115,2,1278,1,1,2,,
1963255,72,2,2438,1,1,5,,
1964430,3,2,15,1,1,1,,
1964685,25,2,1452,1,1,2,,
1964844,103,2,271,1,1,4,,
1964930,2,2,617,1,1,3,,
1966708,66,2,2439,1,1,2,,
1966918,4,2,11,1,1,2,,
1967933,27,2,23,1,1,2,,
1968173,17,2,224,1,1,2,,
1968415,23,2,228,1,1,5,,
1969385,52,2,377,1,1,3,,
1971965,45,2,44,1,1,2,,
1974544,54,2,88,1,1,3,,
1975219,14,2,514,1,1,4,,
1975304,329,2,1434,1,1,2,,
1975865,315,2,931,1,1,2,,
1977526,3,2,15,1,1,4,,
1977915,105,2,2440,1,1,4,,
1978115,493,19,2441,1,1,7,,
1979353,162,5,2442,1,1,1,,
1980447,18,2,15,1,1,3,,
1981024,3,14,10,1,1,,,
1981395,45,2,614,1,1,6,,
1981970,31,2,545,1,1,1,,
1982316,54,2,1714,1,1,3,,
1983053,151,2,367,1,1,2,,
1983258,10,2,1224,1,1,1,,
1983367,41,2,3,1,1,1,,
1984030,38,2,672,1,1,2,,
1984409,9,2,180,1,1,,,
1986967,26,2,172,1,1,3,,
1988115,45,2,2443,1,1,1,,
1989384,10,2,3,1,1,6,,
1989952,18,2,2444,1,1,5,,
1990101,17,2,224,1,1,3,,
1990203,43,2,128,1,1,4,,
1991814,3,14,10,1,1,,,
1994496,6,2,1942,1,1,5,,
1995723,26,2,128,1,1,1,,
1995890,23,2,84,1,1,3,,
1996422,494,2,11,1,1,2,,
1996696,2,2,2227,1,1,3,,
1996803,6,2,4,1,1,5,,
1997978,9,2,1358,1,1,1,,
1998879,45,2,348,1,1,2,,
1999674,16,2,128,1,1,3,,
1999695,17,2,868,1,1,2,,
1999758,10,2,1975,1,1,2,,
2000852,14,2,714,1,1,2,,
2001226,7,2,2163,1,1,3,,
2001359,73,2,107,1,1,3,,
2003255,120,2,317,1,1,2,,
2005892,16,2,510,1,1,,,
2007174,56,2,93,1,1,1,,
2009895,14,2,600,1,1,5,,
2010798,9,2,12,1,1,5,,
2012403,14,2,2445,1,1,2,,
2012779,7,2,14,1,1,2,,
2013243,4,2,289,1,1,,,
2014725,9,2,54,1,1,4,,
2014981,44,2,238,1,1,4,,
2015890,50,2,79,1,1,2,,
2016218,6,2,448,1,1,2,,
2017202,4,2,5,1,1,5,,
2018147,7,2,1075,1,1,3,,
2018812,495,2,347,1,1,2,,
2019502,265,2,601,1,1,1,,
2021903,23,2,899,1,1,1,,
2022373,358,15,758,1,1,2,,
2022857,47,12,2446,1,1,,,
2023329,4,2,114,1,1,2,,
2024031,105,2,2447,1,1,2,,
2024458,9,2,2448,1,1,1,,
2027661,14,2,2449,1,1,2,,
2027711,29,2,837,1,1,2,,
2030200,36,15,52,1,1,1,,
2030800,125,2,958,1,1,1,,
2031039,54,2,2450,1,1,3,,
2031248,62,2,104,1,1,5,,
2031259,41,2,193,1,1,3,,
2031597,7,2,148,1,1,4,,
2033166,3,54,2451,1,1,1,,
2033586,2,2,678,1,1,5,,
2034542,49,2,639,1,1,4,,
2036638,183,2,2452,1,1,1,,
2037982,45,2,545,1,1,3,,
2039570,2,2,15,1,1,1,,
2040473,3,14,10,1,1,,,
2042034,49,2,653,1,1,1,,
2042616,6,2,4,1,1,1,,
2043778,7,2,97,1,1,1,,
2043953,10,2,3,1,1,2,,
2044818,167,2,1054,1,1,2,,
2045626,38,2,2453,1,1,2,,
2047152,3,36,10,1,1,5,,
2047607,169,2,887,1,1,2,,
2048969,3,14,10,1,1,1,,
2049094,27,2,2070,1,1,2,,
2049248,3,14,10,1,1,,,
2049294,62,2,949,1,1,3,,
2049626,18,2,15,1,1,3,,
2052652,7,2,27,1,1,1,,
2053212,43,2,68,1,1,1,,
2053817,4,2,11,1,1,2,,
2055246,3,14,10,1,1,,,
2055609,120,2,2044,1,1,2,,
2056138,73,2,2450,1,1,1,,
2056503,496,17,651,1,1,1,,
2056643,38,2,1330,1,1,3,,
2057437,7,2,31,1,1,5,,
2058251,40,2,459,1,1,1,,
2058618,38,2,2454,1,1,3,,
2058838,16,2,288,1,1,1,,
2060251,2,2,2455,1,1,,,
2060617,99,2,26,1,1,1,,
2061386,6,2,1562,1,1,7,,
2061777,3,2,350,1,1,1,,
2064318,2,2,15,1,1,2,,
2064641,29,2,2456,1,1,1,,
2065236,44,2,544,1,1,1,,
2065679,125,2,2457,1,1,1,,
2065819,2,2,15,1,1,2,,
2067724,4,2,5,1,1,2,,
2068240,4,2,4,1,1,1,,
2070896,9,2,70,1,1,3,,
2071234,9,2,157,1,1,2,,
2074102,144,2,119,1,1,2,,
2074842,43,2,1208,1,1,1,,
2079141,3,2,15,1,1,2,,
2079272,3,2,773,1,1,1,,
2079519,10,2,3,1,1,3,,
2079661,30,2,475,1,1,3,,
2080230,49,2,64,1,1,3,,
2081025,6,2,11,1,1,7,,
2081245,90,2,1062,1,1,2,,
2085160,43,2,2215,1,1,2,,
2085386,62,2,217,1,1,1,,
2085745,62,2,104,1,1,1,,
2086763,160,2,612,1,1,2,,
2086774,10,2,3,1,1,5,,
2087346,52,2,182,1,1,2,,
2087390,26,2,255,1,1,4,,
2087756,4,2,11,1,1,2,,
2088722,389,19,1632,1,1,3,,
2090179,90,2,1027,1,1,1,,
2090390,54,2,502,1,1,,,
2091531,3,6,10,1,1,4,,
2092246,45,2,532,1,1,3,,
2092398,7,2,1991,1,1,2,,
2092737,497,2,1971,1,1,3,,
2093671,18,2,433,1,1,2,,
2095382,3,2,2458,1,1,,,
2096694,9,2,654,1,1,2,,
2097372,2,2,15,1,1,2,,
2097504,72,2,1039,1,1,,,
2099165,3,6,17,1,1,3,,
2100290,72,2,191,1,1,5,,
2102204,14,2,2459,1,1,2,,
2106638,62,2,104,1,1,,,
2106853,148,2,2460,1,1,5,,
2107301,9,2,315,1,1,1,,
2107535,7,2,2461,1,1,1,,
2108532,9,2,148,1,1,3,,
2109024,32,2,1159,1,1,5,,
2111243,156,2,740,1,1,1,,
2111459,498,5,1609,1,1,5,,
2111831,16,2,747,1,1,2,,
2112537,4,2,99,1,1,2,,
2113530,9,2,157,1,1,5,,
2113831,45,2,100,1,1,5,,
2114711,7,2,97,1,1,,,
2114845,62,2,104,1,1,4,,
2115036,7,2,58,1,1,3,,
2117177,117,2,281,1,1,1,,
2118349,9,2,260,1,1,4,,
2119627,18,2,2144,1,1,1,,
2120229,9,2,70,1,1,,,
2121426,38,2,676,1,1,2,,
2121817,3,6,17,1,1,5,,
2122671,2,2,67,1,1,3,,
2122794,201,2,2462,1,1,7,,
2122939,45,2,819,1,1,7,,
2123337,23,2,2463,1,1,1,,
2123540,66,2,1279,1,1,3,,
2123580,135,2,329,1,1,4,,
2123594,126,2,2317,1,1,3,,
2124512,2,2,617,1,1,4,,
2125239,50,2,2349,1,1,1,,
2125741,151,2,1028,1,1,5,,
2126444,45,2,838,1,1,3,,
2128757,4,2,4,1,1,2,,
2128914,39,2,59,1,1,2,,
2129224,4,2,4,1,1,3,,
2129908,9,2,145,1,1,3,,
2129930,9,2,36,1,1,5,,
2130232,25,2,64,1,1,2,,
2130429,36,15,2464,1,1,5,,
2132061,38,2,303,1,1,1,,
2132152,43,2,1059,1,1,3,,
2132275,499,6,17,1,1,3,,
2132939,4,2,11,1,1,3,,
2134473,38,2,951,1,1,4,,
2134810,39,2,59,1,1,4,,
2136773,67,2,223,1,1,2,,
2136938,167,2,573,1,1,4,,
2136962,52,2,2465,1,1,4,,
2137082,16,2,2466,1,1,3,,
2137348,3,14,10,1,1,,,
2138463,7,2,97,1,1,2,,
2138729,9,2,157,1,1,2,,
2138749,213,2,380,1,1,1,,
2139418,38,2,91,1,1,1,,
2139901,7,2,70,1,1,3,,
2142288,90,2,2467,1,1,2,,
2142793,2,2,15,1,1,2,,
2143963,90,2,186,1,1,2,,
2143979,153,2,380,1,1,1,,
2144386,31,2,51,1,1,1,,
2144755,38,2,357,1,1,1,,
2147835,73,2,1714,1,1,4,,
2148133,4,2,448,1,1,1,,
2148400,18,2,627,1,1,2,,
2148991,90,2,154,1,1,,,
2149985,4,2,4,1,1,2,,
2150532,10,2,2468,1,1,1,,
2150924,5,2,44,1,1,1,,
2150951,3,14,10,1,1,2,,
2151102,106,2,233,1,1,4,,
2151154,125,2,238,1,1,1,,
2151278,3,14,10,1,1,,,
2155110,263,2,2469,1,1,1,,
2155338,18,2,1413,1,1,1,,
2155460,25,2,221,1,1,5,,
2155470,42,2,68,1,1,,,
2155566,4,2,5,1,1,,,
2158668,2,2,15,1,1,2,,
2158708,31,2,542,1,1,5,,
2159366,4,2,5,1,1,3,,
2159897,17,2,2470,1,1,,,
2160548,2,2,15,1,1,2,,
2163948,90,2,2471,1,1,3,,
2163962,105,2,230,1,1,5,,
2166352,40,2,131,1,1,3,,
2166651,66,2,691,1,1,3,,
2167473,41,2,1224,1,1,3,,
2168076,261,2,472,1,1,5,,
2168893,54,2,107,1,1,2,,
2171947,9,2,54,1,1,4,,
2172673,18,2,2472,1,1,1,,
2173297,40,2,1065,1,1,1,,
2173365,32,2,45,1,1,1,,
2173728,54,2,2473,1,1,2,,
2174866,23,2,84,1,1,4,,
2175765,52,2,267,1,1,5,,
2178013,3,2,15,1,1,4,,
2180226,99,2,26,1,1,1,,
2180684,39,2,459,1,1,3,,
2181040,255,2,1664,1,1,3,,
2183493,90,2,707,1,1,2,,
2183609,50,2,598,1,1,2,,
2183652,3,2,758,1,1,,,
2183946,7,2,1071,1,1,5,,
2184732,7,2,843,1,1,2,,
2185307,25,2,38,1,1,,,
2185881,26,2,22,1,1,1,,
2188200,90,2,1001,1,1,5,,
2188830,117,2,281,1,1,5,,
2188919,43,2,68,1,1,1,,
2189335,10,2,3,1,1,1,,
2189867,45,2,614,1,1,2,,
2190221,31,2,44,1,1,4,,
2190633,347,2,2147,1,1,4,,
2191784,2,2,15,1,1,,,
2192142,73,2,1909,1,1,4,,
2192637,26,2,22,1,1,1,,
2193256,55,15,2474,1,1,7,,
2194032,7,2,97,1,1,3,,
2196154,2,2,15,1,1,2,,
2197238,2,2,15,1,1,3,,
2197293,7,2,148,1,1,5,,
2197296,42,2,383,1,1,2,,
2197876,2,2,832,1,1,5,,
2198025,278,2,11,1,1,,,
2198856,126,2,732,1,1,6,,
2200014,496,17,2475,1,1,3,,
2200287,7,2,198,1,1,4,,
2202547,27,2,224,1,1,1,,
2202562,41,2,686,1,1,3,,
2203309,43,2,383,1,1,2,,
2203697,73,2,88,1,1,7,,
2203829,10,2,2476,1,1,1,,
2204084,90,2,422,1,1,1,,
2204102,72,2,1464,1,1,1,,
2204354,19,2,26,1,1,4,,
2204496,90,2,2378,1,1,2,,
2204626,9,2,261,1,1,,,
2205342,40,2,1377,1,1,5,,
2205498,2,2,1316,1,1,4,,
2207055,500,12,2477,1,1,5,,
2207698,120,2,1051,1,1,2,,
2207758,83,2,2478,1,1,3,,
2207894,125,2,428,1,1,2,,
2209560,86,2,708,1,1,4,,
2209853,115,2,2247,1,1,3,,
2210400,50,2,317,1,1,4,,
2210923,39,2,919,1,1,4,,
2213829,2,2,15,1,1,2,,
2214435,14,2,1662,1,1,1,,
2214527,9,2,957,1,1,1,,
2214607,62,2,104,1,1,5,,
2214679,4,2,2284,1,1,3,,
2214694,44,2,238,1,1,5,,
2217184,9,2,27,1,1,2,,
2217508,9,2,145,1,1,3,,
2217515,64,2,1033,1,1,3,,
2217719,25,2,38,1,1,3,,
2219323,6,2,4,1,1,3,,
2220867,17,2,23,1,1,2,,
2221086,4,2,11,1,1,,,
2223177,106,2,887,1,1,1,,
2223993,4,2,11,1,1,2,,
2225282,72,2,580,1,1,5,,
2225409,232,2,2479,1,1,3,,
2226109,3,31,2480,1,1,7,,
2226943,106,2,420,1,1,2,,
2227727,9,2,27,1,1,4,,
2229686,3,14,10,1,1,1,,
2230045,2,2,15,1,1,2,,
2232249,6,2,841,1,1,3,,
2232398,9,2,674,1,1,1,,
2232425,29,2,2481,1,1,1,,
2233024,6,2,4,1,1,2,,
2233035,215,2,346,1,1,5,,
2233858,202,2,2482,1,1,2,,
2233984,9,2,27,1,1,5,,
2234530,86,2,183,1,1,2,,
2234995,272,2,940,1,1,,,
2235366,171,5,56,1,1,2,,
2236254,7,2,172,1,1,5,,
2236492,4,2,5,1,1,2,,
2237668,49,2,73,1,1,4,,
2238568,73,2,88,1,1,,,
2240141,42,2,2483,1,1,2,,
2240218,7,2,97,1,1,2,,
2241093,41,2,335,1,1,3,,
2241197,9,2,27,1,1,4,,
2241894,25,2,38,1,1,4,,
2244498,10,2,3,1,1,2,,
2245363,4,2,701,1,1,2,,
2245479,90,2,287,1,1,3,,
2245981,38,2,2484,1,1,2,,
2246151,63,2,2485,1,1,3,,
2246277,7,2,368,1,1,1,,
2246926,70,2,708,1,1,1,,
2248203,3,6,2486,1,1,5,,
2248407,16,2,297,1,1,1,,
2248728,151,2,1028,1,1,3,,
2248849,17,2,639,1,1,4,,
2248871,6,2,2036,1,1,1,,
2249972,3,12,65,1,1,7,,
2250414,38,2,2016,1,1,4,,
2250464,50,2,79,1,1,2,,
2251475,103,2,521,1,1,,,
2251777,9,2,157,1,1,3,,
2252218,44,2,232,1,1,3,,
2253872,2,2,123,1,1,5,,
2254443,7,2,12,1,1,2,,
2254693,315,2,940,1,1,5,,
2254994,2,2,15,1,1,2,,
2255436,501,45,2487,1,1,,,
2256999,49,2,38,1,1,,,
2257256,2,2,836,1,1,3,,
2257294,86,2,183,1,1,4,,
2259276,43,2,383,1,1,5,,
2259910,38,2,115,1,1,2,,
2259964,49,2,290,1,1,2,,
2260243,73,2,107,1,1,2,,
2260670,231,2,2488,1,1,3,,
2260687,66,2,824,1,1,5,,
2261199,5,2,71,1,1,5,,
2261227,6,2,114,1,1,3,,
2262067,169,2,2282,1,1,2,,
2262447,19,2,26,1,1,1,,
2263009,72,2,2489,1,1,4,,
2263104,9,2,27,1,1,1,,
2263179,63,2,354,1,1,7,,
2263354,3,14,10,1,1,1,,
2263834,72,2,2490,1,1,5,,
2263960,10,2,3,1,1,1,,
2266395,27,2,119,1,1,3,,
2266952,10,2,3,1,1,3,,
2266983,63,2,1218,1,1,3,,
2267501,39,2,2491,1,1,3,,
2267949,14,2,784,1,1,3,,
2268314,3,6,17,1,1,1,,
2268831,25,2,286,1,1,4,,
2269862,9,2,14,1,1,3,,
2269868,148,2,354,1,1,2,,
2270762,502,30,375,1,1,1,,
2272022,68,2,119,1,1,3,,
2273802,2,2,15,1,1,4,,
2274266,5,2,353,1,1,1,,
2274461,9,2,261,1,1,5,,
2275164,39,2,131,1,1,2,,
2277907,38,2,2492,1,1,5,,
2278008,73,2,1349,1,1,3,,
2278459,70,2,708,1,1,6,,
2278924,9,2,1188,1,1,1,,
2279553,7,2,462,1,1,3,,
2280086,50,2,79,1,1,1,,
2280174,10,2,3,1,1,,,
2281034,62,21,2493,1,1,4,,
2281119,50,2,1167,1,1,4,,
2281734,49,2,73,1,1,5,,
2282551,59,12,178,1,1,5,,
2282875,120,2,79,1,1,5,,
2282887,125,2,466,1,1,5,,
2283087,90,2,154,1,1,1,,
2283870,17,2,224,1,1,2,,
2284023,7,2,27,1,1,1,,
2284138,103,2,692,1,1,1,,
2285988,146,20,994,1,1,5,,
2286723,263,2,2040,1,1,2,,
2287304,9,2,2494,1,1,2,,
2287828,7,2,148,1,1,3,,
2287833,18,2,15,1,1,1,,
2288217,1,2,2495,1,1,5,,
2288802,49,2,187,1,1,3,,
2288934,148,2,686,1,1,4,,
2289109,3,14,10,1,1,7,,
2289840,30,2,2496,1,1,2,,
2290100,26,2,119,1,1,5,,
2291000,4,2,1258,1,1,1,,
2291981,16,2,1395,1,1,,,
2292971,4,2,5,1,1,1,,
2293043,9,2,58,1,1,2,,
2293270,4,2,448,1,1,1,,
2293301,41,2,3,1,1,2,,
2293632,143,2,806,1,1,2,,
2294627,143,2,1094,1,1,4,,
2294645,143,2,639,1,1,1,,
2294739,25,2,38,1,1,2,,
2295646,9,2,97,1,1,6,,
2296178,42,2,68,1,1,4,,
2296781,18,2,1928,1,1,2,,
2296993,4,2,11,1,1,4,,
2297786,176,2,286,1,1,1,,
2298476,18,2,832,1,1,3,,
2299407,66,2,93,1,1,2,,
2301992,7,2,27,1,1,5,,
2302094,97,2,215,1,1,2,,
2302172,41,2,3,1,1,2,,
2302548,167,2,417,1,1,,,
2302613,26,2,297,1,1,4,,
2302874,72,2,2467,1,1,5,,
2303165,62,2,761,1,1,2,,
2303444,503,43,1353,1,1,3,,
2303634,39,2,733,1,1,7,,
2304332,504,10,219,1,1,5,,
2304806,170,2,421,1,1,5,,
2307358,52,2,504,1,1,3,,
2308431,31,2,1045,1,1,5,,
2308707,90,2,1403,1,1,2,,
2310543,14,2,2497,1,1,1,,
2310709,64,2,259,1,1,2,,
2311870,31,2,614,1,1,1,,
2311952,120,2,1508,1,1,1,,
2312083,73,2,88,1,1,7,,
2312145,2,2,15,1,1,5,,
2312147,505,2,2498,1,1,2,,
2313067,62,2,250,1,1,2,,
2313590,506,19,2255,1,1,4,,
2314143,14,2,292,1,1,3,,
2314351,3,9,2499,1,1,7,,
2316063,23,2,1048,1,1,2,,
2316216,7,2,12,1,1,4,,
2316358,18,2,15,1,1,5,,
2316373,265,2,601,1,1,1,,
2317935,4,2,1192,1,1,5,,
2319092,25,2,173,1,1,2,,
2319884,31,2,360,1,1,1,,
2320275,40,2,60,1,1,2,,
2320329,7,2,27,1,1,5,,
2322484,70,2,183,1,1,3,,
2322919,98,2,217,1,1,4,,
2323244,6,2,11,1,1,4,,
2324363,170,2,421,1,1,,,
2324727,3,6,17,1,1,2,,
2325697,72,2,2500,1,1,,,
2326194,90,2,1501,1,1,1,,
2326416,27,2,112,1,1,3,,
2326570,52,2,84,1,1,5,,
2327567,34,15,1407,1,1,,,
2328049,7,2,55,1,1,3,,
2329009,62,2,104,1,1,1,,
2329087,14,2,292,1,1,2,,
2329618,4,2,2501,1,1,5,,
2329805,2,2,15,1,1,2,,
2329852,14,2,292,1,1,1,,
2330605,40,2,919,1,1,,,
2331524,90,2,1118,1,1,,,
2331708,42,2,68,1,1,5,,
2334403,56,2,301,1,1,1,,
2334910,7,2,27,1,1,3,,
2335410,105,2,81,1,1,2,,
2335683,120,2,79,1,1,2,,
2336815,31,2,310,1,1,2,,
2337318,25,2,38,1,1,2,,
2337615,45,2,1567,1,1,1,,
2337869,9,2,1532,1,1,2,,
2338127,90,2,2260,1,1,,,
2339560,22,6,17,1,1,5,,
2340408,507,33,2502,1,1,2,,
2340954,4,2,2503,1,1,3,,
2341258,97,2,1797,1,1,7,,
2341517,67,2,894,1,1,7,,
2341681,29,2,298,1,1,2,,
2342688,9,2,148,1,1,1,,
2342745,43,2,950,1,1,1,,
2343421,201,2,989,1,1,5,,
2344266,19,2,26,1,1,2,,
2344502,9,2,500,1,1,2,,
2345349,52,2,504,1,1,2,,
2345357,143,2,2504,1,1,2,,
2345404,126,2,300,1,1,3,,
2345420,125,2,164,1,1,1,,
2345493,14,2,115,1,1,2,,
2346012,32,2,1159,1,1,3,,
2346444,120,2,79,1,1,3,,
2346552,2,2,15,1,1,4,,
2347127,7,2,12,1,1,2,,
2347133,215,2,346,1,1,2,,
2347222,86,2,2505,1,1,4,,
2347830,39,2,1147,1,1,1,,
2347883,50,2,1167,1,1,2,,
2348603,32,2,1159,1,1,3,,
2349382,18,2,15,1,1,2,,
2350260,2,2,2506,1,1,,,
2351348,2,2,67,1,1,2,,
2352463,29,2,132,1,1,4,,
2352712,10,2,2507,1,1,1,,
2353620,42,2,68,1,1,,,
2353982,72,2,799,1,1,1,,
2354894,67,2,347,1,1,,,
2354924,42,2,68,1,1,5,,
2357397,17,2,23,1,1,1,,
2358400,9,2,97,1,1,5,,
2359322,4,2,1382,1,1,1,,
2359411,42,2,1953,1,1,2,,
2360867,9,2,457,1,1,3,,
2361831,41,2,140,1,1,2,,
2363309,43,2,68,1,1,1,,
2363384,32,2,45,1,1,3,,
2363576,19,2,26,1,1,2,,
2364800,105,2,230,1,1,2,,
2365527,99,2,26,1,1,2,,
2365939,32,2,1365,1,1,2,,
2366536,508,6,17,1,1,1,,
2367127,9,2,148,1,1,1,,
2367193,7,2,2228,1,1,2,,
2367316,22,6,17,1,1,1,,
2368390,9,2,54,1,1,1,,
2368590,86,2,183,1,1,2,,
2368665,2,2,15,1,1,4,,
2368769,27,2,224,1,1,1,,
2370198,70,2,708,1,1,4,,
2371015,9,2,957,1,1,5,,
2371681,38,2,2277,1,1,3,,
2372885,99,2,26,1,1,7,,
2373835,509,21,2508,1,1,2,,
2375518,38,2,1651,1,1,5,,
2375692,40,2,207,1,1,3,,
2377207,9,2,12,1,1,4,,
2377435,6,2,4,1,1,,,
2378290,55,15,2509,1,1,4,,
2378851,9,2,27,1,1,5,,
2378989,4,2,872,1,1,5,,
2379156,22,6,2510,1,1,1,,
2379384,389,19,2511,1,1,5,,
2379623,305,6,1094,1,1,1,,
2380725,328,6,2512,1,1,1,,
2381271,55,15,48,1,1,6,,
2382753,54,2,88,1,1,2,,
2382822,103,2,276,1,1,5,,
2382849,63,2,668,1,1,5,,
2382910,32,2,71,1,1,7,,
2382996,202,2,367,1,1,,,
2383821,40,2,2249,1,1,5,,
2384213,7,2,27,1,1,4,,
2385130,4,2,95,1,1,5,,
2385278,14,2,2445,1,1,4,,
2385490,7,2,1358,1,1,2,,
2385691,187,29,425,1,1,3,,
2388424,72,2,287,1,1,1,,
2388479,43,2,68,1,1,4,,
2389408,7,2,198,1,1,1,,
2389912,26,2,815,1,1,2,,
2389955,14,2,303,1,1,3,,
2390229,7,2,148,1,1,5,,
2392439,90,2,1062,1,1,,,
2392640,160,2,421,1,1,3,,
2393170,31,2,44,1,1,2,,
2393241,202,2,2513,1,1,1,,
2394540,31,2,838,1,1,5,,
2394593,63,2,354,1,1,6,,
2394652,41,2,135,1,1,7,,
2394667,105,2,230,1,1,2,,
2394853,103,2,271,1,1,1,,
2396274,25,2,119,1,1,2,,
2396310,42,2,68,1,1,5,,
2396335,4,2,528,1,1,2,,
2396645,23,2,84,1,1,3,,
2396923,510,21,2514,1,1,4,,
2397652,52,2,470,1,1,1,,
2397917,7,2,506,1,1,3,,
2399284,259,2,485,1,1,1,,
2399688,26,2,694,1,1,1,,
2399879,42,2,68,1,1,1,,
2400156,4,2,5,1,1,1,,
2400217,190,2,2515,1,1,,,
2400874,51,2,2516,1,1,1,,
2400951,7,2,654,1,1,2,,
2402056,10,2,2241,1,1,,,
2402229,3,14,10,1,1,,,
2403625,38,2,426,1,1,3,,
2403990,18,2,15,1,1,2,,
2404549,39,2,582,1,1,2,,
2405132,31,2,49,1,1,1,,
2408830,492,2,2517,1,1,2,,
2409046,72,2,186,1,1,2,,
2409140,4,2,11,1,1,3,,
2409707,43,2,68,1,1,5,,
2411622,259,2,399,1,1,2,,
2412796,32,2,71,1,1,,,
2413236,151,2,367,1,1,4,,
2413577,18,2,15,1,1,3,,
2414023,90,2,933,1,1,2,,
2414446,49,2,604,1,1,2,,
2415472,6,2,5,1,1,,,
2415664,3,6,17,1,1,6,,
2417014,18,2,15,1,1,5,,
2417135,148,2,354,1,1,2,,
2417568,511,2,632,1,1,2,,
2418068,38,2,2518,1,1,1,,
2418722,49,2,187,1,1,1,,
2419093,4,2,11,1,1,1,,
2419103,9,2,97,1,1,3,,
2419927,38,2,2459,1,1,2,,
2422099,31,2,348,1,1,4,,
2422181,39,2,323,1,1,3,,
2422400,9,2,97,1,1,2,,
2424687,86,2,183,1,1,5,,
2425438,40,2,131,1,1,3,,
2425713,153,2,380,1,1,5,,
2426324,14,2,2519,1,1,1,,
2426405,26,2,120,1,1,2,,
2427738,3,9,19,1,1,4,,
2428290,49,2,181,1,1,4,,
2429568,265,2,601,1,1,1,,
2430084,52,2,84,1,1,5,,
2430330,2,2,15,1,1,,,
2430577,9,2,993,1,1,2,,
2430668,64,2,1332,1,1,7,,
2431080,6,2,11,1,1,1,,
2431263,4,2,4,1,1,2,,
2431331,18,2,15,1,1,,,
2433416,90,2,1039,1,1,7,,
2433545,3,2,217,1,1,7,,
2434204,31,2,545,1,1,3,,
2434292,90,2,2253,1,1,,,
2434847,103,2,521,1,1,4,,
2435986,512,2,2520,1,1,3,,
2437248,3,2,10,1,1,6,,
2440000,10,2,3,1,1,2,,
2440233,170,2,421,1,1,3,,
2440656,49,2,38,1,1,3,,
2441196,73,2,1040,1,1,2,,
2441445,67,2,439,1,1,3,,
2441823,41,2,3,1,1,1,,
2442165,14,2,292,1,1,3,,
2444155,22,6,17,1,1,1,,
2444543,9,2,506,1,1,2,,
2446198,9,2,27,1,1,1,,
2446468,72,2,137,1,1,3,,
2446546,7,2,148,1,1,5,,
2447993,16,2,22,1,1,4,,
2448616,52,2,568,1,1,2,,
2448893,2,2,2521,1,1,2,,
2450045,16,2,747,1,1,1,,
2450496,43,2,68,1,1,1,,
2451777,4,2,4,1,1,4,,
2452204,2,2,15,1,1,3,,
2453129,9,2,54,1,1,5,,
2453783,513,30,525,1,1,6,,
2454189,38,2,2522,1,1,1,,
2454643,431,5,472,1,1,7,,
2455262,7,2,97,1,1,2,,
2455339,9,2,430,1,1,3,,
2455697,9,2,2385,1,1,,,
2455773,206,2,469,1,1,5,,
2456671,39,2,876,1,1,2,,
2456776,37,2,44,1,1,5,,
2457082,124,2,2398,1,1,4,,
2457103,6,2,4,1,1,2,,
2457172,358,15,758,1,1,3,,
2461574,176,2,343,1,1,3,,
2461983,4,2,289,1,1,,,
2463373,19,2,26,1,1,5,,
2463641,7,2,148,1,1,1,,
2466850,3,2,180,1,1,4,,
2467378,25,2,119,1,1,4,,
2468405,117,2,2523,1,1,3,,
2468813,9,2,97,1,1,1,,
2468875,4,2,883,1,1,3,,
2468967,25,2,38,1,1,4,,
2470316,125,2,238,1,1,4,,
2470497,27,2,23,1,1,7,,
2470561,9,2,97,1,1,5,,
2470835,3,5,2524,1,1,6,,
2471716,72,2,191,1,1,4,,
2471868,43,2,68,1,1,5,,
2472741,7,2,261,1,1,3,,
2473196,124,2,1401,1,1,1,,
2473380,3,2,15,1,1,4,,
2473394,2,2,15,1,1,1,,
2473548,70,2,183,1,1,,,
2474282,18,2,627,1,1,1,,
2474441,172,2,272,1,1,4,,
2474662,10,2,135,1,1,5,,
2474814,52,2,182,1,1,2,,
2475568,7,2,54,1,1,3,,
2475616,10,2,3,1,1,7,,
2477473,72,2,422,1,1,1,,
2477827,41,2,1998,1,1,2,,
2478347,67,2,663,1,1,1,,
2478935,70,2,275,1,1,1,,
2480157,103,2,104,1,1,4,,
2480456,31,2,310,1,1,1,,
2481809,16,2,1236,1,1,3,,
2483719,3,2,272,1,1,6,,
2484328,23,2,2525,1,1,1,,
2485931,202,2,1028,1,1,5,,
2486581,9,2,58,1,1,,,
2487099,41,2,1913,1,1,3,,
2487896,3,13,40,1,1,1,,
2488924,72,2,1533,1,1,2,,
2489833,72,2,580,1,1,1,,
2489937,25,2,358,1,1,3,,
2490323,103,2,104,1,1,2,,
2490606,7,2,58,1,1,2,,
2491610,42,2,1000,1,1,6,,
2491896,56,2,807,1,1,,,
2494361,4,2,114,1,1,7,,
2494694,72,2,2526,1,1,2,,
2495862,4,2,167,1,1,4,,
2496717,99,2,26,1,1,1,,
2497038,54,2,88,1,1,1,,
2497653,3,2,583,1,1,6,,
2498108,3,16,2363,1,1,3,,
2498513,52,2,2265,1,1,2,,
2498968,18,2,15,1,1,2,,
2499144,26,2,128,1,1,1,,
2499210,7,2,27,1,1,5,,
2499431,173,6,17,1,1,2,,
2499560,3,2,2527,1,1,5,,
2499922,18,2,67,1,1,1,,
2500100,10,2,3,1,1,4,,
2500598,2,2,15,1,1,3,,
2500904,7,2,27,1,1,2,,
2501820,7,2,172,1,1,1,,
2502595,23,2,740,1,1,2,,
2502955,4,2,2528,1,1,3,,
2503130,2,2,15,1,1,5,,
2503830,42,2,383,1,1,2,,
2504462,357,2,786,1,1,1,,
2504518,201,2,2529,1,1,1,,
2504677,9,2,27,1,1,2,,
2505701,72,2,191,1,1,2,,
2506326,26,2,22,1,1,4,,
2506549,18,2,15,1,1,2,,
2506872,3,2,15,1,1,3,,
2507675,64,2,259,1,1,7,,
2507823,18,2,15,1,1,1,,
2507852,49,2,38,1,1,5,,
2508768,38,2,514,1,1,3,,
2508846,7,2,27,1,1,5,,
2508972,18,2,2530,1,1,,,
2509162,52,2,182,1,1,2,,
2509192,4,2,448,1,1,2,,
2509347,6,2,5,1,1,1,,
2510617,38,2,304,1,1,1,,
2511837,6,2,99,1,1,3,,
2511924,7,2,1891,1,1,1,,
2513215,4,2,99,1,1,4,,
2514336,117,2,2531,1,1,2,,
2514540,14,2,1912,1,1,2,,
2515756,4,2,4,1,1,1,,
2516403,70,2,737,1,1,2,,
2517134,25,2,1317,1,1,2,,
2517347,3,6,504,1,1,,,
2519923,3,14,10,1,1,2,,
2520241,90,2,2532,1,1,,,
2520470,32,2,2533,1,1,,,
2521528,115,2,2534,1,1,6,,
2521654,73,2,1955,1,1,3,,
2523630,3,38,1091,1,1,3,,
2525169,442,31,2535,1,1,5,,
2525235,14,2,2536,1,1,2,,
2525728,3,2,26,1,1,1,,
2526913,3,6,2537,1,1,4,,
2529188,3,2,1960,1,1,2,,
2530287,38,2,2538,1,1,3,,
2530559,52,2,84,1,1,,,
2531104,10,2,3,1,1,2,,
2532259,9,2,14,1,1,6,,
2532635,41,2,3,1,1,2,,
2533593,32,2,71,1,1,3,,
2533682,103,2,104,1,1,2,,
2536305,31,2,75,1,1,5,,
2537426,23,2,84,1,1,,,
2537632,5,2,71,1,1,1,,
2537672,202,2,1028,1,1,1,,
2538921,10,2,3,1,1,2,,
2540203,10,2,2539,1,1,2,,
2540271,18,2,1817,1,1,3,,
2540588,18,2,15,1,1,,,
2540641,206,2,469,1,1,5,,
2541700,206,2,469,1,1,5,,
2542272,120,2,2071,1,1,4,,
2543509,3,14,10,1,1,1,,
2543692,14,2,2540,1,1,4,,
2543818,105,2,230,1,1,4,,
2543868,40,2,59,1,1,4,,
2544689,374,9,19,1,1,,,
2545469,39,2,582,1,1,7,,
2545750,4,2,5,1,1,4,,
2546692,14,2,2541,1,1,1,,
2546897,27,2,2542,1,1,2,,
2548094,186,2,486,1,1,4,,
2548099,232,2,633,1,1,5,,
2548108,124,2,1117,1,1,4,,
2548109,124,2,300,1,1,5,,
2548588,21,5,33,1,1,5,,
2548923,19,2,26,1,1,1,,
2548967,14,2,797,1,1,1,,
2550611,514,15,2543,1,1,5,,
2550852,18,2,836,1,1,4,,
2551046,9,2,27,1,1,4,,
2551071,43,2,2544,1,1,,,
2551202,86,2,708,1,1,2,,
2551380,42,2,1234,1,1,1,,
2551475,515,19,2545,1,1,6,,
2552185,72,2,1403,1,1,1,,
2552224,41,2,3,1,1,3,,
2552423,67,2,223,1,1,1,,
2552597,7,2,12,1,1,2,,
2553549,160,2,1376,1,1,1,,
2553945,62,2,104,1,1,5,,
2553960,72,2,1126,1,1,3,,
2555069,90,2,2546,1,1,4,,
2555331,52,2,2547,1,1,2,,
2555454,16,2,120,1,1,6,,
2555767,26,2,1236,1,1,1,,
2556683,9,2,260,1,1,1,,
2556955,9,2,58,1,1,,,
2556957,183,2,354,1,1,1,,
2560086,45,2,545,1,1,1,,
2560241,6,2,11,1,1,2,,
2560449,516,2,71,1,1,,,
2560828,72,2,1464,1,1,2,,
2561953,67,2,223,1,1,2,,
2562023,16,2,2548,1,1,1,,
2562128,25,2,38,1,1,5,,
2562318,31,2,944,1,1,1,,
2562378,2,2,15,1,1,6,,
2562534,90,2,154,1,1,,,
2562699,3,5,472,1,1,4,,
2563046,38,2,2445,1,1,4,,
2563298,25,2,1152,1,1,4,,
2564886,38,2,63,1,1,6,,
2564990,263,2,2549,1,1,2,,
2564992,3,14,10,1,1,7,,
2564994,3,14,10,1,1,7,,
2564995,3,14,10,1,1,,,
2564997,3,14,10,1,1,7,,
2565117,45,2,348,1,1,7,,
2566140,86,2,2550,1,1,4,,
2566991,40,2,2551,1,1,5,,
2567052,72,2,854,1,1,2,,
2567179,4,2,399,1,1,3,,
2567200,30,2,2552,1,1,3,,
2567371,263,2,1054,1,1,3,,
2567427,42,2,746,1,1,2,,
2567550,153,2,969,1,1,2,,
2567649,27,2,23,1,1,2,,
2568439,248,6,764,1,1,2,,
2569093,4,2,5,1,1,1,,
2569274,26,2,297,1,1,1,,
2569287,103,2,446,1,1,3,,
2569441,25,2,64,1,1,2,,
2571668,72,2,186,1,1,4,,
2573460,25,2,1032,1,1,4,,
2575099,18,2,15,1,1,,,
2575430,69,3,535,1,1,3,,
2575634,41,2,3,1,1,5,,
2575734,3,2,15,1,1,3,,
2576467,202,2,527,1,1,,,
2576548,4,2,4,1,1,7,,
2576685,49,2,604,1,1,2,,
2578059,72,2,137,1,1,1,,
2578208,17,2,257,1,1,5,,
2578284,105,2,230,1,1,1,,
2579812,25,2,38,1,1,4,,
2579830,202,2,1028,1,1,6,,
2579911,7,2,2553,1,1,3,,
2580832,50,2,79,1,1,3,,
2580945,4,2,114,1,1,2,,
2581389,9,2,27,1,1,3,,
2581754,23,2,568,1,1,1,,
2582575,2,2,15,1,1,4,,
2583163,25,2,2554,1,1,2,,
2583647,41,2,3,1,1,4,,
2584122,20,6,17,1,1,5,,
2584453,90,2,1464,1,1,5,,
2584457,90,2,1443,1,1,7,,
2584469,90,2,276,1,1,7,,
2584489,90,2,2201,1,1,7,,
2584492,90,2,2555,1,1,5,,
2584494,90,2,983,1,1,7,,
2584729,90,2,933,1,1,,,
2585163,288,2,2217,1,1,4,,
2586020,41,2,404,1,1,5,,
2586261,7,2,120,1,1,3,,
2586409,14,2,2556,1,1,1,,
2586579,9,2,846,1,1,1,,
2587248,18,2,677,1,1,3,,
2587294,30,2,2557,1,1,3,,
2587322,50,2,317,1,1,1,,
2587678,4,2,5,1,1,2,,
2588649,59,12,65,1,1,1,,
2588769,126,2,1565,1,1,2,,
2589107,7,2,58,1,1,3,,
2590023,103,2,606,1,1,5,,
2590843,10,2,3,1,1,3,,
2591453,126,2,300,1,1,3,,
2592230,25,2,193,1,1,3,,
2592772,9,2,27,1,1,2,,
2594164,85,9,19,1,1,7,,
2594422,6,2,2558,1,1,2,,
2594668,62,2,104,1,1,5,,
2596040,117,2,281,1,1,4,,
2596575,73,2,1266,1,1,2,,
2599374,2,2,15,1,1,1,,
2599529,70,2,130,1,1,2,,
2599965,7,2,97,1,1,2,,
2600261,41,2,405,1,1,2,,
2600576,2,2,15,1,1,2,,
2600726,7,2,970,1,1,2,,
2601032,3,2,583,1,1,3,,
2601226,14,2,332,1,1,2,,
2601238,64,2,106,1,1,2,,
2602188,3,2,1960,1,1,1,,
2604933,4,2,1258,1,1,4,,
2605615,43,2,68,1,1,1,,
2606109,9,2,1080,1,1,2,,
2606446,117,2,2311,1,1,4,,
2608049,6,2,289,1,1,2,,
2608095,167,2,417,1,1,3,,
2608676,91,6,2559,1,1,3,,
2609441,41,2,2560,1,1,2,,
2610793,7,2,239,1,1,3,,
2610819,70,2,183,1,1,1,,
2611817,59,12,557,1,1,7,,
2612282,66,2,691,1,1,1,,
2612425,6,2,5,1,1,4,,
2613021,517,36,2561,1,1,2,,
2613268,518,2,1239,1,1,,,
2614427,72,2,422,1,1,2,,
2614691,25,2,73,1,1,1,,
2615743,120,2,79,1,1,1,,
2615835,31,2,49,1,1,4,,
2615959,7,2,180,1,1,3,,
2616019,213,2,376,1,1,1,,
2616230,105,2,586,1,1,5,,
2616977,7,2,180,1,1,1,,
2616992,7,2,180,1,1,5,,
2617438,99,2,26,1,1,2,,
2617452,115,2,2562,1,1,3,,
2618313,213,2,380,1,1,3,,
2618373,2,2,15,1,1,4,,
2619868,38,2,2445,1,1,1,,
2619947,55,15,2474,1,1,4,,
2619961,4,2,2563,1,1,7,,
2620735,9,2,27,1,1,6,,
2620935,4,2,359,1,1,,,
2622009,7,2,323,1,1,1,,
2622061,120,2,79,1,1,3,,
2622336,9,2,157,1,1,,,
2623352,16,2,587,1,1,2,,
2623363,10,2,3,1,1,2,,
2624664,9,2,12,1,1,2,,
2624928,10,2,3,1,1,1,,
2626019,86,2,708,1,1,4,,
2627327,9,2,12,1,1,2,,
2627350,6,2,11,1,1,5,,
2627812,43,2,383,1,1,4,,
2628392,43,2,68,1,1,2,,
2628791,3,2,15,1,1,1,,
2629015,478,6,986,1,1,2,,
2629457,4,2,11,1,1,1,,
2630770,9,2,198,1,1,,,
2631743,18,2,15,1,1,1,,
2632918,63,2,1477,1,1,5,,
2634332,357,2,2564,1,1,4,,
2636265,10,2,3,1,1,4,,
2636280,265,2,2565,1,1,7,,
2636533,16,2,614,1,1,2,,
2636973,9,2,2566,1,1,3,,
2638267,86,2,708,1,1,3,,
2638295,193,2,2212,1,1,2,,
2639195,96,2,211,1,1,1,,
2639249,3,2,10,1,1,2,,
2639534,7,2,148,1,1,1,,
2639755,18,2,15,1,1,2,,
2640556,25,2,38,1,1,3,,
2640606,41,2,685,1,1,5,,
2640665,41,2,1034,1,1,2,,
2640689,56,2,564,1,1,5,,
2640965,41,2,135,1,1,3,,
2641066,519,2,1034,1,1,2,,
2642004,202,2,976,1,1,2,,
2642068,7,2,2567,1,1,2,,
2642086,7,2,12,1,1,3,,
2642477,9,2,261,1,1,3,,
2643302,213,2,380,1,1,3,,
2643510,27,2,2568,1,1,1,,
2643717,72,2,135,1,1,1,,
2643783,2,2,15,1,1,2,,
2644051,7,2,77,1,1,5,,
2644323,4,2,114,1,1,4,,
2644365,90,2,287,1,1,,,
2645437,23,2,84,1,1,2,,
2647561,9,2,157,1,1,3,,
2647784,4,2,4,1,1,1,,
2647892,206,2,952,1,1,3,,
2648566,26,2,2569,1,1,4,,
2648958,6,2,701,1,1,,,
2650722,66,2,93,1,1,2,,
2650980,105,2,2570,1,1,1,,
2652476,26,2,2571,1,1,5,,
2652511,6,2,11,1,1,2,,
2653084,59,12,65,1,1,2,,
2653644,52,2,568,1,1,3,,
2653804,7,2,97,1,1,1,,
2653869,124,2,300,1,1,5,,
2653956,126,2,300,1,1,2,,
2653969,9,2,70,1,1,3,,
2655348,176,2,2572,1,1,2,,
2656267,25,2,2573,1,1,2,,
2658145,18,2,15,1,1,1,,
2658755,263,2,417,1,1,3,,
2658839,26,2,128,1,1,1,,
2659878,38,2,797,1,1,2,,
2660181,25,2,290,1,1,5,,
2660657,9,2,2574,1,1,1,,
2662595,3,4,375,1,1,5,,
2662740,90,2,137,1,1,2,,
2662858,282,2,197,1,1,2,,
2662993,76,2,329,1,1,4,,
2663195,7,2,58,1,1,4,,
2663291,2,2,15,1,1,2,,
2664143,172,2,272,1,1,2,,
2664486,7,2,783,1,1,4,,
2664556,9,2,58,1,1,5,,
2664890,40,2,733,1,1,7,,
2666164,415,2,1548,1,1,4,,
2666617,7,2,97,1,1,2,,
2666875,22,6,2575,1,1,1,,
2667440,52,2,1386,1,1,2,,
2667723,31,2,360,1,1,5,,
2668093,3,14,10,1,1,,,
2668792,52,2,568,1,1,5,,
2670206,124,2,1394,1,1,4,,
2671492,73,2,2576,1,1,2,,
2671560,32,2,45,1,1,2,,
2671586,9,2,179,1,1,5,,
2673675,126,2,732,1,1,5,,
2673722,4,2,4,1,1,2,,
2673934,126,2,300,1,1,1,,
2674719,52,2,2577,1,1,1,,
2675169,120,2,79,1,1,2,,
2676627,3,5,693,1,1,6,,
2677750,4,2,833,1,1,1,,
2677974,66,2,1712,1,1,4,,
2678950,16,2,762,1,1,2,,
2680000,23,2,1589,1,1,5,,
2680791,56,2,2578,1,1,3,,
2681218,22,6,17,1,1,,,
2681277,7,2,122,1,1,5,,
2682354,4,2,4,1,1,2,,
2682425,6,2,167,1,1,1,,
2682538,76,2,2579,1,1,2,,
2684081,42,2,68,1,1,4,,
2684737,357,2,2580,1,1,4,,
2684883,2,2,627,1,1,3,,
2685020,4,2,5,1,1,2,,
2685638,17,2,1238,1,1,2,,
2685997,170,2,612,1,1,2,,
2686249,38,2,672,1,1,4,,
2687116,18,2,15,1,1,3,,
2688901,45,2,147,1,1,3,,
2689119,4,2,359,1,1,4,,
2689946,9,2,770,1,1,4,,
2692259,9,2,2581,1,1,3,,
2692884,3,2,191,1,1,4,,
2692976,26,2,128,1,1,3,,
2693747,72,2,186,1,1,1,,
2694961,51,2,81,1,1,6,,
2694995,10,2,3,1,1,2,,
2695283,2,2,15,1,1,1,,
2695315,272,2,940,1,1,,,
2695414,124,2,1764,1,1,2,,
2695488,117,2,281,1,1,2,,
2695628,7,2,148,1,1,5,,
2696025,169,2,887,1,1,5,,
2697724,2,2,15,1,1,,,
2697825,14,2,358,1,1,2,,
2697872,166,2,2582,1,1,2,,
2697980,42,2,68,1,1,1,,
2698014,40,2,1147,1,1,,,
2698283,41,2,870,1,1,1,,
2698874,45,2,838,1,1,2,,
2699082,125,2,69,1,1,2,,
2700167,43,2,554,1,1,7,,
2700263,9,2,1702,1,1,3,,
2700583,41,2,3,1,1,5,,
2700663,9,2,853,1,1,7,,
2701198,45,2,44,1,1,1,,
2701213,30,2,2583,1,1,,,
2701866,4,2,4,1,1,2,,
2702568,30,2,1332,1,1,1,,
2702886,2,2,15,1,1,1,,
2703890,42,2,2584,1,1,3,,
2704330,18,2,2585,1,1,3,,
2704379,6,2,4,1,1,4,,
2706571,98,2,2586,1,1,2,,
2706901,4,2,4,1,1,1,,
2708254,4,2,99,1,1,4,,
2708302,98,2,221,1,1,2,,
2708460,70,2,2587,1,1,2,,
2708565,7,2,148,1,1,3,,
2710555,2,2,15,1,1,1,,
2710878,5,2,7,1,1,3,,
2711102,31,2,614,1,1,2,,
2711806,4,2,99,1,1,2,,
2712421,10,2,3,1,1,4,,
2712856,26,2,128,1,1,3,,
2713586,9,2,2588,1,1,4,,
2715192,4,2,99,1,1,4,,
2716011,67,2,223,1,1,2,,
2716056,4,2,2589,1,1,6,,
2716085,70,2,708,1,1,6,,
2717659,72,2,2253,1,1,2,,
2718193,108,5,2590,1,1,5,,
2720225,39,2,2394,1,1,2,,
2720583,6,2,11,1,1,5,,
2720633,115,2,1278,1,1,3,,
2721696,45,2,2591,1,1,2,,
2721914,17,2,23,1,1,5,,
2722082,90,2,1027,1,1,1,,
2722154,9,2,58,1,1,1,,
2722174,9,2,172,1,1,1,,
2722336,7,2,97,1,1,3,,
2722433,176,2,1298,1,1,2,,
2723098,206,2,469,1,1,5,,
2723730,23,2,1270,1,1,1,,
2723848,3,10,1542,1,1,1,,
2723935,51,2,230,1,1,3,,
2725336,265,2,601,1,1,3,,
2726149,109,5,9,1,1,5,,
2729100,90,2,154,1,1,,,
2730196,40,2,131,1,1,1,,
2730271,18,2,2430,1,1,2,,
2730341,43,2,1014,1,1,5,,
2730523,255,2,354,1,1,1,,
2730541,72,2,955,1,1,1,,
2730891,49,2,38,1,1,6,,
2731194,105,2,373,1,1,5,,
2731814,10,2,3,1,1,5,,
2732162,259,2,2592,1,1,1,,
2732283,9,2,2593,1,1,1,,
2732417,9,2,27,1,1,5,,
2733340,31,2,76,1,1,1,,
2733966,73,2,107,1,1,1,,
2736217,32,2,295,1,1,2,,
2736308,117,2,2594,1,1,2,,
2736320,54,2,1552,1,1,3,,
2736489,25,2,2595,1,1,3,,
2736516,97,2,215,1,1,3,,
2737686,277,2,231,1,1,2,,
2737970,169,2,936,1,1,5,,
2738154,6,2,5,1,1,1,,
2738312,52,2,401,1,1,2,,
2738899,49,2,187,1,1,1,,
2739236,151,2,367,1,1,,,
2739563,16,2,671,1,1,3,,
2740447,2,2,1316,1,1,3,,
2740813,39,2,1764,1,1,4,,
2741008,42,2,2596,1,1,3,,
2741981,31,2,44,1,1,2,,
2742352,6,2,5,1,1,2,,
2742649,3,2,10,1,1,1,,
2744200,20,6,17,1,1,2,,
2744764,125,2,238,1,1,2,,
2744779,67,2,1690,1,1,4,,
2745115,90,2,1126,1,1,5,,
2745764,16,2,128,1,1,4,,
2746223,86,2,183,1,1,2,,
2746246,10,2,3,1,1,1,,
2746644,170,2,612,1,1,1,,
2746866,9,2,58,1,1,5,,
2747538,45,2,49,1,1,4,,
2748494,62,2,104,1,1,1,,
2749627,7,2,239,1,1,3,,
2750410,9,2,27,1,1,5,,
2750505,7,2,70,1,1,1,,
2752604,70,2,130,1,1,1,,
2753017,4,2,5,1,1,,,
2754376,45,2,614,1,1,4,,
2756204,50,2,79,1,1,4,,
2758286,103,2,104,1,1,1,,
2759588,120,2,317,1,1,4,,
2759713,18,2,15,1,1,1,,
2759874,5,2,2597,1,1,5,,
2760138,66,2,591,1,1,5,,
2761935,2,2,15,1,1,3,,
2762589,6,2,4,1,1,3,,
2763277,9,2,83,1,1,4,,
2763881,23,2,2598,1,1,1,,
2764432,213,2,1309,1,1,4,,
2764631,9,2,54,1,1,5,,
2765364,4,2,4,1,1,3,,
2766294,4,2,4,1,1,2,,
2767555,17,2,23,1,1,6,,
2767733,31,2,360,1,1,3,,
2768963,340,3,120,1,1,5,,
2769781,6,2,2599,1,1,2,,
2769835,520,2,275,1,1,2,,
2770100,18,2,15,1,1,4,,
2770554,18,2,15,1,1,5,,
2773083,72,2,191,1,1,3,,
2773655,2,2,2303,1,1,3,,
2773713,18,2,2600,1,1,2,,
2773857,9,2,462,1,1,2,,
2774159,45,2,44,1,1,2,,
2774458,14,2,357,1,1,2,,
2774780,7,2,148,1,1,2,,
2775427,6,2,2195,1,1,2,,
2776020,4,2,5,1,1,3,,
2777233,4,2,2601,1,1,2,,
2779429,9,2,97,1,1,1,,
2779632,3,32,614,1,1,7,,
2780388,4,2,11,1,1,5,,
2780525,327,2,1534,1,1,1,,
2784151,9,2,27,1,1,3,,
2784702,167,2,930,1,1,2,,
2784840,56,2,301,1,1,3,,
2785182,72,2,186,1,1,2,,
2785186,4,2,4,1,1,,,
2786423,52,2,1172,1,1,2,,
2786526,124,2,2602,1,1,2,,
2788180,27,2,2603,1,1,2,,
2788204,14,2,426,1,1,3,,
2790216,41,2,3,1,1,2,,
2790630,213,2,376,1,1,4,,
2792684,73,2,983,1,1,3,,
2793026,2,2,131,1,1,1,,
2793127,9,2,2588,1,1,4,,
2793205,19,2,26,1,1,1,,
2793314,103,2,250,1,1,2,,
2793699,521,6,2604,1,1,2,,
2793759,90,2,574,1,1,2,,
2794879,14,2,2605,1,1,2,,
2795957,148,2,1331,1,1,2,,
2796024,45,2,1596,1,1,3,,
2796354,83,2,217,1,1,1,,
2797536,522,2,71,1,1,2,,
2798052,4,2,11,1,1,4,,
2798492,66,2,93,1,1,,,
2800792,32,2,71,1,1,1,,
2802262,32,2,71,1,1,5,,
2803360,4,2,11,1,1,2,,
2803591,105,2,597,1,1,2,,
2803601,7,2,27,1,1,,,
2803605,7,2,2606,1,1,1,,
2804734,86,2,708,1,1,,,
2804770,3,2,2607,1,1,5,,
2806184,16,2,128,1,1,3,,
2808059,2,2,15,1,1,5,,
2808482,148,2,1477,1,1,1,,
2808921,90,2,186,1,1,3,,
2809975,40,2,478,1,1,1,,
2810305,41,2,3,1,1,5,,
2810881,4,2,448,1,1,5,,
2812998,186,2,486,1,1,2,,
2813181,51,2,597,1,1,1,,
2815197,9,2,122,1,1,2,,
2816718,17,2,224,1,1,,,
2818667,305,6,1094,1,1,3,,
2820889,126,2,2608,1,1,3,,
2821582,34,15,2046,1,1,6,,
2821922,49,2,38,1,1,5,,
2822009,160,2,1692,1,1,1,,
2822187,96,2,211,1,1,,,
2823382,6,2,1977,1,1,5,,
2825278,2,2,1962,1,1,2,,
2825609,86,2,1736,1,1,2,,
2825662,9,2,14,1,1,,,
2827674,66,2,1368,1,1,2,,
2828803,27,2,257,1,1,2,,
2828997,4,2,2609,1,1,2,,
2829249,9,2,97,1,1,3,,
2830763,7,2,27,1,1,5,,
2831404,7,2,148,1,1,4,,
2831596,23,2,182,1,1,5,,
2831734,2,2,15,1,1,4,,
2831762,2,2,2610,1,1,6,,
2832056,51,2,1805,1,1,2,,
2832100,38,2,332,1,1,2,,
2832833,52,2,84,1,1,5,,
2833189,2,2,15,1,1,1,,
2833399,3,14,10,1,1,,,
2835314,10,2,3,1,1,,,
2837158,67,2,223,1,1,1,,
2837174,42,2,68,1,1,5,,
2837417,7,2,77,1,1,3,,
2837787,9,2,27,1,1,5,,
2838035,4,2,114,1,1,3,,
2838505,262,15,758,1,1,2,,
2838631,126,2,2611,1,1,,,
2840488,39,2,1203,1,1,2,,
2840847,523,2,2612,1,1,,,
2841474,103,2,1915,1,1,1,,
2842574,73,2,807,1,1,2,,
2842641,106,2,2613,1,1,5,,
2842750,62,2,104,1,1,4,,
2842769,90,2,186,1,1,4,,
2842926,524,2,2614,1,1,2,,
2843280,22,6,2615,1,1,2,,
2843538,7,2,1174,1,1,2,,
2844322,3,5,1705,1,1,2,,
2844769,72,2,191,1,1,5,,
2845325,49,2,38,1,1,4,,
2845524,6,2,11,1,1,3,,
2845760,43,2,1140,1,1,1,,
2846909,6,2,286,1,1,1,,
2847411,208,2,2531,1,1,5,,
2847461,232,2,174,1,1,2,,
2847472,66,2,1959,1,1,5,,
2847498,9,2,2616,1,1,1,,
2848076,1,6,17,1,1,1,,
2848578,78,15,2617,1,1,1,,
2848937,38,2,61,1,1,7,,
2849059,45,2,44,1,1,2,,
2849478,86,2,183,1,1,3,,
2849719,42,2,68,1,1,5,,
2850862,191,17,2618,1,1,5,,
2852377,45,2,49,1,1,7,,
2852568,9,2,97,1,1,3,,
2853195,39,2,1065,1,1,1,,
2853570,7,2,462,1,1,1,,
2855312,2,2,433,1,1,6,,
2855513,55,15,1344,1,1,4,,
2855734,42,2,68,1,1,4,,
2856513,525,8,2619,1,1,5,,
2857108,99,2,26,1,1,1,,
2857634,3,2,2620,1,1,5,,
2857693,10,2,197,1,1,1,,
2860360,18,2,2621,1,1,3,,
2863593,18,2,15,1,1,,,
2865550,153,2,380,1,1,4,,
2866215,2,2,15,1,1,5,,
2867580,56,2,93,1,1,2,,
2867730,27,2,23,1,1,,,
2868856,4,2,114,1,1,1,,
2869053,19,2,26,1,1,5,,
2869329,64,2,2105,1,1,1,,
2869639,90,2,1062,1,1,2,,
2869660,7,2,97,1,1,2,,
2869679,297,17,2622,1,1,1,,
2870946,52,2,710,1,1,2,,
2870989,3,6,17,1,1,5,,
2871184,56,2,2623,1,1,3,,
2871311,38,2,94,1,1,3,,
2871729,103,2,250,1,1,,,
2871865,67,2,223,1,1,1,,
2872912,56,2,564,1,1,2,,
2873210,115,2,272,1,1,4,,
2873395,44,2,2624,1,1,3,,
2874852,41,2,3,1,1,3,,
2876913,62,2,1365,1,1,3,,
2878599,49,2,1314,1,1,,,
2878981,22,6,1836,1,1,,,
2879537,14,2,2625,1,1,,,
2880064,31,2,944,1,1,2,,
2881424,23,2,2031,1,1,1,,
2881668,18,2,627,1,1,5,,
2881706,172,2,272,1,1,3,,
2881963,72,2,186,1,1,7,,
2881995,3,6,17,1,1,2,,
2882264,44,2,164,1,1,2,,
2882605,90,2,1904,1,1,,,
2883353,18,2,15,1,1,4,,
2883827,51,2,597,1,1,2,,
2886123,44,2,453,1,1,2,,
2886570,17,2,1693,1,1,,,
2886771,7,2,54,1,1,5,,
2886952,43,2,1234,1,1,3,,
2888764,42,2,68,1,1,2,,
2890553,213,2,380,1,1,2,,
2890618,340,3,2626,1,1,2,,
2890672,29,2,223,1,1,4,,
2890763,105,2,597,1,1,1,,
2891295,125,2,238,1,1,4,,
2891752,167,2,892,1,1,1,,
2891929,3,7,218,1,1,3,,
2893296,41,2,3,1,1,5,,
2893627,67,2,2627,1,1,5,,
2896658,90,2,287,1,1,1,,
2896981,16,2,22,1,1,2,,
2897074,6,2,2628,1,1,2,,
2897317,3,14,10,1,1,,,
2898257,40,2,507,1,1,,,
2899266,9,2,12,1,1,2,,
2899729,7,2,97,1,1,,,
2899754,3,14,10,1,1,4,,
2901216,6,2,4,1,1,4,,
2901736,125,2,238,1,1,3,,
2901787,7,2,27,1,1,2,,
2903813,10,2,404,1,1,,,
2903834,16,2,1548,1,1,1,,
2904046,10,2,1763,1,1,2,,
2906528,7,2,14,1,1,2,,
2908247,9,2,2458,1,1,3,,
2908367,315,2,940,1,1,4,,
2908618,73,2,2629,1,1,2,,
2908786,115,2,2630,1,1,4,,
2908815,49,2,38,1,1,5,,
2909062,526,55,2631,1,1,5,,
2909139,172,2,825,1,1,5,,
2909637,43,2,68,1,1,1,,
2910408,90,2,186,1,1,7,,
2910514,40,2,2632,1,1,3,,
2911058,23,2,1840,1,1,3,,
2912258,3,10,25,1,1,5,,
2912983,2,2,15,1,1,2,,
2913349,39,2,1147,1,1,3,,
2913460,176,2,2572,1,1,4,,
2915456,17,2,62,1,1,4,,
2915791,103,2,104,1,1,1,,
2916425,14,2,1288,1,1,2,,
2917251,18,2,90,1,1,5,,
2917582,169,2,347,1,1,2,,
2917783,26,2,172,1,1,3,,
2919476,202,2,527,1,1,5,,
2919549,18,2,15,1,1,1,,
2919706,90,2,154,1,1,4,,
2920057,52,2,2633,1,1,2,,
2921122,7,2,639,1,1,1,,
2922575,9,2,148,1,1,4,,
2923589,27,2,23,1,1,,,
2924743,2,2,15,1,1,,,
2925058,18,2,15,1,1,5,,
2925555,14,2,357,1,1,3,,
2925665,31,2,75,1,1,1,,
2925688,90,2,137,1,1,7,,
2925776,7,2,109,1,1,,,
2925873,9,2,399,1,1,2,,
2925878,31,2,532,1,1,1,,
2925954,10,2,3,1,1,2,,
2926074,30,2,42,1,1,3,,
2926262,29,2,1408,1,1,6,,
2926340,55,15,48,1,1,3,,
2928089,52,2,2634,1,1,7,,
2928156,72,2,1464,1,1,4,,
2928166,2,2,627,1,1,3,,
2928506,103,2,276,1,1,5,,
2929376,4,2,359,1,1,2,,
2930679,148,2,354,1,1,1,,
2931319,72,2,2635,1,1,4,,
2931380,22,6,2069,1,1,5,,
2933416,22,6,17,1,1,1,,
2934248,40,2,604,1,1,2,,
2934678,38,2,549,1,1,3,,
2935299,220,15,161,1,1,5,,
2935380,14,2,672,1,1,3,,
2936412,135,2,329,1,1,3,,
2936694,14,2,115,1,1,7,,
2936909,6,2,883,1,1,1,,
2937169,3,2,2636,1,1,,,
2937226,55,15,682,1,1,2,,
2937259,67,2,2637,1,1,5,,
2937669,263,2,417,1,1,2,,
2939816,49,2,38,1,1,3,,
2939959,43,2,68,1,1,5,,
2940456,9,2,1368,1,1,1,,
2940479,7,2,97,1,1,1,,
2941725,51,2,586,1,1,4,,
2941868,4,2,5,1,1,,,
2942073,153,2,380,1,1,1,,
2942357,208,2,1105,1,1,4,,
2942820,436,17,170,1,1,2,,
2943678,4,2,114,1,1,5,,
2945048,7,2,36,1,1,4,,
2945454,6,2,359,1,1,5,,
2947832,16,2,2638,1,1,4,,
2948811,73,2,882,1,1,3,,
2949041,166,2,2639,1,1,5,,
2949165,6,2,1445,1,1,2,,
2949451,9,2,468,1,1,2,,
2950721,90,2,137,1,1,1,,
2951516,7,2,77,1,1,3,,
2951523,19,2,26,1,1,3,,
2953258,2,2,2640,1,1,,,
2953394,125,2,2641,1,1,4,,
2953670,4,2,1258,1,1,2,,
2954357,40,2,2642,1,1,,,
2954538,39,2,507,1,1,3,,
2956211,10,2,3,1,1,2,,
2956799,2,2,90,1,1,1,,
2956803,52,2,366,1,1,4,,
2956810,67,2,2643,1,1,5,,
2957445,85,9,19,1,1,4,,
2958097,6,2,2644,1,1,5,,
2958789,202,2,367,1,1,5,,
2959344,2,2,15,1,1,1,,
2959380,265,2,601,1,1,4,,
2960725,99,2,26,1,1,3,,
2961568,16,2,983,1,1,3,,
2963249,7,2,27,1,1,5,,
2963361,90,2,1062,1,1,3,,
2963621,103,2,330,1,1,4,,
2965963,125,2,347,1,1,5,,
2966073,25,2,1003,1,1,2,,
2968364,17,2,23,1,1,3,,
2972588,17,2,224,1,1,7,,
2972806,20,6,17,1,1,2,,
2973906,45,2,75,1,1,7,,
2974770,18,2,131,1,1,,,
2977057,44,2,2645,1,1,2,,
2978540,4,2,11,1,1,1,,
2979375,45,2,838,1,1,3,,
2980051,3,9,2339,1,1,5,,
2980402,206,2,952,1,1,2,,
2980821,44,2,238,1,1,,,
2982156,442,31,2646,1,1,2,,
2983285,98,2,2647,1,1,2,,
2985341,90,2,422,1,1,5,,
2985733,5,2,45,1,1,5,,
2987600,2,2,2648,1,1,1,,
2987720,25,2,38,1,1,1,,
2987778,43,2,823,1,1,1,,
2988330,4,2,289,1,1,1,,
2988823,44,2,544,1,1,3,,
2989222,42,2,1014,1,1,1,,
2991861,2,2,15,1,1,2,,
2992703,16,2,22,1,1,3,,
2997739,106,2,2282,1,1,2,,
2998033,3,12,65,1,1,3,,
2998262,10,2,2649,1,1,3,,
2999272,38,2,1651,1,1,1,,
2999319,527,48,2650,1,1,4,,
2999687,3,12,65,1,1,7,,
2999886,9,2,70,1,1,1,,
3000028,54,2,107,1,1,4,,
3000753,9,2,58,1,1,,,
3000918,67,2,2439,1,1,2,,
3002024,2,2,15,1,1,5,,
3002900,90,2,661,1,1,1,,
3002974,49,2,38,1,1,1,,
3003740,7,2,27,1,1,2,,
3005636,151,2,976,1,1,5,,
3005998,2,2,15,1,1,2,,
3007084,56,2,2299,1,1,2,,
3008545,67,2,132,1,1,4,,
3009236,6,2,2651,1,1,2,,
3009569,90,2,186,1,1,3,,
3009879,7,2,172,1,1,3,,
3009895,67,2,132,1,1,3,,
3011879,7,2,58,1,1,2,,
3013882,86,2,2587,1,1,,,
3014350,70,2,183,1,1,,,
3014599,169,2,911,1,1,5,,
3014788,18,2,15,1,1,5,,
3014990,2,2,15,1,1,3,,
3015082,9,2,97,1,1,1,,
3017055,38,2,357,1,1,1,,
3018149,4,2,11,1,1,4,,
3019147,23,2,182,1,1,2,,
3019440,90,2,1027,1,1,1,,
3020750,40,2,2652,1,1,2,,
3021785,16,2,297,1,1,6,,
3023479,117,2,2653,1,1,5,,
3024029,7,2,83,1,1,3,,
3025557,40,2,919,1,1,5,,
3025562,3,2,15,1,1,3,,
3026148,2,2,15,1,1,5,,
3026495,43,2,1434,1,1,,,
3029158,9,2,172,1,1,1,,
3029525,41,2,3,1,1,6,,
3029574,3,2,15,1,1,,,
3029766,237,13,679,1,1,5,,
3030357,90,2,287,1,1,7,,
3030975,206,2,2654,1,1,4,,
3031014,148,2,354,1,1,1,,
3031213,7,2,770,1,1,1,,
3031253,126,2,2655,1,1,2,,
3031290,45,2,100,1,1,2,,
3031332,67,2,347,1,1,2,,
3032528,9,2,58,1,1,,,
3032973,19,2,835,1,1,1,,
3033597,6,2,2656,1,1,4,,
3035612,26,2,128,1,1,3,,
3036189,4,2,11,1,1,4,,
3036427,7,2,27,1,1,4,,
3037695,2,2,15,1,1,5,,
3038153,2,2,2135,1,1,1,,
3038230,7,2,2423,1,1,7,,
3038283,7,2,14,1,1,1,,
3038501,90,2,154,1,1,3,,
3040133,106,2,2282,1,1,3,,
3040496,263,2,930,1,1,1,,
3041808,90,2,2657,1,1,7,,
3042726,54,2,1441,1,1,1,,
3042775,18,2,15,1,1,2,,
3042905,25,2,38,1,1,4,,
3043089,9,2,58,1,1,3,,
3043325,72,2,137,1,1,5,,
3043634,9,2,1891,1,1,3,,
3043691,7,2,27,1,1,3,,
3044821,17,2,2658,1,1,1,,
3045278,45,2,2400,1,1,2,,
3047174,45,2,1445,1,1,1,,
3047890,90,2,287,1,1,3,,
3048555,151,2,2482,1,1,1,,
3048570,206,2,469,1,1,,,
3048848,3,29,425,1,1,7,,
3050387,45,2,51,1,1,3,,
3051099,44,2,164,1,1,4,,
3051270,5,2,1104,1,1,3,,
3051709,51,2,2275,1,1,5,,
3053315,9,2,530,1,1,7,,
3053342,9,2,530,1,1,4,,
3053453,315,2,940,1,1,1,,
3056209,5,2,1159,1,1,3,,
3056329,50,2,79,1,1,,,
3056912,126,2,1486,1,1,5,,
3058308,2,2,617,1,1,2,,
3058895,6,2,5,1,1,1,,
3059072,7,2,1358,1,1,4,,
3061662,105,2,373,1,1,1,,
3062037,10,2,3,1,1,1,,
3062514,41,2,685,1,1,5,,
3063563,63,2,396,1,1,2,,
3064940,42,2,2215,1,1,,,
3064987,7,2,239,1,1,3,,
3066118,9,2,27,1,1,4,,
3066178,32,2,987,1,1,2,,
3066202,49,2,38,1,1,5,,
3066550,9,2,2659,1,1,2,,
3068622,25,2,358,1,1,4,,
3070868,43,2,554,1,1,4,,
3071652,9,2,1891,1,1,1,,
3071863,86,2,737,1,1,,,
3073663,213,2,948,1,1,2,,
3074211,400,13,1700,1,1,1,,
3074478,3,38,2660,1,1,4,,
3075405,2,2,15,1,1,3,,
3076091,44,2,1232,1,1,5,,
3076102,7,2,77,1,1,5,,
3077431,2,2,15,1,1,6,,
3077586,6,2,114,1,1,3,,
3077719,29,2,132,1,1,5,,
3077992,143,2,1135,1,1,3,,
3080429,90,2,2661,1,1,2,,
3080567,169,2,887,1,1,1,,
3082160,528,2,2662,1,1,2,,
3083295,3,2,422,1,1,,,
3084959,44,2,544,1,1,4,,
3085295,208,2,1043,1,1,4,,
3085403,70,2,2663,1,1,2,,
3086177,153,2,376,1,1,3,,
3086317,17,2,224,1,1,1,,
3086329,90,2,186,1,1,2,,
3087003,85,9,2664,1,1,2,,
3087544,7,2,55,1,1,4,,
3087844,125,2,238,1,1,5,,
3088100,41,2,2665,1,1,2,,
3089057,23,2,401,1,1,1,,
3089114,9,2,910,1,1,3,,
3090323,7,2,2666,1,1,4,,
3090427,67,2,347,1,1,2,,
3091870,7,2,58,1,1,4,,
3092503,3,2,2667,1,1,1,,
3094255,82,2,2479,1,1,5,,
3094595,7,2,27,1,1,2,,
3098071,56,2,531,1,1,2,,
3099966,153,2,380,1,1,2,,
3100088,9,2,323,1,1,2,,
3100120,9,2,27,1,1,3,,
3100133,2,2,513,1,1,2,,
3101344,66,2,959,1,1,5,,
3101797,10,2,1975,1,1,2,,
3102438,67,2,320,1,1,1,,
3102516,39,2,459,1,1,2,,
3103320,9,2,180,1,1,2,,
3104271,106,2,887,1,1,1,,
3104354,184,2,469,1,1,2,,
3105337,529,44,2668,1,1,4,,
3105986,18,2,1316,1,1,4,,
3107621,106,2,420,1,1,,,
3107808,349,2,2669,1,1,2,,
3108190,26,2,501,1,1,4,,
3108914,3,14,10,1,1,7,,
3109431,49,2,38,1,1,1,,
3109444,90,2,854,1,1,5,,
3110301,40,2,2670,1,1,5,,
3110591,530,2,583,1,1,2,,
3111324,5,2,71,1,1,1,,
3111666,9,2,27,1,1,,,
3112510,56,2,93,1,1,1,,
3112613,14,2,473,1,1,1,,
3112861,126,2,300,1,1,2,,
3113247,7,2,27,1,1,2,,
3115498,10,2,3,1,1,2,,
3115845,54,2,2671,1,1,5,,
3115862,7,2,957,1,1,5,,
3118196,38,2,672,1,1,4,,
3118688,6,2,11,1,1,4,,
3118913,18,2,90,1,1,5,,
3119195,41,2,3,1,1,1,,
3119373,3,2,619,1,1,2,,
3119548,3,5,2672,1,1,5,,
3119710,3,2,2673,1,1,4,,
3120038,10,2,3,1,1,6,,
3121945,7,2,97,1,1,2,,
3121954,90,2,611,1,1,2,,
3122069,72,2,186,1,1,6,,
3123217,3,2,15,1,1,5,,
3125275,41,2,3,1,1,1,,
3125763,7,2,145,1,1,5,,
3126750,4,2,99,1,1,2,,
3127143,105,2,2674,1,1,2,,
3128778,9,2,148,1,1,3,,
3129063,9,2,2675,1,1,2,,
3131483,7,2,27,1,1,5,,
3132204,3,14,10,1,1,2,,
3132483,3,14,10,1,1,3,,
3133014,103,2,104,1,1,1,,
3133098,103,2,692,1,1,5,,
3135367,66,2,896,1,1,2,,
3135599,3,6,73,1,1,2,,
3135862,39,2,1764,1,1,1,,
3140107,18,2,15,1,1,2,,
3140607,22,6,1094,1,1,1,,
3140649,10,2,3,1,1,2,,
3143310,3,18,1983,1,1,6,,
3143812,42,2,550,1,1,5,,
3144158,148,2,354,1,1,1,,
3144239,9,2,796,1,1,,,
3147457,90,2,287,1,1,2,,
3147665,16,2,479,1,1,3,,
3148517,9,2,399,1,1,1,,
3149662,41,2,686,1,1,5,,
3149853,18,2,627,1,1,3,,
3149870,16,2,120,1,1,1,,
3150288,10,2,335,1,1,1,,
3150520,72,2,2676,1,1,5,,
3150592,90,2,137,1,1,5,,
3150784,395,2,350,1,1,1,,
3151385,253,33,1327,1,1,3,,
3152219,4,2,2644,1,1,4,,
3152496,42,2,1865,1,1,,,
3152520,160,2,421,1,1,3,,
3154905,72,2,186,1,1,1,,
3154911,44,2,164,1,1,,,
3155296,2,2,1697,1,1,,,
3155387,167,2,417,1,1,5,,
3155506,176,2,1567,1,1,,,
3155937,126,2,300,1,1,5,,
3156001,148,2,2677,1,1,2,,
3156998,2,2,1316,1,1,2,,
3157549,9,2,260,1,1,5,,
3157708,183,2,1033,1,1,3,,
3157926,531,56,2678,1,1,1,,
3158433,6,2,5,1,1,4,,
3158575,2,2,958,1,1,,,
3159554,5,2,71,1,1,3,,
3161493,4,2,5,1,1,1,,
3161829,7,2,198,1,1,6,,
3162855,90,2,287,1,1,1,,
3163130,43,2,68,1,1,3,,
3163250,7,2,27,1,1,5,,
3163836,4,2,448,1,1,3,,
3163838,7,2,27,1,1,3,,
3165226,532,2,1962,1,1,1,,
3165266,4,2,4,1,1,4,,
3165591,148,2,354,1,1,3,,
3165672,4,2,872,1,1,1,,
3168573,23,2,84,1,1,5,,
3170262,27,2,126,1,1,4,,
3175451,2,2,15,1,1,4,,
3176725,126,2,2679,1,1,4,,
3178377,18,2,2680,1,1,2,,
3180238,40,2,2681,1,1,7,,
3180610,98,2,217,1,1,3,,
3180795,167,2,2682,1,1,3,,
3181205,70,2,183,1,1,2,,
3181342,3,16,2683,1,1,5,,
3182370,30,2,1072,1,1,5,,
3183646,41,2,686,1,1,2,,
3184635,144,2,119,1,1,1,,
3188139,6,2,4,1,1,1,,
3191158,4,2,11,1,1,2,,
3192599,2,2,131,1,1,2,,
3193019,32,2,1159,1,1,6,,
3198248,38,2,672,1,1,5,,
3198634,81,17,170,1,1,6,,
3199683,183,2,2684,1,1,1,,
3199750,3,8,565,1,1,4,,
3200139,6,2,289,1,1,4,,
3200228,253,33,2685,1,1,6,,
3200474,7,2,27,1,1,4,,
3200679,54,2,88,1,1,4,,
3203975,151,2,1377,1,1,2,,
3205573,7,2,27,1,1,7,,
3209046,71,12,2686,1,1,6,,
3209636,38,2,714,1,1,4,,
3209772,56,2,881,1,1,5,,
3211412,9,2,1072,1,1,4,,
3212537,7,2,285,1,1,2,,
3213234,3,2,1106,1,1,2,,
3214187,30,2,2053,1,1,3,,
3214432,9,2,14,1,1,4,,
3214518,7,2,157,1,1,4,,
3215566,72,2,615,1,1,5,,
3216326,14,2,1775,1,1,4,,
3216549,17,2,1373,1,1,5,,
3217283,125,2,1424,1,1,,,
3217708,25,2,181,1,1,,,
3218076,3,2,58,1,1,2,,
3218079,7,2,58,1,1,1,,
3218383,4,2,114,1,1,2,,
3219401,66,2,1021,1,1,2,,
3220813,72,2,854,1,1,6,,
3221101,140,2,1060,1,1,,,
3221675,124,2,732,1,1,4,,
3221752,16,2,128,1,1,5,,
3223364,30,2,2687,1,1,1,,
3223465,16,2,2688,1,1,1,,
3223482,90,2,422,1,1,6,,
3223787,49,2,2689,1,1,4,,
3223866,105,2,231,1,1,,,
3224366,3,14,10,1,1,4,,
3224847,4,2,399,1,1,1,,
3225165,4,2,5,1,1,4,,
3225833,7,2,83,1,1,3,,
3225834,4,2,4,1,1,2,,
3228267,16,2,95,1,1,2,,
3228724,99,2,26,1,1,1,,
3230428,51,2,230,1,1,2,,
3230444,3,29,425,1,1,5,,
3231326,45,2,614,1,1,3,,
3231452,72,2,186,1,1,1,,
3231546,72,2,659,1,1,2,,
3231576,9,2,27,1,1,3,,
3231773,7,2,148,1,1,3,,
3233162,7,2,851,1,1,3,,
3233382,2,2,15,1,1,2,,
3234670,86,2,708,1,1,2,,
3234958,115,2,272,1,1,1,,
3235175,23,2,889,1,1,2,,
3235980,99,2,26,1,1,4,,
3237135,43,2,746,1,1,,,
3237229,38,2,292,1,1,4,,
3237769,4,2,872,1,1,2,,
3238042,70,2,275,1,1,2,,
3240627,7,2,198,1,1,3,,
3241161,105,2,373,1,1,,,
3242683,41,2,3,1,1,,,
3243195,90,2,2690,1,1,7,,
3243324,533,2,2691,1,1,1,,
3244944,7,2,58,1,1,3,,
3245277,151,2,238,1,1,3,,
3246637,7,2,145,1,1,1,,
3246779,7,2,462,1,1,2,,
3247477,49,2,2692,1,1,2,,
3248626,7,2,27,1,1,3,,
3249089,120,2,1799,1,1,5,,
3250711,43,2,383,1,1,1,,
3251634,72,2,2693,1,1,1,,
3253589,52,2,2694,1,1,3,,
3253871,14,2,357,1,1,4,,
3254263,7,2,83,1,1,5,,
3255851,125,2,428,1,1,2,,
3256227,3,14,10,1,1,,,
3256390,4,2,43,1,1,2,,
3256409,5,2,44,1,1,2,,
3260446,10,2,3,1,1,1,,
3262058,31,2,44,1,1,1,,
3262516,49,2,38,1,1,4,,
3263362,17,2,23,1,1,1,,
3263648,29,2,629,1,1,1,,
3265166,16,2,686,1,1,4,,
3265403,191,17,410,1,1,3,,
3266384,143,2,1094,1,1,2,,
3266416,120,2,1167,1,1,4,,
3266578,4,2,2695,1,1,2,,
3266676,6,2,4,1,1,2,,
3267360,72,2,137,1,1,7,,
3269250,16,2,22,1,1,4,,
3269327,26,2,22,1,1,2,,
3269373,120,2,1167,1,1,6,,
3269473,63,2,354,1,1,2,,
3269550,193,2,68,1,1,1,,
3269674,7,2,2003,1,1,5,,
3269685,534,15,2696,1,1,2,,
3270028,535,6,1298,1,1,1,,
3270913,38,2,672,1,1,3,,
3271386,7,2,58,1,1,2,,
3271606,7,2,27,1,1,5,,
3271761,9,2,2353,1,1,7,,
3272381,2,2,863,1,1,1,,
3272531,67,2,298,1,1,3,,
3274695,7,2,97,1,1,2,,
3275268,90,2,422,1,1,2,,
3277848,10,2,685,1,1,3,,
3278075,9,2,285,1,1,4,,
3278172,2,2,15,1,1,1,,
3279822,64,2,2697,1,1,3,,
3280182,6,2,5,1,1,3,,
3281296,536,2,2698,1,1,2,,
3281403,105,2,231,1,1,6,,
3281893,90,2,154,1,1,3,,
3282116,64,2,2699,1,1,2,,
3282327,90,2,186,1,1,2,,
3282769,66,2,93,1,1,2,,
3283052,10,2,3,1,1,5,,
3283544,17,2,224,1,1,2,,
3283566,4,2,4,1,1,1,,
3283701,537,16,2700,1,1,5,,
3283857,32,2,71,1,1,2,,
3286848,44,2,164,1,1,2,,
3288269,50,2,79,1,1,3,,
3288381,39,2,774,1,1,,,
3289302,38,2,549,1,1,1,,
3292101,70,2,183,1,1,5,,
3292397,32,2,1977,1,1,2,,
3293310,538,8,2701,1,1,3,,
3293801,32,2,71,1,1,1,,
3293893,73,2,720,1,1,2,,
3294025,120,2,1710,1,1,3,,
3294390,3,16,2702,1,1,2,,
3294602,4,2,11,1,1,2,,
3294979,184,2,469,1,1,2,,
3295320,7,2,97,1,1,1,,
3296572,52,2,1978,1,1,2,,
3296660,120,2,1051,1,1,5,,
3296819,18,2,741,1,1,,,
3297172,18,2,2703,1,1,2,,
3297247,9,2,27,1,1,2,,
3298491,56,2,2704,1,1,3,,
3299186,90,2,580,1,1,4,,
3299457,70,2,708,1,1,5,,
3299509,29,2,594,1,1,1,,
3299606,9,2,97,1,1,1,,
3303327,23,2,2705,1,1,6,,
3304061,40,2,318,1,1,2,,
3306282,7,2,27,1,1,,,
3307418,2,2,15,1,1,1,,
3307823,14,2,2706,1,1,2,,
3308308,7,2,506,1,1,5,,
3308310,9,2,97,1,1,,,
3309820,3,2,15,1,1,4,,
3311479,27,2,2707,1,1,2,,
3311632,49,2,38,1,1,3,,
3311723,70,2,275,1,1,2,,
3312170,7,2,2424,1,1,2,,
3312861,9,2,97,1,1,1,,
3313368,148,2,2708,1,1,1,,
3313608,90,2,1403,1,1,2,,
3313811,170,2,612,1,1,5,,
3314078,41,2,3,1,1,2,,
3314826,23,2,2709,1,1,5,,
3316635,30,2,2710,1,1,,,
3318205,66,2,136,1,1,1,,
3318359,49,2,38,1,1,1,,
3320303,41,2,135,1,1,1,,
3320864,3,6,356,1,1,1,,
3321547,4,2,528,1,1,4,,
3322345,2,2,15,1,1,1,,
3323711,103,2,104,1,1,2,,
3325877,3,2,183,1,1,2,,
3325878,45,2,360,1,1,2,,
3325979,53,13,85,1,1,3,,
3326615,32,2,7,1,1,4,,
3327877,3,12,2711,1,1,,,
3329408,184,2,2712,1,1,,,
3329909,41,2,2713,1,1,4,,
3330256,50,2,79,1,1,3,,
3330795,125,2,238,1,1,1,,
3331109,38,2,672,1,1,1,,
3331119,17,2,23,1,1,4,,
3331503,9,2,172,1,1,7,,
3333693,2,2,15,1,1,1,,
3335439,27,2,104,1,1,2,,
3336351,43,2,955,1,1,1,,
3336906,23,2,84,1,1,7,,
3337452,265,2,2714,1,1,4,,
3337531,25,2,956,1,1,1,,
3338050,7,2,12,1,1,5,,
3341034,263,2,930,1,1,3,,
3341847,51,2,586,1,1,2,,
3342169,38,2,760,1,1,4,,
3342418,90,2,1027,1,1,5,,
3342808,54,2,88,1,1,4,,
3345041,7,2,27,1,1,,,
3346075,2,2,15,1,1,3,,
3348019,51,2,597,1,1,4,,
3348195,31,2,2029,1,1,,,
3349912,9,2,97,1,1,2,,
3350876,90,2,191,1,1,1,,
3351354,135,2,329,1,1,2,,
3351630,3,14,10,1,1,1,,
3354218,131,6,1033,1,1,4,,
3354404,3,6,17,1,1,2,,
3354713,4,2,1935,1,1,2,,
3356549,52,2,1053,1,1,1,,
3356706,18,2,2648,1,1,4,,
3356761,202,2,238,1,1,3,,
3356842,4,2,4,1,1,2,,
3356865,7,2,14,1,1,3,,
3357207,31,2,545,1,1,1,,
3357242,43,2,68,1,1,1,,
3358873,7,2,957,1,1,4,,
3360348,39,2,2715,1,1,2,,
3361646,67,2,811,1,1,2,,
3361986,6,2,11,1,1,2,,
3362620,208,2,631,1,1,5,,
3363096,45,2,75,1,1,2,,
3363746,167,2,930,1,1,5,,
3363784,105,2,347,1,1,2,,
3364317,66,2,301,1,1,5,,
3364410,72,2,154,1,1,1,,
3364560,3,14,10,1,1,,,
3364772,5,2,45,1,1,5,,
3365729,2,2,15,1,1,5,,
3366591,41,2,3,1,1,,,
3374179,7,2,526,1,1,2,,
3474437,73,2,2716,1,1,1,,
3474439,7,2,188,1,1,3,,
3475514,41,2,167,1,1,2,,
3476726,9,2,27,1,1,2,,
3477170,90,2,1027,1,1,5,,
3477320,90,2,1157,1,1,1,,
3477522,9,2,27,1,1,6,,
3478848,4,2,4,1,1,,,
3479536,108,5,2717,1,1,5,,
3479676,5,2,45,1,1,1,,
3479953,32,2,45,1,1,2,,
3480281,2,2,15,1,1,6,,
3480801,50,2,79,1,1,2,,
3481186,50,2,2718,1,1,2,,
3482298,2,2,15,1,1,2,,
3482447,64,2,2719,1,1,3,,
3482968,4,2,114,1,1,4,,
3484962,43,2,68,1,1,5,,
3488196,42,2,1234,1,1,3,,
3488422,99,2,26,1,1,1,,
3488697,14,2,409,1,1,3,,
3489770,17,2,2720,1,1,4,,
3494076,41,2,411,1,1,,,
3495415,148,2,354,1,1,2,,
3495423,56,2,96,1,1,6,,
3495811,39,2,374,1,1,1,,
3496036,90,2,186,1,1,3,,
3496915,9,2,261,1,1,5,,
3498146,3,14,10,1,1,1,,
3498236,49,2,956,1,1,2,,
3501176,26,2,297,1,1,1,,
3501318,127,8,16,1,1,4,,
3502352,7,2,27,1,1,4,,
3502810,4,2,2721,1,1,1,,
3503047,27,2,265,1,1,1,,
3503580,43,2,128,1,1,3,,
3504458,7,2,58,1,1,2,,
3505550,7,2,966,1,1,5,,
3506354,96,2,2722,1,1,1,,
3508131,7,2,129,1,1,4,,
3508668,18,2,627,1,1,3,,
3509022,29,2,381,1,1,5,,
3509026,539,2,422,1,1,2,,
3509898,2,2,2723,1,1,1,,
3509899,3,2,2620,1,1,4,,
3510898,4,2,5,1,1,1,,
3513586,7,2,12,1,1,5,,
3514329,10,2,404,1,1,4,,
3515485,45,2,838,1,1,2,,
3516935,22,6,229,1,1,,,
3517936,14,2,292,1,1,3,,
3518578,26,2,920,1,1,5,,
3518691,9,2,27,1,1,1,,
3518909,32,2,71,1,1,1,,
3520250,25,2,38,1,1,3,,
3520744,22,6,17,1,1,1,,
3521364,10,2,3,1,1,3,,
3521798,2,2,433,1,1,7,,
3522089,22,6,17,1,1,2,,
3523284,27,2,23,1,1,1,,
3523317,72,2,137,1,1,3,,
3523887,5,2,2724,1,1,7,,
3524548,14,2,143,1,1,5,,
3525398,4,2,43,1,1,5,,
3526554,18,2,15,1,1,3,,
3527948,40,2,1100,1,1,5,,
3530004,2,2,15,1,1,2,,
3531009,66,2,93,1,1,1,,
3531884,17,2,2725,1,1,3,,
3532968,340,3,6,1,1,7,,
3533175,51,2,230,1,1,3,,
3533853,3,31,2726,1,1,4,,
3535291,70,2,260,1,1,4,,
3536137,172,2,1278,1,1,2,,
3538921,38,2,672,1,1,4,,
3538986,86,2,708,1,1,5,,
3539069,66,2,1655,1,1,2,,
3540705,2,2,15,1,1,5,,
3540957,124,2,1230,1,1,2,,
3541916,14,2,426,1,1,2,,
3541957,9,2,904,1,1,2,,
3541960,7,2,368,1,1,2,,
3544817,38,2,1318,1,1,3,,
3545040,44,2,347,1,1,2,,
3545223,170,2,2727,1,1,1,,
3545690,259,2,148,1,1,,,
3545834,7,2,58,1,1,1,,
3546749,54,2,1876,1,1,4,,
3548324,14,2,292,1,1,2,,
3549076,4,2,99,1,1,2,,
3552006,62,2,1365,1,1,5,,
3552395,72,2,854,1,1,5,,
3552572,2,2,1992,1,1,1,,
3552581,10,2,569,1,1,5,,
3554649,3,2,186,1,1,2,,
3555747,7,2,323,1,1,4,,
3556203,76,2,155,1,1,1,,
3556531,9,2,31,1,1,2,,
3558550,215,2,1060,1,1,3,,
3559341,7,2,27,1,1,4,,
3559595,5,2,71,1,1,4,,
3559874,9,2,97,1,1,,,
3561800,4,2,4,1,1,1,,
3562430,4,2,4,1,1,1,,
3563085,9,2,97,1,1,5,,
3563676,9,2,148,1,1,1,,
3566289,39,2,2728,1,1,2,,
3566856,96,2,1886,1,1,4,,
3566921,32,2,7,1,1,3,,
3569223,3,25,1626,1,1,1,,
3569228,3,14,10,1,1,,,
3570660,44,2,238,1,1,3,,
3571946,3,14,10,1,1,4,,
3572530,86,2,183,1,1,5,,
3572661,4,2,5,1,1,5,,
3572673,151,2,2362,1,1,7,,
3573073,213,2,380,1,1,5,,
3573957,29,2,2729,1,1,2,,
3574843,10,2,3,1,1,3,,
3575823,540,9,2730,1,1,1,,
3577168,4,2,11,1,1,3,,
3579155,62,2,104,1,1,4,,
3579761,10,2,3,1,1,5,,
3579935,66,2,301,1,1,4,,
3580601,7,2,188,1,1,1,,
3581550,103,2,104,1,1,4,,
3581812,38,2,91,1,1,3,,
3582403,41,2,3,1,1,,,
3583046,6,2,2731,1,1,2,,
3583354,67,2,629,1,1,2,,
3584498,201,2,1033,1,1,3,,
3584674,126,2,1486,1,1,2,,
3585747,105,2,2732,1,1,2,,
3586114,105,2,230,1,1,1,,
3586991,3,2,107,1,1,5,,
3588039,7,2,97,1,1,1,,
3588576,86,2,708,1,1,2,,
3589965,126,2,300,1,1,1,,
3591263,4,2,5,1,1,1,,
3592199,9,2,399,1,1,2,,
3593114,9,2,2733,1,1,2,,
3593157,213,2,380,1,1,2,,
3593286,62,2,104,1,1,3,,
3593693,9,2,2325,1,1,5,,
3593828,40,2,429,1,1,,,
3595401,45,2,944,1,1,2,,
3595709,7,2,485,1,1,1,,
3596426,67,2,2734,1,1,2,,
3596915,206,2,656,1,1,,,
3597797,7,2,77,1,1,2,,
3598340,10,2,3,1,1,2,,
3598625,7,2,27,1,1,3,,
3598633,7,2,54,1,1,1,,
3598972,262,15,758,1,1,2,,
3599281,7,2,58,1,1,1,,
3600665,98,2,64,1,1,,,
3601388,3,2,71,1,1,2,,
3601427,7,2,70,1,1,2,,
3602147,160,2,612,1,1,5,,
3602771,7,2,27,1,1,2,,
3603143,42,2,383,1,1,2,,
3603539,66,2,807,1,1,3,,
3605800,4,2,2735,1,1,3,,
3605891,4,2,11,1,1,2,,
3606973,7,2,27,1,1,3,,
3607492,32,2,45,1,1,2,,
3607929,27,2,112,1,1,4,,
3609752,90,2,137,1,1,1,,
3610698,6,2,11,1,1,3,,
3611842,9,2,368,1,1,1,,
3611959,72,2,722,1,1,4,,
3612631,399,19,1699,1,1,2,,
3613594,41,2,1557,1,1,4,,
3614025,10,2,3,1,1,1,,
3614410,70,2,708,1,1,2,,
3615364,32,2,71,1,1,1,,
3615984,40,2,2736,1,1,1,,
3617392,115,2,825,1,1,,,
3617422,56,2,2737,1,1,7,,
3617441,56,2,564,1,1,7,,
3618960,49,2,78,1,1,5,,
3619738,3,14,10,1,1,,,
3620109,3,16,2738,1,1,5,,
3620482,4,2,701,1,1,1,,
3621373,103,2,104,1,1,3,,
3621525,105,2,230,1,1,4,,
3621765,7,2,506,1,1,2,,
3622144,124,2,1645,1,1,3,,
3624367,56,2,467,1,1,3,,
3624477,3,2,10,1,1,1,,
3625103,3,7,218,1,1,1,,
3625337,9,2,12,1,1,2,,
3625572,223,2,601,1,1,5,,
3625996,41,2,1894,1,1,5,,
3626039,51,2,230,1,1,3,,
3626487,41,2,135,1,1,5,,
3627214,9,2,83,1,1,1,,
3627510,7,2,1075,1,1,2,,
3627955,17,2,257,1,1,2,,
3628082,7,2,530,1,1,3,,
3628432,9,2,97,1,1,1,,
3631283,72,2,186,1,1,2,,
3631804,9,2,180,1,1,2,,
3633597,90,2,2739,1,1,2,,
3634748,3,2,2740,1,1,1,,
3635947,42,2,68,1,1,,,
3636379,125,2,1153,1,1,3,,
3636723,541,2,15,1,1,2,,
3637229,72,2,1667,1,1,7,,
3637701,2,2,15,1,1,5,,
3637765,172,2,272,1,1,3,,
3637901,9,2,748,1,1,1,,
3638332,24,13,35,1,1,5,,
3638581,3,14,10,1,1,7,,
3638696,3,14,10,1,1,1,,
3642430,7,2,314,1,1,3,,
3642491,542,21,266,1,1,7,,
3644472,90,2,422,1,1,2,,
3645136,72,2,1062,1,1,2,,
3645194,9,2,1247,1,1,2,,
3646098,73,2,2576,1,1,1,,
3646465,151,2,1028,1,1,7,,
3646575,51,2,230,1,1,2,,
3648024,34,15,2046,1,1,5,,
3648935,86,2,2550,1,1,1,,
3649076,143,2,639,1,1,1,,
3649864,7,2,97,1,1,5,,
3650049,72,2,580,1,1,1,,
3650661,4,2,1382,1,1,3,,
3650966,7,2,27,1,1,2,,
3651927,125,2,428,1,1,7,,
3651935,7,2,54,1,1,3,,
3652278,90,2,287,1,1,,,
3652299,41,2,2316,1,1,4,,
3652928,457,2,261,1,1,4,,
3653638,9,2,239,1,1,2,,
3653845,3,2,2741,1,1,6,,
3654338,43,2,68,1,1,4,,
3654671,43,2,604,1,1,4,,
3655447,3,15,2742,1,1,1,,
3657999,41,2,2743,1,1,1,,
3658720,7,2,368,1,1,1,,
3660674,14,2,2157,1,1,2,,
3662174,7,2,2744,1,1,4,,
3662560,106,2,839,1,1,3,,
3663133,52,2,175,1,1,5,,
3663288,9,2,27,1,1,,,
3663581,3,14,10,1,1,7,,
3664691,4,2,5,1,1,2,,
3666557,4,2,43,1,1,2,,
3669466,492,2,2745,1,1,3,,
3669533,54,2,2746,1,1,2,,
3670040,72,2,1126,1,1,,,
3671885,4,2,114,1,1,3,,
3672069,4,2,4,1,1,1,,
3672378,26,2,128,1,1,1,,
3672940,41,2,140,1,1,2,,
3675758,7,2,97,1,1,4,,
3676172,9,2,2747,1,1,4,,
3676298,42,2,68,1,1,7,,
3678555,4,2,4,1,1,2,,
3680938,10,2,3,1,1,1,,
3682545,6,2,1825,1,1,2,,
3682566,327,2,1534,1,1,6,,
3683451,44,2,2748,1,1,5,,
3684109,7,2,1084,1,1,4,,
3684165,7,2,770,1,1,5,,
3685800,4,2,114,1,1,2,,
3690240,42,2,68,1,1,1,,
3690322,17,2,1238,1,1,2,,
3691365,43,2,550,1,1,6,,
3692202,166,2,2749,1,1,2,,
3693158,7,2,801,1,1,4,,
3693643,18,2,15,1,1,4,,
3695092,9,2,97,1,1,2,,
3696072,9,2,526,1,1,2,,
3696174,160,2,612,1,1,1,,
3697766,83,2,64,1,1,3,,
3698299,7,2,97,1,1,2,,
3700354,144,2,94,1,1,3,,
3704165,7,2,97,1,1,3,,
3706049,4,2,99,1,1,6,,
3706420,9,2,179,1,1,,,
3708541,7,2,180,1,1,1,,
3709686,7,2,1747,1,1,2,,
3710352,2,2,2155,1,1,7,,
3711368,62,2,1516,1,1,5,,
3711549,3,2,10,1,1,1,,
3714038,151,2,543,1,1,1,,
3714386,160,2,421,1,1,4,,
3715155,4,2,448,1,1,3,,
3715179,18,2,2303,1,1,,,
3715593,2,2,15,1,1,3,,
3715929,4,2,2750,1,1,,,
3716339,9,2,58,1,1,2,,
3716348,4,2,5,1,1,3,,
3717084,39,2,144,1,1,1,,
3717355,4,2,4,1,1,2,,
3717968,6,2,4,1,1,5,,
3718376,3,14,10,1,1,5,,
3719167,32,2,430,1,1,2,,
3719466,115,2,2751,1,1,1,,
3719550,32,2,71,1,1,2,,
3719923,66,2,564,1,1,1,,
3720974,43,2,68,1,1,1,,
3722296,3,9,19,1,1,,,
3722383,3,14,10,1,1,2,,
3724467,7,2,58,1,1,1,,
3725398,42,2,68,1,1,,,
3725981,51,2,373,1,1,1,,
3726409,41,2,3,1,1,3,,
3726461,10,2,1756,1,1,1,,
3726781,90,2,2690,1,1,3,,
3728247,32,2,1104,1,1,5,,
3728344,4,2,528,1,1,2,,
3728829,7,2,157,1,1,1,,
3728894,272,2,1156,1,1,3,,
3730982,56,2,136,1,1,3,,
3731368,9,2,58,1,1,5,,
3731680,99,2,26,1,1,1,,
3734005,90,2,287,1,1,1,,
3734016,72,2,1904,1,1,,,
3734129,3,2,607,1,1,,,
3734137,120,2,79,1,1,3,,
3734741,7,2,27,1,1,2,,
3735184,4,2,5,1,1,1,,
3735584,22,6,17,1,1,2,,
3735638,39,2,1409,1,1,2,,
3737341,17,2,2070,1,1,2,,
3737404,7,2,12,1,1,1,,
3737467,40,2,1199,1,1,2,,
3738414,16,2,120,1,1,3,,
3738422,2,2,15,1,1,2,,
3738695,9,2,27,1,1,5,,
3738912,4,2,787,1,1,7,,
3739576,208,2,423,1,1,3,,
3740047,45,2,348,1,1,1,,
3740421,3,19,235,1,1,5,,
3741338,7,2,1184,1,1,4,,
3741589,70,2,183,1,1,2,,
3742270,49,2,38,1,1,2,,
3742736,6,2,11,1,1,1,,
3742895,206,2,469,1,1,2,,
3742939,7,2,1808,1,1,2,,
3742961,9,2,506,1,1,2,,
3743186,3,8,565,1,1,6,,
3743212,90,2,799,1,1,2,,
3745206,4,2,167,1,1,2,,
3745229,202,2,1645,1,1,4,,
3746819,90,2,933,1,1,1,,
3747526,6,2,727,1,1,2,,
3748916,43,2,1953,1,1,3,,
3749050,3,14,10,1,1,2,,
3749939,9,2,70,1,1,4,,
3750699,7,2,14,1,1,5,,
3750775,7,2,12,1,1,2,,
3752251,4,2,1192,1,1,2,,
3752771,10,2,3,1,1,5,,
3753860,7,2,157,1,1,5,,
3758715,7,2,239,1,1,,,
3758794,86,2,275,1,1,1,,
3760004,4,2,2049,1,1,4,,
3760423,31,2,348,1,1,6,,
3761392,6,2,2466,1,1,5,,
3761443,167,2,417,1,1,3,,
3761808,3,2,2752,1,1,2,,
3761960,9,2,2753,1,1,5,,
3762280,543,7,752,1,1,7,,
3762655,70,2,708,1,1,1,,
3762659,76,2,2146,1,1,1,,
3765597,7,2,77,1,1,2,,
3765603,202,2,2754,1,1,1,,
3766239,32,2,71,1,1,2,,
3766741,73,2,1265,1,1,2,,
3766977,474,2,67,1,1,,,
3769114,544,19,2755,1,1,7,,
3769390,7,2,27,1,1,4,,
3770145,41,2,326,1,1,3,,
3771055,7,2,1774,1,1,5,,
3771406,515,19,2545,1,1,3,,
3772163,41,2,3,1,1,4,,
3772194,45,2,348,1,1,2,,
3772528,126,2,1117,1,1,1,,
3772837,6,2,5,1,1,1,,
3777778,545,2,2231,1,1,3,,
3777955,6,2,4,1,1,5,,
3778347,63,2,396,1,1,3,,
3778671,86,2,275,1,1,4,,
3779159,9,2,172,1,1,3,,
3779208,2,2,15,1,1,2,,
3780788,4,2,4,1,1,4,,
3781178,126,2,1230,1,1,1,,
3781475,117,2,2531,1,1,5,,
3781515,43,2,68,1,1,6,,
3781946,31,2,348,1,1,2,,
3783248,124,2,732,1,1,2,,
3783876,57,5,1636,1,1,7,,
3785467,4,2,2756,1,1,2,,
3786763,54,2,88,1,1,1,,
3787302,5,2,45,1,1,1,,
3787845,3,2,2620,1,1,5,,
3788626,51,2,597,1,1,4,,
3788642,4,2,2756,1,1,2,,
3788875,10,2,3,1,1,2,,
3789747,6,2,114,1,1,2,,
3793030,90,2,191,1,1,2,,
3793529,41,2,1467,1,1,2,,
3794478,43,2,1313,1,1,2,,
3795582,4,2,1852,1,1,2,,
3795851,7,2,27,1,1,4,,
3795888,195,11,915,1,1,7,,
3797139,4,2,2136,1,1,2,,
3797361,90,2,191,1,1,1,,
3797866,2,2,15,1,1,4,,
3797960,5,2,71,1,1,2,,
3799891,221,6,2757,1,1,3,,
3801661,7,2,462,1,1,2,,
3802195,38,2,409,1,1,1,,
3803088,43,2,497,1,1,1,,
3804538,68,2,119,1,1,7,,
3804706,50,2,1167,1,1,2,,
3805712,66,2,93,1,1,2,,
3806039,38,2,426,1,1,2,,
3806580,10,2,3,1,1,3,,
3806620,4,2,5,1,1,4,,
3807153,9,2,172,1,1,4,,
3807696,41,2,2665,1,1,1,,
3807788,9,2,2758,1,1,7,,
3807914,39,2,429,1,1,1,,
3808676,27,2,257,1,1,3,,
3808729,5,2,71,1,1,3,,
3809356,38,2,1912,1,1,2,,
3810432,6,2,4,1,1,2,,
3810899,41,2,3,1,1,3,,
3812057,7,2,172,1,1,2,,
3812750,7,2,1891,1,1,7,,
3813803,4,2,5,1,1,4,,
3815031,14,2,671,1,1,2,,
3815936,30,2,106,1,1,7,,
3816067,41,2,1763,1,1,,,
3816881,62,2,104,1,1,5,,
3817357,4,2,5,1,1,5,,
3820097,90,2,186,1,1,3,,
3822197,120,2,897,1,1,1,,
3822450,3,19,10,1,1,5,,
3823685,7,2,172,1,1,2,,
3823786,7,2,1801,1,1,3,,
3824109,515,19,2759,1,1,1,,
3824621,10,2,2760,1,1,2,,
3824667,52,2,2761,1,1,2,,
3825089,72,2,287,1,1,1,,
3825114,72,2,422,1,1,7,,
3826870,3,49,10,1,1,,,
3826958,7,2,97,1,1,,,
3828509,3,2,10,1,1,,,
3829683,10,2,92,1,1,1,,
3829698,5,2,71,1,1,3,,
3830959,3,14,10,1,1,,,
3831523,117,2,631,1,1,1,,
3831729,90,2,1118,1,1,1,,
3831791,72,2,1443,1,1,3,,
3832633,7,2,27,1,1,3,,
3832964,70,2,183,1,1,2,,
3833780,232,2,2762,1,1,3,,
3834377,103,2,104,1,1,4,,
3835202,40,2,2763,1,1,2,,
3835277,3,14,10,1,1,,,
3835866,27,2,224,1,1,3,,
3837152,6,2,114,1,1,4,,
3838296,56,2,1368,1,1,2,,
3838332,7,2,957,1,1,2,,
3839791,10,2,2713,1,1,2,,
3840237,86,2,183,1,1,3,,
3840696,4,2,11,1,1,1,,
3841186,70,2,708,1,1,4,,
3843202,6,2,11,1,1,,,
3845097,213,2,380,1,1,5,,
3845343,49,2,73,1,1,2,,
3847649,162,5,394,1,1,3,,
3849680,3,5,427,1,1,1,,
3851600,3,6,10,1,1,5,,
3853586,16,2,604,1,1,2,,
3853649,263,2,417,1,1,3,,
3855523,148,2,354,1,1,1,,
3856913,103,2,276,1,1,2,,
3857614,4,2,4,1,1,1,,
3857972,9,2,786,1,1,,,
3858302,7,2,97,1,1,3,,
3858569,7,2,995,1,1,,,
3859106,7,2,27,1,1,2,,
3861577,7,2,27,1,1,2,,
3862704,3,35,2764,1,1,4,,
3863363,90,2,422,1,1,7,,
3863756,103,2,104,1,1,2,,
3864416,4,2,5,1,1,3,,
3865111,40,2,1409,1,1,5,,
3865176,259,2,58,1,1,2,,
3867019,105,2,230,1,1,,,
3867031,76,2,329,1,1,5,,
3874144,32,2,697,1,1,1,,
3877442,72,2,154,1,1,1,,
3877993,86,2,708,1,1,1,,
3879704,167,2,573,1,1,5,,
3879913,105,2,1997,1,1,2,,
3880691,51,2,597,1,1,5,,
3880812,6,2,5,1,1,4,,
3880846,86,2,1736,1,1,2,,
3886282,7,2,27,1,1,1,,
3887559,115,2,2751,1,1,5,,
3889191,23,2,182,1,1,,,
3890135,5,2,45,1,1,3,,
3893132,7,2,1444,1,1,1,,
3898491,7,2,344,1,1,1,,
3900454,7,2,2765,1,1,1,,
3901119,67,2,2766,1,1,,,
3903192,49,2,1770,1,1,1,,
3904651,4,2,2767,1,1,1,,
3912963,23,2,2768,1,1,1,,
3917855,103,2,692,1,1,1,,
3920632,103,2,512,1,1,5,,
3925966,7,2,2769,1,1,2,,
3928165,45,2,545,1,1,2,,
3930203,103,2,2770,1,1,2,,
3930673,38,2,1488,1,1,4,,
3932137,135,2,329,1,1,3,,
3932986,263,2,1773,1,1,2,,
3934077,23,2,2771,1,1,2,,
3935809,103,2,104,1,1,1,,
3936100,50,2,2772,1,1,1,,
3936135,40,2,733,1,1,7,,
3936174,18,2,15,1,1,1,,
3936609,51,2,230,1,1,5,,
3937380,23,2,2773,1,1,1,,
3937514,27,2,2043,1,1,3,,
3937977,125,2,238,1,1,2,,
3940345,148,2,354,1,1,1,,
3941961,23,2,1238,1,1,2,,
3948062,52,2,2192,1,1,2,,
3951171,18,2,2774,1,1,2,,
3951845,42,2,68,1,1,1,,
3954657,7,2,70,1,1,5,,
3955276,7,2,180,1,1,,,
3956745,54,2,502,1,1,1,,
3957430,7,2,930,1,1,1,,
3958304,49,2,193,1,1,3,,
3958522,51,2,586,1,1,3,,
3959849,7,2,239,1,1,4,,
3960176,49,2,1081,1,1,1,,
3960977,4,2,5,1,1,1,,
3961319,2,2,15,1,1,7,,
3961464,19,2,26,1,1,2,,
3961685,51,2,231,1,1,1,,
3961883,73,2,226,1,1,2,,
3963254,7,2,97,1,1,1,,
3963611,125,2,69,1,1,2,,
3964848,4,2,5,1,1,3,,
3965393,9,2,770,1,1,,,
3965520,7,2,323,1,1,1,,
3966490,9,2,122,1,1,2,,
3967388,9,2,27,1,1,1,,
3967399,7,2,122,1,1,5,,
3967402,9,2,904,1,1,2,,
3967883,115,2,1278,1,1,5,,
3968463,4,2,4,1,1,1,,
3969108,90,2,137,1,1,2,,
3969173,66,2,591,1,1,2,,
3970527,63,2,2775,1,1,1,,
3973841,7,2,2776,1,1,2,,
3977587,135,2,1952,1,1,5,,
3979535,4,2,2777,1,1,4,,
3991248,9,2,168,1,1,2,,
3991657,2,2,15,1,1,3,,
3991770,70,2,2550,1,1,5,,
3991822,7,2,27,1,1,4,,
3994381,546,19,2778,1,1,7,,
3996636,4,2,5,1,1,2,,
3997420,42,2,68,1,1,7,,
3997424,3,38,1091,1,1,2,,
3998424,9,2,27,1,1,3,,
3998479,7,2,172,1,1,3,,
3999028,4,2,11,1,1,2,,
4000994,32,2,302,1,1,5,,
4001311,94,5,2779,1,1,5,,
4003981,50,2,1051,1,1,2,,
4004906,10,2,2780,1,1,3,,
4005593,5,2,2781,1,1,1,,
4005785,9,2,27,1,1,1,,
4005968,156,2,1703,1,1,3,,
4007230,56,2,959,1,1,3,,
4008436,16,2,780,1,1,1,,
4010009,4,2,2782,1,1,1,,
4010054,49,2,2783,1,1,1,,
4010807,51,2,81,1,1,3,,
4011273,26,2,22,1,1,,,
4012470,54,2,1195,1,1,,,
4013449,125,2,2784,1,1,2,,
4015761,176,2,2785,1,1,4,,
4016419,72,2,422,1,1,2,,
4017715,31,2,614,1,1,4,,
4017860,82,2,174,1,1,,,
4017953,125,2,816,1,1,2,,
4018188,82,2,633,1,1,2,,
4018220,26,2,632,1,1,3,,
4018926,9,2,253,1,1,,,
4019128,10,2,1285,1,1,1,,
4020444,70,2,183,1,1,2,,
4021071,329,2,2786,1,1,2,,
4021758,66,2,2787,1,1,5,,
4022252,70,2,183,1,1,1,,
4022256,66,2,1741,1,1,1,,
4023956,7,2,585,1,1,4,,
4024697,7,2,462,1,1,1,,
4025697,4,2,2788,1,1,2,,
4025744,40,2,733,1,1,7,,
4026134,7,2,2789,1,1,2,,
4026446,45,2,75,1,1,5,,
4026614,54,2,2790,1,1,1,,
4026714,62,2,1049,1,1,4,,
4027018,3,2,10,1,1,3,,
4027213,4,2,2791,1,1,5,,
4027350,183,2,2792,1,1,2,,
4027798,90,2,2793,1,1,3,,
4027854,7,2,285,1,1,3,,
4027883,66,2,1015,1,1,1,,
4028354,2,2,2794,1,1,1,,
4028380,90,2,1895,1,1,7,,
4028608,7,2,2795,1,1,1,,
4028816,38,2,2518,1,1,4,,
4028848,4,2,4,1,1,1,,
4029241,43,2,497,1,1,1,,
4029310,50,2,1051,1,1,3,,
4030310,18,2,15,1,1,1,,
4030721,43,2,383,1,1,6,,
4030966,38,2,1718,1,1,2,,
4031023,4,2,4,1,1,3,,
4031199,115,2,272,1,1,1,,
4031604,97,2,1250,1,1,3,,
4031911,23,2,2773,1,1,5,,
4032655,45,2,1045,1,1,4,,
4033304,4,2,1214,1,1,1,,
4033604,50,2,79,1,1,1,,
4034001,18,2,317,1,1,3,,
4034136,90,2,955,1,1,4,,
4034605,7,2,1472,1,1,2,,
4034752,9,2,148,1,1,2,,
4035035,7,2,97,1,1,3,,
4035873,7,2,157,1,1,6,,
4035924,18,2,15,1,1,5,,
4037459,7,2,97,1,1,1,,
4068264,7,2,709,1,1,2,,
4072874,90,2,287,1,1,3,,
4094193,30,2,106,1,1,5,,
4111455,2,2,513,1,1,3,,
4127066,547,13,2796,1,1,,,
4127235,45,2,348,1,1,2,,
4128972,54,2,720,1,1,7,,
4147463,23,2,568,1,1,7,,
4150008,18,2,15,1,1,,,
4170474,5,2,71,1,1,1,,
4173472,7,2,169,1,1,2,,
4191612,10,2,685,1,1,2,,
4193374,126,2,300,1,1,3,,
4193643,151,2,1933,1,1,3,,
4197006,9,2,526,1,1,3,,
4203087,10,2,335,1,1,2,,
4221501,90,2,154,1,1,,,
4221934,38,2,876,1,1,5,,
4224618,18,2,1227,1,1,2,,
4228600,10,2,685,1,1,6,,
4232899,51,2,347,1,1,2,,
4235104,7,2,2797,1,1,6,,
4245242,10,2,2798,1,1,,,
4245359,40,2,144,1,1,7,,
4264213,49,2,2419,1,1,1,,
4264265,38,2,2117,1,1,1,,
4268901,50,2,598,1,1,3,,
4273342,7,2,1510,1,1,1,,
4277361,7,2,1919,1,1,,,
4284397,73,2,107,1,1,1,,
4285293,7,2,506,1,1,,,
4285303,120,2,79,1,1,,,
4285947,43,2,68,1,1,1,,
4289180,7,2,311,1,1,2,,
4292644,18,2,2176,1,1,1,,
4293163,5,2,71,1,1,,,
4303621,51,2,373,1,1,2,,
4309335,263,2,2682,1,1,1,,
4319345,18,2,703,1,1,2,,
4335648,115,2,1404,1,1,2,,
4342671,7,2,890,1,1,3,,
4348467,43,2,604,1,1,6,,
4358460,10,2,2415,1,1,3,,
4366361,70,2,737,1,1,,,
4369905,70,2,2550,1,1,2,,
4372252,16,2,297,1,1,1,,
4380406,2,2,15,1,1,2,,
4383829,54,2,88,1,1,3,,
4392006,25,2,1314,1,1,1,,
4392733,288,2,302,1,1,4,,
4401089,67,2,2799,1,1,,,
4403189,125,2,1701,1,1,2,,
4404462,50,2,2800,1,1,1,,
4406534,16,2,322,1,1,3,,
4406757,90,2,2555,1,1,6,,
4413635,548,2,2801,1,1,3,,
4418329,4,2,5,1,1,2,,
4424094,43,2,746,1,1,2,,
4432660,38,2,357,1,1,4,,
4437149,125,2,2802,1,1,,,
4445846,23,2,2275,1,1,,,
4447979,45,2,1001,1,1,3,,
4451588,10,2,2803,1,1,2,,
4458861,105,2,81,1,1,5,,
4460056,7,2,368,1,1,,,
4464449,56,2,2804,1,1,3,,
4467206,7,2,2805,1,1,1,,
4473718,188,2,1187,1,1,1,,
4473754,206,2,469,1,1,,,
4477142,156,2,211,1,1,1,,
4482684,27,2,23,1,1,2,,
4493454,6,2,2756,1,1,1,,
4495117,42,2,604,1,1,1,,
4499861,2,2,15,1,1,3,,
4514749,126,2,2806,1,1,2,,
4517088,39,2,1409,1,1,1,,
4530445,45,2,2807,1,1,2,,
4530832,148,2,1281,1,1,1,,
4536538,43,2,383,1,1,2,,
4536627,90,2,422,1,1,5,,
4546517,43,2,284,1,1,1,,
4553072,90,2,186,1,1,,,
4554017,2,2,1087,1,1,3,,
4555344,4,2,604,1,1,1,,
4567897,148,2,2181,1,1,1,,
4587171,18,2,67,1,1,2,,
4592324,7,2,2808,1,1,2,,
4594437,90,2,191,1,1,1,,
4612261,82,2,818,1,1,2,,
4621459,201,2,2809,1,1,2,,
4623704,45,2,2187,1,1,1,,
4642639,10,2,2810,1,1,2,,
4643229,43,2,68,1,1,2,,
4645754,26,2,604,1,1,1,,
4648472,43,2,68,1,1,3,,
4648890,18,2,67,1,1,2,,
4650968,148,2,668,1,1,4,,
4652261,39,2,429,1,1,5,,
4674489,156,2,740,1,1,4,,
4689924,4,2,167,1,1,1,,
4694549,7,2,97,1,1,4,,
4697690,5,2,71,1,1,3,,
4704513,26,2,128,1,1,2,,
4705365,170,2,612,1,1,3,,
4723171,18,2,2811,1,1,7,,
4724571,83,2,217,1,1,2,,
4728561,16,2,695,1,1,1,,
4740314,66,2,2812,1,1,2,,
4747817,4,2,11,1,1,,,
4752376,10,2,402,1,1,2,,
4753170,5,2,2813,1,1,1,,
4753841,4,2,359,1,1,3,,
4757303,7,2,148,1,1,5,,
4759599,43,2,497,1,1,2,,
4764296,16,2,297,1,1,1,,
4768803,156,2,887,1,1,2,,
4773048,43,2,2814,1,1,3,,
4777564,151,2,1028,1,1,1,,
4779632,54,2,1349,1,1,4,,
4782108,70,2,2550,1,1,2,,
4783635,7,2,157,1,1,5,,
4785104,51,2,373,1,1,3,,
4785856,6,2,4,1,1,2,,
4787585,7,2,180,1,1,5,,
4788849,42,2,746,1,1,1,,
4789153,4,2,359,1,1,4,,
4790142,144,2,119,1,1,2,,
4790380,23,2,267,1,1,2,,
4791832,4,2,5,1,1,3,,
4791980,7,2,87,1,1,1,,
4792627,40,2,2269,1,1,2,,
4793263,25,2,38,1,1,1,,
4793545,22,6,17,1,1,1,,
4794371,9,2,31,1,1,1,,
4794621,120,2,79,1,1,5,,
4794637,62,2,104,1,1,2,,
4794951,9,2,172,1,1,2,,
4795366,7,2,198,1,1,2,,
4796324,9,2,12,1,1,2,,
4796993,4,2,377,1,1,5,,
4797977,172,2,825,1,1,4,,
4798709,76,2,329,1,1,,,
4801474,103,2,2815,1,1,3,,
4802123,31,2,545,1,1,,,
4802576,9,2,55,1,1,3,,
4803413,23,2,208,1,1,4,,
4805509,90,2,191,1,1,,,
4807270,7,2,620,1,1,,,
4807609,7,2,27,1,1,5,,
4807779,3,6,2816,1,1,2,,
4808751,124,2,300,1,1,5,,
4809889,41,2,2817,1,1,1,,
4810482,90,2,287,1,1,3,,
4811406,73,2,2818,1,1,2,,
4811525,125,2,238,1,1,4,,
4811997,51,2,1284,1,1,5,,
4812585,5,2,2098,1,1,1,,
4814443,125,2,164,1,1,,,
4814686,6,2,528,1,1,1,,
4815108,62,2,795,1,1,3,,
4815504,45,2,614,1,1,1,,
4815896,18,2,15,1,1,2,,
4816126,549,2,1281,1,1,1,,
4817128,103,2,104,1,1,2,,
4817322,7,2,1702,1,1,1,,
4817793,4,2,4,1,1,2,,
4817796,63,2,354,1,1,1,,
4818145,103,2,2819,1,1,1,,
4818407,49,2,923,1,1,3,,
4819790,7,2,285,1,1,2,,
4820469,6,2,11,1,1,5,,
4820801,472,2,58,1,1,,,
4821721,7,2,58,1,1,1,,
4822893,31,2,545,1,1,,,
4823147,7,2,148,1,1,2,,
4823597,7,2,2820,1,1,1,,
4823650,45,2,360,1,1,2,,
4824537,43,2,68,1,1,3,,
4824711,3,14,10,1,1,5,,
4825356,42,2,68,1,1,5,,
4826384,66,2,1022,1,1,5,,
4826917,7,2,389,1,1,3,,
4827416,9,2,2458,1,1,2,,
4827450,26,2,22,1,1,1,,
4828770,223,2,601,1,1,2,,
4829800,6,2,11,1,1,4,,
4831058,125,2,428,1,1,,,
4831059,9,2,129,1,1,3,,
4835262,550,32,628,1,1,1,,
4835993,26,2,22,1,1,,,
4837940,4,2,99,1,1,2,,
4839544,7,2,261,1,1,1,,
4839873,7,2,14,1,1,3,,
4840301,7,2,77,1,1,5,,
4841327,9,2,14,1,1,,,
4841593,7,2,14,1,1,2,,
4844885,7,2,58,1,1,1,,
4845307,9,2,27,1,1,2,,
4848080,38,2,2821,1,1,,,
4849016,6,2,2284,1,1,,,
4850672,5,2,1159,1,1,2,,
4851811,3,4,10,1,1,6,,
4853948,148,2,354,1,1,2,,
4854165,72,2,154,1,1,2,,
4858114,41,2,2231,1,1,4,,
4859694,9,2,168,1,1,5,,
4860009,99,2,26,1,1,4,,
4860800,70,2,708,1,1,3,,
4861044,7,2,1747,1,1,1,,
4861069,7,2,2822,1,1,1,,
4861113,148,2,354,1,1,2,,
4861196,117,2,1765,1,1,1,,
4862162,41,2,3,1,1,,,
4866209,7,2,957,1,1,1,,
4868400,105,2,230,1,1,1,,
4868751,7,2,180,1,1,4,,
4869017,27,2,1238,1,1,4,,
4869959,9,2,2823,1,1,1,,
4870191,7,2,97,1,1,4,,
4870269,9,2,2824,1,1,1,,
4871396,126,2,300,1,1,2,,
4872007,2,2,15,1,1,2,,
4872230,52,2,84,1,1,6,,
4872597,4,2,4,1,1,5,,
4872663,7,2,2825,1,1,1,,
4874266,40,2,919,1,1,5,,
4973999,7,2,77,1,1,1,,
4975240,23,2,992,1,1,2,,
4976119,55,15,48,1,1,1,,
4982073,176,2,898,1,1,2,,
4983419,27,2,257,1,1,5,,
4984057,7,2,27,1,1,1,,
4985352,90,2,2826,1,1,2,,
4990022,126,2,300,1,1,4,,
4990300,3,2,15,1,1,2,,
4992099,16,2,297,1,1,4,,
4995343,43,2,68,1,1,4,,
4995367,64,2,2827,1,1,1,,
4995769,27,2,257,1,1,3,,
4995975,49,2,73,1,1,3,,
4996247,3,2,15,1,1,1,,
4996709,67,2,594,1,1,1,,
4999305,18,2,15,1,1,2,,
4999732,49,2,482,1,1,,,
5000254,42,2,68,1,1,2,,
5000890,18,2,15,1,1,2,,
5002719,3,14,10,1,1,1,,
5003556,45,2,773,1,1,5,,
5004213,2,2,15,1,1,3,,
5004550,2,2,15,1,1,5,,
5004635,22,6,17,1,1,3,,
5005549,23,2,400,1,1,5,,
5005961,2,2,433,1,1,4,,
5009379,72,2,2657,1,1,1,,
5010523,50,2,996,1,1,2,,
5012520,3,9,19,1,1,2,,
5013435,38,2,932,1,1,3,,
5013440,46,6,73,1,1,5,,
5013510,4,2,5,1,1,3,,
5013850,7,2,180,1,1,3,,
5014059,52,2,1790,1,1,3,,
5014471,22,6,17,1,1,1,,
5014703,45,2,858,1,1,1,,
5020128,26,2,255,1,1,2,,
5022019,14,2,473,1,1,2,,
5022712,38,2,292,1,1,6,,
5023795,27,2,126,1,1,1,,
5025162,18,2,15,1,1,1,,
5025769,9,2,845,1,1,1,,
5025943,38,2,797,1,1,2,,
5026422,20,6,2828,1,1,1,,
5028248,169,2,2613,1,1,,,
5030929,30,2,106,1,1,3,,
5033574,90,2,659,1,1,3,,
5034592,9,2,464,1,1,4,,
5034686,176,2,1254,1,1,3,,
5036213,23,2,1412,1,1,3,,
5037848,45,2,1596,1,1,1,,
5040504,132,6,1866,1,1,1,,
5040587,143,2,2829,1,1,2,,
5040750,67,2,223,1,1,1,,
5041471,67,2,1408,1,1,3,,
5042164,68,2,2830,1,1,,,
5042488,83,2,516,1,1,2,,
5043387,7,2,97,1,1,2,,
5043408,18,2,2831,1,1,1,,
5044885,18,2,15,1,1,1,,
5045143,34,15,48,1,1,5,,
5045836,90,2,287,1,1,3,,
5046158,90,2,137,1,1,2,,
5049091,67,2,347,1,1,5,,
5049303,202,2,367,1,1,2,,
5049917,31,2,310,1,1,3,,
5050817,2,2,15,1,1,5,,
5050924,49,2,1152,1,1,4,,
5051303,551,19,2832,1,1,2,,
5051809,3,14,10,1,1,5,,
5052673,72,2,2833,1,1,,,
5055637,43,2,68,1,1,2,,
5056417,90,2,154,1,1,1,,
5060389,22,6,17,1,1,3,,
5060482,45,2,305,1,1,2,,
5061336,16,2,2344,1,1,4,,
5061731,27,2,23,1,1,1,,
5061776,67,2,2834,1,1,3,,
5061783,26,2,2835,1,1,3,,
5062412,2,2,15,1,1,5,,
5062917,18,2,2772,1,1,2,,
5070861,38,2,94,1,1,6,,
5071271,27,2,224,1,1,4,,
5071314,172,2,107,1,1,7,,
5071501,6,2,841,1,1,2,,
5071575,36,15,2836,1,1,5,,
5073544,31,2,44,1,1,2,,
5078432,7,2,27,1,1,3,,
5079407,18,2,678,1,1,1,,
5079435,16,2,128,1,1,5,,
5082157,90,2,1039,1,1,2,,
5083092,106,2,347,1,1,1,,
5086217,52,2,377,1,1,2,,
5088683,18,2,15,1,1,2,,
5089805,17,2,257,1,1,1,,
5090097,38,2,672,1,1,2,,
5091896,49,2,38,1,1,3,,
5093945,3,2,224,1,1,1,,
5094262,4,2,4,1,1,1,,
5094986,27,2,23,1,1,1,,
5095359,2,2,15,1,1,1,,
5095714,29,2,298,1,1,3,,
5096142,29,2,223,1,1,2,,
5097344,14,2,426,1,1,3,,
5100724,161,10,1082,1,1,4,,
5101150,10,2,3,1,1,5,,
5101712,38,2,1365,1,1,3,,
5101804,7,2,27,1,1,5,,
5102948,25,2,38,1,1,5,,
5105257,18,2,15,1,1,3,,
5106598,23,2,2837,1,1,2,,
5106790,18,2,15,1,1,1,,
5111449,70,2,183,1,1,5,,
5113924,2,2,15,1,1,,,
5117988,1,2,2838,1,1,,,
5118334,2,2,15,1,1,,,
5122178,18,2,15,1,1,4,,
5125145,126,2,300,1,1,2,,
5127650,49,2,2839,1,1,5,,
5128510,42,2,68,1,1,7,,
5129433,106,2,887,1,1,5,,
5130294,17,2,868,1,1,3,,
5134580,29,2,2840,1,1,4,,
5135487,10,2,3,1,1,,,
5138121,18,2,433,1,1,1,,
5138564,14,2,1129,1,1,1,,
5139117,2,2,15,1,1,3,,
5139627,51,2,597,1,1,2,,
5141795,27,2,1929,1,1,2,,
5143068,18,2,1599,1,1,,,
5143671,14,2,426,1,1,,,
5150994,210,2,15,1,1,3,,
5153912,7,2,97,1,1,2,,
5155930,38,2,1057,1,1,5,,
5156208,14,2,672,1,1,1,,
5157473,7,2,2841,1,1,,,
5167090,552,2,287,1,1,2,,
5168486,3,6,17,1,1,2,,
5171555,3,2,70,1,1,1,,
5172712,19,2,26,1,1,,,
5174388,25,2,494,1,1,6,,
5178974,31,2,100,1,1,1,,
5179983,22,6,17,1,1,3,,
5180201,3,6,17,1,1,3,,
5191635,2,2,15,1,1,1,,
5192884,26,2,243,1,1,,,
5193395,67,2,2842,1,1,3,,
5193471,18,2,15,1,1,2,,
5194669,90,2,137,1,1,1,,
5196734,6,2,5,1,1,3,,
5198602,169,2,347,1,1,,,
5201079,10,2,1223,1,1,2,,
5203491,156,2,2816,1,1,1,,
5206085,3,2,15,1,1,2,,
5206888,29,2,393,1,1,1,,
5209619,30,2,141,1,1,1,,
5209769,26,2,510,1,1,1,,
5211082,38,2,711,1,1,,,
5211152,3,2,15,1,1,1,,
5211872,14,2,2843,1,1,4,,
5213044,29,14,2844,1,1,2,,
5213457,3,31,2845,1,1,3,,
5215734,52,2,84,1,1,1,,
5216276,7,2,58,1,1,4,,
5216403,31,2,2846,1,1,5,,
5219754,90,2,2847,1,1,,,
5220332,553,33,2848,1,1,5,,
5221388,16,2,1519,1,1,3,,
5221457,40,2,1560,1,1,1,,
5224218,25,2,73,1,1,3,,
5224248,67,2,223,1,1,,,
5224252,2,2,627,1,1,2,,
5229910,3,14,10,1,1,1,,
5232812,16,2,657,1,1,1,,
5232996,49,2,38,1,1,,,
5236573,38,2,1673,1,1,2,,
5237260,9,2,97,1,1,3,,
5237568,26,2,1715,1,1,1,,
5239202,554,18,2849,1,1,3,,
5239866,86,2,708,1,1,4,,
5240076,22,6,17,1,1,1,,
5242205,7,2,58,1,1,2,,
5242206,90,2,2850,1,1,5,,
5243263,67,2,132,1,1,5,,
5243742,555,2,2851,1,1,2,,
5245686,2,2,15,1,1,4,,
5247803,49,2,38,1,1,2,,
5249377,6,2,4,1,1,2,,
5249400,2,2,15,1,1,1,,
5249428,27,2,224,1,1,1,,
5251650,556,3,2852,1,1,2,,
5251869,196,2,1879,1,1,2,,
5253673,169,2,839,1,1,5,,
5257416,25,2,1152,1,1,,,
5259937,72,2,1604,1,1,2,,
5260693,22,6,17,1,1,1,,
5262434,67,2,594,1,1,4,,
5263682,40,2,919,1,1,1,,
5263995,19,2,26,1,1,,,
5266142,2,2,15,1,1,1,,
5266540,67,2,594,1,1,1,,
5270559,2,2,433,1,1,5,,
5271203,10,2,3,1,1,5,,
5272991,49,2,38,1,1,1,,
5273603,38,2,672,1,1,1,,
5273669,90,2,1895,1,1,5,,
5273808,9,2,97,1,1,1,,
5274161,72,2,154,1,1,5,,
5274886,2,2,15,1,1,4,,
5275893,40,2,144,1,1,3,,
5275921,9,2,27,1,1,2,,
5278549,18,2,627,1,1,,,
5280026,99,2,26,1,1,1,,
5280359,3,14,10,1,1,,,
5284528,22,6,2853,1,1,2,,
5285477,9,2,121,1,1,3,,
5287595,2,2,15,1,1,2,,
5291361,6,2,5,1,1,2,,
5291966,90,2,137,1,1,1,,
5295853,40,2,131,1,1,4,,
5296614,22,6,17,1,1,2,,
5301913,223,2,601,1,1,5,,
5301939,3,2,15,1,1,5,,
5301959,90,2,287,1,1,5,,
5303168,90,2,137,1,1,5,,
5303876,72,2,137,1,1,2,,
5304844,18,2,15,1,1,1,,
5305550,14,2,24,1,1,2,,
5307136,26,2,22,1,1,6,,
5307141,2,2,15,1,1,,,
5307822,90,2,191,1,1,3,,
5308829,40,2,59,1,1,2,,
5309005,109,5,9,1,1,2,,
5310247,16,2,297,1,1,2,,
5310297,10,2,3,1,1,,,
5310514,31,2,310,1,1,,,
5310955,49,2,1152,1,1,2,,
5311121,169,2,1615,1,1,1,,
5312447,26,2,1675,1,1,,,
5312630,14,2,1136,1,1,3,,
5316404,2,2,15,1,1,1,,
5316737,3,2,15,1,1,4,,
5323150,29,2,2834,1,1,2,,
5337585,2,2,15,1,1,2,,
5339420,18,2,67,1,1,3,,
5339453,2,2,15,1,1,2,,
5340064,129,2,1992,1,1,4,,
5341805,38,2,2854,1,1,1,,
5343739,22,6,17,1,1,1,,
5344686,29,2,223,1,1,2,,
5345313,18,2,15,1,1,3,,
5347063,25,2,1634,1,1,4,,
5347110,2,2,15,1,1,,,
5347639,72,2,1544,1,1,4,,
5347749,2,2,15,1,1,,,
5348602,52,2,1270,1,1,1,,
5348965,30,2,1347,1,1,2,,
5350373,45,2,928,1,1,,,
5352221,16,2,22,1,1,,,
5352284,17,2,224,1,1,2,,
5352294,144,2,94,1,1,3,,
5354054,90,2,287,1,1,1,,
5354765,169,2,2855,1,1,1,,
5354841,2,2,627,1,1,,,
5355640,67,2,223,1,1,1,,
5356751,19,2,26,1,1,1,,
5359035,22,6,166,1,1,1,,
5359133,23,2,2856,1,1,4,,
5359633,29,2,1006,1,1,1,,
5362664,30,2,106,1,1,1,,
5364456,9,2,97,1,1,1,,
5365891,3,2,2580,1,1,1,,
5366007,3,31,2857,1,1,2,,
5366082,173,6,17,1,1,2,,
5366106,7,2,27,1,1,2,,
5366274,52,2,182,1,1,2,,
5367422,49,2,38,1,1,1,,
5368403,49,2,38,1,1,2,,
5368909,25,2,193,1,1,3,,
5369561,25,2,73,1,1,3,,
5371342,67,2,1204,1,1,1,,
5376010,14,2,1593,1,1,3,,
5376471,206,2,469,1,1,1,,
5377622,144,2,94,1,1,5,,
5378395,27,2,62,1,1,1,,
5378847,45,2,532,1,1,4,,
5379098,2,2,617,1,1,2,,
5381681,29,2,2858,1,1,3,,
5382177,22,6,220,1,1,5,,
5382377,3,6,17,1,1,1,,
5383510,52,2,2859,1,1,1,,
5383773,18,2,2860,1,1,1,,
5385380,3,5,472,1,1,2,,
5385541,55,15,637,1,1,2,,
5386170,62,2,271,1,1,7,,
5386474,9,2,148,1,1,5,,
5388757,22,6,1033,1,1,3,,
5390798,9,2,77,1,1,7,,
5390815,29,2,594,1,1,2,,
5390837,29,2,223,1,1,5,,
5392019,32,2,71,1,1,7,,
5392333,169,2,839,1,1,2,,
5393304,10,2,404,1,1,4,,
5395456,31,2,545,1,1,3,,
5396344,557,6,17,1,1,2,,
5396873,3,6,17,1,1,2,,
5397161,43,2,383,1,1,2,,
5397240,558,6,2861,1,1,1,,
5397395,38,2,540,1,1,3,,
5398432,215,2,346,1,1,3,,
5399183,49,2,193,1,1,2,,
5400751,4,2,4,1,1,5,,
5402475,4,2,114,1,1,4,,
5403271,6,2,448,1,1,1,,
5411300,10,2,2862,1,1,4,,
5415008,44,2,238,1,1,5,,
5418942,9,2,2863,1,1,2,,
5421971,10,2,197,1,1,2,,
5424580,559,10,2864,1,1,5,,
5432535,30,2,2719,1,1,1,,
5448253,7,2,2865,1,1,2,,
5468341,42,2,519,1,1,6,,
5471644,18,2,2303,1,1,2,,
5488760,232,2,2313,1,1,1,,
5504023,169,2,420,1,1,1,,
5511398,67,2,2866,1,1,4,,
5513055,9,2,172,1,1,2,,
5529576,309,2,1138,1,1,1,,
5536040,49,2,38,1,1,,,
5546240,54,2,1266,1,1,1,,
5553132,126,2,300,1,1,1,,
5561459,41,2,232,1,1,2,,
5563580,188,2,486,1,1,2,,
5579526,4,2,4,1,1,1,,
5584148,40,2,429,1,1,,,
5615100,7,2,970,1,1,1,,
5627265,64,2,472,1,1,3,,
5648350,18,2,2867,1,1,2,,
5654192,51,2,81,1,1,5,,
5663522,25,2,187,1,1,2,,
5678058,23,2,182,1,1,1,,
5687496,23,2,1053,1,1,5,,
5687867,169,2,347,1,1,2,,
5688806,27,2,112,1,1,5,,
5706805,7,2,1287,1,1,4,,
5712977,25,2,2699,1,1,2,,
5714300,38,2,1777,1,1,5,,
5721150,4,2,1852,1,1,1,,
5723034,66,2,2868,1,1,2,,
5755372,23,2,400,1,1,7,,
5770386,7,2,148,1,1,2,,
5773649,43,2,2869,1,1,1,,
5788813,27,2,23,1,1,1,,
5796151,115,2,825,1,1,5,,
5798498,4,2,11,1,1,3,,
5802809,90,2,1062,1,1,2,,
5807055,7,2,180,1,1,5,,
5813401,70,2,708,1,1,5,,
5814724,16,2,683,1,1,2,,
5818254,120,2,79,1,1,,,
5821433,560,5,2870,1,1,5,,
5829678,9,2,2871,1,1,3,,
5833119,25,2,2872,1,1,,,
5851138,2,2,15,1,1,3,,
5888289,73,2,1349,1,1,1,,
5896972,144,2,119,1,1,2,,
5897898,4,2,5,1,1,2,,
5900470,7,2,1096,1,1,3,,
5902075,105,2,1086,1,1,3,,
5902134,40,2,429,1,1,1,,
5905961,38,2,2873,1,1,2,,
5913532,9,2,2606,1,1,,,
5915531,18,2,563,1,1,2,,
5929518,76,2,155,1,1,2,,
5932033,3,6,17,1,1,5,,
5937862,7,2,97,1,1,1,,
5946232,62,2,1365,1,1,1,,
5953044,7,2,1964,1,1,,,
5968916,16,2,22,1,1,5,,
5970395,72,2,422,1,1,3,,
5974300,18,2,2874,1,1,3,,
5975887,125,2,2875,1,1,2,,
5983394,96,2,211,1,1,,,
5998788,7,2,1080,1,1,2,,
5999808,103,2,225,1,1,,,
6017632,10,2,3,1,1,3,,
6017665,26,2,2548,1,1,4,,
6030871,29,2,2437,1,1,3,,
6036788,52,2,1927,1,1,3,,
6043285,223,2,2876,1,1,2,,
6051386,7,2,344,1,1,2,,
6059153,206,2,2877,1,1,4,,
6062532,263,2,545,1,1,7,,
6073655,561,2,2878,1,1,3,,
6075380,103,2,271,1,1,1,,
6090675,40,2,2879,1,1,3,,
6116988,3,6,272,1,1,,,
6117985,42,2,68,1,1,6,,
6136448,72,2,154,1,1,2,,
6151908,99,2,26,1,1,2,,
6175502,10,2,877,1,1,2,,
6185034,22,6,806,1,1,1,,
6197255,263,2,2880,1,1,2,,
6209800,85,9,19,1,1,1,,
6245048,7,2,1982,1,1,1,,
6249924,52,2,175,1,1,2,,
6254597,115,2,2881,1,1,2,,
6255594,9,2,851,1,1,3,,
6273609,4,2,2882,1,1,3,,
6275726,522,2,71,1,1,5,,
6278073,23,2,568,1,1,5,,
6282446,62,2,2883,1,1,1,,
6309787,7,2,311,1,1,2,,
6313879,562,2,607,1,1,,,
6315957,20,6,2884,1,1,1,,
6326422,4,2,4,1,1,6,,
6341885,176,2,2885,1,1,3,,
6346976,72,2,2886,1,1,2,,
6366940,2,2,627,1,1,2,,
6367266,7,2,12,1,1,5,,
6367974,14,2,1346,1,1,5,,
6372379,54,2,2887,1,1,2,,
6374862,70,2,183,1,1,2,,
6374991,7,2,1368,1,1,3,,
6376081,9,2,2888,1,1,2,,
6377088,39,2,2889,1,1,1,,
6378499,9,2,97,1,1,1,,
6379951,90,2,2890,1,1,,,
6380749,43,2,383,1,1,2,,
6381133,9,2,97,1,1,4,,
6381676,66,2,1085,1,1,6,,
6382239,42,2,383,1,1,2,,
6382861,4,2,4,1,1,,,
6384921,9,2,27,1,1,,,
6384942,126,2,2860,1,1,1,,
6385279,563,7,218,1,1,1,,
6385405,3,29,425,1,1,3,,
6385880,18,2,617,1,1,1,,
6387246,16,2,120,1,1,2,,
6389974,9,2,27,1,1,4,,
6390334,126,2,2891,1,1,5,,
6391875,7,2,14,1,1,2,,
6396939,7,2,148,1,1,3,,
6397938,564,19,2892,1,1,5,,
6402481,117,2,1765,1,1,1,,
6402921,16,2,128,1,1,3,,
6403355,41,2,3,1,1,1,,
6404239,63,2,354,1,1,1,,
6406167,7,2,27,1,1,4,,
6407329,7,2,168,1,1,5,,
6407440,3,26,856,1,1,1,,
6407780,9,2,27,1,1,,,
6408283,7,2,27,1,1,1,,
6408422,162,5,2893,1,1,5,,
6409368,7,2,58,1,1,2,,
6412624,80,2,27,1,1,1,,
6412901,7,2,1891,1,1,,,
6412957,9,2,2894,1,1,2,,
6415123,9,2,462,1,1,2,,
6416328,38,2,63,1,1,2,,
6416768,9,2,2003,1,1,1,,
6418698,86,2,1274,1,1,1,,
6418784,9,2,464,1,1,2,,
6418978,2,2,430,1,1,4,,
6422939,90,2,447,1,1,7,,
6423583,7,2,179,1,1,3,,
6424563,103,2,276,1,1,1,,
6426920,3,15,161,1,1,1,,
6426921,7,2,27,1,1,4,,
6428660,7,2,55,1,1,2,,
6431697,9,2,70,1,1,2,,
6431713,267,2,1365,1,1,2,,
6432276,166,2,2895,1,1,3,,
6435210,7,2,27,1,1,1,,
6435799,7,2,188,1,1,4,,
6436301,4,2,5,1,1,5,,
6436693,6,2,4,1,1,1,,
6437013,118,24,2896,1,1,1,,
6440282,90,2,2661,1,1,,,
6442045,9,2,2897,1,1,3,,
6442186,3,2,71,1,1,7,,
6442899,7,2,58,1,1,3,,
6443292,3,48,2650,1,1,3,,
6444370,565,13,679,1,1,4,,
6445385,7,2,148,1,1,3,,
6445402,67,2,132,1,1,1,,
6447213,7,2,27,1,1,1,,
6448646,7,2,14,1,1,2,,
6449564,4,2,11,1,1,3,,
6450362,315,2,940,1,1,,,
6451216,294,17,801,1,1,2,,
6451824,7,2,27,1,1,1,,
6452386,3,14,10,1,1,,,
6452409,7,2,27,1,1,2,,
6453825,7,2,27,1,1,5,,
6455591,18,2,131,1,1,2,,
6458715,6,2,11,1,1,3,,
6459690,72,2,659,1,1,5,,
6459955,10,2,3,1,1,1,,
6460373,7,2,1702,1,1,2,,
6460595,38,2,2898,1,1,1,,
6461317,3,14,10,1,1,1,,
6461553,6,2,11,1,1,1,,
6461864,4,2,11,1,1,5,,
6462746,7,2,261,1,1,3,,
6464060,3,2,2899,1,1,2,,
6464080,7,2,770,1,1,3,,
6464539,7,2,27,1,1,3,,
6465593,566,2,5,1,1,1,,
6466404,30,2,106,1,1,3,,
6470127,9,2,148,1,1,1,,
6471406,18,2,1928,1,1,2,,
6472728,3,2,3,1,1,,,
6473637,169,2,2900,1,1,2,,
6480498,27,2,23,1,1,1,,
6482450,25,2,2839,1,1,1,,
6486571,9,2,176,1,1,5,,
6487082,44,2,2901,1,1,4,,
6494900,99,2,26,1,1,6,,
6496065,4,2,2777,1,1,2,,
6496262,49,2,38,1,1,1,,
6508981,7,2,97,1,1,1,,
6516614,105,2,230,1,1,5,,
6518533,38,2,1016,1,1,5,,
6522041,76,2,1301,1,1,1,,
6526855,66,2,136,1,1,1,,
6529017,7,2,2902,1,1,2,,
6529720,16,2,297,1,1,2,,
6536381,27,2,1773,1,1,3,,
6547149,3,2,10,1,1,5,,
6551174,45,2,819,1,1,2,,
6555654,4,2,43,1,1,3,,
6556800,6,2,43,1,1,1,,
6560564,39,2,429,1,1,2,,
6569061,115,2,272,1,1,6,,
6573912,45,2,348,1,1,3,,
6574648,41,2,744,1,1,1,,
6575301,67,2,223,1,1,2,,
6575553,567,19,2903,1,1,7,,
6575603,120,2,79,1,1,2,,
6575960,7,2,323,1,1,1,,
6577155,4,2,4,1,1,3,,
6582187,4,2,289,1,1,1,,
6583153,9,2,97,1,1,3,,
6585178,7,2,148,1,1,3,,
6587396,62,2,104,1,1,3,,
6587602,7,2,36,1,1,2,,
6588622,29,2,811,1,1,1,,
6590514,103,2,104,1,1,2,,
6592912,4,2,11,1,1,2,,
6593203,9,2,58,1,1,1,,
6596681,38,2,2904,1,1,,,
6596884,213,2,380,1,1,3,,
6597526,6,2,5,1,1,1,,
6598087,7,2,239,1,1,2,,
6598131,9,2,27,1,1,2,,
6598424,43,2,68,1,1,1,,
6599532,9,2,97,1,1,1,,
6600171,568,2,607,1,1,2,,
6600290,14,2,63,1,1,1,,
6600800,7,2,27,1,1,2,,
6600920,206,2,952,1,1,3,,
6603028,3,14,10,1,1,,,
6608042,9,2,97,1,1,1,,
6608050,90,2,1118,1,1,1,,
6611279,191,17,2905,1,1,2,,
6611939,206,2,469,1,1,7,,
6614031,7,2,148,1,1,2,,
6615577,80,2,201,1,1,,,
6615723,67,2,132,1,1,4,,
6616944,103,2,104,1,1,2,,
6618000,169,2,347,1,1,1,,
6622341,7,2,58,1,1,4,,
6622369,7,2,27,1,1,4,,
6622534,7,2,27,1,1,2,,
6622886,9,2,27,1,1,,,
6623050,39,2,144,1,1,2,,
6623506,38,2,2906,1,1,5,,
6624905,42,2,68,1,1,,,
6626130,3,2,10,1,1,2,,
6628798,7,2,27,1,1,2,,
6628871,7,2,1914,1,1,,,
6629833,9,2,97,1,1,1,,
6629943,40,2,272,1,1,1,,
6630513,9,2,97,1,1,3,,
6630554,62,2,104,1,1,,,
6630714,29,2,381,1,1,2,,
6631661,16,2,2699,1,1,3,,
6634109,569,2,2907,1,1,1,,
6635656,3,2,179,1,1,2,,
6636995,4,2,4,1,1,2,,
6638223,18,2,836,1,1,3,,
6638724,3,2,97,1,1,2,,
6640935,277,2,97,1,1,,,
6642867,3,2,607,1,1,2,,
6643819,72,2,287,1,1,3,,
6644543,26,2,288,1,1,1,,
6645688,9,2,27,1,1,4,,
6646428,9,2,58,1,1,2,,
6648075,2,2,15,1,1,1,,
6648815,7,2,198,1,1,,,
6648824,70,2,2550,1,1,,,
6649017,7,2,27,1,1,2,,
6650168,1,2,340,1,1,3,,
6650518,2,2,15,1,1,2,,
6651250,9,2,97,1,1,1,,
6652390,7,2,27,1,1,2,,
6652764,6,2,4,1,1,1,,
6654085,18,2,15,1,1,4,,
6654288,7,2,2908,1,1,4,,
6668888,14,2,292,1,1,2,,
6677739,7,2,453,1,1,1,,
6683229,90,2,438,1,1,7,,
6687194,2,2,15,1,1,5,,
6706504,9,2,344,1,1,3,,
6715264,90,2,287,1,1,3,,
6719734,135,2,1833,1,1,4,,
6724637,90,2,137,1,1,2,,
6732937,90,2,2909,1,1,7,,
6736818,7,2,970,1,1,2,,
6737425,72,2,287,1,1,2,,
6756178,39,2,556,1,1,7,,
6762949,90,2,186,1,1,2,,
6780652,3,2,2910,1,1,2,,
6782778,3,24,2911,1,1,,,
6790316,106,2,839,1,1,3,,
6791218,38,2,932,1,1,2,,
6793658,9,2,58,1,1,1,,
6794274,4,2,2912,1,1,3,,
6796686,4,2,1215,1,1,4,,
6799623,72,2,736,1,1,1,,
6801620,150,27,2913,1,1,4,,
6808876,4,2,4,1,1,2,,
6818806,2,2,15,1,1,1,,
6819511,140,2,2914,1,1,3,,
6820764,7,2,83,1,1,3,,
6824982,7,2,77,1,1,3,,
6827779,51,2,597,1,1,,,
6827920,4,2,1935,1,1,2,,
6829392,3,2,10,1,1,,,
6833158,3,2,10,1,1,1,,
6839710,70,2,183,1,1,2,,
6844514,45,2,542,1,1,3,,
6868090,26,2,297,1,1,1,,
6883742,570,12,2915,1,1,2,,
6888648,120,2,2916,1,1,2,,
6889603,32,2,1456,1,1,,,
6890039,39,2,1505,1,1,3,,
6891304,105,2,586,1,1,3,,
6898426,7,2,261,1,1,5,,
6922425,3,29,425,1,1,7,,
6925904,18,2,15,1,1,,,
6933015,27,2,2043,1,1,2,,
6976330,206,2,469,1,1,2,,
6978215,40,2,2917,1,1,2,,
6978821,124,2,300,1,1,4,,
6994834,3,2,2918,1,1,6,,
6999404,26,2,2919,1,1,4,,
7000318,7,2,464,1,1,2,,
7003079,184,2,469,1,1,3,,
7004380,4,2,4,1,1,4,,
7007487,45,2,539,1,1,2,,
7009523,315,2,940,1,1,2,,
7013823,32,2,45,1,1,3,,
7016388,129,2,1009,1,1,1,,
7019291,67,2,2920,1,1,2,,
7024115,213,2,380,1,1,2,,
7030702,18,2,2921,1,1,,,
7032083,70,2,708,1,1,2,,
7039349,9,2,680,1,1,3,,
7041911,3,2,10,1,1,,,
7042786,18,2,1992,1,1,5,,
7043194,18,2,433,1,1,4,,
7045247,76,2,455,1,1,1,,
7045554,9,2,260,1,1,3,,
7058052,4,2,11,1,1,2,,
7066262,315,2,537,1,1,3,,
7071441,7,2,157,1,1,1,,
7077271,4,2,359,1,1,1,,
7079588,126,2,300,1,1,5,,
7080743,232,2,174,1,1,,,
7083767,140,2,1060,1,1,2,,
7084807,9,2,58,1,1,1,,
7085547,14,2,1293,1,1,2,,
7093246,126,2,300,1,1,2,,
7099540,42,2,2922,1,1,5,,
7099708,4,2,359,1,1,,,
7109453,25,2,1387,1,1,,,
7121740,16,2,2923,1,1,1,,
7124511,3,2,10,1,1,,,
7131712,7,2,368,1,1,1,,
7137020,40,2,507,1,1,1,,
7156904,208,2,2924,1,1,2,,
7162381,72,2,186,1,1,3,,
7164053,18,2,2925,1,1,2,,
7164249,9,2,97,1,1,1,,
7168048,68,2,119,1,1,,,
7168697,3,2,10,1,1,1,,
7182018,3,2,10,1,1,,,
7188147,263,2,2549,1,1,1,,
7189652,263,2,417,1,1,1,,
7197240,571,2,912,1,1,4,,
7209158,3,2,10,1,1,2,,
7210019,3,2,10,1,1,,,
7210039,14,2,2926,1,1,3,,
7217382,6,2,114,1,1,2,,
7221143,170,2,2927,1,1,1,,
7237044,4,2,893,1,1,5,,
7241507,3,2,10,1,1,2,,
7244582,3,2,10,1,1,6,,
7249817,73,2,2151,1,1,2,,
7260866,26,2,2928,1,1,2,,
7270305,45,2,360,1,1,1,,
7274855,3,57,10,1,1,2,,
7312936,10,2,2929,1,1,1,,
7321278,16,2,2930,1,1,2,,
7322732,126,2,2398,1,1,5,,
7334651,3,5,472,1,1,4,,
7489162,3,5,2931,1,1,2,,
7539963,42,2,632,1,1,1,,
7572649,3,30,375,1,1,5,,
7575346,25,2,38,1,1,,,
7575795,7,2,464,1,1,2,,
7577057,9,2,97,1,1,2,,
7577544,7,2,129,1,1,1,,
7578010,2,2,15,1,1,5,,
7578446,16,2,2548,1,1,2,,
7578907,4,2,114,1,1,2,,
7579168,9,2,97,1,1,3,,
7579929,7,2,27,1,1,1,,
7581413,40,2,131,1,1,5,,
7581439,9,2,1964,1,1,1,,
7582039,18,2,1527,1,1,3,,
7582079,38,2,711,1,1,,,
7584148,4,2,4,1,1,1,,
7584433,9,2,145,1,1,1,,
7584447,124,2,1486,1,1,4,,
7584467,6,2,5,1,1,5,,
7584619,18,2,863,1,1,2,,
7585929,5,2,45,1,1,1,,
7586071,4,2,883,1,1,3,,
7586104,3,2,15,1,1,4,,
7587245,18,2,15,1,1,2,,
7587252,67,2,1408,1,1,4,,
7587278,7,2,58,1,1,2,,
7587370,83,2,2932,1,1,5,,
7587393,25,2,2933,1,1,1,,
7587729,7,2,27,1,1,4,,
7588197,7,2,27,1,1,,,
7589034,38,2,1191,1,1,1,,
7589561,3,2,4,1,1,,,
7592245,14,2,1550,1,1,2,,
7596343,9,2,14,1,1,1,,
7597285,50,2,79,1,1,,,
7597308,7,2,121,1,1,5,,
7598403,4,2,4,1,1,7,,
7599586,83,2,2932,1,1,2,,
7599998,7,2,148,1,1,5,,
7600286,3,14,10,1,1,2,,
7600398,68,2,2934,1,1,3,,
7600444,7,2,1368,1,1,3,,
7601115,90,2,1985,1,1,1,,
7602005,23,2,473,1,1,2,,
7602011,9,2,148,1,1,2,,
7603239,6,2,4,1,1,1,,
7603371,7,2,188,1,1,2,,
7610637,90,2,287,1,1,,,
7632582,67,2,1717,1,1,2,,
7683721,39,2,2935,1,1,3,,
7788232,90,2,422,1,1,1,,
7788794,10,2,3,1,1,5,,
7789547,18,2,15,1,1,1,,
7790400,51,2,230,1,1,2,,
7790573,72,2,580,1,1,3,,
7792665,9,2,12,1,1,,,
7794161,25,2,38,1,1,5,,
7795959,43,2,2936,1,1,1,,
7796505,9,2,344,1,1,1,,
7796570,4,2,4,1,1,2,,
7796655,3,2,10,1,1,1,,
7798698,22,6,982,1,1,1,,
7798818,7,2,1075,1,1,2,,
7799176,9,2,1590,1,1,3,,
7799654,9,2,31,1,1,5,,
7800262,72,2,287,1,1,1,,
7800928,191,17,170,1,1,2,,
7801046,7,2,2553,1,1,3,,
7801411,7,2,27,1,1,3,,
7802972,470,19,235,1,1,7,,
7803213,572,6,2189,1,1,1,,
7803233,7,2,1547,1,1,2,,
7803528,3,2,90,1,1,1,,
7803563,223,2,601,1,1,,,
7804394,62,2,227,1,1,3,,
7805032,7,2,77,1,1,4,,
7853868,53,13,2937,1,1,,,
7893064,547,13,2938,1,1,2,,
7926576,42,2,1234,1,1,2,,
7926885,14,14,94,1,1,5,,
7926890,7,2,27,1,1,2,,
7928799,472,2,97,1,1,1,,
7929171,395,2,583,1,1,2,,
7929479,7,2,77,1,1,,,
7929696,16,2,516,1,1,7,,
7929713,357,2,2939,1,1,,,
7929721,206,2,469,1,1,2,,
7929903,62,2,271,1,1,6,,
7931934,9,2,14,1,1,2,,
7932639,7,2,97,1,1,4,,
7932726,3,2,10,1,1,7,,
7933020,2,2,159,1,1,5,,
7933207,72,2,707,1,1,3,,
7933324,43,2,68,1,1,2,,
7934058,7,2,1350,1,1,3,,
7934671,9,2,129,1,1,2,,
7935210,148,2,354,1,1,2,,
7937048,7,2,37,1,1,1,,
7937286,4,2,114,1,1,3,,
7938295,7,2,172,1,1,4,,
7938588,67,2,2842,1,1,3,,
7939193,38,2,1393,1,1,3,,
7939802,20,6,17,1,1,,,
7940386,7,2,58,1,1,2,,
7940537,24,13,2940,1,1,,,
7941225,9,2,148,1,1,2,,
7941233,7,2,70,1,1,2,,
7941257,103,2,250,1,1,3,,
7941455,103,2,606,1,1,2,,
7943280,3,2,97,1,1,1,,
7943612,9,2,27,1,1,5,,
7944399,7,2,97,1,1,4,,
7944410,56,2,1227,1,1,3,,
7944692,9,2,995,1,1,,,
7944769,70,2,708,1,1,,,
7944952,105,2,230,1,1,1,,
7945562,4,2,448,1,1,2,,
7945686,3,10,576,1,1,5,,
7946447,4,2,1548,1,1,2,,
7947901,39,2,272,1,1,2,,
7948099,3,14,10,1,1,3,,
7952064,126,2,1645,1,1,1,,
7952659,7,2,58,1,1,4,,
7953678,7,2,58,1,1,2,,
7954392,9,2,2941,1,1,2,,
7955004,7,2,97,1,1,2,,
7955494,148,2,105,1,1,1,,
7956911,66,2,564,1,1,,,
7957610,31,2,49,1,1,1,,
7958141,4,2,5,1,1,3,,
7958613,32,2,71,1,1,,,
7959205,573,6,17,1,1,3,,
7959581,4,2,4,1,1,4,,
7959834,442,31,2535,1,1,2,,
7959985,9,2,148,1,1,2,,
7960715,45,2,49,1,1,1,,
7961580,117,2,2942,1,1,3,,
7961594,4,2,1258,1,1,3,,
7961728,124,2,1230,1,1,2,,
7962292,70,2,1736,1,1,1,,
7962296,7,2,27,1,1,1,,
7962426,39,2,2943,1,1,1,,
7962441,7,2,27,1,1,2,,
7962718,7,2,1418,1,1,,,
7962797,202,2,2482,1,1,1,,
7962985,4,2,11,1,1,2,,
7964412,54,2,906,1,1,2,,
7964914,10,2,1168,1,1,4,,
7965357,39,2,2491,1,1,,,
7965434,49,2,2419,1,1,1,,
7967584,103,2,104,1,1,,,
7968027,7,2,506,1,1,2,,
7969790,7,2,27,1,1,2,,
7970166,66,2,158,1,1,,,
7970989,125,2,238,1,1,4,,
7971677,39,2,59,1,1,2,,
7972763,574,13,679,1,1,2,,
7973087,6,2,528,1,1,3,,
7973806,103,2,104,1,1,1,,
7973813,7,2,172,1,1,3,,
7978015,2,2,15,1,1,4,,
7990291,16,2,128,1,1,1,,
7997901,7,2,2133,1,1,5,,
7998864,151,2,2944,1,1,1,,
8000365,45,2,360,1,1,2,,
8010930,6,2,5,1,1,,,
8015335,7,2,97,1,1,1,,
8031717,86,2,2945,1,1,2,,
8047188,38,2,514,1,1,3,,
8052981,7,2,957,1,1,3,,
8060959,5,2,2946,1,1,1,,
8064405,9,2,148,1,1,2,,
8074390,51,2,2947,1,1,4,,
8089540,83,2,141,1,1,4,,
8097909,18,2,627,1,1,1,,
8098422,38,2,1651,1,1,1,,
8099546,51,2,230,1,1,4,,
8101484,124,2,2398,1,1,2,,
8112658,70,2,183,1,1,,,
8122274,70,2,2948,1,1,3,,
8134064,40,2,2949,1,1,,,
8135750,2,2,15,1,1,3,,
8145866,220,15,2950,1,1,5,,
8149299,188,2,484,1,1,1,,
8154219,14,2,2951,1,1,,,
8172693,169,2,2095,1,1,1,,
8182062,18,2,2952,1,1,3,,
8207737,39,2,131,1,1,1,,
8208643,39,2,2953,1,1,2,,
8210641,172,2,2954,1,1,1,,
8212333,4,2,147,1,1,1,,
8217691,202,2,1028,1,1,2,,
8239496,23,2,182,1,1,7,,
8240436,215,2,1060,1,1,,,
8254251,83,2,1821,1,1,5,,
8260343,9,2,2955,1,1,4,,
8261108,5,2,623,1,1,3,,
8267042,215,2,2194,1,1,3,,
8268170,17,2,23,1,1,3,,
8269161,3,14,10,1,1,1,,
8274930,82,2,174,1,1,1,,
8279107,41,2,3,1,1,3,,
8281337,7,2,97,1,1,2,,
8286400,206,2,469,1,1,1,,
8291584,255,2,2956,1,1,3,,
8320669,90,2,1283,1,1,1,,
8357749,7,2,2957,1,1,2,,
8363553,315,2,604,1,1,3,,
8366018,9,2,2958,1,1,4,,
8375598,7,2,94,1,1,5,,
8379016,90,2,615,1,1,2,,
8381118,76,2,2347,1,1,3,,
8393456,73,2,107,1,1,,,
8394661,41,2,2959,1,1,1,,
8397157,42,2,1865,1,1,,,
8411438,54,2,107,1,1,3,,
8413551,38,2,1522,1,1,2,,
8421360,106,2,2376,1,1,5,,
8422243,5,2,1104,1,1,2,,
8426274,148,2,668,1,1,1,,
8437227,2,2,1962,1,1,3,,
8438166,7,2,457,1,1,,,
8439832,2,2,15,1,1,3,,
8442206,49,2,2960,1,1,,,
8447835,480,2,912,1,1,,,
8463119,51,2,597,1,1,5,,
8475150,99,2,26,1,1,5,,
8479403,45,2,2400,1,1,4,,
8479639,14,2,304,1,1,1,,
8498368,10,2,2961,1,1,2,,
8510372,43,2,120,1,1,4,,
8525342,43,2,68,1,1,2,,
8540825,10,2,1110,1,1,,,
8545620,575,2,238,1,1,3,,
8548779,90,2,2092,1,1,2,,
8577252,62,2,104,1,1,1,,
8583666,38,2,714,1,1,2,,
8588250,9,2,87,1,1,3,,
8601032,26,2,2268,1,1,1,,
8601404,126,2,2962,1,1,3,,
8616268,43,2,2963,1,1,2,,
8628486,125,2,428,1,1,2,,
8632001,5,2,71,1,1,6,,
8639647,32,2,71,1,1,2,,
8642628,29,2,594,1,1,2,,
8662007,49,2,2964,1,1,1,,
8698192,40,2,1514,1,1,3,,
8698610,42,2,902,1,1,5,,
8703927,105,2,81,1,1,1,,
8717595,27,2,1229,1,1,4,,
8722436,27,2,2965,1,1,3,,
8728090,66,2,93,1,1,2,,
8729621,263,2,417,1,1,2,,
8730544,4,2,448,1,1,2,,
8742066,30,2,1912,1,1,1,,
8742543,103,2,2966,1,1,2,,
8751016,18,2,2967,1,1,1,,
8766721,86,2,708,1,1,4,,
8778907,3,2,77,1,1,2,,
8783311,40,2,1232,1,1,,,
8795411,6,2,99,1,1,2,,
8795906,9,2,27,1,1,1,,
8804785,4,2,2788,1,1,2,,
8816493,41,2,2736,1,1,4,,
8821879,196,2,221,1,1,7,,
8825932,41,2,2047,1,1,,,
8838419,41,2,1110,1,1,3,,
8849197,186,2,486,1,1,1,,
8853802,10,2,232,1,1,1,,
8873026,39,2,733,1,1,2,,
8874819,27,2,224,1,1,1,,
8880350,25,2,2968,1,1,2,,
8885116,18,2,15,1,1,,,
8885157,576,10,2969,1,1,5,,
8893448,67,2,2970,1,1,4,,
8895347,315,2,931,1,1,3,,
8908096,10,2,156,1,1,4,,
8913985,43,2,383,1,1,1,,
8917706,23,2,84,1,1,4,,
8919656,26,2,22,1,1,2,,
8948083,9,2,2971,1,1,3,,
8951937,27,2,2972,1,1,,,
8960316,232,2,2973,1,1,3,,
8966794,90,2,2974,1,1,2,,
8977863,90,2,2975,1,1,1,,
9018632,27,2,224,1,1,1,,
9024780,7,2,2976,1,1,5,,
9035038,577,18,2977,1,1,3,,
9046316,309,2,2978,1,1,2,,
9056852,70,2,183,1,1,1,,
9060021,7,2,2979,1,1,2,,
9069775,9,2,1442,1,1,4,,
9119121,4,2,4,1,1,2,,
9133914,7,2,148,1,1,2,,
9136696,578,2,2980,1,1,,,
9144983,40,2,2652,1,1,2,,
9148556,579,10,2981,1,1,7,,
9158552,232,2,2982,1,1,2,,
9162229,39,2,374,1,1,2,,
9180986,16,2,340,1,1,1,,
9181396,45,2,75,1,1,2,,
9182321,224,21,567,1,1,5,,
9183565,45,2,1189,1,1,,,
9183828,45,2,360,1,1,2,,
9184151,6,2,11,1,1,7,,
9186366,141,7,218,1,1,2,,
9189272,2,2,2983,1,1,2,,
9190691,14,2,1016,1,1,1,,
9192818,54,2,88,1,1,1,,
9195529,4,2,99,1,1,3,,
9201234,4,2,4,1,1,2,,
9201883,23,2,473,1,1,2,,
9203219,126,2,1486,1,1,5,,
9203486,90,2,2984,1,1,,,
9203734,27,2,23,1,1,2,,
9204176,41,2,3,1,1,2,,
9204237,4,2,99,1,1,1,,
9204586,2,2,15,1,1,2,,
9205130,72,2,422,1,1,3,,
9207337,27,2,224,1,1,2,,
9207354,6,2,11,1,1,2,,
9207564,208,2,281,1,1,2,,
9209201,14,2,332,1,1,2,,
9211944,39,2,374,1,1,2,,
9213875,67,2,2729,1,1,,,
9213987,90,2,287,1,1,2,,
9214810,56,2,1959,1,1,3,,
9214987,31,2,1102,1,1,5,,
9215489,22,6,17,1,1,2,,
9216906,2,2,15,1,1,5,,
9217282,90,2,287,1,1,4,,
9217515,4,2,114,1,1,1,,
9217565,2,2,15,1,1,2,,
9219224,580,2,1975,1,1,,,
9219708,90,2,137,1,1,1,,
9219843,49,2,38,1,1,3,,
9220290,99,2,26,1,1,2,,
9220470,38,2,276,1,1,2,,
9223341,16,2,95,1,1,2,,
9224142,237,13,679,1,1,3,,
9224794,2,2,15,1,1,3,,
9225358,4,2,11,1,1,7,,
9228228,41,2,3,1,1,1,,
9228612,56,2,1959,1,1,1,,
9229026,22,6,17,1,1,2,,
9230160,7,2,148,1,1,3,,
9230518,90,2,2739,1,1,2,,
9232299,10,2,685,1,1,1,,
9232507,358,15,2985,1,1,4,,
9234138,3,14,10,1,1,3,,
9236263,262,15,758,1,1,1,,
9237399,59,12,878,1,1,3,,
9238130,3,2,10,1,1,4,,
9238167,90,2,287,1,1,1,,
9238292,72,2,422,1,1,4,,
9238762,581,2,5,1,1,2,,
9240735,45,2,44,1,1,2,,
9241727,167,2,417,1,1,7,,
9242014,4,2,448,1,1,2,,
9242944,16,2,985,1,1,4,,
9246095,135,2,162,1,1,3,,
9246433,38,2,1550,1,1,2,,
9249424,38,2,304,1,1,3,,
9251041,45,2,2986,1,1,5,,
9251256,125,2,347,1,1,5,,
9252081,346,33,734,1,1,3,,
9252935,18,2,15,1,1,1,,
9254907,41,2,1671,1,1,7,,
9257498,40,2,131,1,1,1,,
9257961,156,2,2987,1,1,2,,
9260100,17,2,221,1,1,4,,
9260399,4,2,2988,1,1,3,,
9260752,54,2,88,1,1,2,,
9261843,582,2,924,1,1,1,,
9263869,2,2,15,1,1,2,,
9264236,38,2,2445,1,1,2,,
9265022,45,2,773,1,1,2,,
9266888,5,2,71,1,1,2,,
9266905,2,2,15,1,1,4,,
9269648,76,2,455,1,1,,,
9271289,39,2,59,1,1,,,
9272534,43,2,68,1,1,6,,
9274453,23,2,175,1,1,3,,
9275800,151,2,367,1,1,,,
9279891,23,2,948,1,1,2,,
9280354,29,2,594,1,1,2,,
9280686,206,2,2989,1,1,6,,
9280999,167,2,2990,1,1,3,,
9283019,2,2,15,1,1,,,
9285384,6,2,5,1,1,1,,
9286450,72,2,955,1,1,7,,
9288762,10,2,3,1,1,5,,
9289595,16,2,120,1,1,3,,
9291107,2,2,15,1,1,7,,
9292905,43,2,746,1,1,,,
9293417,90,2,287,1,1,3,,
9294904,2,2,2303,1,1,2,,
9301827,113,22,2991,1,1,2,,
9303488,103,2,1365,1,1,1,,
9304109,55,15,916,1,1,1,,
9307751,18,2,15,1,1,4,,
9309648,41,2,3,1,1,3,,
9312786,485,2,672,1,1,3,,
9313238,120,2,1167,1,1,3,,
9313339,6,2,289,1,1,1,,
9313790,72,2,191,1,1,1,,
9316614,34,15,2992,1,1,4,,
9317334,25,2,119,1,1,5,,
9317562,103,2,104,1,1,2,,
9317806,90,2,137,1,1,2,,
9319142,41,2,3,1,1,2,,
9322150,31,2,44,1,1,1,,
9322987,4,2,11,1,1,1,,
9323159,90,2,422,1,1,2,,
9324633,99,2,26,1,1,2,,
9325135,99,2,26,1,1,2,,
9325390,39,2,429,1,1,4,,
9325840,49,2,366,1,1,5,,
9326435,4,2,4,1,1,1,,
9327257,55,15,48,1,1,3,,
9328779,52,2,1053,1,1,5,,
9328925,4,2,11,1,1,2,,
9329299,62,2,104,1,1,1,,
9329448,67,2,811,1,1,2,,
9331883,3,2,15,1,1,1,,
9332405,167,2,930,1,1,4,,
9333758,38,2,991,1,1,1,,
9334157,106,2,347,1,1,1,,
9334204,7,2,314,1,1,3,,
9335155,105,2,230,1,1,,,
9336927,68,2,119,1,1,1,,
9339049,583,6,17,1,1,4,,
9340686,18,2,413,1,1,2,,
9341266,56,2,93,1,1,2,,
9341571,45,2,44,1,1,2,,
9342255,4,2,4,1,1,2,,
9344169,6,2,4,1,1,4,,
9346523,125,2,238,1,1,4,,
9347852,263,2,545,1,1,1,,
9349917,9,2,285,1,1,1,,
9350447,45,2,944,1,1,1,,
9353551,3,14,10,1,1,5,,
9353773,23,2,2993,1,1,2,,
9354834,90,2,2994,1,1,2,,
9354878,2,2,15,1,1,1,,
9355645,52,2,175,1,1,4,,
9356698,9,2,198,1,1,4,,
9357069,99,2,26,1,1,1,,
9358294,2,2,15,1,1,5,,
9359127,52,2,267,1,1,3,,
9361151,167,2,892,1,1,1,,
9363216,18,2,15,1,1,3,,
9363538,25,2,1195,1,1,2,,
9367057,25,2,173,1,1,6,,
9368781,6,2,2946,1,1,2,,
9370513,42,2,2995,1,1,5,,
9371883,90,2,422,1,1,2,,
9372063,3,6,17,1,1,3,,
9372159,52,2,84,1,1,4,,
9376916,41,2,2047,1,1,1,,
9377043,9,2,27,1,1,1,,
9381059,29,2,1006,1,1,2,,
9382289,7,2,148,1,1,4,,
9382700,584,2,15,1,1,1,,
9384111,29,2,320,1,1,4,,
9385135,10,2,92,1,1,1,,
9389630,187,29,425,1,1,1,,
9391120,4,2,1382,1,1,5,,
9392485,68,2,119,1,1,6,,
9392615,55,15,637,1,1,6,,
9393466,76,2,2596,1,1,2,,
9395008,25,2,2026,1,1,3,,
9395787,169,2,887,1,1,5,,
9395979,4,2,2791,1,1,4,,
9396936,4,2,4,1,1,2,,
9398436,7,2,27,1,1,5,,
9398613,213,2,376,1,1,5,,
9400085,2,2,15,1,1,2,,
9400761,3,2,737,1,1,2,,
9401140,6,2,4,1,1,7,,
9404886,29,2,1385,1,1,6,,
9408755,4,2,5,1,1,4,,
9409731,39,2,2081,1,1,1,,
9412019,4,2,4,1,1,2,,
9414302,18,2,2996,1,1,3,,
9414559,19,2,26,1,1,2,,
9414987,5,2,45,1,1,4,,
9415632,42,2,2997,1,1,,,
9415689,39,2,507,1,1,4,,
9422009,539,2,137,1,1,3,,
9422017,16,2,22,1,1,5,,
9422268,18,2,932,1,1,1,,
9422557,30,2,2697,1,1,1,,
9425697,27,2,23,1,1,1,,
9426510,23,2,84,1,1,2,,
9428125,23,2,175,1,1,3,,
9428364,43,2,550,1,1,1,,
9428663,39,2,242,1,1,1,,
9429023,42,2,950,1,1,1,,
9429735,38,2,2998,1,1,1,,
9430082,41,2,3,1,1,2,,
9430135,105,2,597,1,1,4,,
9430451,14,2,292,1,1,1,,
9432446,3,2,15,1,1,,,
9432479,31,2,614,1,1,,,
9432616,54,2,1349,1,1,2,,
9432864,49,2,1152,1,1,1,,
9433443,117,2,2999,1,1,3,,
9434280,66,2,93,1,1,5,,
9434519,191,17,545,1,1,3,,
9435633,7,2,129,1,1,3,,
9436983,31,2,49,1,1,3,,
9437589,135,2,1936,1,1,4,,
9438134,17,2,224,1,1,,,
9439796,3,9,19,1,1,5,,
9440280,16,2,22,1,1,1,,
9443085,90,2,154,1,1,2,,
9443644,62,2,104,1,1,3,,
9444566,40,2,3000,1,1,2,,
9444989,126,2,300,1,1,1,,
9445512,23,2,415,1,1,,,
9445937,105,2,230,1,1,2,,
9446266,7,2,1547,1,1,2,,
9446798,151,2,367,1,1,2,,
9447811,16,2,297,1,1,,,
9448797,40,2,2953,1,1,2,,
9451655,62,2,695,1,1,2,,
9452485,3,14,10,1,1,1,,
9453230,26,2,604,1,1,5,,
9453499,90,2,186,1,1,4,,
9454809,4,2,11,1,1,3,,
9454833,90,2,438,1,1,2,,
9455425,19,2,26,1,1,6,,
9459104,90,2,3001,1,1,2,,
9459851,56,2,807,1,1,5,,
9463631,67,2,223,1,1,2,,
9467195,38,2,94,1,1,2,,
9470309,10,2,3,1,1,4,,
9472599,103,2,250,1,1,2,,
9473284,39,2,2269,1,1,5,,
9473521,3,14,10,1,1,4,,
9473776,31,2,1596,1,1,3,,
9473780,7,2,97,1,1,2,,
9476328,67,2,347,1,1,3,,
9476379,50,2,3002,1,1,2,,
9479383,2,2,15,1,1,2,,
9481810,41,2,1467,1,1,2,,
9486195,3,5,3003,1,1,1,,
9487758,16,2,1519,1,1,2,,
9488000,10,2,569,1,1,5,,
9488240,5,2,430,1,1,5,,
9488625,7,2,14,1,1,1,,
9489406,18,2,627,1,1,1,,
9490460,148,2,396,1,1,5,,
9495463,31,2,75,1,1,1,,
9495757,10,2,140,1,1,1,,
9496229,53,13,85,1,1,4,,
9496791,6,2,11,1,1,3,,
9499281,38,2,711,1,1,4,,
9500249,32,2,1186,1,1,2,,
9501445,39,2,3004,1,1,1,,
9501749,25,2,73,1,1,3,,
9501853,7,2,2003,1,1,4,,
9502095,206,2,512,1,1,3,,
9505319,40,2,429,1,1,1,,
9505562,7,2,27,1,1,2,,
9506368,29,2,3005,1,1,5,,
9525112,82,2,2762,1,1,,,
9533368,151,2,543,1,1,5,,
9549370,26,2,3006,1,1,5,,
9551765,83,2,2662,1,1,2,,
9552085,45,2,1102,1,1,6,,
9552824,50,2,265,1,1,1,,
9564729,83,2,3007,1,1,,,
9565856,18,2,3008,1,1,1,,
9569593,67,2,579,1,1,2,,
9588448,55,15,48,1,1,3,,
9596847,7,2,3009,1,1,7,,
9601283,55,15,682,1,1,1,,
9609539,10,2,136,1,1,3,,
9615932,7,2,27,1,1,2,,
9620181,172,2,272,1,1,5,,
9631155,90,2,580,1,1,,,
9634300,99,2,26,1,1,4,,
9641086,66,2,1018,1,1,1,,
9647178,41,2,3010,1,1,2,,
9651354,90,2,1157,1,1,,,
9661451,18,2,15,1,1,3,,
9662527,9,2,966,1,1,6,,
9665532,206,2,469,1,1,2,,
9667254,4,2,2788,1,1,2,,
9675921,23,2,504,1,1,5,,
9682879,51,2,1471,1,1,1,,
9689783,4,2,4,1,1,7,,
9700152,7,2,1080,1,1,1,,
9714055,23,2,84,1,1,7,,
9725360,72,2,3011,1,1,,,
9730586,17,2,23,1,1,5,,
9741300,7,2,97,1,1,,,
9759865,191,17,545,1,1,4,,
9788554,151,2,1028,1,1,1,,
9800758,10,2,2402,1,1,2,,
9813477,9,2,496,1,1,4,,
9823329,45,2,44,1,1,5,,
9826283,16,2,2344,1,1,6,,
9852679,2,2,15,1,1,5,,
9857280,103,2,104,1,1,4,,
9874658,18,2,2307,1,1,1,,
9882207,117,2,423,1,1,5,,
9891445,7,2,97,1,1,3,,
9895907,585,2,708,1,1,4,,
9900162,7,2,97,1,1,1,,
9901130,99,2,26,1,1,4,,
9926376,43,2,3012,1,1,3,,
9933752,97,2,1078,1,1,,,
9934934,90,2,186,1,1,4,,
9949014,103,2,104,1,1,1,,
9964946,232,2,1787,1,1,6,,
9965312,43,2,68,1,1,5,,
9999975,7,2,14,1,1,3,,
10001423,72,2,186,1,1,5,,
10001514,52,2,710,1,1,3,,
10006176,169,2,887,1,1,2,,
10008411,67,2,472,1,1,3,,
10008489,2,2,15,1,1,4,,
10008677,52,2,377,1,1,,,
10009594,90,2,186,1,1,4,,
10009632,18,2,15,1,1,3,,
10009808,50,2,136,1,1,1,,
10009944,10,2,3,1,1,3,,
10010758,27,2,112,1,1,5,,
10011193,25,2,38,1,1,1,,
10011408,148,2,3013,1,1,2,,
10012974,72,2,287,1,1,,,
10013095,38,2,2519,1,1,1,,
10013619,83,2,2478,1,1,2,,
10016224,103,2,104,1,1,5,,
10016505,76,2,329,1,1,3,,
10016839,10,2,3,1,1,,,
10017107,39,2,459,1,1,2,,
10017468,45,2,44,1,1,6,,
10017490,194,2,802,1,1,1,,
10018018,2,2,15,1,1,3,,
10018538,18,2,15,1,1,2,,
10019024,72,2,1443,1,1,3,,
10019753,6,2,2651,1,1,,,
10021178,41,2,1975,1,1,1,,
10021476,52,2,84,1,1,5,,
10021510,347,2,617,1,1,2,,
10023105,3,14,10,1,1,,,
10024629,18,2,15,1,1,2,,
10025334,99,2,26,1,1,2,,
10025523,30,2,295,1,1,6,,
10025737,20,6,17,1,1,2,,
10026037,18,2,15,1,1,1,,
10028072,67,2,594,1,1,3,,
10032721,103,2,104,1,1,4,,
10035586,40,2,876,1,1,3,,
10035810,43,2,68,1,1,7,,
10037458,3,5,472,1,1,6,,
10040097,99,2,26,1,1,1,,
10040835,223,2,601,1,1,,,
10041063,10,2,3,1,1,1,,
10043307,7,2,239,1,1,3,,
10043614,49,2,38,1,1,4,,
10043727,7,2,27,1,1,2,,
10047989,3,19,3014,1,1,7,,
10048388,31,2,773,1,1,2,,
10048739,17,2,1581,1,1,1,,
10048828,399,19,1699,1,1,4,,
10051064,120,2,26,1,1,4,,
10051115,38,2,3015,1,1,1,,
10052668,9,2,260,1,1,2,,
10052935,9,2,960,1,1,6,,
10054235,4,2,11,1,1,5,,
10055264,20,6,17,1,1,2,,
10055464,68,2,119,1,1,2,,
10056054,70,2,708,1,1,5,,
10057893,9,2,368,1,1,4,,
10060894,6,2,873,1,1,3,,
10062024,18,2,627,1,1,1,,
10062279,18,2,617,1,1,2,,
10062724,4,2,2756,1,1,3,,
10067558,2,2,563,1,1,1,,
10070656,117,2,3016,1,1,2,,
10071781,125,2,428,1,1,1,,
10072976,83,2,1543,1,1,2,,
10075796,45,2,75,1,1,1,,
10075825,124,2,732,1,1,2,,
10077526,38,2,3017,1,1,5,,
10077927,208,2,2594,1,1,2,,
10087198,2,2,15,1,1,1,,
10087902,23,2,237,1,1,5,,
10093812,52,2,1070,1,1,2,,
10093999,90,2,933,1,1,3,,
10094133,39,2,59,1,1,5,,
10094895,52,2,3018,1,1,1,,
10095893,22,6,17,1,1,2,,
10096205,348,2,1250,1,1,3,,
10099212,10,2,3,1,1,1,,
10102568,3,2,58,1,1,2,,
10103375,16,2,297,1,1,5,,
10104312,2,2,15,1,1,,,
10107087,5,2,1721,1,1,2,,
10108343,1,6,436,1,1,3,,
10108518,54,2,1955,1,1,1,,
10109554,103,2,276,1,1,1,,
10110776,6,2,11,1,1,5,,
10111603,3,2,15,1,1,1,,
10114126,9,2,849,1,1,5,,
10115449,90,2,2092,1,1,,,
10116802,49,2,807,1,1,2,,
10117514,66,2,3019,1,1,5,,
10117714,2,2,15,1,1,1,,
10118775,70,2,183,1,1,6,,
10121132,167,2,573,1,1,1,,
10123571,40,2,3020,1,1,1,,
10126275,4,2,4,1,1,1,,
10126963,25,2,286,1,1,5,,
10127369,39,2,1467,1,1,,,
10127906,43,2,68,1,1,3,,
10127950,56,2,136,1,1,1,,
10129073,160,2,421,1,1,3,,
10132185,7,2,1200,1,1,1,,
10133836,38,2,3021,1,1,2,,
10134055,18,2,1377,1,1,5,,
10135152,83,2,1557,1,1,7,,
10140364,7,2,27,1,1,1,,
10141417,3,2,15,1,1,,,
10143362,3,2,417,1,1,4,,
10145432,52,2,3022,1,1,3,,
10146632,2,2,15,1,1,4,,
10146704,586,21,3023,1,1,4,,
10146731,66,2,881,1,1,5,,
10148930,70,2,183,1,1,1,,
10149011,9,2,27,1,1,4,,
10149697,22,6,986,1,1,1,,
10150635,169,2,2282,1,1,5,,
10150946,186,2,486,1,1,,,
10151384,3,9,3024,1,1,6,,
10151555,6,2,4,1,1,4,,
10152544,26,2,3025,1,1,2,,
10152598,3,38,1091,1,1,2,,
10153344,25,2,3026,1,1,1,,
10153839,27,2,257,1,1,5,,
10156547,41,2,1272,1,1,2,,
10159385,3,2,15,1,1,,,
10161874,76,2,1936,1,1,5,,
10162898,25,2,187,1,1,1,,
10165687,125,2,69,1,1,2,,
10167790,17,2,224,1,1,,,
10168712,4,2,11,1,1,2,,
10169731,151,2,1638,1,1,1,,
10169887,587,26,856,1,1,5,,
10169899,90,2,154,1,1,2,,
10170827,2,2,627,1,1,3,,
10172550,67,2,1006,1,1,3,,
10173006,18,2,15,1,1,1,,
10173750,14,2,672,1,1,3,,
10173845,2,2,15,1,1,2,,
10173880,3,2,15,1,1,4,,
10175915,26,2,22,1,1,1,,
10176475,67,2,347,1,1,2,,
10178464,9,2,3027,1,1,5,,
10178707,588,19,3028,1,1,1,,
10182862,16,2,120,1,1,4,,
10183533,39,2,459,1,1,7,,
10187215,38,2,2208,1,1,1,,
10188483,83,2,217,1,1,5,,
10191345,589,2,1119,1,1,,,
10193028,3,6,17,1,1,2,,
10193891,539,2,2500,1,1,1,,
10195773,27,2,23,1,1,5,,
10196700,20,6,17,1,1,1,,
10196809,40,2,272,1,1,4,,
10197101,18,2,450,1,1,3,,
10199874,56,2,301,1,1,2,,
10200066,7,2,27,1,1,4,,
10201130,3,2,79,1,1,,,
10201381,2,2,3029,1,1,1,,
10202388,6,2,4,1,1,1,,
10203820,45,2,360,1,1,4,,
10205455,120,2,1508,1,1,3,,
10206331,2,2,15,1,1,4,,
10206981,2,2,15,1,1,1,,
10207751,2,2,15,1,1,4,,
10208087,22,6,3030,1,1,1,,
10208248,49,2,3031,1,1,1,,
10208762,26,2,22,1,1,,,
10209308,7,2,853,1,1,2,,
10210469,45,2,360,1,1,4,,
10211444,41,2,3,1,1,7,,
10213128,105,2,226,1,1,3,,
10215152,5,2,1231,1,1,2,,
10215930,49,2,64,1,1,3,,
10217361,43,2,68,1,1,3,,
10221259,23,2,2634,1,1,3,,
10222602,6,2,11,1,1,4,,
10224550,126,2,2398,1,1,2,,
10225354,17,2,119,1,1,1,,
10225381,206,2,952,1,1,1,,
10225696,39,2,144,1,1,2,,
10227928,73,2,1040,1,1,3,,
10234588,339,6,478,1,1,1,,
10234785,10,2,3,1,1,2,,
10235986,120,2,79,1,1,1,,
10236817,17,2,23,1,1,5,,
10236932,6,2,289,1,1,5,,
10237508,52,2,1053,1,1,2,,
10237650,6,2,5,1,1,,,
10241576,2,2,3032,1,1,,,
10243020,90,2,661,1,1,2,,
10243344,31,2,49,1,1,4,,
10245006,52,2,3033,1,1,1,,
10247020,43,2,383,1,1,2,,
10250054,103,2,217,1,1,2,,
10250583,18,2,15,1,1,4,,
10250840,4,2,873,1,1,6,,
10251910,72,2,2693,1,1,2,,
10253962,49,2,3034,1,1,2,,
10256755,9,2,842,1,1,5,,
10262473,41,2,3,1,1,5,,
10264196,401,2,573,1,1,2,,
10265385,10,2,3035,1,1,4,,
10265804,52,2,182,1,1,1,,
10266768,26,2,297,1,1,1,,
10266947,31,2,360,1,1,6,,
10267286,31,2,614,1,1,4,,
10267447,31,2,277,1,1,2,,
10267542,590,13,85,1,1,2,,
10267837,18,2,627,1,1,2,,
10269477,44,2,1998,1,1,2,,
10270811,2,2,15,1,1,2,,
10274378,3,2,15,1,1,1,,
10274543,41,2,685,1,1,5,,
10276896,215,2,342,1,1,1,,
10278948,9,2,97,1,1,1,,
10279209,40,2,144,1,1,5,,
10279322,16,2,297,1,1,2,,
10279761,139,12,1079,1,1,7,,
10280092,90,2,2975,1,1,1,,
10283516,2,2,15,1,1,1,,
10284134,4,2,99,1,1,2,,
10284360,148,2,354,1,1,4,,
10286832,10,2,685,1,1,2,,
10288375,99,2,26,1,1,2,,
10291774,6,2,2284,1,1,5,,
10292265,36,15,640,1,1,5,,
10294984,3,8,565,1,1,4,,
10296591,52,2,182,1,1,2,,
10297216,151,2,367,1,1,2,,
10297249,18,2,90,1,1,1,,
10297346,285,5,3036,1,1,5,,
10297362,43,2,1602,1,1,7,,
10297627,38,2,540,1,1,5,,
10298482,38,2,1211,1,1,3,,
10298952,3,2,15,1,1,1,,
10299491,4,2,1045,1,1,1,,
10300741,39,2,59,1,1,2,,
10301627,289,12,3037,1,1,4,,
10303214,135,2,329,1,1,,,
10305563,27,2,2319,1,1,3,,
10307034,7,2,97,1,1,2,,
10309372,43,2,383,1,1,3,,
10309578,169,2,3038,1,1,5,,
10309844,2,2,413,1,1,1,,
10309925,44,2,1701,1,1,1,,
10312695,179,15,533,1,1,1,,
10316175,40,2,429,1,1,5,,
10318892,72,2,933,1,1,5,,
10324456,23,2,1840,1,1,1,,
10324459,5,2,7,1,1,4,,
10329293,14,2,82,1,1,3,,
10329649,90,2,154,1,1,3,,
10330889,3,2,15,1,1,2,,
10331477,54,2,107,1,1,2,,
10332758,4,2,701,1,1,1,,
10333877,22,6,982,1,1,1,,
10334169,16,2,128,1,1,5,,
10334807,9,2,70,1,1,1,,
10337231,293,37,3039,1,1,2,,
10341654,16,2,22,1,1,6,,
10341733,272,2,940,1,1,3,,
10343298,7,2,27,1,1,3,,
10344785,22,6,17,1,1,1,,
10345035,6,2,4,1,1,5,,
10346400,9,2,198,1,1,1,,
10346547,4,2,11,1,1,5,,
10347221,105,2,586,1,1,,,
10347780,18,2,90,1,1,3,,
10348811,3,2,3040,1,1,1,,
10350210,18,2,15,1,1,1,,
10351887,22,6,166,1,1,5,,
10352410,16,2,1236,1,1,5,,
10353616,166,2,3041,1,1,5,,
10355175,339,6,478,1,1,1,,
10355208,6,2,3042,1,1,,,
10355580,106,2,347,1,1,1,,
10356220,4,2,114,1,1,4,,
10357210,72,2,1672,1,1,7,,
10358016,4,2,872,1,1,5,,
10358495,5,2,7,1,1,1,,
10360104,103,2,104,1,1,2,,
10360760,90,2,154,1,1,4,,
10361775,176,2,898,1,1,1,,
10362787,19,2,26,1,1,,,
10363126,40,2,3043,1,1,2,,
10363650,90,2,422,1,1,3,,
10364146,62,2,104,1,1,2,,
10365897,215,2,346,1,1,1,,
10366520,42,2,1234,1,1,6,,
10367223,187,29,425,1,1,5,,
10367327,9,2,3044,1,1,1,,
10367702,5,2,430,1,1,3,,
10367916,27,2,3045,1,1,3,,
10368171,106,2,1377,1,1,1,,
10369709,26,2,128,1,1,4,,
10371941,42,2,383,1,1,7,,
10372776,39,2,429,1,1,2,,
10373623,16,2,95,1,1,1,,
10375170,14,2,3046,1,1,5,,
10375774,128,10,3047,1,1,2,,
10376920,117,2,1607,1,1,2,,
10378739,213,2,380,1,1,,,
10378892,5,2,1104,1,1,7,,
10383919,90,2,3048,1,1,1,,
10384905,70,2,1736,1,1,1,,
10387357,10,2,404,1,1,5,,
10387626,39,2,807,1,1,7,,
10387646,64,2,106,1,1,1,,
10387822,18,2,15,1,1,4,,
10387848,56,2,3049,1,1,1,,
10388125,14,2,797,1,1,1,,
10388528,70,2,708,1,1,6,,
10389213,124,2,732,1,1,1,,
10389553,54,2,107,1,1,1,,
10393438,7,2,157,1,1,1,,
10395301,16,2,3050,1,1,3,,
10395596,67,2,298,1,1,2,,
10396016,27,2,257,1,1,5,,
10399839,9,2,83,1,1,5,,
10402744,14,2,304,1,1,2,,
10402752,7,2,770,1,1,3,,
10403924,105,2,1592,1,1,3,,
10405804,20,6,3051,1,1,3,,
10405985,4,2,5,1,1,1,,
10407841,591,9,3052,1,1,,,
10407976,3,6,17,1,1,1,,
10408350,305,6,1094,1,1,1,,
10408914,126,2,1486,1,1,5,,
10410330,3,2,15,1,1,,,
10410445,7,2,27,1,1,4,,
10411046,23,2,3053,1,1,,,
10416260,86,2,183,1,1,2,,
10416900,41,2,3,1,1,3,,
10416987,6,2,11,1,1,,,
10417521,96,2,3054,1,1,2,,
10417676,31,2,3055,1,1,5,,
10418607,24,13,35,1,1,5,,
10419224,68,2,740,1,1,,,
10420321,10,2,3,1,1,2,,
10420425,126,2,732,1,1,1,,
10420654,50,2,79,1,1,2,,
10423278,6,2,893,1,1,4,,
10423855,126,2,732,1,1,2,,
10424759,2,2,15,1,1,2,,
10425374,38,2,2338,1,1,,,
10427263,170,2,612,1,1,,,
10428103,56,2,301,1,1,5,,
10429986,45,2,49,1,1,1,,
10430760,67,2,223,1,1,3,,
10435503,72,2,1985,1,1,1,,
10436097,28,13,40,1,1,2,,
10439499,2,2,15,1,1,2,,
10442082,72,2,186,1,1,3,,
10443100,3,14,10,1,1,,,
10444953,40,2,59,1,1,2,,
10445135,40,2,3056,1,1,2,,
10445287,20,6,17,1,1,,,
10445796,86,2,183,1,1,,,
10447496,22,6,17,1,1,2,,
10448147,2,2,15,1,1,2,,
10448504,3,2,379,1,1,,,
10448873,52,2,182,1,1,,,
10448902,56,2,3057,1,1,1,,
10449630,63,2,1331,1,1,2,,
10451941,153,2,380,1,1,5,,
10453006,5,2,71,1,1,3,,
10453943,9,2,3058,1,1,,,
10454372,7,2,27,1,1,5,,
10454704,592,19,3059,1,1,7,,
10456707,16,2,983,1,1,,,
10462531,22,6,17,1,1,2,,
10463013,593,16,3060,1,1,5,,
10463859,16,2,762,1,1,4,,
10464447,72,2,736,1,1,2,,
10464972,26,2,22,1,1,2,,
10466334,3,2,15,1,1,1,,
10467131,6,2,11,1,1,,,
10469462,25,2,38,1,1,1,,
10469473,3,14,10,1,1,,,
10469647,3,6,3061,1,1,3,,
10469927,16,2,1083,1,1,1,,
10471330,10,2,3,1,1,1,,
10473376,594,15,3062,1,1,1,,
10475495,3,14,10,1,1,,,
10476214,3,34,3063,1,1,4,,
10476364,45,2,838,1,1,2,,
10482895,64,2,107,1,1,2,,
10485868,7,2,239,1,1,2,,
10485992,10,2,3,1,1,2,,
10489214,2,2,627,1,1,1,,
10489655,66,2,1965,1,1,5,,
10494033,99,2,26,1,1,1,,
10495119,4,2,4,1,1,2,,
10495405,44,2,466,1,1,,,
10496118,45,2,2457,1,1,1,,
10498033,103,2,276,1,1,,,
10498337,23,2,666,1,1,2,,
10498629,105,2,3064,1,1,1,,
10500730,14,2,3065,1,1,1,,
10503904,6,2,4,1,1,1,,
10504343,42,2,383,1,1,6,,
10504457,2,2,15,1,1,1,,
10506761,70,2,3066,1,1,2,,
10507274,3,6,17,1,1,1,,
10507318,14,2,20,1,1,7,,
10509944,42,2,151,1,1,2,,
10510386,31,2,75,1,1,5,,
10512316,124,2,1401,1,1,1,,
10513391,36,15,52,1,1,1,,
10514179,7,2,58,1,1,2,,
10514957,7,2,904,1,1,5,,
10515085,595,2,601,1,1,1,,
10515104,327,2,1138,1,1,2,,
10515109,7,2,508,1,1,1,,
10515345,237,13,679,1,1,5,,
10516193,18,2,15,1,1,2,,
10516296,64,2,2542,1,1,1,,
10516388,6,2,4,1,1,3,,
10517009,596,15,1407,1,1,5,,
10517709,286,10,3067,1,1,7,,
10518752,593,16,644,1,1,2,,
10519885,6,2,5,1,1,2,,
10520445,3,2,348,1,1,2,,
10520737,72,2,186,1,1,5,,
10523166,124,2,2398,1,1,2,,
10523181,72,2,422,1,1,5,,
10523214,105,2,230,1,1,2,,
10526382,86,2,737,1,1,3,,
10527247,4,2,289,1,1,1,,
10527806,23,2,34,1,1,7,,
10527838,72,2,186,1,1,1,,
10528162,7,2,27,1,1,,,
10530800,191,17,3068,1,1,1,,
10533123,29,2,3069,1,1,,,
10536316,17,2,119,1,1,4,,
10536403,70,2,183,1,1,,,
10538752,156,2,211,1,1,4,,
10538826,17,2,23,1,1,4,,
10540544,49,2,1081,1,1,1,,
10542523,52,2,837,1,1,1,,
10543593,16,2,695,1,1,1,,
10544694,7,2,27,1,1,2,,
10545600,40,2,131,1,1,3,,
10549350,39,2,919,1,1,,,
10554060,2,2,15,1,1,4,,
10558668,3,2,15,1,1,2,,
10559670,6,2,5,1,1,2,,
10559767,27,2,23,1,1,2,,
10560210,55,15,48,1,1,5,,
10561288,99,2,26,1,1,2,,
10564558,38,2,94,1,1,1,,
10566099,2,2,15,1,1,5,,
10568131,480,2,3070,1,1,1,,
10571530,43,2,68,1,1,4,,
10572843,103,2,3071,1,1,,,
10572924,148,2,354,1,1,4,,
10573548,76,2,2146,1,1,2,,
10573666,18,2,15,1,1,1,,
10577631,9,2,14,1,1,1,,
10579793,2,2,15,1,1,3,,
10579958,39,2,374,1,1,2,,
10580467,41,2,3,1,1,,,
10580738,4,2,872,1,1,1,,
10581613,126,2,300,1,1,1,,
10583513,23,2,762,1,1,5,,
10583666,70,2,708,1,1,1,,
10584789,67,2,439,1,1,1,,
10588449,2,2,15,1,1,5,,
10588586,7,2,83,1,1,2,,
10592585,9,2,285,1,1,4,,
10592686,67,2,594,1,1,3,,
10592830,2,2,90,1,1,7,,
10592886,7,2,58,1,1,4,,
10593599,67,2,118,1,1,2,,
10594479,2,2,15,1,1,2,,
10595640,3,14,10,1,1,2,,
10597379,4,2,4,1,1,3,,
10597889,25,2,38,1,1,4,,
10599040,109,5,9,1,1,2,,
10599076,18,2,15,1,1,3,,
10600376,106,2,64,1,1,1,,
10602071,72,2,422,1,1,3,,
10604033,9,2,77,1,1,4,,
10604245,14,2,672,1,1,3,,
10608262,3,6,17,1,1,2,,
10608496,7,2,157,1,1,,,
10608945,4,2,5,1,1,5,,
10609370,40,2,374,1,1,7,,
10611639,38,2,672,1,1,2,,
10611993,7,2,180,1,1,5,,
10612400,70,2,1736,1,1,2,,
10612451,38,2,2541,1,1,2,,
10612514,50,2,1167,1,1,2,,
10612888,162,5,3072,1,1,2,,
10616538,90,2,154,1,1,5,,
10617028,38,2,672,1,1,4,,
10617084,263,2,573,1,1,1,,
10618855,120,2,3073,1,1,5,,
10619345,90,2,933,1,1,5,,
10619365,2,2,3074,1,1,5,,
10619522,67,2,132,1,1,5,,
10619865,7,2,148,1,1,2,,
10620373,18,2,15,1,1,2,,
10622127,42,2,68,1,1,,,
10622205,2,2,377,1,1,3,,
10625595,2,2,15,1,1,2,,
10628617,39,2,131,1,1,1,,
10629072,34,15,48,1,1,3,,
10629989,45,2,49,1,1,2,,
10630755,7,2,27,1,1,4,,
10630764,4,2,830,1,1,2,,
10630787,49,2,38,1,1,2,,
10631558,9,2,3075,1,1,3,,
10631691,26,2,22,1,1,1,,
10631870,4,2,5,1,1,2,,
10632872,263,2,1731,1,1,3,,
10633731,18,2,1567,1,1,2,,
10634503,105,2,3076,1,1,1,,
10634512,18,2,15,1,1,1,,
10635824,4,2,5,1,1,1,,
10636269,16,2,3077,1,1,1,,
10638094,3,2,128,1,1,1,,
10638654,39,2,507,1,1,6,,
10638731,23,2,1660,1,1,1,,
10639070,18,2,15,1,1,1,,
10640787,16,2,128,1,1,2,,
10642638,2,2,15,1,1,2,,
10643678,597,9,19,1,1,5,,
10646311,90,2,707,1,1,1,,
10646709,2,2,15,1,1,4,,
10650147,40,2,876,1,1,7,,
10650177,52,2,84,1,1,2,,
10653459,4,2,4,1,1,7,,
10653469,7,2,27,1,1,4,,
10653666,39,2,1764,1,1,2,,
10653685,103,2,521,1,1,,,
10658604,7,2,1350,1,1,4,,
10658646,27,2,23,1,1,7,,
10659218,131,6,1033,1,1,2,,
10660750,9,2,58,1,1,4,,
10661018,6,2,5,1,1,2,,
10662222,103,2,330,1,1,2,,
10663129,83,2,217,1,1,1,,
10663630,63,2,3013,1,1,2,,
10665641,3,14,10,1,1,3,,
10670605,86,2,1463,1,1,,,
10673871,6,2,4,1,1,2,,
10674187,9,2,97,1,1,,,
10674518,7,2,27,1,1,3,,
10676753,7,2,14,1,1,2,,
10681428,126,2,1486,1,1,2,,
10681626,26,2,2344,1,1,1,,
10682123,151,2,367,1,1,2,,
10682189,9,2,261,1,1,1,,
10685133,103,2,1915,1,1,1,,
10685878,90,2,722,1,1,2,,
10686491,39,2,1566,1,1,,,
10688698,7,2,58,1,1,2,,
10688925,10,2,3,1,1,4,,
10689129,3,2,10,1,1,1,,
10691015,9,2,3078,1,1,1,,
10694264,208,2,423,1,1,2,,
10695663,4,2,4,1,1,,,
10696913,9,2,148,1,1,7,,
10697039,4,2,5,1,1,3,,
10698429,9,2,1368,1,1,,,
10698880,22,6,17,1,1,4,,
10699418,26,2,128,1,1,7,,
10699784,38,2,1211,1,1,3,,
10701943,32,2,71,1,1,2,,
10703110,5,2,71,1,1,2,,
10703182,2,2,15,1,1,2,,
10732145,4,2,1926,1,1,,,
10758382,51,2,81,1,1,1,,
10774599,18,2,15,1,1,3,,
10774626,45,2,944,1,1,1,,
10776366,151,2,238,1,1,3,,
10776370,106,2,887,1,1,2,,
10776442,151,2,527,1,1,1,,
10777665,2,2,15,1,1,2,,
10779476,2,2,90,1,1,5,,
10779758,3,2,15,1,1,3,,
10780565,10,2,3,1,1,1,,
10786800,26,2,128,1,1,,,
10788836,103,2,271,1,1,2,,
10789157,7,2,148,1,1,4,,
10794364,38,2,951,1,1,7,,
10795459,43,2,68,1,1,5,,
10795763,64,2,259,1,1,3,,
10797226,3,6,1494,1,1,,,
10797668,598,2,38,1,1,5,,
10798761,9,2,27,1,1,1,,
10798977,167,2,3079,1,1,1,,
10799650,9,2,506,1,1,5,,
10799820,5,2,45,1,1,1,,
10801655,49,2,38,1,1,7,,
10801746,70,2,275,1,1,4,,
10804206,148,2,1218,1,1,2,,
10813252,105,2,230,1,1,1,,
10816367,3,5,3080,1,1,7,,
10816619,49,2,38,1,1,2,,
10817835,45,2,773,1,1,5,,
10821931,66,2,388,1,1,1,,
10821963,4,2,528,1,1,1,,
10822209,51,2,597,1,1,2,,
10822567,63,2,354,1,1,,,
10825910,9,2,97,1,1,2,,
10826331,599,52,3081,1,1,2,,
10826403,54,2,827,1,1,3,,
10827112,44,2,69,1,1,1,,
10827488,3,2,10,1,1,2,,
10827700,14,2,3082,1,1,1,,
10827754,10,2,685,1,1,3,,
10831504,83,2,64,1,1,6,,
10831935,26,2,1519,1,1,3,,
10834213,45,2,100,1,1,2,,
10836222,72,2,287,1,1,5,,
10837749,51,2,230,1,1,1,,
10838707,7,2,97,1,1,2,,
10841162,143,2,806,1,1,,,
10841679,3,14,10,1,1,2,,
10842755,72,2,933,1,1,2,,
10843160,50,2,3083,1,1,1,,
10844000,6,2,4,1,1,2,,
10847180,3,6,17,1,1,5,,
10851139,30,2,295,1,1,4,,
10851613,3,2,15,1,1,2,,
10852386,18,2,627,1,1,2,,
10852401,32,2,1427,1,1,5,,
10852858,7,2,58,1,1,,,
10852993,41,2,3084,1,1,,,
10853319,38,2,426,1,1,2,,
10853673,4,2,99,1,1,1,,
10854663,4,2,11,1,1,,,
10854676,4,2,114,1,1,7,,
10854741,20,6,17,1,1,2,,
10855353,18,2,1468,1,1,7,,
10855369,51,2,231,1,1,4,,
10855640,4,2,11,1,1,2,,
10857149,34,15,3085,1,1,1,,
10860178,4,2,99,1,1,4,,
10860381,44,2,238,1,1,1,,
10860894,72,2,422,1,1,5,,
10860999,18,2,15,1,1,1,,
10862414,23,2,182,1,1,7,,
10862420,52,2,1824,1,1,1,,
10862632,72,2,186,1,1,1,,
10862921,17,2,23,1,1,5,,
10864447,38,2,292,1,1,7,,
10866295,167,2,573,1,1,,,
10871941,148,2,1331,1,1,1,,
10872551,4,2,11,1,1,2,,
10873816,39,2,60,1,1,5,,
10875172,49,2,73,1,1,2,,
10875478,90,2,186,1,1,3,,
10876146,2,2,627,1,1,1,,
10877113,40,2,1269,1,1,1,,
10877282,2,2,15,1,1,3,,
10877423,10,2,3,1,1,4,,
10877848,106,2,839,1,1,5,,
10878590,4,2,11,1,1,1,,
10882394,18,2,627,1,1,2,,
10882554,600,2,3086,1,1,1,,
10885123,99,2,26,1,1,2,,
10885509,17,2,257,1,1,1,,
10887016,2,2,15,1,1,3,,
10889208,178,17,445,1,1,2,,
10889358,27,2,3087,1,1,4,,
10890768,2,2,863,1,1,1,,
10890823,120,2,79,1,1,2,,
10891165,7,2,27,1,1,3,,
10891527,40,2,2025,1,1,1,,
10893210,52,2,84,1,1,3,,
10893993,2,2,15,1,1,2,,
10894643,10,2,1735,1,1,4,,
10894709,2,2,15,1,1,4,,
10897264,22,6,17,1,1,5,,
10898312,51,2,1290,1,1,,,
10900001,206,2,469,1,1,1,,
10903272,3,6,10,1,1,1,,
10904622,52,2,84,1,1,,,
10906316,120,2,1508,1,1,2,,
10908672,49,2,38,1,1,1,,
10908865,72,2,309,1,1,,,
10910965,4,2,883,1,1,4,,
10917711,25,2,1152,1,1,7,,
10917983,18,2,2135,1,1,1,,
10919243,22,6,17,1,1,2,,
10920863,4,2,5,1,1,3,,
10923928,31,2,944,1,1,2,,
10927131,4,2,5,1,1,2,,
10929981,213,2,3088,1,1,3,,
10931357,10,2,3,1,1,2,,
10937898,16,2,297,1,1,2,,
10938208,114,23,3089,1,1,2,,
10940355,31,2,3090,1,1,5,,
10940444,25,2,73,1,1,2,,
10945787,16,2,128,1,1,1,,
10949908,22,6,17,1,1,1,,
10950386,22,6,17,1,1,1,,
10950732,38,2,549,1,1,3,,
10950962,3,6,17,1,1,7,,
10957929,601,53,3091,1,1,1,,
10958324,37,2,1596,1,1,4,,
10959043,90,2,287,1,1,1,,
10960846,103,2,104,1,1,,,
10964358,3,33,734,1,1,3,,
10964862,16,2,1242,1,1,1,,
10966839,22,6,17,1,1,1,,
10970058,29,2,594,1,1,2,,
10971222,5,2,71,1,1,2,,
10974065,54,2,432,1,1,2,,
10978173,52,2,2223,1,1,3,,
10980260,45,2,944,1,1,2,,
10981144,31,2,838,1,1,3,,
10985993,38,2,1136,1,1,1,,
10987088,18,2,15,1,1,2,,
10987562,25,2,38,1,1,,,
10987865,39,2,2736,1,1,2,,
10988174,210,2,15,1,1,3,,
10989141,25,2,956,1,1,3,,
10995060,17,2,3092,1,1,2,,
10996500,52,2,977,1,1,1,,
10997245,44,2,3093,1,1,1,,
11000892,16,2,22,1,1,,,
11001218,41,2,3,1,1,5,,
11002780,2,2,627,1,1,,,
11005017,18,2,15,1,1,3,,
11005191,169,2,839,1,1,2,,
11006242,602,2,347,1,1,,,
11008036,36,15,52,1,1,2,,
11008179,3,2,15,1,1,1,,
11008286,183,2,354,1,1,4,,
11008478,2,2,15,1,1,2,,
11009583,99,2,26,1,1,,,
11009726,4,2,5,1,1,2,,
11010301,7,2,27,1,1,4,,
11010767,14,2,1293,1,1,2,,
11013815,38,2,3094,1,1,5,,
11014995,7,2,786,1,1,1,,
11016612,2,2,15,1,1,2,,
11016997,253,33,1327,1,1,4,,
11018784,90,2,287,1,1,3,,
11022681,38,2,1778,1,1,5,,
11022780,18,2,627,1,1,3,,
11027396,38,2,1365,1,1,2,,
11030712,2,2,15,1,1,3,,
11031022,187,29,425,1,1,5,,
11031659,90,2,661,1,1,2,,
11033020,7,2,31,1,1,1,,
11033790,31,2,348,1,1,2,,
11035433,14,2,2338,1,1,3,,
11040553,25,2,38,1,1,1,,
11043585,36,15,52,1,1,3,,
11044219,2,2,15,1,1,1,,
11044738,2,2,15,1,1,1,,
11046103,7,2,464,1,1,3,,
11046264,474,2,1697,1,1,3,,
11047577,2,2,15,1,1,1,,
11048808,70,2,275,1,1,6,,
11050198,67,2,118,1,1,4,,
11058494,9,2,77,1,1,2,,
11060696,6,2,4,1,1,2,,
11061032,27,2,224,1,1,2,,
11061848,38,2,1673,1,1,1,,
11061951,86,2,2550,1,1,1,,
11062133,45,14,75,1,1,1,,
11062162,2,2,15,1,1,4,,
11062886,29,2,2437,1,1,1,,
11063092,2,2,15,1,1,1,,
11064723,7,2,58,1,1,1,,
11064780,2,2,15,1,1,2,,
11065040,2,2,15,1,1,,,
11065656,6,2,841,1,1,,,
11071490,2,2,15,1,1,1,,
11072571,18,2,67,1,1,1,,
11074869,49,2,73,1,1,2,,
11075807,2,2,15,1,1,5,,
11076214,170,2,612,1,1,1,,
11076247,3,21,450,1,1,1,,
11076962,25,2,38,1,1,5,,
11079792,3,8,565,1,1,6,,
11080031,23,2,568,1,1,1,,
11080278,14,2,94,1,1,1,,
11080374,18,2,832,1,1,2,,
11083884,45,2,100,1,1,2,,
11084085,59,12,65,1,1,1,,
11084724,62,2,104,1,1,1,,
11090822,42,2,68,1,1,1,,
11091426,5,2,71,1,1,7,,
11095483,31,2,44,1,1,5,,
11096363,603,2,721,1,1,1,,
11096645,23,2,84,1,1,1,,
11097035,90,2,191,1,1,2,,
11099242,542,21,1076,1,1,5,,
11102714,9,2,180,1,1,1,,
11106689,2,2,413,1,1,,,
11107995,22,6,17,1,1,1,,
11108263,18,2,15,1,1,2,,
11108838,604,2,3095,1,1,,,
11109003,5,2,45,1,1,1,,
11110209,7,2,462,1,1,2,,
11112095,605,2,360,1,1,6,,
11112604,9,2,3096,1,1,4,,
11113762,49,2,753,1,1,2,,
11115121,52,2,377,1,1,1,,
11115535,2,2,67,1,1,2,,
11118257,18,2,67,1,1,2,,
11118774,22,6,17,1,1,,,
11120510,2,2,15,1,1,4,,
11121154,3,2,15,1,1,2,,
11123095,49,2,38,1,1,2,,
11129259,52,2,3097,1,1,3,,
11130292,131,6,1033,1,1,2,,
11131921,2,2,15,1,1,5,,
11133123,38,2,426,1,1,5,,
11134147,3,6,17,1,1,1,,
11135982,199,5,206,1,1,7,,
11136682,73,2,3098,1,1,5,,
11137552,14,2,549,1,1,2,,
11137683,52,2,3099,1,1,2,,
11139291,210,2,1599,1,1,2,,
11141118,66,2,96,1,1,2,,
11145741,67,2,132,1,1,2,,
11150218,2,2,15,1,1,3,,
11150948,14,2,357,1,1,2,,
11153452,18,2,1984,1,1,2,,
11153805,20,6,3100,1,1,6,,
11158088,19,2,26,1,1,5,,
11158118,43,2,68,1,1,5,,
11159822,3,2,15,1,1,2,,
11159993,7,2,97,1,1,2,,
11166018,3,2,15,1,1,1,,
11168497,4,14,5,1,1,1,,
11169077,31,2,348,1,1,1,,
11170704,27,2,224,1,1,2,,
11170816,10,2,686,1,1,3,,
11173457,45,2,614,1,1,4,,
11174522,76,2,155,1,1,7,,
11174620,606,2,99,1,1,7,,
11175823,19,2,26,1,1,7,,
11178018,45,2,838,1,1,3,,
11180281,18,2,965,1,1,1,,
11181770,18,2,15,1,1,,,
11187415,38,2,292,1,1,2,,
11189309,54,2,1507,1,1,1,,
11191877,38,2,2432,1,1,1,,
11193064,532,14,15,1,1,,,
11193112,7,2,27,1,1,4,,
11193721,4,2,4,1,1,1,,
11196102,45,2,44,1,1,5,,
11198806,16,2,1430,1,1,3,,
11199248,143,2,1094,1,1,2,,
11204268,62,2,528,1,1,1,,
11204351,41,2,411,1,1,3,,
11205780,49,2,1081,1,1,3,,
11208030,23,2,571,1,1,1,,
11209565,25,2,1567,1,1,2,,
11212367,45,2,2457,1,1,4,,
11213855,51,2,231,1,1,5,,
11217443,3,6,1703,1,1,1,,
11220088,72,2,154,1,1,3,,
11227630,49,2,173,1,1,7,,
11228463,14,2,3101,1,1,,,
11229705,14,2,1598,1,1,5,,
11230660,9,2,27,1,1,2,,
11232689,150,27,3102,1,1,2,,
11233523,18,2,222,1,1,3,,
11233997,607,6,272,1,1,,,
11238451,72,2,287,1,1,,,
11241935,10,2,3,1,1,1,,
11243322,90,2,1924,1,1,5,,
11243687,38,2,426,1,1,3,,
11246635,49,2,38,1,1,2,,
11250876,49,2,187,1,1,2,,
11251474,41,2,3103,1,1,3,,
11257062,90,2,3104,1,1,2,,
11257500,7,2,12,1,1,6,,
11257573,52,2,3105,1,1,2,,
11259248,2,2,15,1,1,,,
11260291,18,2,627,1,1,2,,
11260586,51,2,3076,1,1,1,,
11264985,18,2,15,1,1,3,,
11266049,20,6,17,1,1,6,,
11266342,64,2,141,1,1,7,,
11267443,203,2,773,1,1,1,,
11268368,30,2,664,1,1,2,,
11268466,166,2,839,1,1,2,,
11269080,52,2,584,1,1,,,
11269286,18,2,15,1,1,2,,
11273203,3,3,120,1,1,7,,
11275244,18,2,15,1,1,3,,
11276495,25,2,3106,1,1,,,
11276702,67,2,1204,1,1,1,,
11278121,14,2,600,1,1,2,,
11279458,608,6,806,1,1,1,,
11282314,143,2,3107,1,1,5,,
11290283,45,2,614,1,1,2,,
11294318,2,2,15,1,1,2,,
11297449,2,2,15,1,1,3,,
11297555,261,2,3108,1,1,3,,
11302698,38,2,714,1,1,5,,
11307040,17,2,23,1,1,2,,
11308812,27,2,224,1,1,6,,
11309571,105,2,586,1,1,2,,
11312272,72,2,186,1,1,3,,
11313740,43,2,68,1,1,1,,
11314359,45,2,614,1,1,1,,
11317039,42,2,68,1,1,1,,
11317510,84,2,26,1,1,,,
11320190,609,2,3109,1,1,4,,
11320358,120,2,79,1,1,,,
11325362,34,15,637,1,1,2,,
11326986,126,2,765,1,1,5,,
11330413,3,14,10,1,1,,,
11331252,31,2,545,1,1,1,,
11333215,105,2,230,1,1,4,,
11334156,72,2,661,1,1,5,,
11334281,179,15,412,1,1,4,,
11334745,41,2,2231,1,1,2,,
11335633,39,2,507,1,1,5,,
11337016,18,2,15,1,1,3,,
11337201,67,2,3110,1,1,4,,
11338267,4,2,114,1,1,5,,
11340747,86,2,3111,1,1,1,,
11348603,31,2,1001,1,1,,,
11352933,43,2,68,1,1,2,,
11352981,67,2,347,1,1,4,,
11353843,14,2,672,1,1,1,,
11354758,29,2,298,1,1,5,,
11355601,9,2,198,1,1,3,,
11356675,16,2,3112,1,1,2,,
11357247,27,2,224,1,1,2,,
11361546,2,2,15,1,1,1,,
11362215,40,2,919,1,1,1,,
11363630,67,2,223,1,1,3,,
11364659,10,2,3,1,1,1,,
11364936,9,2,14,1,1,5,,
11366390,45,2,348,1,1,2,,
11368736,45,2,75,1,1,3,,
11369433,610,16,3113,1,1,7,,
11369684,2,2,15,1,1,5,,
11378892,2,2,15,1,1,1,,
11381036,98,2,217,1,1,2,,
11391725,16,2,243,1,1,1,,
11392612,103,2,104,1,1,,,
11400117,23,2,175,1,1,1,,
11401148,9,2,148,1,1,1,,
11401699,39,2,3114,1,1,2,,
11402317,23,2,34,1,1,5,,
11402346,208,2,3115,1,1,3,,
11408919,56,2,3116,1,1,1,,
11408925,17,2,1238,1,1,7,,
11416779,45,2,2986,1,1,,,
11417958,41,2,140,1,1,2,,
11418434,66,2,1712,1,1,7,,
11418511,17,2,1238,1,1,7,,
11418953,4,2,3117,1,1,1,,
11419009,90,2,422,1,1,1,,
11419745,213,2,380,1,1,,,
11420022,10,2,3,1,1,5,,
11420962,594,15,3118,1,1,7,,
11427160,41,2,251,1,1,4,,
11427309,72,2,2177,1,1,,,
11430130,184,2,656,1,1,2,,
11430850,41,2,405,1,1,7,,
11433680,31,2,360,1,1,1,,
11435844,72,2,186,1,1,,,
11444024,144,2,3119,1,1,1,,
11444741,83,2,217,1,1,5,,
11446603,6,2,5,1,1,3,,
11447285,166,2,839,1,1,6,,
11449977,23,2,762,1,1,2,,
11454058,51,2,230,1,1,4,,
11454994,3,2,3120,1,1,1,,
11455183,115,2,272,1,1,7,,
11457596,9,2,1075,1,1,5,,
11462259,14,2,357,1,1,2,,
11463828,2,2,3121,1,1,2,,
11463985,611,12,3122,1,1,2,,
11467712,18,2,413,1,1,4,,
11468737,120,2,79,1,1,1,,
11469759,115,2,1404,1,1,2,,
11471407,31,2,1768,1,1,5,,
11473142,17,2,3123,1,1,2,,
11474958,45,2,1596,1,1,5,,
11477684,23,2,84,1,1,1,,
11477851,27,2,1229,1,1,4,,
11483966,38,2,304,1,1,1,,
11486116,109,5,9,1,1,7,,
11490204,72,2,1039,1,1,5,,
11494547,22,6,673,1,1,2,,
11494597,22,6,17,1,1,2,,
11498706,125,2,238,1,1,5,,
11500365,103,2,104,1,1,2,,
11501953,358,15,2985,1,1,2,,
11503646,99,2,26,1,1,1,,
11505030,16,2,3124,1,1,3,,
11506594,6,2,5,1,1,5,,
11506900,4,2,3125,1,1,4,,
11510012,51,2,81,1,1,2,,
11511462,18,2,15,1,1,5,,
11511502,43,2,68,1,1,2,,
11516753,66,2,1021,1,1,5,,
11518312,18,2,15,1,1,2,,
11528688,18,2,15,1,1,2,,
11529534,10,2,232,1,1,1,,
11530041,28,13,40,1,1,2,,
11535237,18,2,627,1,1,2,,
11537915,169,2,887,1,1,1,,
11539657,67,2,1284,1,1,,,
11540172,23,2,584,1,1,1,,
11542591,38,2,24,1,1,7,,
11543141,4,2,11,1,1,3,,
11543407,612,2,3126,1,1,2,,
11543481,2,2,15,1,1,2,,
11550272,3,2,15,1,1,1,,
11551557,90,2,2739,1,1,,,
11551821,22,6,17,1,1,1,,
11552333,43,2,3127,1,1,3,,
11552592,7,2,129,1,1,3,,
11553420,18,2,67,1,1,5,,
11554148,16,2,128,1,1,1,,
11554229,90,2,154,1,1,1,,
11554520,3,14,10,1,1,,,
11555124,38,2,2445,1,1,3,,
11555433,183,2,354,1,1,3,,
11555586,2,2,627,1,1,1,,
11557245,4,2,114,1,1,3,,
11557250,23,2,84,1,1,1,,
11561915,18,2,15,1,1,2,,
11564116,39,2,59,1,1,2,,
11564573,7,2,770,1,1,3,,
11565578,4,2,3128,1,1,3,,
11571601,43,2,3129,1,1,5,,
11676886,99,2,26,1,1,,,
11678678,99,2,26,1,1,2,,
11679353,49,2,38,1,1,3,,
11682570,10,2,326,1,1,2,,
11682674,43,2,383,1,1,2,,
11683180,18,2,617,1,1,,,
11683433,38,2,20,1,1,7,,
11683846,90,2,137,1,1,3,,
11684118,16,2,22,1,1,2,,
11685050,18,2,3008,1,1,2,,
11688760,4,2,11,1,1,5,,
11690772,18,2,2831,1,1,2,,
11692984,38,2,514,1,1,4,,
11694859,23,2,584,1,1,2,,
11695207,115,2,430,1,1,5,,
11695727,27,2,23,1,1,7,,
11699758,7,2,58,1,1,1,,
11700280,281,6,3130,1,1,1,,
11700629,4,2,4,1,1,2,,
11704221,4,2,4,1,1,,,
11704543,3,2,583,1,1,1,,
11704822,66,2,96,1,1,2,,
11705937,3,2,15,1,1,,,
11708656,43,2,68,1,1,,,
11709296,22,6,17,1,1,2,,
11713778,23,2,2465,1,1,2,,
11713929,42,2,68,1,1,5,,
11714437,45,2,360,1,1,1,,
11716822,2,2,15,1,1,1,,
11724679,18,2,627,1,1,,,
11734407,2,2,15,1,1,,,
11736296,49,2,38,1,1,4,,
11737049,27,2,224,1,1,2,,
11737521,66,2,807,1,1,,,
11744621,7,2,2119,1,1,3,,
11750382,99,2,3131,1,1,1,,
11750875,38,2,115,1,1,2,,
11752085,45,2,348,1,1,6,,
11754526,27,2,224,1,1,5,,
11754751,4,2,5,1,1,7,,
11756277,29,2,3132,1,1,,,
11757079,45,2,2400,1,1,2,,
11760648,10,2,3133,1,1,4,,
11760932,45,2,614,1,1,2,,
11764480,27,2,257,1,1,2,,
11769061,18,2,703,1,1,1,,
11770844,49,2,3134,1,1,3,,
11771877,30,2,3135,1,1,2,,
11772061,3,2,15,1,1,1,,
11777418,76,2,329,1,1,5,,
11777511,49,2,221,1,1,7,,
11779403,18,2,15,1,1,3,,
11784644,18,2,15,1,1,3,,
11785039,10,2,3,1,1,,,
11785783,66,2,136,1,1,2,,
11787695,45,2,3136,1,1,1,,
11787701,67,2,223,1,1,1,,
11787788,70,2,708,1,1,7,,
11787819,2,2,1402,1,1,1,,
11791278,10,2,3,1,1,5,,
11792931,49,2,1474,1,1,1,,
11794042,7,2,27,1,1,2,,
11794227,49,2,173,1,1,1,,
11796149,2,2,15,1,1,3,,
11797980,2,2,15,1,1,1,,
11804756,2,2,15,1,1,,,
11805291,108,5,1354,1,1,6,,
11805546,16,2,671,1,1,2,,
11808228,358,15,758,1,1,1,,
11809425,206,2,469,1,1,1,,
11810741,3,2,15,1,1,,,
11813143,308,34,671,1,1,7,,
11813677,10,2,3,1,1,1,,
11815285,14,2,1318,1,1,2,,
11816264,103,2,104,1,1,,,
11816572,67,2,226,1,1,,,
11818084,4,2,11,1,1,7,,
11818978,90,2,186,1,1,3,,
11819083,3,2,15,1,1,,,
11820252,10,2,685,1,1,2,,
11824033,125,2,232,1,1,3,,
11824457,613,2,832,1,1,1,,
11825661,3,2,15,1,1,2,,
11827982,18,2,15,1,1,7,,
11828351,2,2,15,1,1,2,,
11829529,27,2,868,1,1,2,,
11830178,103,2,1516,1,1,4,,
11831747,10,2,326,1,1,4,,
11835651,23,2,401,1,1,2,,
11838199,90,2,137,1,1,1,,
11841554,7,2,172,1,1,2,,
11843767,4,2,11,1,1,1,,
11845263,90,2,2061,1,1,2,,
11854633,10,2,3,1,1,3,,
11854657,27,2,23,1,1,5,,
11856266,18,2,67,1,1,,,
11860387,14,2,3137,1,1,,,
11861601,3,2,15,1,1,2,,
11864713,67,2,3138,1,1,1,,
11869260,7,2,27,1,1,3,,
11869640,50,2,2800,1,1,2,,
11872253,18,2,1834,1,1,5,,
11876655,7,2,239,1,1,1,,
12096461,9,2,168,1,1,,,
12178876,7,2,1080,1,1,2,,
12178909,9,2,27,1,1,2,,
12180273,7,2,58,1,1,1,,
12577804,614,49,3139,1,1,2,,
12580161,27,2,3140,1,1,1,,
12580368,7,2,27,1,1,,,
12583195,38,2,3141,1,1,5,,
12585411,22,6,17,1,1,1,,
12585742,103,2,104,1,1,2,,
12590908,3,2,607,1,1,1,,
12595126,22,6,17,1,1,1,,
12595581,59,12,1079,1,1,5,,
12596773,3,4,3142,1,1,3,,
12598944,51,2,230,1,1,4,,
12599925,615,2,36,1,1,4,,
12605993,10,2,685,1,1,7,,
12606850,169,2,887,1,1,7,,
12609591,18,2,15,1,1,2,,
12609607,99,2,26,1,1,1,,
12613218,18,2,15,1,1,2,,
12617617,3,2,15,1,1,2,,
12618960,340,3,3143,1,1,1,,
12620272,4,2,4,1,1,,,
12622667,16,2,1365,1,1,3,,
12624728,52,2,84,1,1,,,
12624871,4,2,4,1,1,,,
12627115,51,2,373,1,1,1,,
12627190,67,2,223,1,1,1,,
12629847,70,2,708,1,1,3,,
12631273,49,2,38,1,1,2,,
12631336,18,2,15,1,1,7,,
12639550,23,2,2997,1,1,1,,
12644759,616,32,3144,1,1,5,,
12649451,18,2,15,1,1,1,,
12651721,10,2,135,1,1,5,,
12651831,7,2,1200,1,1,3,,
12658339,617,10,50,1,1,6,,
12669435,10,2,3,1,1,6,,
12670967,4,2,44,1,1,2,,
12672350,115,2,3145,1,1,1,,
12672576,67,2,811,1,1,4,,
12699415,7,2,239,1,1,5,,
12870079,7,2,58,1,1,2,,
12892804,9,2,97,1,1,,,
12893069,7,2,27,1,1,3,,
12894901,9,2,97,1,1,1,,
12895041,103,2,104,1,1,2,,
12899171,618,2,3146,1,1,1,,
12899396,7,2,70,1,1,4,,
12900033,10,2,2760,1,1,3,,
12903073,7,2,97,1,1,,,
12903828,3,2,2655,1,1,1,,
12904405,32,2,71,1,1,,,
12906613,7,2,160,1,1,2,,
12906635,41,2,385,1,1,5,,
12907420,9,2,846,1,1,,,
12908131,90,2,2739,1,1,1,,
12908147,4,2,5,1,1,2,,
12908209,7,2,148,1,1,1,,
12908540,7,2,157,1,1,3,,
12908649,70,2,708,1,1,,,
12949663,7,2,58,1,1,4,,
12949753,5,2,1159,1,1,1,,
12951519,9,2,1277,1,1,1,,
12953819,90,2,191,1,1,1,,
12954251,7,2,129,1,1,2,,
12954313,618,2,3147,1,1,,,
12955216,4,2,4,1,1,4,,
12957054,4,2,3148,1,1,3,,
12957178,25,2,173,1,1,3,,
12957244,72,2,287,1,1,1,,
12959267,3,5,472,1,1,1,,
12959312,7,2,58,1,1,5,,
12960277,167,2,3149,1,1,3,,
12977708,2,2,15,1,1,2,,
12979710,2,2,15,1,1,,,
12981134,14,2,760,1,1,1,,
12984051,126,2,1486,1,1,2,,
12987574,90,2,955,1,1,4,,
12990402,183,2,3150,1,1,2,,
12991466,43,2,383,1,1,2,,
12991711,90,2,2500,1,1,7,,
12992200,9,2,27,1,1,,,
12994410,7,2,54,1,1,2,,
13009774,27,2,23,1,1,5,,
13018811,18,2,15,1,1,,,
13019116,2,2,15,1,1,4,,
13021252,2,2,15,1,1,1,,
13021795,2,2,15,1,1,1,,
13023396,105,2,230,1,1,4,,
13024544,2,2,15,1,1,4,,
13024731,54,2,3151,1,1,7,,
13026779,45,2,44,1,1,3,,
13029865,49,2,173,1,1,,,
13030788,3,2,15,1,1,4,,
13032226,18,2,67,1,1,4,,
13034183,593,16,2700,1,1,1,,
13038487,4,2,11,1,1,1,,
13039491,18,2,15,1,1,,,
13039965,5,2,71,1,1,3,,
13041595,16,2,516,1,1,2,,
13044603,90,2,1941,1,1,2,,
13047130,39,2,429,1,1,6,,
13049834,619,33,1327,1,1,1,,
13050833,3,2,87,1,1,,,
13051664,40,2,3152,1,1,1,,
13051865,18,2,15,1,1,2,,
13052348,18,2,2135,1,1,1,,
13053837,18,2,15,1,1,2,,
13057969,3,2,68,1,1,,,
13073186,49,2,181,1,1,5,,
13176795,5,2,1104,1,1,2,,
13178640,53,13,85,1,1,4,,
13179119,115,2,825,1,1,5,,
13182634,3,29,425,1,1,3,,
13185265,620,2,119,1,1,3,,
13185421,621,6,229,1,1,2,,
13192207,4,2,528,1,1,2,,
13194554,50,2,79,1,1,2,,
13197795,3,14,10,1,1,1,,
13202040,23,2,175,1,1,5,,
13210834,90,2,309,1,1,2,,
13211176,39,2,919,1,1,2,,
13213968,42,2,383,1,1,2,,
13214866,18,2,15,1,1,2,,
13215798,18,2,3153,1,1,4,,
13221092,28,13,185,1,1,2,,
13226580,38,2,292,1,1,3,,
13229222,4,2,99,1,1,2,,
13242175,7,2,27,1,1,5,,
13248636,7,2,148,1,1,2,,
13249094,49,2,38,1,1,2,,
13251179,187,29,425,1,1,5,,
13253099,16,2,22,1,1,1,,
13263380,6,2,99,1,1,2,,
13268370,4,2,4,1,1,2,,
13275448,312,13,2087,1,1,2,,
13279793,2,2,2227,1,1,2,,
13284458,170,2,2010,1,1,3,,
13293878,3,6,17,1,1,2,,
13301966,3,2,3154,1,1,4,,
13305769,38,2,3155,1,1,2,,
13308801,9,2,2580,1,1,2,,
13316106,622,2,15,1,1,1,,
13323120,3,14,3156,1,1,5,,
13323712,187,29,425,1,1,2,,
13328290,480,2,2147,1,1,2,,
13331595,7,2,3157,1,1,4,,
13332022,72,2,186,1,1,5,,
13332717,7,2,12,1,1,3,,
13334448,38,2,303,1,1,2,,
13338268,623,13,3158,1,1,5,,
13340892,18,2,90,1,1,,,
13345578,14,2,3159,1,1,4,,
13345819,41,2,1756,1,1,1,,
13356126,4,2,114,1,1,2,,
13356179,125,2,1948,1,1,3,,
13359870,4,2,448,1,1,7,,
13362722,624,2,15,1,1,2,,
13365425,625,2,26,1,1,5,,
13365439,53,13,85,1,1,2,,
13371763,38,2,672,1,1,5,,
13383668,370,18,263,1,1,5,,
13391662,194,13,2231,1,1,3,,
13391879,38,2,672,1,1,4,,
13392268,16,2,587,1,1,4,,
13395274,38,2,672,1,1,4,,
13405241,2,2,15,1,1,2,,
13406030,4,2,883,1,1,2,,
13423341,14,2,672,1,1,5,,
13432651,53,13,85,1,1,2,,
13434885,28,13,40,1,1,7,,
13463160,38,2,1651,1,1,2,,
13465471,28,13,3160,1,1,,,
13469068,626,13,3161,1,1,1,,
13574568,4,2,841,1,1,3,,
13585911,237,13,679,1,1,1,,
13594153,10,2,3,1,1,,,
13600484,4,2,3162,1,1,1,,
13609029,28,13,3163,1,1,,,
13613470,312,13,2087,1,1,2,,
13617580,23,2,175,1,1,2,,
13624369,68,2,119,1,1,3,,
13625069,4,2,4,1,1,2,,
13636669,165,15,412,1,1,,,
13637042,67,2,3164,1,1,3,,
13644688,627,2,3165,1,1,2,,
13646621,7,2,97,1,1,1,,
13655403,38,2,672,1,1,2,,
13658056,45,2,773,1,1,2,,
13660588,4,2,99,1,1,1,,
13664753,3,6,17,1,1,1,,
13672385,4,2,99,1,1,2,,
13705949,7,2,14,1,1,2,,
13714336,6,2,11,1,1,4,,
13719716,475,38,1091,1,1,1,,
13722176,628,2,3166,1,1,2,,
13745845,38,2,2541,1,1,1,,
13747145,4,2,4,1,1,2,,
13753142,7,2,54,1,1,5,,
13758844,43,2,1865,1,1,2,,
13761943,6,2,883,1,1,2,,
13974225,7,2,58,1,1,1,,
13979784,70,2,708,1,1,2,,
13980827,18,2,15,1,1,5,,
13980882,7,2,12,1,1,1,,
13993547,2,2,15,1,1,1,,
13993704,9,2,27,1,1,,,
13997437,2,2,15,1,1,4,,
14003134,38,2,232,1,1,,,
14003776,103,2,104,1,1,2,,
14013914,2,2,15,1,1,3,,
14014026,18,2,15,1,1,6,,
14014683,16,2,255,1,1,4,,
14015617,4,2,3167,1,1,3,,
14016539,3,14,10,1,1,1,,
14017226,43,2,746,1,1,4,,
14023910,3,14,10,1,1,6,,
14027838,18,2,3168,1,1,1,,
14028341,2,2,15,1,1,2,,
14028488,10,2,3,1,1,6,,
14031612,51,2,230,1,1,4,,
14034738,64,2,475,1,1,7,,
14034745,41,2,3169,1,1,4,,
14036226,629,12,3170,1,1,5,,
14037757,38,2,3015,1,1,4,,
14040772,38,2,3171,1,1,3,,
14041222,2,2,15,1,1,5,,
14050885,31,2,360,1,1,1,,
14051349,49,2,653,1,1,1,,
14053537,2,2,15,1,1,3,,
14057254,2,2,15,1,1,1,,
14068748,10,2,2316,1,1,4,,
14070157,18,2,15,1,1,2,,
14070878,7,2,904,1,1,2,,
14072019,630,58,957,1,1,2,,
14072357,67,2,2637,1,1,,,
14073562,18,2,15,1,1,2,,
14377562,251,13,756,1,1,5,,
14378285,4,2,99,1,1,3,,
14378859,105,2,230,1,1,5,,
14379449,30,2,1764,1,1,4,,
14383281,3,14,10,1,1,,,
14391534,619,33,1327,1,1,1,,
14392433,24,13,1884,1,1,4,,
14392907,4,2,787,1,1,2,,
14392959,144,2,1330,1,1,1,,
14407234,67,2,2734,1,1,4,,
14409321,237,13,679,1,1,1,,
14416099,470,19,235,1,1,5,,
14422722,7,2,3172,1,1,1,,
14428236,631,59,3173,1,1,2,,
14439628,67,2,3174,1,1,4,,
14439975,16,2,22,1,1,1,,
14440285,90,2,287,1,1,1,,
14440370,389,19,1632,1,1,3,,
14450868,53,13,3175,1,1,1,,
14467750,7,2,198,1,1,4,,
14478256,38,2,426,1,1,2,,
14479357,38,2,3176,1,1,1,,
14480264,4,2,114,1,1,4,,
14481910,45,2,773,1,1,1,,
14489170,45,2,75,1,1,1,,
14489622,28,13,40,1,1,,,
14489756,32,2,1159,1,1,,,
14493925,82,2,174,1,1,,,
14505571,312,13,2087,1,1,3,,
14508644,480,2,2147,1,1,3,,
14510331,145,6,17,1,1,1,,
14510501,3,13,3177,1,1,,,
14514065,39,2,374,1,1,3,,
14522609,3,13,1884,1,1,3,,
14524806,144,2,740,1,1,2,,
14524845,632,6,3178,1,1,2,,
14524856,16,2,604,1,1,2,,
14529347,38,2,672,1,1,2,,
14529906,470,19,235,1,1,5,,
14542824,67,2,2786,1,1,2,,
14548179,400,13,1700,1,1,1,,
14548615,4,2,11,1,1,1,,
14553450,624,2,3179,1,1,2,,
14553591,18,2,1962,1,1,,,
14559430,38,2,3180,1,1,1,,
14560773,633,26,3181,1,1,1,,
14562893,14,2,3182,1,1,7,,
14562954,62,2,104,1,1,1,,
14580269,4,2,114,1,1,2,,
14580505,7,2,27,1,1,5,,
14586483,43,2,383,1,1,3,,
14592418,18,2,15,1,1,6,,
14594141,7,2,37,1,1,2,,
14594965,86,2,183,1,1,,,
14598021,7,2,261,1,1,1,,
14601256,28,13,185,1,1,3,,
14602356,634,26,3183,1,1,4,,
14606618,312,13,2087,1,1,2,,
14609480,3,14,10,1,1,,,
14613869,3,2,3184,1,1,7,,
14620904,38,2,115,1,1,2,,
14626199,3,14,10,1,1,,,
14628022,494,2,4,1,1,3,,
14629065,38,2,549,1,1,2,,
14631354,4,2,99,1,1,5,,
14632005,635,2,549,1,1,5,,
14636892,22,6,1094,1,1,2,,
14647401,43,2,1865,1,1,3,,
14653154,3,14,10,1,1,5,,
14658457,132,6,1101,1,1,6,,
14668517,27,2,62,1,1,3,,
14673327,187,29,425,1,1,2,,
14699670,18,2,15,1,1,5,,
14749912,4,2,11,1,1,3,,
14757428,38,2,3185,1,1,3,,
14773918,3,2,2495,1,1,,,
14775276,39,2,67,1,1,3,,
14777536,2,2,15,1,1,5,,
14778434,3,2,15,1,1,1,,
14782279,9,2,27,1,1,1,,
14784969,90,2,447,1,1,2,,
14790337,7,2,157,1,1,6,,
14793159,23,2,34,1,1,5,,
14794055,3,6,17,1,1,1,,
14795178,4,2,99,1,1,1,,
14796450,98,2,1821,1,1,2,,
14797007,22,6,1094,1,1,1,,
14799367,38,2,357,1,1,2,,
14801697,38,2,3186,1,1,,,
14803700,636,6,3187,1,1,,,
14804844,637,27,3188,1,1,,,
14805325,3,14,10,1,1,5,,
14806044,90,2,186,1,1,6,,
14809480,9,2,97,1,1,,,
14811975,9,2,58,1,1,2,,
14812141,7,2,14,1,1,1,,
14814350,22,6,982,1,1,,,
14820947,18,2,222,1,1,,,
14821224,39,2,144,1,1,,,
14824547,2,2,15,1,1,4,,
14825201,23,2,584,1,1,5,,
14826366,183,2,1664,1,1,1,,
14831887,2,2,15,1,1,,,
14838529,3,2,1130,1,1,1,,
14839088,18,2,3189,1,1,3,,
14839340,52,2,377,1,1,,,
14839430,45,2,360,1,1,,,
14840050,27,2,23,1,1,7,,
14841549,288,2,989,1,1,2,,
14850572,18,2,15,1,1,6,,
14865971,31,2,3190,1,1,,,
15074104,90,2,287,1,1,3,,
15075179,52,2,1664,1,1,3,,
15075479,151,2,367,1,1,1,,
15077903,52,2,3191,1,1,5,,
15080505,278,2,4,1,1,2,,
15080647,25,2,187,1,1,2,,
15081145,4,2,872,1,1,1,,
15081604,478,6,986,1,1,1,,
15082924,14,2,2117,1,1,2,,
15084128,22,6,17,1,1,1,,
15085131,6,2,11,1,1,5,,
15085867,179,15,412,1,1,2,,
15086807,30,2,3026,1,1,2,,
15087386,173,6,17,1,1,1,,
15088102,4,2,1852,1,1,7,,
15088513,10,2,3,1,1,,,
15089185,27,2,23,1,1,1,,
15089703,188,2,486,1,1,1,,
15089751,9,2,97,1,1,1,,
15089996,9,2,198,1,1,3,,
15090351,70,2,708,1,1,,,
15090581,26,2,22,1,1,1,,
15091055,4,2,448,1,1,1,,
15091069,18,2,627,1,1,1,,
15091444,2,2,15,1,1,,,
15093115,32,2,623,1,1,7,,
15093123,5,2,623,1,1,1,,
15099749,106,2,347,1,1,4,,
15100301,25,2,38,1,1,5,,
15101139,90,2,615,1,1,7,,
15101244,3,2,10,1,1,6,,
15102020,80,2,2888,1,1,5,,
15102029,9,2,213,1,1,2,,
15102289,105,2,373,1,1,7,,
15105522,9,2,453,1,1,4,,
15112074,7,2,180,1,1,4,,
15114517,120,2,1639,1,1,3,,
15132697,167,2,10,1,1,,,
15134678,153,2,10,1,1,1,,
15135046,167,2,10,1,1,,,
15140813,325,2,1014,1,1,6,,
15142330,44,2,3192,1,1,5,,
15142348,283,2,221,1,1,2,,
15144146,2,2,15,1,1,4,,
15144521,42,2,68,1,1,1,,
15153584,173,6,17,1,1,1,,
15155405,144,2,119,1,1,2,,
15155541,29,2,132,1,1,1,,
15155562,49,2,3193,1,1,3,,
15155716,126,2,875,1,1,1,,
15157241,70,2,275,1,1,5,,
15157280,31,2,944,1,1,7,,
15158049,42,2,383,1,1,2,,
15160138,86,2,183,1,1,2,,
15160579,10,2,3,1,1,,,
15161148,10,2,232,1,1,5,,
15165083,16,2,128,1,1,4,,
15166226,103,2,1516,1,1,3,,
15173846,10,2,3,1,1,5,,
15174779,23,2,26,1,1,2,,
15176310,50,2,79,1,1,1,,
15177661,19,2,26,1,1,1,,
15178582,56,2,591,1,1,2,,
15179046,36,15,52,1,1,2,,
15179318,7,2,27,1,1,5,,
15179693,49,2,38,1,1,2,,
15179716,42,2,780,1,1,2,,
15179827,5,2,71,1,1,2,,
15181988,140,2,346,1,1,4,,
15183110,591,9,3052,1,1,7,,
15183450,23,2,1172,1,1,2,,
15183489,9,2,97,1,1,2,,
15184955,45,2,44,1,1,4,,
15185325,103,2,250,1,1,1,,
15191763,4,2,4,1,1,5,,
15191764,7,2,180,1,1,6,,
15192724,4,2,43,1,1,1,,
15195846,4,2,4,1,1,,,
15196063,9,2,97,1,1,,,
15198039,50,2,79,1,1,,,
15198065,125,2,3194,1,1,2,,
15198089,9,2,1510,1,1,4,,
15200418,3,2,198,1,1,7,,
15202819,3,6,17,1,1,2,,
15205156,9,2,1368,1,1,1,,
15205556,43,2,68,1,1,1,,
15208003,268,6,913,1,1,2,,
15208770,17,2,713,1,1,5,,
15210062,41,2,404,1,1,4,,
15210652,18,2,3195,1,1,,,
15210705,10,2,3,1,1,5,,
15211132,482,2,3196,1,1,1,,
15211162,263,2,892,1,1,5,,
15211315,263,2,1710,1,1,3,,
15212511,2,2,15,1,1,3,,
15212661,25,2,38,1,1,1,,
15213166,103,2,104,1,1,1,,
15214754,176,2,3197,1,1,5,,
15215815,38,2,759,1,1,3,,
15216893,41,2,3,1,1,5,,
15217395,7,2,27,1,1,2,,
15218095,7,2,58,1,1,5,,
15218735,42,2,554,1,1,1,,
15218920,90,2,1039,1,1,5,,
15219845,9,2,368,1,1,,,
15221729,14,2,1778,1,1,6,,
15221948,38,2,1491,1,1,2,,
15223686,51,2,81,1,1,6,,
15224259,16,2,297,1,1,1,,
15224971,26,2,22,1,1,3,,
15225088,32,2,71,1,1,3,,
15226978,16,2,1519,1,1,5,,
15227317,3,2,287,1,1,,,
15227577,4,2,5,1,1,1,,
15230107,192,30,525,1,1,7,,
15230571,3,14,10,1,1,4,,
15230730,3,2,15,1,1,1,,
15233058,638,2,3198,1,1,7,,
15233663,215,2,346,1,1,5,,
15233868,6,2,99,1,1,6,,
15235522,4,2,147,1,1,2,,
15236043,3,2,2713,1,1,3,,
15236189,18,2,703,1,1,2,,
15236600,4,2,11,1,1,1,,
15236811,5,2,302,1,1,2,,
15236821,4,2,4,1,1,2,,
15237398,26,2,255,1,1,1,,
15237777,90,2,799,1,1,2,,
15238307,52,2,182,1,1,3,,
15240510,639,2,3199,1,1,4,,
15240711,6,2,114,1,1,4,,
15241130,82,2,1787,1,1,5,,
15242404,72,2,854,1,1,,,
15242812,30,2,143,1,1,6,,
15243220,66,2,93,1,1,3,,
15243569,27,2,23,1,1,1,,
15245147,103,2,2063,1,1,3,,
15245449,38,2,1673,1,1,2,,
15247033,38,2,1393,1,1,3,,
15248458,88,2,422,1,1,,,
15248569,640,2,259,1,1,7,,
15249111,4,2,5,1,1,,,
15252296,4,2,5,1,1,1,,
15252329,70,2,183,1,1,5,,
15253103,17,2,224,1,1,5,,
15254451,27,2,257,1,1,1,,
15254452,72,2,659,1,1,1,,
15255286,103,2,1365,1,1,2,,
15256197,52,2,182,1,1,1,,
15256846,42,2,746,1,1,5,,
15256872,16,2,3200,1,1,2,,
15257953,7,2,14,1,1,2,,
15258405,4,2,99,1,1,2,,
15258647,7,2,27,1,1,4,,
15258766,27,2,23,1,1,,,
15258971,90,2,287,1,1,6,,
15259054,41,2,3,1,1,2,,
15259975,10,2,3201,1,1,1,,
15260742,120,2,79,1,1,1,,
15261118,263,2,892,1,1,2,,
15262099,7,2,148,1,1,5,,
15262835,27,2,112,1,1,5,,
15262936,2,2,1614,1,1,7,,
15263662,4,2,5,1,1,5,,
15263991,42,2,68,1,1,1,,
15264036,39,2,207,1,1,2,,
15264236,4,2,11,1,1,2,,
15264509,3,14,10,1,1,,,
15267807,5,2,3202,1,1,1,,
15272712,7,2,1499,1,1,2,,
15281827,16,2,3203,1,1,1,,
15284509,4,2,2788,1,1,1,,
15285878,49,2,3204,1,1,1,,
15290265,7,2,3205,1,1,1,,
15291295,90,2,3206,1,1,3,,
15302299,183,2,1384,1,1,2,,
15306241,38,2,3207,1,1,1,,
15309602,4,2,4,1,1,2,,
15314597,66,2,3208,1,1,,,
15317525,7,2,3209,1,1,,,
15318285,115,2,3210,1,1,2,,
15320020,206,2,469,1,1,2,,
15328586,39,2,1199,1,1,2,,
15332133,4,2,3211,1,1,4,,
15341170,4,2,3212,1,1,2,,
15341184,76,2,455,1,1,2,,
15342999,49,2,328,1,1,,,
15349895,50,2,2772,1,1,1,,
15350350,7,2,3213,1,1,1,,
15353748,7,2,770,1,1,2,,
15358150,16,2,3214,1,1,1,,
15359141,16,2,128,1,1,2,,
15360898,7,2,3215,1,1,4,,
15363516,103,2,104,1,1,2,,
15368688,125,2,1153,1,1,1,,
15387281,265,2,3216,1,1,2,,
15391891,16,2,120,1,1,,,
15400080,45,2,3217,1,1,,,
15402222,43,2,1865,1,1,,,
15406352,103,2,3218,1,1,1,,
15412881,49,2,38,1,1,2,,
15414287,38,2,3219,1,1,,,
15418050,70,2,2550,1,1,,,
15424534,10,2,3220,1,1,2,,
15426950,23,2,84,1,1,,,
15434422,39,2,733,1,1,3,,
15440862,18,2,575,1,1,2,,
15440968,7,2,1481,1,1,3,,
15446077,31,2,864,1,1,5,,
15451728,4,2,114,1,1,5,,
15454345,4,2,99,1,1,1,,
15454815,7,2,3221,1,1,1,,
15457223,90,2,3222,1,1,2,,
15474836,4,2,4,1,1,1,,
15479786,265,2,3223,1,1,2,,
15483354,7,2,3224,1,1,2,,
15484089,4,2,893,1,1,5,,
15492436,16,2,3225,1,1,1,,
15494986,103,2,761,1,1,4,,
15501774,10,2,3,1,1,,,
15505005,99,2,26,1,1,2,,
15505894,176,2,3226,1,1,1,,
15507805,18,2,67,1,1,,,
15512481,67,2,298,1,1,,,
15512603,7,2,157,1,1,1,,
15513355,7,2,97,1,1,,,
15513675,27,2,3227,1,1,1,,
15516556,18,2,3228,1,1,,,
15519990,16,2,3229,1,1,2,,
15525859,5,2,758,1,1,2,,
15528921,10,2,1953,1,1,3,,
15539593,90,2,3230,1,1,,,
15542056,30,2,2429,1,1,1,,
15545819,5,2,3202,1,1,,,
15549066,7,2,3231,1,1,,,
15550475,45,2,360,1,1,5,,
15558072,7,2,3232,1,1,2,,
15559157,18,2,627,1,1,1,,
15560260,9,2,2048,1,1,2,,
15572062,27,2,3233,1,1,,,
15575719,215,2,346,1,1,1,,
15575809,67,2,2125,1,1,,,
15578420,156,2,299,1,1,4,,
15587645,30,2,1347,1,1,5,,
15589802,23,2,401,1,1,4,,
15590560,4,2,3234,1,1,,,
15599190,16,2,3235,1,1,2,,
15623638,4,2,3236,1,1,2,,
15626530,45,2,545,1,1,3,,
15631059,90,2,2061,1,1,,,
15632239,90,2,422,1,1,2,,
15634457,5,2,1231,1,1,2,,
15634533,90,2,3237,1,1,2,,
15637586,263,2,545,1,1,5,,
15641048,67,2,3238,1,1,1,,
15643168,5,2,1663,1,1,5,,
15653665,309,2,3239,1,1,1,,
15687129,7,2,3240,1,1,,,
15689921,90,2,287,1,1,2,,
15695384,10,2,1467,1,1,1,,
15696774,82,2,3241,1,1,,,
15698623,54,2,432,1,1,1,,
15700759,103,2,3242,1,1,1,,
15701084,41,2,870,1,1,2,,
15701441,176,2,2191,1,1,4,,
15702234,16,2,3243,1,1,,,
15707177,67,2,3244,1,1,2,,
15713989,288,2,924,1,1,2,,
15714808,50,2,3245,1,1,1,,
15717973,539,2,3246,1,1,3,,
15720708,43,2,1014,1,1,5,,
15724647,7,2,3247,1,1,2,,
15728183,4,2,946,1,1,5,,
15731288,30,2,3248,1,1,3,,
15753374,23,2,2112,1,1,4,,
15753726,45,2,3249,1,1,,,
15753750,27,2,23,1,1,2,,
15755270,90,2,3250,1,1,7,,
15760876,7,2,3251,1,1,3,,
15761078,90,2,3252,1,1,,,
15763577,4,2,289,1,1,2,,
15766466,169,2,3253,1,1,1,,
15769063,213,2,3254,1,1,1,,
15798900,67,2,347,1,1,4,,
15819562,7,2,97,1,1,2,,
15823168,81,17,170,1,1,,,
15824333,52,2,182,1,1,7,,
15826652,641,60,3255,1,1,3,,
15835774,2,2,3256,1,1,4,,
15854237,49,2,38,1,1,2,,
15855995,3,2,90,1,1,2,,
15859161,18,2,90,1,1,1,,
15861467,49,2,653,1,1,2,,
15862365,49,2,38,1,1,,,
15876051,4,2,11,1,1,2,,
15886201,4,2,1926,1,1,4,,
15886774,16,2,3257,1,1,1,,
15887330,67,2,3258,1,1,,,
15890669,480,2,3259,1,1,4,,
15891863,263,2,3260,1,1,2,,
15893401,4,2,3212,1,1,2,,
15897492,30,2,259,1,1,3,,
15898825,49,2,290,1,1,4,,
15900330,18,2,15,1,1,,,
15901218,125,2,428,1,1,2,,
15901706,10,2,3,1,1,4,,
15902159,45,2,360,1,1,2,,
15905450,106,2,347,1,1,2,,
15906709,27,2,126,1,1,3,,
15912454,18,2,3261,1,1,2,,
15913719,10,2,3,1,1,2,,
15922247,9,2,83,1,1,3,,
15922891,26,2,1519,1,1,3,,
15923225,7,2,748,1,1,1,,
15929102,27,2,2043,1,1,1,,
15929378,54,2,502,1,1,2,,
15933770,126,2,3262,1,1,,,
15938312,90,2,1027,1,1,1,,
15941587,4,2,2767,1,1,5,,
15946700,16,2,3263,1,1,,,
15954445,151,2,367,1,1,5,,
15959393,90,2,3264,1,1,,,
15962867,90,2,1118,1,1,1,,
15968066,54,2,3265,1,1,1,,
15969871,18,2,3266,1,1,,,
15977608,16,2,3267,1,1,1,,
15979299,126,2,732,1,1,3,,
15982494,45,2,3268,1,1,2,,
15984730,4,2,4,1,1,4,,
15992428,7,2,890,1,1,5,,
15997500,103,2,3242,1,1,2,,
16003590,170,2,999,1,1,4,,
16006748,4,2,3269,1,1,,,
16015268,18,2,3270,1,1,2,,
16016026,5,2,71,1,1,,,
16016121,30,2,3271,1,1,,,
16018602,27,2,3086,1,1,2,,
16020596,7,2,27,1,1,2,,
16023043,90,2,2690,1,1,,,
16027009,125,2,347,1,1,2,,
16034721,90,2,2975,1,1,3,,
16044639,30,2,141,1,1,3,,
16051926,45,2,3272,1,1,2,,
16054358,51,2,3273,1,1,2,,
16056258,70,2,737,1,1,1,,
16056312,90,2,2532,1,1,1,,
16057060,90,2,422,1,1,,,
16057799,29,2,3274,1,1,2,,
16058744,70,2,3275,1,1,,,
16059878,10,2,2760,1,1,1,,
16061202,7,2,58,1,1,1,,
16063763,45,2,49,1,1,2,,
16071678,83,2,993,1,1,,,
16075064,151,2,3276,1,1,,,
16077176,27,2,3277,1,1,2,,
16077860,38,2,495,1,1,2,,
16079780,54,2,794,1,1,5,,
16084555,39,2,3278,1,1,,,
16084765,5,2,3279,1,1,,,
16087136,90,2,186,1,1,,,
16094732,213,2,3254,1,1,1,,
16097077,263,2,892,1,1,,,
16106433,4,2,11,1,1,2,,
16109808,73,2,3280,1,1,1,,
16110136,23,2,3281,1,1,1,,
16112985,45,2,1596,1,1,4,,
16114836,263,2,573,1,1,,,
16117865,66,2,3282,1,1,2,,
16120434,38,2,951,1,1,1,,
16123096,309,2,3283,1,1,1,,
16123991,10,2,3284,1,1,5,,
16124017,5,2,3285,1,1,2,,
16124142,7,2,3286,1,1,,,
16141806,50,2,79,1,1,2,,
16142346,4,2,3234,1,1,,,
16148252,16,2,3267,1,1,2,,
16151744,208,2,3287,1,1,2,,
16153490,170,2,808,1,1,2,,
16154054,17,2,868,1,1,2,,
16154370,54,2,502,1,1,2,,
16154524,39,2,59,1,1,2,,
16154745,10,2,135,1,1,3,,
16155035,176,2,1094,1,1,2,,
16155562,96,2,376,1,1,2,,
16155783,6,2,4,1,1,4,,
16156631,81,17,3288,1,1,5,,
16156695,16,2,604,1,1,1,,
16157480,10,2,135,1,1,5,,
16157991,90,2,1283,1,1,,,
16157996,44,2,2748,1,1,3,,
16158590,9,2,27,1,1,1,,
16159049,72,2,1403,1,1,,,
16160122,90,2,1130,1,1,2,,
16160189,16,2,243,1,1,2,,
16162066,17,2,23,1,1,1,,
16162082,10,2,3,1,1,4,,
16162363,4,2,114,1,1,3,,
16162690,10,2,3,1,1,3,,
16163783,50,2,598,1,1,5,,
16163818,103,2,599,1,1,1,,
16166562,103,2,2205,1,1,2,,
16166804,3,2,583,1,1,,,
16167895,16,2,128,1,1,2,,
16168340,56,2,93,1,1,4,,
16169840,2,2,15,1,1,1,,
16170674,51,2,230,1,1,5,,
16171151,172,2,3289,1,1,1,,
16171388,106,2,3290,1,1,1,,
16172691,90,2,186,1,1,5,,
16173353,6,2,2644,1,1,,,
16173733,103,2,227,1,1,1,,
16174187,27,2,23,1,1,2,,
16176904,98,2,217,1,1,4,,
16177247,70,2,3291,1,1,2,,
16177679,40,2,1199,1,1,2,,
16177886,72,2,3292,1,1,6,,
16178464,327,2,1138,1,1,2,,
16178566,56,2,3293,1,1,5,,
16178570,45,2,305,1,1,4,,
16178617,16,2,604,1,1,3,,
16179848,2,2,15,1,1,2,,
16180103,66,2,1021,1,1,1,,
16181713,41,2,3,1,1,2,,
16182096,66,2,93,1,1,5,,
16182319,54,2,88,1,1,5,,
16182993,6,2,114,1,1,1,,
16183163,4,2,5,1,1,1,,
16184330,27,2,23,1,1,4,,
16186138,26,2,322,1,1,3,,
16186265,642,2,1227,1,1,5,,
16186849,643,2,541,1,1,,,
16187169,18,2,627,1,1,3,,
16188311,55,15,637,1,1,2,,
16189188,263,2,3294,1,1,1,,
16190056,6,2,11,1,1,2,,
16190749,4,2,5,1,1,2,,
16191238,45,2,49,1,1,5,,
16192828,66,2,93,1,1,2,,
16193603,19,2,26,1,1,1,,
16193637,10,2,3,1,1,2,,
16193788,4,2,4,1,1,1,,
16195758,39,2,374,1,1,1,,
16196187,27,2,23,1,1,1,,
16196509,41,2,828,1,1,5,,
16197097,125,2,428,1,1,2,,
16197876,51,2,231,1,1,1,,
16198010,45,2,944,1,1,7,,
16198921,27,2,23,1,1,5,,
16199100,115,2,272,1,1,1,,
16199652,10,2,3,1,1,2,,
16199690,7,2,27,1,1,4,,
16202556,4,2,11,1,1,3,,
16202595,16,2,128,1,1,2,,
16203147,50,2,1116,1,1,5,,
16203188,16,2,128,1,1,1,,
16203703,272,2,1156,1,1,1,,
16203948,49,2,38,1,1,1,,
16205219,23,2,3295,1,1,,,
16205368,55,15,48,1,1,4,,
16205492,29,2,594,1,1,,,
16205711,4,2,4,1,1,2,,
16205909,9,2,506,1,1,3,,
16206227,40,2,733,1,1,3,,
16207210,4,2,5,1,1,7,,
16208010,105,2,230,1,1,,,
16208331,4,2,4,1,1,5,,
16210058,43,2,383,1,1,2,,
16211127,7,2,3296,1,1,,,
16211456,90,2,3297,1,1,,,
16212991,54,2,537,1,1,4,,
16215683,56,2,467,1,1,,,
16216073,86,2,737,1,1,,,
16218942,103,2,3298,1,1,1,,
16221660,6,2,4,1,1,1,,
16221941,90,2,287,1,1,1,,
16222659,17,2,224,1,1,,,
16223137,7,2,464,1,1,1,,
16223558,4,2,5,1,1,1,,
16223631,90,2,137,1,1,1,,
16223675,55,15,221,1,1,1,,
16226303,66,2,93,1,1,2,,
16227314,106,2,887,1,1,2,,
16228028,90,2,2555,1,1,2,,
16228925,125,2,3299,1,1,4,,
16231150,90,2,10,1,1,1,,
16231181,90,2,422,1,1,2,,
16231287,18,2,15,1,1,,,
16231644,4,2,2599,1,1,2,,
16233284,169,2,347,1,1,2,,
16233931,90,2,1544,1,1,,,
16233976,308,34,1574,1,1,6,,
16234027,73,2,88,1,1,3,,
16234727,18,2,15,1,1,7,,
16236338,103,2,104,1,1,1,,
16237235,6,2,5,1,1,2,,
16237332,16,2,120,1,1,,,
16237742,10,2,3,1,1,4,,
16239240,57,5,206,1,1,7,,
16240930,3,7,218,1,1,7,,
16241042,66,2,93,1,1,2,,
16242436,70,2,3300,1,1,4,,
16243953,52,2,568,1,1,5,,
16244864,41,2,167,1,1,2,,
16246341,26,2,22,1,1,2,,
16248160,43,2,68,1,1,5,,
16248671,52,2,182,1,1,2,,
16249143,51,2,230,1,1,7,,
16252227,39,2,429,1,1,2,,
16253193,14,2,1392,1,1,2,,
16254384,170,2,3301,1,1,3,,
16255691,27,2,3092,1,1,2,,
16256551,42,2,284,1,1,2,,
16256992,17,2,23,1,1,5,,
16257321,45,2,396,1,1,5,,
16259671,6,2,11,1,1,2,,
16260045,43,2,68,1,1,3,,
16260472,474,2,3302,1,1,3,,
16261703,206,2,952,1,1,,,
16264413,6,2,2651,1,1,4,,
16264523,6,2,4,1,1,1,,
16265050,39,2,144,1,1,,,
16265636,105,2,231,1,1,4,,
16266621,73,2,1434,1,1,,,
16267822,90,2,186,1,1,1,,
16268827,8,7,3303,1,1,7,,
16270166,3,2,93,1,1,,,
16270450,644,2,3304,1,1,4,,
16272880,4,2,1382,1,1,1,,
16274164,90,2,2500,1,1,4,,
16274946,72,2,269,1,1,5,,
16277764,3,6,252,1,1,,,
16316704,3,14,10,1,1,2,,
17774093,7,2,14,1,1,2,,
17877112,90,2,287,1,1,4,,
17877157,3,17,3305,1,1,2,,
17877322,215,2,346,1,1,2,,
17877689,50,2,79,1,1,1,,
17880405,9,2,3306,1,1,3,,
17881501,73,2,107,1,1,1,,
17882015,3,2,15,1,1,3,,
17884612,81,17,170,1,1,2,,
17885371,2,2,15,1,1,3,,
17885819,148,2,354,1,1,3,,
17891402,348,2,215,1,1,2,,
17894802,7,2,97,1,1,2,,
17895959,3,2,15,1,1,2,,
17897264,9,2,3307,1,1,3,,
17900047,285,5,3308,1,1,6,,
17900676,4,2,3309,1,1,2,,
17900793,7,2,54,1,1,5,,
17902201,3,2,15,1,1,3,,
17905932,202,2,367,1,1,2,,
17908232,4,2,4,1,1,4,,
17909917,275,2,3310,1,1,,,
17913472,5,2,71,1,1,2,,
17914628,9,2,12,1,1,5,,
17916205,7,2,97,1,1,3,,
17919545,5,2,7,1,1,1,,
17920955,126,2,1486,1,1,3,,
17924573,9,2,323,1,1,3,,
17925137,9,2,3311,1,1,2,,
17926613,126,2,1486,1,1,1,,
17927834,103,2,606,1,1,1,,
17928683,9,2,129,1,1,3,,
17930841,7,2,83,1,1,3,,
17932068,7,2,54,1,1,5,,
17937327,645,6,17,1,1,6,,
17937855,2,2,90,1,1,4,,
17939116,259,2,399,1,1,2,,
17939911,7,2,3312,1,1,,,
17940755,2,2,15,1,1,2,,
17946721,7,2,58,1,1,4,,
17947566,7,2,620,1,1,5,,
17953373,4,2,5,1,1,1,,
17954837,9,2,160,1,1,2,,
17957408,82,2,818,1,1,2,,
17957915,7,2,27,1,1,2,,
17959348,7,2,14,1,1,3,,
17962490,7,2,14,1,1,5,,
17962594,9,2,462,1,1,1,,
17965553,23,2,84,1,1,,,
17966039,9,2,129,1,1,5,,
17967951,9,2,3313,1,1,1,,
17969878,62,2,104,1,1,5,,
17970655,49,2,1548,1,1,3,,
17972501,7,2,77,1,1,,,
17973173,7,2,54,1,1,5,,
17975812,45,2,545,1,1,2,,
17979297,7,2,27,1,1,5,,
17980749,5,2,987,1,1,5,,
17981957,7,2,27,1,1,4,,
17982487,126,2,1764,1,1,2,,
17983361,7,2,770,1,1,2,,
17984963,17,2,224,1,1,4,,
17987209,32,2,3314,1,1,1,,
17988315,9,2,27,1,1,5,,
17989842,9,2,148,1,1,4,,
17997992,7,2,890,1,1,2,,
17998520,7,2,27,1,1,4,,
17998756,52,2,2860,1,1,3,,
17999504,9,2,97,1,1,2,,
18000097,492,2,14,1,1,,,
18002293,3,2,3315,1,1,2,,
18002927,7,2,399,1,1,,,
18003368,7,2,27,1,1,3,,
18003437,9,2,2228,1,1,,,
18005595,16,2,128,1,1,1,,
18008436,86,2,708,1,1,5,,
18008857,646,2,45,1,1,,,
18009120,43,2,68,1,1,2,,
18011725,7,2,27,1,1,,,
18014298,9,2,97,1,1,1,,
18014695,7,2,506,1,1,2,,
18018258,22,6,1094,1,1,1,,
18018898,9,2,70,1,1,3,,
18019992,32,2,45,1,1,1,,
18021229,43,2,68,1,1,4,,
18022299,126,2,1486,1,1,2,,
18023289,9,2,58,1,1,1,,
18023803,248,6,2143,1,1,1,,
18028689,3,16,644,1,1,1,,
18029493,9,2,27,1,1,1,,
18034573,39,2,429,1,1,5,,
18034985,7,2,462,1,1,1,,
18036179,7,2,27,1,1,1,,
18036381,7,2,2350,1,1,1,,
18037479,7,2,97,1,1,3,,
18040365,7,2,3316,1,1,5,,
18041236,45,2,51,1,1,5,,
18043430,97,2,215,1,1,1,,
18043642,81,17,3317,1,1,1,,
18044933,96,2,312,1,1,,,
18045394,7,2,120,1,1,2,,
18047880,9,2,957,1,1,1,,
18048742,9,2,830,1,1,2,,
18049458,647,2,97,1,1,,,
18051363,9,2,344,1,1,,,
18054300,648,14,3318,1,1,1,,
18054861,9,2,97,1,1,,,
18058118,3,14,10,1,1,,,
18058364,7,2,27,1,1,3,,
18060442,7,2,97,1,1,,,
18061915,5,2,623,1,1,2,,
18068718,7,2,317,1,1,1,,
18068832,86,2,130,1,1,2,,
18071214,27,2,23,1,1,4,,
18072454,649,3,3319,1,1,5,,
18074053,265,2,601,1,1,1,,
18074929,9,2,27,1,1,3,,
18078166,9,2,27,1,1,1,,
18080299,148,2,2708,1,1,3,,
18080343,5,2,2616,1,1,2,,
18080432,9,2,1499,1,1,,,
18081160,7,2,97,1,1,1,,
18081627,7,2,12,1,1,2,,
18082554,103,2,795,1,1,5,,
18082974,41,2,3,1,1,2,,
18083016,72,2,287,1,1,3,,
18085589,7,2,530,1,1,2,,
18086940,646,2,71,1,1,3,,
18089618,7,2,3320,1,1,1,,
18094287,2,2,15,1,1,2,,
18097117,62,2,104,1,1,,,
18097379,9,2,344,1,1,5,,
18099373,148,2,354,1,1,1,,
18099865,2,2,15,1,1,1,,
18100369,7,2,1264,1,1,3,,
18100981,32,2,71,1,1,,,
18101101,7,2,27,1,1,1,,
18102967,82,2,1787,1,1,1,,
18105269,9,2,3321,1,1,3,,
18106243,32,2,45,1,1,3,,
18106262,9,2,97,1,1,,,
18106894,7,2,1547,1,1,2,,
18111558,7,2,2213,1,1,2,,
18112047,9,2,97,1,1,4,,
18115651,7,2,70,1,1,1,,
18117162,49,2,38,1,1,6,,
18117384,9,2,1861,1,1,,,
18118111,7,2,169,1,1,3,,
18119365,7,2,148,1,1,2,,
18120647,126,2,792,1,1,1,,
18123850,7,2,27,1,1,2,,
18124161,10,2,335,1,1,4,,
18124973,90,2,287,1,1,1,,
18125581,70,2,708,1,1,1,,
18130848,86,2,1463,1,1,3,,
18130925,3,6,17,1,1,1,,
18131492,90,2,287,1,1,2,,
18133146,124,2,2398,1,1,1,,
18134531,7,2,148,1,1,1,,
18135286,126,2,300,1,1,4,,
18140543,3,6,17,1,1,,,
18140676,7,2,157,1,1,5,,
18141297,5,2,45,1,1,,,
18143481,263,2,573,1,1,5,,
18145879,7,2,172,1,1,2,,
18149631,9,2,3322,1,1,,,
18150622,148,2,1331,1,1,3,,
18155836,126,2,300,1,1,1,,
18158883,9,2,2776,1,1,,,
18159779,124,2,3323,1,1,2,,
18161797,206,2,1294,1,1,4,,
18164646,7,2,148,1,1,2,,
18164810,7,2,453,1,1,,,
18165046,5,2,1663,1,1,5,,
18165460,39,2,59,1,1,3,,
18167344,7,2,172,1,1,3,,
18170900,9,2,97,1,1,,,
18172450,650,28,3324,1,1,1,,
18179239,2,2,15,1,1,2,,
18179902,18,2,1599,1,1,3,,
18181136,3,17,10,1,1,7,,
18184803,103,2,104,1,1,,,
18192259,223,2,601,1,1,5,,
18193888,124,2,1764,1,1,,,
18193890,9,2,77,1,1,,,
18196498,2,2,15,1,1,1,,
18199037,103,2,104,1,1,5,,
18200155,9,2,368,1,1,1,,
18200578,7,2,27,1,1,2,,
18201551,3,2,10,1,1,7,,
18204289,63,2,354,1,1,,,
18204674,9,2,148,1,1,4,,
18205566,9,2,14,1,1,2,,
18208567,6,2,5,1,1,4,,
18208909,16,2,2466,1,1,,,
18209871,49,2,78,1,1,3,,
18210353,7,2,14,1,1,2,,
18211624,9,2,3325,1,1,2,,
18212407,43,2,68,1,1,1,,
18212428,9,2,957,1,1,,,
18216926,9,2,27,1,1,,,
18216944,9,2,97,1,1,2,,
18219383,9,2,399,1,1,3,,
18231659,7,2,27,1,1,2,,
18238318,206,2,469,1,1,4,,
18243274,99,2,26,1,1,3,,
18247082,39,2,733,1,1,2,,
18249313,7,2,27,1,1,4,,
18253260,99,2,26,1,1,3,,
18253709,26,2,3326,1,1,2,,
18254848,7,2,77,1,1,5,,
18255247,7,2,58,1,1,1,,
18255679,77,2,335,1,1,1,,
18256037,18,2,3327,1,1,,,
18257219,3,19,1699,1,1,2,,
18257537,9,2,148,1,1,,,
18260716,4,2,841,1,1,2,,
18260923,7,2,27,1,1,4,,
18263887,120,2,79,1,1,3,,
18264029,10,2,232,1,1,4,,
18264687,9,2,148,1,1,2,,
18264797,90,2,2260,1,1,2,,
18264813,7,2,3328,1,1,,,
18268412,7,2,145,1,1,1,,
18268450,16,2,128,1,1,2,,
18269463,86,2,708,1,1,,,
18270027,18,2,627,1,1,5,,
18270111,7,2,97,1,1,2,,
18270206,5,2,758,1,1,4,,
18270814,64,2,3329,1,1,7,,
18271004,22,6,17,1,1,2,,
18271088,9,2,551,1,1,5,,
18271113,9,2,239,1,1,2,,
18272125,9,2,97,1,1,1,,
18272816,63,2,3330,1,1,3,,
18273655,2,2,3331,1,1,2,,
18274777,10,2,3332,1,1,2,,
18276990,23,2,84,1,1,1,,
18277743,3,2,2620,1,1,3,,
18277773,7,2,368,1,1,4,,
18278699,81,17,170,1,1,3,,
18280200,103,2,330,1,1,5,,
18281968,2,2,836,1,1,3,,
18282687,7,2,2521,1,1,2,,
18285076,9,2,368,1,1,,,
18286732,7,2,1188,1,1,5,,
18286898,9,2,323,1,1,6,,
18286943,7,2,77,1,1,7,,
18289562,82,2,174,1,1,2,,
18289732,49,2,1307,1,1,1,,
18290176,7,2,54,1,1,3,,
18291531,9,2,77,1,1,2,,
18293159,9,2,2747,1,1,5,,
18293401,90,2,186,1,1,1,,
18296351,4,2,11,1,1,,,
18298108,7,2,639,1,1,4,,
18298504,70,2,130,1,1,3,,
18300211,7,2,97,1,1,2,,
18300742,25,2,38,1,1,2,,
18300872,63,2,1281,1,1,4,,
18305024,9,2,27,1,1,1,,
18305845,104,6,3333,1,1,1,,
18309150,40,2,1758,1,1,3,,
18310269,148,2,354,1,1,,,
18311628,5,2,3334,1,1,2,,
18311685,7,2,54,1,1,4,,
18311990,18,2,3335,1,1,1,,
18312316,7,2,1174,1,1,1,,
18313561,651,2,183,1,1,3,,
18316901,32,2,3336,1,1,1,,
18316960,9,2,188,1,1,1,,
18320650,9,2,97,1,1,2,,
18324710,652,16,3337,1,1,6,,
18326385,7,2,14,1,1,2,,
18326953,7,2,54,1,1,2,,
18327672,9,2,239,1,1,5,,
18331125,7,2,27,1,1,1,,
18334050,140,2,346,1,1,6,,
18334573,19,2,26,1,1,1,,
18334985,653,40,3338,1,1,1,,
18336126,213,2,128,1,1,3,,
18337578,9,2,97,1,1,1,,
18340937,32,2,353,1,1,,,
18341423,7,2,2133,1,1,4,,
18342187,9,2,1407,1,1,2,,
18344349,7,2,36,1,1,1,,
18348487,3,2,433,1,1,5,,
18348748,7,2,58,1,1,3,,
18349365,70,2,1736,1,1,3,,
18354555,41,2,3201,1,1,,,
18356075,9,2,14,1,1,2,,
18359518,442,31,2535,1,1,1,,
18360844,6,2,448,1,1,2,,
18363205,3,2,607,1,1,,,
18365626,5,2,71,1,1,5,,
18367560,9,2,3339,1,1,,,
18367980,25,2,38,1,1,2,,
18367985,14,2,70,1,1,,,
18368814,26,2,297,1,1,2,,
18373097,7,2,27,1,1,2,,
18373129,41,31,2047,1,1,2,,
18377745,654,16,3340,1,1,1,,
18379197,52,2,1053,1,1,,,
18379843,90,2,799,1,1,1,,
18380225,9,2,2825,1,1,1,,
18380759,7,2,180,1,1,1,,
18380945,202,2,527,1,1,2,,
18381474,7,2,2133,1,1,1,,
18382943,90,2,137,1,1,,,
18382984,7,2,27,1,1,3,,
18384921,223,2,3341,1,1,2,,
18385144,66,2,824,1,1,1,,
18387585,7,2,97,1,1,3,,
18390845,20,6,17,1,1,1,,
18393016,32,2,71,1,1,1,,
18394014,50,2,79,1,1,7,,
18399252,618,2,1130,1,1,,,
18406970,14,2,357,1,1,3,,
18409581,655,2,130,1,1,,,
18411076,31,2,3342,1,1,2,,
18412318,106,2,3343,1,1,2,,
18414432,18,2,627,1,1,1,,
18416673,7,2,2228,1,1,3,,
18419268,29,2,3344,1,1,5,,
18420478,7,2,314,1,1,3,,
18420959,656,6,1708,1,1,1,,
18421001,39,2,2140,1,1,3,,
18424190,9,2,3345,1,1,2,,
18424892,3,14,10,1,1,,,
18425303,64,2,3329,1,1,7,,
18427077,38,2,514,1,1,2,,
18427239,66,2,93,1,1,1,,
18428792,98,2,217,1,1,3,,
18433786,9,2,1368,1,1,4,,
18434905,7,2,462,1,1,2,,
18441691,38,2,1651,1,1,3,,
18443990,7,2,180,1,1,1,,
18444862,51,2,3048,1,1,2,,
18445891,2,2,15,1,1,2,,
18447769,9,2,58,1,1,4,,
18449451,38,2,2998,1,1,1,,
18451441,2,2,15,1,1,3,,
18451845,2,2,15,1,1,1,,
18452768,7,2,58,1,1,4,,
18453875,9,2,97,1,1,,,
18457519,90,2,854,1,1,2,,
18459156,62,2,104,1,1,,,
18460073,120,2,897,1,1,4,,
18460229,184,2,469,1,1,3,,
18462106,50,2,317,1,1,2,,
18464932,16,2,255,1,1,2,,
18465000,5,2,45,1,1,1,,
18472079,18,2,3346,1,1,5,,
18472499,4,2,4,1,1,2,,
18476970,18,2,15,1,1,2,,
18481392,45,2,75,1,1,4,,
18481837,23,2,1412,1,1,2,,
18484635,562,2,15,1,1,1,,
18485452,90,2,3347,1,1,3,,
18487320,7,2,97,1,1,1,,
18489730,7,2,198,1,1,2,,
18493045,7,2,157,1,1,2,,
18495711,7,2,1510,1,1,1,,
18495964,90,2,707,1,1,3,,
18496013,4,2,5,1,1,3,,
18496188,38,2,292,1,1,2,,
18496196,7,2,97,1,1,2,,
18496735,49,2,753,1,1,3,,
18498389,7,2,1510,1,1,3,,
18498484,7,2,97,1,1,1,,
18498903,9,2,655,1,1,3,,
18501832,70,2,183,1,1,,,
18504845,22,6,17,1,1,2,,
18505053,187,29,425,1,1,7,,
18506580,7,2,27,1,1,2,,
18506581,70,2,183,1,1,1,,
18509910,7,2,3231,1,1,,,
18511550,7,2,27,1,1,4,,
18512097,30,2,313,1,1,2,,
18512500,5,2,71,1,1,1,,
18518094,90,2,287,1,1,,,
18519122,206,2,512,1,1,2,,
18519720,265,2,601,1,1,,,
18519890,7,2,485,1,1,1,,
18521397,126,2,2962,1,1,2,,
18522909,3,14,10,1,1,,,
18527534,126,2,300,1,1,1,,
18528449,51,2,1284,1,1,1,,
18530708,642,2,301,1,1,2,,
18535777,7,2,3348,1,1,1,,
18537820,7,2,27,1,1,2,,
18540268,4,2,883,1,1,2,,
18543091,7,2,849,1,1,2,,
18546454,7,2,97,1,1,,,
18550233,657,10,3349,1,1,6,,
18554518,3,2,15,1,1,1,,
18556984,7,2,58,1,1,1,,
18558027,144,2,119,1,1,1,,
18562694,7,2,770,1,1,3,,
18563089,9,2,239,1,1,3,,
18568512,70,2,183,1,1,,,
18569867,3,4,3350,1,1,5,,
18570461,9,2,27,1,1,2,,
18573518,7,2,654,1,1,5,,
18574198,5,2,45,1,1,2,,
18577044,5,2,1456,1,1,2,,
18577748,40,2,60,1,1,1,,
18578825,7,2,58,1,1,1,,
18581753,7,2,58,1,1,1,,
18582686,7,2,27,1,1,,,
18583501,347,2,54,1,1,1,,
18586257,7,2,27,1,1,4,,
18586491,90,2,1941,1,1,,,
18586790,5,2,45,1,1,2,,
18587408,45,2,773,1,1,2,,
18589676,23,2,84,1,1,2,,
18589850,4,2,4,1,1,2,,
18590813,5,2,1663,1,1,5,,
18591445,41,2,3,1,1,,,
18594945,7,2,1350,1,1,3,,
18597168,7,2,27,1,1,5,,
18598548,7,2,97,1,1,,,
18599018,53,13,85,1,1,7,,
18599183,4,2,114,1,1,2,,
18601260,7,2,148,1,1,1,,
18601648,2,2,15,1,1,2,,
18601896,4,2,11,1,1,2,,
18603765,7,2,3351,1,1,,,
18605010,7,2,70,1,1,3,,
18608162,23,2,208,1,1,4,,
18609798,3,14,10,1,1,,,
18610418,4,2,99,1,1,3,,
18611583,4,2,99,1,1,1,,
18612200,39,2,2491,1,1,2,,
18612937,148,2,354,1,1,,,
18615334,125,2,1424,1,1,1,,
18617026,7,2,1510,1,1,1,,
18617099,7,2,3352,1,1,2,,
18617114,7,2,83,1,1,1,,
18617399,7,2,27,1,1,4,,
18617400,9,2,97,1,1,1,,
18619445,7,2,77,1,1,1,,
18620271,6,2,5,1,1,2,,
18621669,70,2,2550,1,1,1,,
18621681,66,2,824,1,1,1,,
18622011,23,2,473,1,1,3,,
18622452,7,2,558,1,1,4,,
18628979,39,2,3353,1,1,3,,
18629955,55,15,2046,1,1,5,,
18630464,126,2,1486,1,1,2,,
18633749,22,6,986,1,1,2,,
18637011,5,2,1543,1,1,2,,
18639407,23,2,710,1,1,2,,
18648380,70,2,183,1,1,2,,
18649249,4,2,560,1,1,2,,
18649640,7,2,157,1,1,4,,
18652997,7,2,77,1,1,2,,
18653967,10,2,685,1,1,5,,
18655060,7,2,58,1,1,,,
18659583,66,2,96,1,1,5,,
18659619,39,2,1239,1,1,2,,
18662810,3,15,225,1,1,4,,
18662847,50,2,1307,1,1,5,,
18669104,52,2,3354,1,1,2,,
18672067,18,2,3355,1,1,5,,
18673801,268,6,3356,1,1,4,,
18674914,6,2,3357,1,1,,,
18675058,39,2,733,1,1,2,,
18676989,90,2,309,1,1,2,,
18680857,7,2,58,1,1,5,,
18682554,148,2,396,1,1,2,,
18682633,45,2,348,1,1,2,,
18685824,7,2,3358,1,1,1,,
18686842,7,2,261,1,1,4,,
18690308,7,2,399,1,1,2,,
18690691,50,2,1167,1,1,2,,
18693608,9,2,77,1,1,2,,
18699155,54,2,88,1,1,2,,
18700480,108,5,3359,1,1,5,,
18702181,117,2,3360,1,1,,,
18706683,9,2,27,1,1,2,,
18716275,9,2,314,1,1,1,,
18720223,7,2,77,1,1,2,,
18723495,7,2,27,1,1,1,,
18727976,103,2,330,1,1,1,,
18729335,7,2,27,1,1,2,,
18729426,9,2,180,1,1,,,
18729491,7,2,1312,1,1,1,,
18730384,7,2,58,1,1,1,,
18730451,148,2,354,1,1,1,,
18730955,18,2,617,1,1,6,,
18731825,126,2,300,1,1,4,,
18732478,7,2,97,1,1,1,,
18734731,5,2,1260,1,1,3,,
18734816,90,2,287,1,1,2,,
18739736,103,2,521,1,1,1,,
18742807,7,2,27,1,1,2,,
18744457,10,2,3,1,1,,,
18744547,399,19,1699,1,1,3,,
18747914,54,2,1169,1,1,4,,
18748116,7,2,27,1,1,1,,
18748996,10,2,1735,1,1,,,
18751296,41,2,3,1,1,5,,
18754113,70,2,183,1,1,,,
18754691,7,2,1350,1,1,1,,
18758749,10,2,404,1,1,2,,
18758847,10,2,685,1,1,1,,
18759373,7,2,97,1,1,1,,
18759444,7,2,654,1,1,1,,
18762021,7,2,148,1,1,1,,
18763282,7,2,157,1,1,4,,
18764352,10,2,3,1,1,4,,
18772423,186,2,1187,1,1,1,,
18773815,9,2,315,1,1,1,,
18775833,7,2,957,1,1,1,,
18777801,82,2,3361,1,1,2,,
18779512,475,38,3362,1,1,5,,
18779704,70,2,708,1,1,2,,
18783852,265,2,601,1,1,4,,
18785553,7,2,368,1,1,2,,
18785629,7,2,97,1,1,4,,
18788798,86,2,183,1,1,,,
18789801,7,2,27,1,1,2,,
18794037,7,2,27,1,1,2,,
18796863,126,2,300,1,1,,,
18798325,7,2,148,1,1,2,,
18799378,41,2,3,1,1,1,,
18800181,3,6,17,1,1,1,,
18801041,66,2,96,1,1,5,,
18803661,30,2,259,1,1,,,
18805639,51,2,597,1,1,5,,
18806617,3,14,10,1,1,,,
18811354,215,2,3363,1,1,5,,
18812990,7,2,83,1,1,,,
18817509,213,2,3364,1,1,5,,
18819143,85,9,19,1,1,6,,
18821562,206,2,512,1,1,,,
18823070,97,2,3365,1,1,1,,
18825343,10,2,2713,1,1,2,,
18835575,117,2,1607,1,1,,,
18836111,45,2,75,1,1,3,,
18836121,55,15,48,1,1,1,,
18837764,90,2,1544,1,1,1,,
18838319,7,2,770,1,1,2,,
18841108,5,2,1260,1,1,4,,
18842066,7,2,27,1,1,1,,
18843073,7,2,31,1,1,2,,
18845513,9,2,58,1,1,2,,
18846087,70,2,183,1,1,2,,
18850039,7,2,180,1,1,,,
18851732,9,2,180,1,1,5,,
18851779,527,2,2650,1,1,1,,
18851851,7,2,122,1,1,1,,
18852745,66,2,3019,1,1,,,
18853517,7,2,129,1,1,1,,
18854998,7,2,148,1,1,3,,
18858481,658,2,3366,1,1,5,,
18859996,14,2,3367,1,1,3,,
18860044,4,2,11,1,1,3,,
18860134,7,2,462,1,1,4,,
18861683,7,2,654,1,1,3,,
18861876,4,2,5,1,1,2,,
18863748,7,2,157,1,1,1,,
18864595,7,2,27,1,1,,,
18866757,7,2,27,1,1,2,,
18866869,7,2,97,1,1,1,,
18868393,7,2,748,1,1,5,,
18872895,206,2,656,1,1,,,
18872958,10,2,3,1,1,2,,
18873281,126,2,1486,1,1,2,,
18874770,3,16,644,1,1,,,
18880506,572,6,2189,1,1,1,,
18880849,10,2,3,1,1,4,,
18882983,7,2,148,1,1,3,,
18883511,69,3,6,1,1,1,,
18888538,20,6,17,1,1,4,,
18892393,3,15,48,1,1,4,,
18894479,148,2,354,1,1,2,,
18896302,22,6,1978,1,1,,,
18901172,148,2,3368,1,1,,,
18907151,148,2,354,1,1,,,
18908080,6,2,5,1,1,2,,
18909254,9,2,1670,1,1,2,,
18910309,9,2,27,1,1,,,
18911159,86,2,183,1,1,1,,
18913097,90,2,186,1,1,1,,
18920775,49,2,290,1,1,5,,
18922914,7,2,27,1,1,5,,
18923058,27,2,112,1,1,7,,
18924094,3,2,1098,1,1,,,
18924689,43,2,935,1,1,4,,
18924711,3,14,10,1,1,5,,
18926470,213,2,380,1,1,,,
18928134,7,2,399,1,1,2,,
18928478,66,2,1959,1,1,1,,
18933481,10,2,135,1,1,5,,
18937486,124,2,2317,1,1,,,
18939015,86,2,183,1,1,,,
18939959,7,2,861,1,1,4,,
18941869,90,2,3369,1,1,2,,
18942093,18,2,3370,1,1,4,,
18942103,45,2,49,1,1,1,,
18944507,49,2,3371,1,1,3,,
18946009,659,2,708,1,1,,,
18947024,7,2,27,1,1,2,,
18948701,32,2,2781,1,1,,,
18950725,90,2,191,1,1,1,,
18951083,206,2,656,1,1,1,,
18952365,86,2,183,1,1,4,,
18952993,9,2,148,1,1,2,,
18954974,45,2,310,1,1,5,,
18955051,32,2,859,1,1,5,,
18957022,9,2,97,1,1,,,
18957106,55,15,637,1,1,2,,
18957311,148,2,354,1,1,3,,
18957510,32,2,71,1,1,,,
18957531,7,2,14,1,1,3,,
18958367,10,2,1894,1,1,2,,
18958616,18,2,3372,1,1,6,,
18962659,126,2,300,1,1,2,,
18967339,23,2,1035,1,1,6,,
18967933,22,6,982,1,1,2,,
18969426,148,2,354,1,1,3,,
18970992,18,2,1083,1,1,2,,
18976576,4,2,3373,1,1,1,,
18977718,103,2,104,1,1,4,,
18985381,50,2,79,1,1,5,,
18987662,9,2,148,1,1,3,,
18993001,55,15,48,1,1,1,,
18997318,125,2,3194,1,1,2,,
18998760,126,2,300,1,1,1,,
19001830,39,2,131,1,1,1,,
19002316,7,2,27,1,1,1,,
19002322,3,2,354,1,1,,,
19005883,125,2,164,1,1,4,,
19006654,7,2,993,1,1,2,,
19010676,7,2,14,1,1,,,
19010816,9,2,323,1,1,1,,
19011264,126,2,3374,1,1,2,,
19011735,7,2,3375,1,1,5,,
19011961,73,2,432,1,1,,,
19013666,7,2,314,1,1,,,
19016553,7,2,180,1,1,,,
19018424,9,2,27,1,1,2,,
19018481,72,2,3376,1,1,2,,
19018544,9,2,121,1,1,3,,
19021877,7,2,58,1,1,1,,
19022927,5,2,45,1,1,1,,
19024086,9,2,399,1,1,3,,
19024110,70,2,183,1,1,,,
19024424,9,2,957,1,1,7,,
19024588,5,2,71,1,1,3,,
19025053,124,2,300,1,1,1,,
19027659,70,2,3377,1,1,4,,
19028770,4,2,3378,1,1,7,,
19029173,7,2,27,1,1,5,,
19033295,38,2,3379,1,1,2,,
19035543,7,2,97,1,1,1,,
19035589,9,2,27,1,1,3,,
19036442,125,2,69,1,1,1,,
19043897,9,2,3380,1,1,,,
19045766,4,2,5,1,1,4,,
19049193,31,2,75,1,1,2,,
19049768,4,2,11,1,1,,,
19050085,7,2,462,1,1,,,
19052015,38,2,332,1,1,6,,
19055514,7,2,1547,1,1,1,,
19057123,171,5,3381,1,1,7,,
19065753,9,2,97,1,1,1,,
19070263,99,2,26,1,1,1,,
19070722,4,2,5,1,1,1,,
19071137,23,2,3382,1,1,5,,
19071979,3,14,10,1,1,1,,
19074411,363,6,3383,1,1,,,
19074477,124,2,3384,1,1,,,
19076380,41,2,3,1,1,1,,
19076715,9,2,1496,1,1,2,,
19086029,66,2,3385,1,1,1,,
19086748,7,2,148,1,1,7,,
19087984,3,14,10,1,1,1,,
19090238,7,2,904,1,1,1,,
19094274,4,2,5,1,1,1,,
19097430,148,2,354,1,1,,,
19098558,7,2,58,1,1,3,,
19101288,9,2,14,1,1,3,,
19105433,3,14,10,1,1,3,,
19106080,41,2,3,1,1,,,
19109813,49,2,38,1,1,3,,
19114724,70,2,1736,1,1,,,
19116379,90,2,422,1,1,2,,
19117852,2,2,15,1,1,7,,
19118110,126,2,2891,1,1,1,,
19122022,52,2,84,1,1,1,,
19122693,38,2,1191,1,1,2,,
19126013,54,2,260,1,1,7,,
19126237,103,2,271,1,1,7,,
19126366,31,2,51,1,1,1,,
19126858,660,6,17,1,1,7,,
19126975,45,2,532,1,1,2,,
19130946,661,40,3386,1,1,6,,
19131108,7,2,551,1,1,7,,
19131883,7,2,188,1,1,1,,
19132352,3,2,77,1,1,1,,
19134588,5,2,71,1,1,2,,
19135516,22,6,17,1,1,5,,
19137257,3,2,338,1,1,,,
19138807,7,2,58,1,1,,,
19140927,115,2,272,1,1,1,,
19141024,9,2,70,1,1,1,,
19141448,7,2,239,1,1,4,,
19142259,4,2,4,1,1,6,,
19147972,9,2,3387,1,1,3,,
19149854,184,2,3388,1,1,2,,
19150067,9,2,661,1,1,2,,
19152901,645,6,1094,1,1,1,,
19153105,18,2,627,1,1,2,,
19154367,9,2,97,1,1,5,,
19156404,3,2,3,1,1,2,,
19158808,27,2,62,1,1,7,,
19159405,1,6,17,1,1,2,,
19159422,50,2,79,1,1,2,,
19159835,7,2,457,1,1,1,,
19161931,5,2,45,1,1,2,,
19163454,9,2,97,1,1,1,,
19168140,9,2,506,1,1,1,,
19169717,9,2,97,1,1,2,,
19171010,7,2,27,1,1,2,,
19171969,10,2,1642,1,1,1,,
19173111,50,2,1092,1,1,,,
19176577,215,2,346,1,1,1,,
19180090,103,2,2205,1,1,1,,
19181511,9,2,97,1,1,1,,
19181907,40,2,374,1,1,4,,
19181972,3,2,97,1,1,2,,
19182391,348,2,215,1,1,3,,
19183268,9,2,97,1,1,,,
19183899,22,6,17,1,1,4,,
19184070,169,2,1790,1,1,1,,
19190910,262,15,758,1,1,1,,
19192967,50,2,79,1,1,1,,
19193079,7,2,551,1,1,4,,
19195713,105,2,597,1,1,5,,
19201476,10,2,3,1,1,5,,
19202029,39,2,3389,1,1,,,
19207362,7,2,58,1,1,3,,
19208334,3,14,10,1,1,3,,
19210698,52,2,256,1,1,,,
19212348,662,10,50,1,1,5,,
19212961,7,2,58,1,1,2,,
19213235,7,2,129,1,1,2,,
19214473,5,2,1104,1,1,3,,
19225878,213,2,380,1,1,2,,
19228389,90,2,287,1,1,,,
19230941,50,2,3390,1,1,1,,
19240713,125,2,428,1,1,2,,
19241987,9,2,97,1,1,3,,
19253284,25,2,3391,1,1,,,
19255127,10,2,3,1,1,3,,
19258959,663,61,3392,1,1,4,,
19263513,32,2,758,1,1,,,
19264941,41,2,2713,1,1,5,,
19264966,9,2,31,1,1,2,,
19408399,56,2,3393,1,1,1,,
19415667,24,13,1884,1,1,6,,
19436844,63,2,971,1,1,,,
19465705,4,2,11,1,1,3,,
19473308,49,2,38,1,1,,,
19599893,263,2,573,1,1,1,,
19788656,3,6,3394,1,1,2,,
19931134,148,2,354,1,1,3,,
20053380,3,6,3395,1,1,1,,
20085097,224,21,567,1,1,2,,
20107770,67,2,2199,1,1,3,,
20136406,18,2,15,1,1,1,,
20138539,90,2,154,1,1,,,
20153896,18,2,3396,1,1,1,,
20160157,21,5,3397,1,1,5,,
20237396,72,2,1039,1,1,1,,
20256169,27,2,23,1,1,4,,
20276373,3,2,58,1,1,1,,
20279212,2,2,15,1,1,,,
20280568,7,2,3398,1,1,1,,
20282677,9,2,122,1,1,3,,
20287647,54,2,1804,1,1,3,,
20289255,7,2,468,1,1,1,,
20299330,2,2,15,1,1,2,,
20300578,9,2,58,1,1,4,,
20305438,3,6,1094,1,1,1,,
20313486,3,2,93,1,1,,,
20327408,27,2,265,1,1,2,,
20330166,9,2,315,1,1,3,,
20334671,63,2,1237,1,1,1,,
20339777,7,2,3399,1,1,4,,
20353970,49,2,38,1,1,4,,
20356748,7,2,27,1,1,,,
20366006,70,2,708,1,1,5,,
20366228,7,2,157,1,1,6,,
20375825,41,2,140,1,1,3,,
20461724,7,2,157,1,1,1,,
20463274,45,2,348,1,1,3,,
20471014,7,2,97,1,1,1,,
20477139,156,2,1703,1,1,2,,
20488827,2,2,15,1,1,,,
20491162,664,36,2561,1,1,5,,
20503060,6,2,5,1,1,,,
20505073,4,2,99,1,1,2,,
20507081,49,2,38,1,1,5,,
20527853,38,2,1211,1,1,4,,
20529592,38,2,3400,1,1,3,,
20543552,562,2,3401,1,1,2,,
20555512,7,2,97,1,1,2,,
20568184,58,10,25,1,1,1,,
20571175,98,2,3402,1,1,3,,
20650934,1,6,3403,1,1,4,,
20682533,3,14,10,1,1,,,
20700988,45,2,360,1,1,,,
20840335,23,2,762,1,1,7,,
21232722,19,2,26,1,1,4,,
21528485,41,2,877,1,1,7,,
21605041,10,2,3,1,1,3,,
21675150,27,2,26,1,1,2,,
22137962,90,2,186,1,1,,,
22182707,3,6,3404,1,1,,,
22199984,90,2,186,1,1,2,,
22208562,22,6,17,1,1,5,,
22237469,3,14,10,1,1,2,,
22273004,4,2,11,1,1,4,,
22283894,44,2,238,1,1,5,,
22284791,665,2,2040,1,1,,,
22285419,329,2,2015,1,1,,,
22289306,4,2,5,1,1,1,,
22289362,120,2,2349,1,1,1,,
22290204,2,2,15,1,1,2,,
22292326,9,2,77,1,1,2,,
22292832,50,2,317,3,2,5,311,4471
22293481,90,2,1157,1,1,5,,
22293588,73,2,88,1,1,7,,
22293812,103,2,250,1,1,2,,
22294659,170,2,3405,1,1,3,,
22295049,67,2,594,1,1,2,,
22295518,50,2,924,1,1,3,,
22296732,106,2,887,1,1,3,,
22296765,666,2,3406,1,1,1,,
22297879,10,2,3,1,1,1,,
22298142,41,2,1913,1,1,3,,
22298153,43,2,550,1,1,2,,
22303218,103,2,3407,1,1,5,,
22304809,30,2,106,1,1,2,,
22306569,41,2,2736,1,1,,,
22307418,103,2,104,1,1,5,,
22307995,6,2,4,1,1,2,,
22309011,125,2,164,1,1,6,,
22309455,90,2,154,1,1,2,,
22310699,7,2,58,1,1,1,,
22313360,41,2,3,1,1,,,
22315079,90,2,1403,1,1,1,,
22315839,54,2,88,1,1,3,,
22317555,16,2,3408,1,1,1,,
22318663,6,14,10,1,1,5,,
22321191,66,2,136,1,1,5,,
22321614,4,2,11,1,1,1,,
22325267,42,2,68,1,1,1,,
22326123,115,2,1278,1,1,3,,
22330287,38,2,514,1,1,5,,
22331451,4,2,289,1,1,,,
22332371,90,2,1283,1,1,5,,
22333951,170,2,421,1,1,2,,
22338085,14,2,357,1,1,6,,
22338645,51,2,597,1,1,5,,
22341072,3,2,350,1,1,1,,
22341197,4,2,167,1,1,5,,
22345456,16,2,3050,1,1,,,
22346462,72,2,137,1,1,,,
22349600,43,2,151,1,1,6,,
22350072,90,2,722,1,1,3,,
22448914,27,2,455,1,1,1,,
22497405,50,2,3409,1,1,2,,
22533177,3,18,159,1,1,,,
22582874,4,2,114,1,1,5,,
22642903,3,18,3410,1,1,,,
22711213,4,2,448,1,1,1,,
22719467,3,18,3411,1,1,,,
22817478,667,9,19,1,1,5,,
22993337,3,18,3412,1,1,,,
23130639,51,2,1805,1,1,2,,
23342970,70,2,708,1,1,1,,
23431103,39,2,59,1,1,1,,
23674217,9,2,3413,1,1,2,,
23682689,7,2,97,1,1,4,,
23685281,66,2,136,1,1,1,,
23698390,120,2,2044,1,1,6,,
23700936,7,2,3414,1,1,1,,
23707224,9,2,97,1,1,,,
23707268,7,2,1174,1,1,,,
23712610,206,2,469,1,1,2,,
23715108,9,2,1194,1,1,2,,
23717227,2,2,15,1,1,2,,
23718587,9,2,27,1,1,1,,
23720119,97,2,1299,1,1,1,,
23732324,310,17,1139,1,1,4,,
23736706,27,2,64,1,1,3,,
23740513,7,2,97,1,1,,,
23741284,3,2,104,1,1,3,,
23748018,89,6,3415,1,1,,,
23748354,7,2,12,1,1,2,,
23751843,43,2,1234,1,1,1,,
23757062,54,2,107,1,1,2,,
23758287,7,2,27,1,1,2,,
23769122,52,2,3416,1,1,4,,
23773433,18,2,15,1,1,,,
23790517,2,2,15,1,1,1,,
24207950,23,2,1840,1,1,5,,
24223059,3,14,10,1,1,,,
24497465,6,2,11,1,1,6,,
24595636,9,2,157,1,1,2,,
24598581,4,2,4,1,1,1,,
24599526,160,2,808,1,1,3,,
24705753,360,21,3417,1,1,3,,
24765796,18,2,617,1,1,1,,
24770912,10,2,501,1,1,7,,
24771889,3,2,59,1,1,2,,
24772886,38,2,3418,1,1,,,
24773027,3,10,219,1,1,6,,
24774475,70,2,737,1,1,1,,
24779154,3,2,3419,1,1,,,
24783785,73,2,107,1,1,1,,
24787024,72,2,3420,1,1,5,,
24789625,83,2,64,1,1,,,
24791306,90,2,287,1,1,2,,
24791959,666,2,4,1,1,1,,
24793330,7,2,500,1,1,2,,
24794327,7,2,97,1,1,1,,
24795036,25,2,38,1,1,5,,
24796585,16,2,128,1,1,2,,
24798162,3,14,3421,1,1,,,
24970594,31,2,44,1,1,1,,
24971222,66,2,2169,1,1,2,,
24972212,3,2,11,1,1,5,,
24973087,43,2,604,1,1,2,,
24977642,103,2,478,1,1,4,,
24977662,6,2,3422,1,1,,,
24981370,10,2,3,1,1,4,,
24985505,153,2,380,1,1,2,,
24985693,6,2,3423,1,1,3,,
24989722,668,2,3424,1,1,5,,
24996269,90,2,186,1,1,3,,
24998438,3,2,10,1,1,4,,
24999180,6,2,289,1,1,2,,
24999271,106,2,347,1,1,,,
24999272,170,2,421,1,1,7,,
24999297,10,2,3,1,1,3,,
24999334,52,2,495,1,1,2,,
24999390,26,2,1236,1,1,,,
25000731,56,2,617,1,1,1,,
25002018,16,2,120,1,1,1,,
25005278,42,2,68,1,1,1,,
25006364,25,2,38,1,1,1,,
25006517,3,20,994,1,1,5,,
25006620,6,2,4,1,1,2,,
25007163,62,2,686,1,1,5,,
25011932,4,2,4,1,1,2,,
25013682,4,2,11,1,1,,,
25014658,51,2,597,1,1,2,,
25015327,72,2,445,1,1,1,,
25015580,4,2,5,1,1,3,,
25016456,4,2,448,1,1,2,,
25017205,27,2,23,1,1,5,,
25018455,16,2,22,1,1,,,
25019084,7,2,14,1,1,2,,
25020605,6,2,5,1,1,1,,
25022906,277,2,3425,1,1,4,,
25024885,5,2,1159,1,1,4,,
25025748,9,2,3426,1,1,2,,
25026529,10,2,3,1,1,1,,
25026534,27,2,224,1,1,2,,
25027079,41,2,3,1,1,5,,
25030011,31,2,44,1,1,7,,
25034266,263,2,3427,1,1,1,,
25035049,26,2,175,1,1,2,,
25037118,90,2,186,1,1,2,,
25037501,44,2,164,1,1,5,,
25039398,4,2,289,1,1,5,,
25039553,6,2,893,1,1,4,,
25040356,41,2,3,1,1,5,,
25040991,62,2,648,1,1,7,,
25041007,47,12,3428,1,1,6,,
25041466,73,2,3429,1,1,,,
25041996,90,2,2253,1,1,1,,
25042938,4,2,167,1,1,4,,
25046935,4,2,5,1,1,2,,
25047510,151,2,367,1,1,1,,
25050544,34,15,2046,1,1,7,,
25051521,17,2,371,1,1,1,,
25053600,169,2,2282,1,1,2,,
25058244,669,24,2252,1,1,1,,
25061735,4,2,4,1,1,2,,
25063956,40,2,59,1,1,1,,
25065378,167,2,3430,1,1,3,,
25066691,606,2,11,1,1,2,,
25066731,14,2,292,1,1,1,,
25067736,32,2,7,1,1,2,,
25068381,4,2,11,1,1,3,,
25071028,90,2,615,1,1,,,
25071758,3,55,3431,1,1,3,,
25074192,9,2,27,1,1,5,,
25074734,51,2,231,1,1,2,,
25076635,72,2,3432,1,1,2,,
25077508,56,2,3433,1,1,,,
25079991,4,2,4,1,1,3,,
25169484,90,2,1039,1,1,3,,
25169959,29,2,347,1,1,1,,
25170579,124,2,2398,1,1,6,,
25172167,90,2,186,1,1,1,,
25172697,42,2,1234,1,1,,,
25174491,90,2,1437,1,1,4,,
25174692,38,2,3434,1,1,2,,
25177185,17,2,257,1,1,1,,
25179038,2,2,15,1,1,2,,
25853870,3,12,3435,1,1,,,
26197226,18,2,90,1,1,1,,
26216290,27,2,23,1,1,4,,
26218301,25,2,358,1,1,1,,
26234183,38,2,3436,1,1,1,,
26241420,58,10,3437,1,1,5,,
26244696,7,2,239,1,1,2,,
26283799,52,2,3438,1,1,7,,
26304031,2,2,1697,1,1,,,
26330938,29,2,1717,1,1,2,,
26483081,348,2,3439,1,1,2,,
26485848,67,2,132,1,1,2,,
26489299,20,6,17,1,1,,,
26489526,126,2,3440,1,1,,,
26494838,9,2,58,1,1,4,,
26499557,17,2,224,1,1,,,
26507048,4,2,5,1,1,2,,
26510546,50,2,79,1,1,5,,
26515164,32,2,45,1,1,1,,
26518413,26,2,120,1,1,4,,
26524090,125,2,428,1,1,2,,
26530402,45,2,2187,1,1,4,,
26531259,67,2,2786,1,1,4,,
26535804,206,2,512,1,1,1,,
26548053,169,2,420,1,1,1,,
26553522,670,2,3441,1,1,3,,
26560101,22,6,3442,1,1,1,,
26562248,4,2,5,1,1,1,,
26574100,28,13,3443,1,1,2,,
26603884,125,2,69,1,1,2,,
26621580,27,2,23,1,1,1,,
26638644,45,2,3444,1,1,2,,
26647085,10,2,402,1,1,2,,
26739667,103,2,2063,1,1,1,,
26998221,6,2,4,1,1,,,
26999649,4,2,2284,1,1,5,,
27001650,49,2,38,1,1,,,
27001971,103,2,3445,1,1,1,,
27002539,90,2,1130,1,1,4,,
27003461,30,2,3135,1,1,,,
27006124,606,2,360,1,1,,,
27007984,72,2,2984,1,1,,,
27008813,39,2,59,1,1,2,,
27010849,50,2,317,1,1,1,,
27011537,103,2,104,1,1,5,,
27011869,25,2,187,1,1,5,,
27012092,26,2,297,1,1,3,,
27014139,6,2,289,1,1,1,,
27016156,2,2,15,1,1,2,,
27016229,4,2,3446,1,1,2,,
27017673,72,2,154,1,1,1,,
27021761,38,2,2277,1,1,1,,
27022839,671,6,229,1,1,1,,
27023551,26,2,739,1,1,2,,
27023610,41,2,3,1,1,,,
27025038,17,2,23,1,1,1,,
27025718,76,2,2146,1,1,2,,
27028124,201,2,1033,1,1,2,,
27033415,7,2,172,1,1,1,,
27046604,3,17,3447,1,1,1,,
27046999,672,32,3448,1,1,2,,
27053549,3,2,10,1,1,3,,
27055364,14,2,671,1,1,2,,
27057164,30,2,106,1,1,3,,
27060685,106,2,839,1,1,1,,
27062130,9,2,157,1,1,3,,
27063436,52,2,256,1,1,5,,
27064184,169,2,887,1,1,1,,
27064924,49,2,221,1,1,7,,
27090984,72,2,2076,1,1,,,
27091240,673,2,3449,1,1,3,,
27093235,67,2,298,1,1,1,,
27093959,18,2,1316,1,1,2,,
27094606,17,2,126,1,1,5,,
27096316,41,2,3,1,1,3,,
27096797,10,2,3,1,1,2,,
27097933,17,2,224,1,1,1,,
27099326,26,2,2268,1,1,3,,
27099627,44,2,816,1,1,4,,
27099888,43,2,68,1,1,7,,
27102121,49,2,3450,1,1,1,,
27103815,22,6,17,1,1,1,,
27112895,202,2,238,1,1,,,
27114546,38,2,2445,1,1,,,
27116821,52,2,473,1,1,7,,
27118902,262,15,758,1,1,1,,
27119082,25,2,38,1,1,3,,
27119385,9,2,97,1,1,,,
27120059,18,2,15,1,1,4,,
27120314,208,2,281,1,1,2,,
27122117,9,2,157,1,1,2,,
27123223,7,2,27,1,1,,,
27126564,49,2,64,1,1,2,,
27129947,674,22,3451,1,1,1,,
27134929,176,2,396,1,1,2,,
27135429,18,2,15,1,1,4,,
27135533,19,2,26,1,1,4,,
27135632,675,13,3452,1,1,5,,
27136255,56,2,284,1,1,3,,
27137079,52,2,401,1,1,3,,
27138619,478,6,986,1,1,,,
27138794,25,2,78,1,1,2,,
27139071,39,2,507,1,1,6,,
27146879,51,2,230,1,1,,,
27148859,56,2,3453,1,1,2,,
27148871,72,2,1985,1,1,2,,
27150813,2,2,617,1,1,5,,
27151626,90,2,287,1,1,,,
27154679,2,2,15,1,1,2,,
27156178,72,2,287,1,1,5,,
27157459,43,2,68,1,1,7,,
27159667,120,2,996,1,1,2,,
27162505,42,2,1953,1,1,1,,
27163792,90,2,309,1,1,1,,
27168700,4,2,114,1,1,1,,
27169417,1,6,17,1,1,2,,
27169698,410,38,1091,1,1,2,,
27169808,6,2,1880,1,1,,,
27169861,41,2,326,1,1,,,
27170977,66,2,591,1,1,5,,
27172557,6,2,4,1,1,5,,
27172942,51,2,230,1,1,5,,
27179912,18,2,15,1,1,2,,
27180004,43,2,1001,1,1,2,,
27181756,56,2,3454,1,1,2,,
27181930,7,2,157,1,1,3,,
27183154,6,2,5,1,1,5,,
27185258,18,2,15,1,1,6,,
27185316,90,2,1157,1,1,5,,
27186573,67,2,223,1,1,,,
27189095,27,2,112,1,1,1,,
27189203,41,2,3035,1,1,1,,
27190961,62,2,761,1,1,3,,
27192649,9,2,3455,1,1,5,,
27193097,72,2,186,1,1,1,,
27194463,41,2,3,1,1,1,,
27196316,4,2,701,1,1,3,,
27196471,103,2,271,1,1,2,,
27196805,70,2,130,1,1,3,,
27198557,30,2,42,1,1,5,,
27199412,676,2,3456,1,1,,,
27200277,52,2,84,1,1,2,,
27200360,23,2,1619,1,1,5,,
27200490,208,2,281,1,1,2,,
27201215,51,2,230,1,1,2,,
27205473,62,2,104,1,1,1,,
27205558,105,2,230,1,1,,,
27206033,3,2,15,1,1,1,,
27206372,43,2,68,1,1,2,,
27207386,27,2,23,1,1,1,,
27207753,4,2,2466,1,1,3,,
27207794,90,2,3457,1,1,1,,
27208773,18,2,15,1,1,,,
27210075,90,2,191,1,1,3,,
27210299,6,2,4,1,1,2,,
27213203,7,2,27,1,1,5,,
27215230,4,2,11,1,1,2,,
27217709,4,2,3458,1,1,1,,
27218999,30,2,3459,1,1,2,,
27224904,29,2,1462,1,1,,,
27225560,202,2,527,1,1,2,,
27226020,2,2,832,1,1,2,,
27227384,62,2,104,1,1,3,,
27228972,38,2,3460,1,1,5,,
27229436,3,2,4,1,1,,,
27230924,52,2,473,1,1,1,,
27236146,213,2,380,1,1,,,
27236234,52,2,1675,1,1,5,,
27237129,10,2,3,1,1,4,,
27237424,10,2,3,1,1,3,,
27238053,30,2,225,1,1,1,,
27238136,6,2,11,1,1,,,
27238830,120,2,1167,1,1,1,,
27239038,3,2,15,1,1,2,,
27239179,41,2,3,1,1,3,,
27239596,49,2,221,1,1,4,,
27240000,10,2,3,1,1,1,,
27241219,2,2,2135,1,1,4,,
27242009,6,2,448,1,1,4,,
27243090,49,2,38,1,1,2,,
27244826,49,2,286,1,1,2,,
27244848,38,2,303,1,1,4,,
27245221,22,6,17,1,1,2,,
27245421,14,2,1211,1,1,2,,
27246419,206,2,469,1,1,5,,
27247202,90,2,1279,1,1,4,,
27247732,18,2,15,1,1,2,,
27247773,49,2,187,1,1,2,,
27249670,103,2,351,1,1,1,,
27249912,4,2,11,1,1,6,,
27253098,16,2,128,1,1,,,
27283627,677,13,1700,1,1,4,,
27337687,400,13,3461,1,1,,,
27449660,3,2,15,1,1,,,
27450422,2,2,15,1,1,1,,
27450706,90,2,445,1,1,2,,
27450771,3,2,11,1,1,2,,
27606163,678,13,3462,1,1,,,
27669228,4,2,359,1,1,1,,
27683698,237,13,3463,1,1,4,,
27907642,3,13,3177,1,1,4,,
27938236,565,13,10,1,1,,,
28117750,39,2,1239,1,1,,,
28119561,277,2,97,1,1,2,,
28119793,22,6,225,1,1,7,,
28120168,4,2,5,1,1,5,,
28120587,50,2,3464,1,1,3,,
28124006,54,2,794,1,1,1,,
28125361,169,2,2900,1,1,1,,
28126126,38,2,3465,1,1,1,,
28126191,20,6,17,1,1,5,,
28126654,18,2,433,1,1,1,,
28127993,39,2,374,1,1,1,,
28129827,9,2,58,1,1,,,
28130220,679,22,517,1,1,7,,
28130604,66,2,93,1,1,2,,
28130841,7,2,94,1,1,3,,
28131533,90,2,287,1,1,5,,
28131629,265,2,601,1,1,3,,
28132344,38,2,115,1,1,1,,
28132450,115,2,3466,1,1,4,,
28133267,51,2,81,1,1,2,,
28133909,90,2,445,1,1,2,,
28134739,125,2,3467,1,1,4,,
28136170,4,2,5,1,1,2,,
28140159,66,2,96,1,1,1,,
28141046,90,2,287,1,1,2,,
28141123,22,6,17,1,1,1,,
28143637,3,6,17,1,1,,,
28145223,7,2,97,1,1,1,,
28145529,4,2,2136,1,1,4,,
28146782,10,2,531,1,1,1,,
28147691,25,2,753,1,1,,,
28148004,4,2,4,1,1,5,,
28148044,17,2,224,1,1,5,,
28149099,66,2,1021,1,1,2,,
28149455,38,2,3468,1,1,5,,
28149566,5,2,71,1,1,2,,
28153346,151,2,976,1,1,4,,
28154423,10,2,698,1,1,,,
28154819,114,23,3469,1,1,1,,
28156433,45,2,944,1,1,2,,
28156710,90,2,186,1,1,3,,
28160195,49,2,38,1,1,1,,
28160901,50,2,79,1,1,3,,
28167452,16,2,1391,1,1,1,,
28168617,98,2,488,1,1,3,,
28171732,10,2,372,1,1,,,
28173564,7,2,3470,1,1,3,,
28174530,38,2,3471,1,1,1,,
28177938,215,2,342,1,1,4,,
28178414,103,2,104,1,1,1,,
28182184,50,2,79,1,1,2,,
28254088,18,2,15,1,1,2,,
28387428,38,2,672,1,1,3,,
28389122,7,2,2345,1,1,1,,
28391784,99,2,26,1,1,,,
28395120,7,2,58,1,1,1,,
28398376,7,2,3472,1,1,3,,
28413519,9,2,54,1,1,1,,
28413838,23,2,267,1,1,1,,
28423155,6,2,4,1,1,4,,
28423617,86,2,708,1,1,1,,
28439179,9,2,97,1,1,2,,
28493031,7,2,14,1,1,3,,
28493559,20,6,17,1,1,1,,
28499737,2,2,3473,1,1,1,,
28504765,14,2,1365,1,1,2,,
28506315,18,2,15,1,1,1,,
28514599,73,2,364,1,1,5,,
28537542,7,2,27,1,1,1,,
28539237,120,2,317,1,1,1,,
28539645,10,2,3,1,1,,,
28540342,148,2,668,1,1,4,,
28586740,49,2,38,1,1,2,,
28589430,97,2,1299,1,1,5,,
28589574,10,2,3,1,1,1,,
28595302,4,2,841,1,1,3,,
28596353,54,2,88,1,1,2,,
28597765,23,2,3474,1,1,6,,
28599697,90,2,707,1,1,2,,
28600411,49,2,807,1,1,2,,
28603454,51,2,3475,1,1,5,,
28606404,25,2,73,1,1,2,,
28606991,4,2,2756,1,1,1,,
28608874,49,2,38,1,1,2,,
28609067,4,2,1528,1,1,2,,
28612966,16,2,516,1,1,5,,
28613987,3,2,15,1,1,,,
28623590,90,2,154,1,1,2,,
28624819,83,2,64,1,1,2,,
28626279,7,2,58,1,1,2,,
28627538,43,2,68,1,1,,,
28631042,169,2,3476,1,1,,,
28631247,90,2,445,1,1,,,
28631800,4,2,11,1,1,5,,
28633768,18,2,222,1,1,1,,
28636271,50,2,79,1,1,,,
28637093,3,14,10,1,1,,,
28638555,90,2,615,1,1,6,,
28639873,10,2,3477,1,1,,,
28641913,213,2,380,1,1,1,,
28646291,90,2,1130,1,1,4,,
28647688,4,2,11,1,1,4,,
28648492,125,2,238,1,1,6,,
28649902,103,2,692,1,1,2,,
28650056,9,2,27,1,1,1,,
28653676,27,2,112,1,1,3,,
28653812,43,2,383,1,1,5,,
28656059,151,2,1638,1,1,5,,
28660897,90,2,186,1,1,,,
28660903,103,2,599,1,1,5,,
28660914,16,2,352,1,1,2,,
28663263,9,2,2808,1,1,5,,
28665474,39,2,131,1,1,4,,
28666021,39,2,1726,1,1,,,
28667405,7,2,27,1,1,2,,
28669777,4,2,11,1,1,6,,
28670175,83,2,217,1,1,3,,
28673268,10,2,3,1,1,2,,
28684646,680,2,128,1,1,,,
28695602,7,2,172,1,1,3,,
28725265,7,2,27,1,1,1,,
28734157,144,2,119,1,1,4,,
28766851,28,13,1252,1,1,5,,
28773994,72,2,191,1,1,,,
28780063,202,2,976,1,1,,,
28781839,7,2,1075,1,1,2,,
28782782,54,2,107,1,1,2,,
28788105,2,2,15,1,1,5,,
28790537,55,15,48,1,1,,,
28790778,10,2,624,1,1,2,,
28795909,5,2,71,1,1,2,,
28797462,9,2,180,1,1,3,,
28797463,7,2,97,1,1,1,,
28818796,73,2,2576,1,1,2,,
28827541,2,2,15,1,1,1,,
28850513,50,2,79,1,1,2,,
28855345,9,2,3478,1,1,3,,
28856377,7,2,496,1,1,2,,
28858084,9,2,97,1,1,1,,
28864212,16,2,1236,1,1,1,,
28868872,7,2,1914,1,1,5,,
28871137,1,2,3479,1,1,2,,
28871197,126,2,650,1,1,1,,
28873181,7,2,239,1,1,3,,
28887877,681,35,675,1,1,2,,
28919778,25,2,1119,1,1,1,,
28930721,125,2,347,1,1,3,,
28934351,3,2,15,1,1,2,,
28940906,2,2,15,1,1,4,,
28953588,7,2,658,1,1,1,,
28958655,66,2,1965,1,1,2,,
28969184,23,2,84,1,1,3,,
28973017,9,2,1350,1,1,3,,
28973904,103,2,217,1,1,4,,
28974109,99,2,26,1,1,7,,
28974324,90,2,2690,1,1,1,,
28974428,4,2,167,1,1,3,,
28974490,43,2,902,1,1,5,,
28974940,10,2,3,1,1,1,,
28976317,151,2,976,1,1,2,,
28976612,72,2,580,1,1,1,,
28976988,90,2,287,1,1,2,,
28977553,4,2,359,1,1,5,,
28978143,3,14,10,1,1,7,,
28980137,4,2,4,1,1,5,,
28981049,78,15,3480,1,1,5,,
28985285,10,2,3,1,1,1,,
28985425,45,2,3481,1,1,4,,
28988214,67,2,393,1,1,1,,
28989621,10,2,3,1,1,,,
28992154,22,6,17,1,1,4,,
28993430,2,2,15,1,1,5,,
28994181,90,2,422,1,1,4,,
28995840,83,2,217,1,1,5,,
28999081,16,2,1931,1,1,4,,
29002509,103,2,104,1,1,,,
29012947,7,2,1489,1,1,1,,
29013909,72,2,2061,1,1,1,,
29014871,7,2,27,1,1,2,,
29017200,535,6,73,1,1,1,,
29018003,139,12,65,1,1,5,,
29020708,10,2,3,1,1,,,
29020962,45,2,614,1,1,3,,
29023262,105,2,597,1,1,3,,
29024195,22,6,3482,1,1,1,,
29025449,206,2,952,1,1,3,,
29027385,99,2,26,1,1,1,,
29038355,125,2,238,1,1,1,,
29049031,395,2,3483,1,1,2,,
29090227,4,2,4,1,1,1,,
29119627,7,2,129,1,1,1,,
29120464,43,2,383,1,1,1,,
29120628,682,62,3484,1,1,1,,
29120681,38,2,951,1,1,1,,
29121514,30,2,475,1,1,2,,
29121558,10,2,3,1,1,1,,
29121589,43,2,68,1,1,,,
29274101,148,2,354,1,1,2,,
29279018,45,2,773,1,1,2,,
29283590,7,2,36,1,1,1,,
29285202,90,2,287,1,1,5,,
29289303,56,2,1712,1,1,3,,
29291131,9,2,285,1,1,1,,
29293182,339,6,3485,1,1,,,
29295618,9,2,83,1,1,2,,
29296664,2,2,15,1,1,5,,
29299670,7,2,58,1,1,,,
29303435,32,2,71,1,1,,,
29308364,9,2,713,1,1,3,,
29312475,4,2,2501,1,1,2,,
29316587,10,2,3486,1,1,1,,
29322289,7,2,37,1,1,2,,
29331946,7,2,148,1,1,1,,
29334397,67,2,1716,1,1,2,,
29335510,50,2,136,1,1,5,,
29336138,38,2,714,1,1,5,,
29341171,90,2,287,1,1,7,,
29346585,70,2,183,1,1,5,,
29367821,9,2,157,1,1,2,,
29367946,3,6,17,1,1,2,,
29370706,5,2,1663,1,1,1,,
29372352,7,2,3487,1,1,1,,
30090820,22,6,1920,1,1,,,
30092506,16,2,3488,1,1,3,,
30116522,2,2,627,1,1,,,
30118223,2,2,15,1,1,3,,
30135877,284,33,734,1,1,1,,
30136608,3,2,380,1,1,2,,
30154886,45,2,3489,1,1,2,,
30155276,147,2,360,1,1,4,,
30160523,10,2,404,1,1,1,,
30179852,72,2,186,1,1,1,,
30226705,4,2,528,1,1,2,,
30227466,38,2,357,1,1,3,,
30234110,312,13,1149,1,1,5,,
30238039,3,2,3490,1,1,3,,
30241870,4,2,1192,1,1,2,,
30574460,56,2,1712,1,1,3,,
30579326,3,2,217,1,1,6,,
30594249,7,2,14,1,1,2,,
30598588,7,2,842,1,1,3,,
30599911,86,2,275,1,1,,,
30601088,66,2,96,1,1,1,,
30603138,56,2,1227,1,1,4,,
30624596,56,2,67,1,1,2,,
30626680,62,2,2815,1,1,1,,
30628515,156,2,1886,1,1,1,,
30631579,3,14,10,1,1,3,,
30638514,32,2,3491,1,1,5,,
30641044,120,2,3492,1,1,5,,
30646417,66,2,93,1,1,5,,
30657121,3,40,2197,1,1,1,,
30663635,7,2,27,1,1,2,,
30665330,9,2,27,1,1,4,,
30666065,22,6,3493,1,1,1,,
30671576,10,2,3,1,1,1,,
30696869,27,2,126,1,1,6,,
30715926,67,2,3494,1,1,1,,
30727743,117,2,281,1,1,2,,
30746164,4,2,114,1,1,2,,
30749652,67,2,2211,1,1,2,,
30769477,45,2,614,1,1,1,,
30769813,25,2,3370,1,1,,,
30770924,73,2,1263,1,1,,,
30772606,49,2,38,1,1,4,,
30898036,7,2,27,1,1,4,,
30906873,7,2,58,1,1,5,,
30913302,4,2,114,1,1,1,,
30950491,24,13,35,1,1,5,,
30960415,45,2,75,1,1,2,,
31026672,2,2,15,1,1,1,,
31032366,18,2,2227,1,1,1,,
31058737,90,2,1533,1,1,3,,
31060078,72,2,186,1,1,2,,
31063263,3,2,372,1,1,7,,
31100404,7,2,97,1,1,1,,
31110499,347,2,2147,1,1,3,,
31139044,103,2,250,1,1,5,,
31146407,4,2,528,1,1,3,,
31162076,90,2,287,1,1,1,,
31188432,3,2,3495,1,1,,,
31289889,7,2,120,1,1,3,,
31318625,683,19,3496,1,1,3,,
31346550,6,2,745,1,1,2,,
31356620,38,2,672,1,1,2,,
31370940,7,2,14,1,1,5,,
31384576,3,2,300,1,1,,,
31402435,394,2,3497,1,1,3,,
31407640,41,2,3,1,1,1,,
31407868,49,2,753,1,1,7,,
31410927,309,2,1217,1,1,5,,
31415785,7,2,3498,1,1,5,,
31425081,7,2,54,1,1,4,,
31429967,23,2,3499,1,1,2,,
31430324,9,2,27,1,1,2,,
31437224,9,2,27,1,1,1,,
31437587,3,6,17,1,1,,,
31442119,9,2,368,1,1,1,,
31452471,7,2,1071,1,1,3,,
31453180,184,2,469,1,1,1,,
31462367,2,2,15,1,1,2,,
31464058,7,2,58,1,1,1,,
31464352,7,2,77,1,1,2,,
31473864,32,2,71,1,1,1,,
31474641,231,2,120,1,1,2,,
31476181,39,2,60,1,1,1,,
31487448,24,13,3500,1,1,7,,
31534680,38,2,1191,1,1,1,,
31537981,53,13,85,1,1,7,,
32062918,103,2,276,1,1,2,,
32797105,90,2,659,1,1,1,,
32903428,151,2,367,1,1,5,,
32978357,7,2,27,1,1,2,,
33027863,54,2,882,1,1,2,,
33036803,18,2,15,1,1,,,
33044782,49,2,864,1,1,2,,
33046677,38,2,3501,1,1,1,,
33071072,18,2,863,1,1,1,,
33091694,7,2,260,1,1,1,,
33096489,7,2,145,1,1,2,,
33099074,27,2,1929,1,1,,,
33112179,38,2,3502,1,1,,,
33117343,126,2,792,1,1,,,
33125878,4,2,4,1,1,2,,
33142110,4,2,3503,1,1,,,
33146581,7,2,2163,1,1,2,,
33182201,684,6,3504,1,1,6,,
33182233,151,2,3505,1,1,1,,
33182755,4,2,4,1,1,1,,
33182887,27,2,62,1,1,1,,
33182924,90,2,154,1,1,,,
33183033,23,2,84,1,1,5,,
33183378,90,2,3506,1,1,1,,
33185140,4,2,114,1,1,2,,
33186925,38,2,94,1,1,1,,
33188204,6,2,3507,1,1,2,,
33188902,49,2,187,1,1,5,,
33189811,7,2,1702,1,1,4,,
33189895,125,2,428,1,1,5,,
33190215,83,2,2662,1,1,1,,
33191312,51,2,1284,1,1,2,,
33191324,23,2,3508,1,1,,,
33191355,90,2,186,1,1,2,,
33191624,18,2,15,1,1,2,,
33192703,7,2,3509,1,1,2,,
33194291,27,2,23,1,1,1,,
33197425,7,2,97,1,1,1,,
33202504,31,2,348,1,1,6,,
33202705,16,2,3510,1,1,2,,
33202713,39,2,3511,1,1,2,,
33203683,90,2,1027,1,1,,,
33205879,4,2,359,1,1,1,,
33208551,125,2,466,1,1,5,,
33208579,6,2,11,1,1,2,,
33209816,23,2,241,1,1,2,,
33210525,10,2,416,1,1,5,,
33210974,27,2,248,1,1,,,
33213730,115,2,272,1,1,3,,
33214000,263,2,417,1,1,,,
33215799,49,2,187,1,1,2,,
33216154,38,2,2184,1,1,3,,
33216895,90,2,1039,1,1,7,,
33217558,169,2,3512,1,1,4,,
33218328,45,2,1826,1,1,1,,
33218437,16,2,3513,1,1,1,,
33221218,4,2,1382,1,1,2,,
33222713,51,2,230,1,1,5,,
33229863,6,2,5,1,1,,,
33230340,90,2,580,1,1,3,,
33231183,172,2,272,1,1,1,,
33232018,103,2,104,1,1,2,,
33234310,90,2,2974,1,1,3,,
33235671,4,2,4,1,1,1,,
33238205,45,2,100,1,1,3,,
33238257,99,2,26,1,1,1,,
33242238,18,2,495,1,1,1,,
33242739,2,2,1398,1,1,7,,
33243270,685,10,108,1,1,6,,
33243928,49,2,38,1,1,2,,
33246441,4,2,359,1,1,3,,
33246798,7,2,97,1,1,7,,
33247317,686,63,830,1,1,3,,
33247784,18,2,836,1,1,6,,
33247900,4,2,5,1,1,5,,
33250091,125,2,238,1,1,2,,
33250358,90,2,154,1,1,3,,
33250915,45,2,348,1,1,4,,
33253240,22,6,3514,1,1,,,
33255011,38,2,672,1,1,2,,
33255257,2,2,15,1,1,5,,
33255577,90,2,659,1,1,5,,
33257111,27,2,224,1,1,5,,
33257496,10,2,3,1,1,2,,
33258288,51,2,230,1,1,5,,
33259382,51,2,230,1,1,3,,
33260187,4,2,4,1,1,1,,
33260191,4,2,448,1,1,1,,
33261162,27,2,23,1,1,,,
33263004,76,2,3515,1,1,,,
33264342,4,2,4,1,1,1,,
33265090,7,2,2753,1,1,2,,
33266522,7,2,27,1,1,4,,
33267027,7,2,58,1,1,5,,
33267093,4,2,11,1,1,,,
33269961,5,2,1260,1,1,2,,
33270357,90,2,186,1,1,1,,
33271967,51,2,230,1,1,1,,
33272758,4,2,673,1,1,,,
33273334,49,2,73,1,1,,,
33273880,67,2,594,1,1,,,
33278075,90,2,287,1,1,2,,
33278562,614,49,2001,1,1,2,,
33278848,2,2,15,1,1,,,
33279670,27,2,112,1,1,2,,
33279976,169,2,839,1,1,,,
33280079,103,2,3516,1,1,2,,
33280309,39,2,459,1,1,3,,
33282143,16,2,128,1,1,2,,
33283385,18,2,3517,1,1,5,,
33283552,90,2,422,1,1,3,,
33287110,38,2,357,1,1,2,,
33287969,169,2,839,1,1,3,,
33289415,90,2,615,1,1,,,
33290192,23,2,992,1,1,1,,
33295877,41,2,3,1,1,6,,
33295996,3,2,1902,1,1,5,,
33296963,72,2,422,1,1,1,,
33298797,106,2,2613,1,1,4,,
33300597,3,2,15,1,1,3,,
33300945,22,6,2272,1,1,,,
33301910,43,2,383,1,1,2,,
33302355,6,2,11,1,1,2,,
33303021,26,2,3050,1,1,7,,
33306356,4,2,946,1,1,2,,
33306697,39,2,3518,1,1,,,
33307719,66,2,93,1,1,1,,
33307789,23,2,84,1,1,3,,
33307792,16,2,120,1,1,3,,
33309816,4,2,4,1,1,1,,
33311292,45,2,51,1,1,2,,
33312265,4,2,873,1,1,1,,
33312808,213,2,380,1,1,1,,
33315487,18,2,703,1,1,5,,
33315566,4,2,1382,1,1,1,,
33318100,38,2,3519,1,1,,,
33408697,195,11,3520,1,1,7,,
33434839,27,2,3521,1,1,,,
33434951,687,2,186,1,1,2,,
33440440,90,2,2994,1,1,3,,
33441141,148,2,3522,1,1,2,,
33442103,45,2,310,1,1,2,,
33453885,9,2,129,1,1,1,,
33454032,3,2,3523,1,1,,,
33454391,7,2,54,1,1,2,,
33454666,49,2,38,1,1,1,,
33454681,7,2,910,1,1,,,
33457388,9,2,58,1,1,1,,
33457526,4,2,2651,1,1,5,,
33459161,7,2,1847,1,1,1,,
33472158,7,2,2976,1,1,5,,
33473974,7,2,3455,1,1,,,
33515314,31,2,545,1,1,5,,
33515668,23,2,1676,1,1,4,,
33518902,38,2,3524,1,1,,,
33522126,2,2,15,1,1,3,,
34072437,223,2,3525,1,1,2,,
34125670,53,13,85,1,1,3,,
34202512,18,2,678,1,1,4,,
34214892,206,2,469,1,1,2,,
34216778,70,2,130,1,1,5,,
34218237,4,2,1229,1,1,1,,
34218836,9,2,58,1,1,5,,
34220818,4,2,448,1,1,1,,
34220976,45,2,838,1,1,,,
34221236,7,2,368,1,1,4,,
34221615,66,2,3526,1,1,5,,
34223612,148,2,2708,1,1,,,
34223726,169,2,839,1,1,3,,
34223878,7,2,957,1,1,4,,
34225023,67,2,1004,1,1,,,
34225320,90,2,1464,1,1,3,,
34225337,45,2,75,1,1,5,,
34225999,17,2,257,1,1,1,,
34226479,45,2,44,1,1,,,
34229080,26,2,1966,1,1,1,,
34596816,38,2,3527,1,1,4,,
34627106,115,2,272,1,1,1,,
34629472,3,2,3528,1,1,,,
34632286,9,2,97,1,1,1,,
34651990,39,2,774,1,1,1,,
34654317,688,6,252,1,1,1,,
34654958,689,6,376,1,1,1,,
34674669,9,2,27,1,1,7,,
34675125,7,2,368,1,1,,,
34682146,7,2,360,1,1,,,
34683141,7,2,368,1,1,6,,
34688219,7,2,239,1,1,2,,
34688868,7,2,995,1,1,,,
34694097,55,15,48,1,1,1,,
34697347,206,2,469,1,1,1,,
34708056,5,2,71,1,1,3,,
34709044,41,2,3,1,1,5,,
34721669,38,2,2117,1,1,1,,
34722678,3,2,97,1,1,1,,
34738167,7,2,12,1,1,1,,
34739011,206,2,512,1,1,2,,
34739628,3,10,25,1,1,5,,
34741559,3,6,17,1,1,1,,
34742052,18,2,2772,1,1,2,,
34743066,3,2,183,1,1,,,
34743666,3,14,10,1,1,,,
34747152,3,2,97,1,1,5,,
34755301,3,2,1159,1,1,5,,
34765178,3,2,429,1,1,7,,
34771261,27,2,1581,1,1,2,,
34884813,22,6,17,1,1,1,,
34895126,42,2,3529,1,1,3,,
34901287,18,2,627,1,1,2,,
34902814,45,2,310,1,1,7,,
34912254,4,2,5,1,1,,,
34919730,3,5,472,1,1,2,,
34947348,3,6,17,1,1,5,,
34949677,103,2,104,1,1,2,,
34955371,66,2,93,1,1,5,,
34956912,98,2,217,1,1,5,,
34970149,18,2,15,1,1,2,,
34989352,690,27,3530,1,1,,,
35233986,16,2,3531,1,1,,,
35290332,637,27,3532,1,1,,,
35402196,150,27,3533,1,1,,,
35428876,51,2,230,1,1,7,,
35430327,90,2,191,1,1,1,,
35431930,4,2,44,1,1,3,,
35434603,45,2,305,1,1,5,,
35435108,90,2,1464,1,1,1,,
35437647,4,2,4,1,1,,,
35438392,50,2,1307,1,1,1,,
35438488,23,2,401,1,1,3,,
35438783,39,2,3534,1,1,2,,
35442490,4,2,43,1,1,4,,
35444225,90,2,422,1,1,1,,
35446044,4,2,1258,1,1,5,,
35446724,521,6,3535,1,1,1,,
35449823,51,2,3536,1,1,5,,
35449965,24,13,35,1,1,,,
35450242,90,2,445,1,1,1,,
35451465,38,2,672,1,1,3,,
35451544,66,2,388,1,1,4,,
35451557,514,15,2543,1,1,2,,
35451963,67,2,347,1,1,4,,
35452956,9,2,168,1,1,,,
35457319,27,2,868,1,1,1,,
35459000,170,2,612,1,1,2,,
35459023,51,2,230,1,1,3,,
35462316,2,2,15,1,1,2,,
35462987,7,2,27,1,1,3,,
35463670,51,2,3537,1,1,2,,
35467939,3,14,10,1,1,1,,
35469130,9,2,77,1,1,1,,
35470180,66,2,959,1,1,2,,
35471403,10,2,3,1,1,1,,
35472336,103,2,692,1,1,1,,
35472496,14,2,91,1,1,5,,
35473176,45,2,360,1,1,,,
35473366,72,2,422,1,1,1,,
35475885,3,14,10,1,1,4,,
35477056,34,15,48,1,1,2,,
35477392,50,2,3538,1,1,2,,
35478397,117,2,423,1,1,,,
35480245,90,2,722,1,1,4,,
35481872,4,2,114,1,1,,,
35482712,45,2,44,1,1,3,,
35486746,44,2,544,1,1,,,
35487538,7,2,14,1,1,1,,
35488078,315,2,940,1,1,3,,
35489207,67,2,594,1,1,1,,
35490112,7,2,83,1,1,1,,
35490496,103,2,104,1,1,1,,
35491344,38,2,1469,1,1,3,,
35491785,6,2,4,1,1,,,
35492991,14,2,2117,1,1,5,,
35494557,29,2,811,1,1,2,,
35495086,41,2,3,1,1,1,,
35495217,27,2,23,1,1,3,,
35496069,3,2,422,1,1,,,
35496599,170,2,421,1,1,1,,
35497435,103,2,271,1,1,1,,
35503864,3,14,10,1,1,,,
35504315,208,2,281,1,1,7,,
35504599,29,2,1529,1,1,3,,
35504622,52,2,1035,1,1,1,,
35505010,4,2,3167,1,1,2,,
35505451,4,2,841,1,1,3,,
35505505,4,2,5,1,1,1,,
35506944,90,2,2690,1,1,4,,
35507159,40,2,59,1,1,1,,
35507441,45,2,3539,1,1,1,,
35508156,148,2,354,1,1,4,,
35508199,90,2,287,1,1,1,,
35508262,2,2,15,1,1,1,,
35509253,72,2,1039,1,1,1,,
35509855,67,2,3540,1,1,,,
35510404,4,2,3541,1,1,1,,
35511970,3,2,4,1,1,3,,
35512637,27,2,248,1,1,1,,
35513014,691,13,3542,1,1,,,
35513424,22,6,17,1,1,3,,
35513655,7,2,27,1,1,,,
35514420,38,2,20,1,1,2,,
35515524,30,2,295,1,1,6,,
35517549,3,14,10,1,1,3,,
35518235,3,14,10,1,1,5,,
35518261,3,14,10,1,1,5,,
35519628,31,2,944,1,1,1,,
35520100,103,2,271,1,1,5,,
35522889,3,2,423,1,1,1,,
35523474,6,2,1698,1,1,3,,
35525583,43,2,497,1,1,2,,
35527546,51,2,230,1,1,5,,
35527771,39,2,272,1,1,3,,
35528665,9,2,27,1,1,2,,
35528686,262,15,758,1,1,1,,
35528926,90,2,287,1,1,7,,
35529155,27,2,639,1,1,2,,
35529547,23,2,992,1,1,7,,
35529875,39,2,1514,1,1,2,,
35530106,692,2,3543,1,1,1,,
35532390,4,2,4,1,1,4,,
35533147,183,2,354,1,1,6,,
35534462,43,2,68,1,1,,,
35535319,90,2,191,1,1,,,
35537545,51,2,226,1,1,2,,
35540004,20,6,17,1,1,1,,
35541411,16,2,22,1,1,5,,
35541854,72,2,661,1,1,1,,
35544717,3,14,10,1,1,,,
35545064,66,2,93,1,1,4,,
35545790,4,2,1192,1,1,5,,
35548184,70,2,708,1,1,2,,
35552191,261,2,221,1,1,1,,
35557516,50,2,136,1,1,7,,
35558432,4,2,11,1,1,2,,
35561194,27,2,23,1,1,1,,
35562982,25,2,999,1,1,,,
35563211,120,2,2800,1,1,,,
35566147,105,2,81,1,1,5,,
35570367,150,27,3544,1,1,,,
35571114,30,2,3026,1,1,6,,
35574265,4,2,5,1,1,4,,
35578353,4,2,11,1,1,2,,
35582919,126,2,300,1,1,1,,
35583427,251,13,756,1,1,1,,
35583934,16,2,983,1,1,5,,
35584944,41,2,2231,1,1,5,,
35585529,49,2,38,1,1,6,,
35585953,45,2,1001,1,1,2,,
35586401,23,2,1012,1,1,2,,
35590008,31,2,944,1,1,1,,
35594261,16,2,255,1,1,2,,
35594314,125,2,164,1,1,5,,
35595252,38,2,672,1,1,2,,
35596656,25,2,38,1,1,,,
35598309,6,2,4,1,1,2,,
35598554,90,2,933,1,1,,,
35599412,103,2,104,1,1,,,
35600821,43,2,68,1,1,5,,
35601159,19,2,26,1,1,,,
35601183,6,2,114,1,1,5,,
35602233,4,2,4,1,1,5,,
35603291,288,2,2809,1,1,,,
35603678,172,2,272,1,1,3,,
35604921,50,2,79,1,1,3,,
35605228,16,2,1409,1,1,4,,
35607160,52,2,313,1,1,,,
35608038,40,2,1065,1,1,,,
35615089,67,2,2729,1,1,1,,
35617099,72,2,438,1,1,4,,
35618611,90,2,3001,1,1,2,,
35619034,67,2,330,1,1,,,
35620936,263,2,573,1,1,3,,
35621916,49,2,3134,1,1,3,,
35624908,27,2,3545,1,1,3,,
35624918,66,2,93,1,1,1,,
35625340,18,2,15,1,1,2,,
35627712,6,2,3546,1,1,,,
35628203,39,2,429,1,1,2,,
35628535,16,2,297,1,1,,,
35628993,45,2,348,1,1,,,
35633601,4,2,4,1,1,5,,
35634275,38,2,3400,1,1,1,,
35634312,17,2,1426,1,1,4,,
35634449,4,2,3547,1,1,2,,
35634764,156,2,1827,1,1,1,,
35635688,38,2,3548,1,1,2,,
35636382,206,2,469,1,1,3,,
35639347,3,14,10,1,1,3,,
35640218,45,2,44,1,1,6,,
35644422,4,2,4,1,1,1,,
35646324,49,2,1668,1,1,1,,
35646542,23,2,333,1,1,,,
35647080,49,2,181,1,1,6,,
35647382,22,6,17,1,1,7,,
35650842,103,2,521,1,1,,,
35651131,263,2,573,1,1,,,
35651379,67,2,347,1,1,3,,
35651393,170,2,612,1,1,5,,
35651421,693,15,1469,1,1,1,,
35654449,90,2,438,1,1,1,,
35655603,4,2,4,1,1,,,
35656473,51,2,81,1,1,2,,
35657894,7,2,957,1,1,2,,
35659388,54,2,670,1,1,4,,
35661131,49,2,1152,1,1,1,,
35661937,23,2,182,1,1,1,,
35662743,38,2,1211,1,1,5,,
35664407,90,2,2805,1,1,4,,
35666619,170,2,421,1,1,4,,
35666630,4,2,5,1,1,,,
35667348,6,2,11,1,1,3,,
35668062,41,2,3,1,1,1,,
35671596,49,2,38,1,1,2,,
35672438,90,2,2739,1,1,2,,
35672836,4,2,4,1,1,7,,
35673055,49,2,38,1,1,3,,
35673384,62,2,3549,1,1,,,
35673496,18,2,15,1,1,2,,
35674851,176,2,118,1,1,2,,
35675031,170,2,3550,1,1,,,
35676350,4,2,4,1,1,1,,
35676539,215,2,346,1,1,3,,
35677530,43,2,550,1,1,1,,
35678257,90,2,186,1,1,2,,
35678653,3,14,10,1,1,3,,
35678713,18,2,15,1,1,3,,
35679573,45,2,773,1,1,4,,
35680186,10,2,2415,1,1,1,,
35681115,38,2,3551,1,1,1,,
35681130,4,2,11,1,1,4,,
35681828,45,2,540,1,1,2,,
35682245,14,2,1810,1,1,4,,
35682513,4,2,11,1,1,1,,
35683042,67,2,594,1,1,,,
35684352,3,2,97,1,1,1,,
35686900,3,2,1908,1,1,1,,
35687307,62,2,271,1,1,3,,
35689507,52,2,267,1,1,1,,
35690006,202,2,1696,1,1,,,
35690310,103,2,104,1,1,,,
35690604,3,14,10,1,1,7,,
35690611,39,2,807,1,1,5,,
35691529,148,2,354,1,1,1,,
35692038,3,14,10,1,1,7,,
35693578,3,2,3552,1,1,2,,
35696619,90,2,287,1,1,2,,
35696937,2,2,15,1,1,1,,
35697239,31,2,1445,1,1,1,,
35698659,4,2,4,1,1,1,,
35700507,50,2,79,1,1,,,
35700968,4,2,359,1,1,,,
35701620,49,2,2421,1,1,,,
35701878,43,2,284,1,1,,,
35703330,51,2,373,1,1,1,,
35703630,49,2,187,1,1,3,,
35703702,3,2,3553,1,1,,,
35705706,7,2,36,1,1,3,,
35707306,2,2,15,1,1,2,,
35708385,90,2,3554,1,1,3,,
35717035,54,2,107,1,1,4,,
35719183,4,2,99,1,1,2,,
35816990,2,2,15,1,1,,,
35891828,10,2,3,1,1,3,,
35924427,52,2,182,1,1,3,,
35951080,31,2,49,1,1,2,,
35952321,475,38,3555,1,1,1,,
36011724,3,29,425,1,1,5,,
36013306,38,2,672,1,1,,,
36013336,67,2,3556,1,1,1,,
36015103,30,2,1878,1,1,2,,
36016241,4,2,5,1,1,2,,
36017169,5,2,1628,1,1,1,,
36018087,90,2,1039,1,1,1,,
36020846,10,2,3,1,1,4,,
36074330,7,2,261,1,1,2,,
36077585,7,2,2553,1,1,1,,
36082754,7,2,157,1,1,,,
36089503,4,2,11,1,1,5,,
36092044,2,2,15,1,1,6,,
36098929,9,2,58,1,1,1,,
36098936,41,2,3557,1,1,,,
36113533,56,2,564,1,1,,,
36118000,38,2,3101,1,1,2,,
36120217,27,2,224,1,1,6,,
36128229,7,2,770,1,1,3,,
36128638,694,2,521,1,1,1,,
36133310,7,2,3320,1,1,,,
36141800,309,2,3558,1,1,2,,
36149552,70,2,708,1,1,5,,
36151952,9,2,323,1,1,,,
36158618,7,2,27,1,1,2,,
36158767,9,2,27,1,1,1,,
36162912,22,6,17,1,1,1,,
36164287,348,2,671,1,1,2,,
36768365,3,5,23,1,1,7,,
36845961,50,2,1710,1,1,1,,
36983992,7,2,58,1,1,,,
36992356,7,2,148,1,1,1,,
36994746,56,2,93,1,1,,,
36998854,18,2,1131,1,1,,,
37008737,105,2,230,1,1,1,,
37012803,10,2,1272,1,1,1,,
37024614,52,2,84,1,1,,,
37026920,7,2,58,1,1,1,,
37031064,43,2,68,1,1,4,,
37050314,3,2,84,1,1,2,,
37061987,18,2,15,1,1,2,,
37067372,67,2,223,1,1,1,,
37153108,5,2,71,1,1,1,,
37175224,9,2,77,1,1,2,,
37188753,115,2,2881,1,1,1,,
37192662,9,2,3559,1,1,1,,
37193907,3,2,3560,1,1,,,
37197612,3,6,436,1,1,1,,
37199811,18,2,15,1,1,5,,
37200974,7,2,97,1,1,,,
37205710,70,2,2550,1,1,1,,
37207749,3,2,375,1,1,5,,
37213085,7,2,462,1,1,,,
37213677,3,6,3561,1,1,1,,
37228947,70,2,2550,1,1,,,
37229105,32,2,71,1,1,3,,
37236953,9,2,180,1,1,1,,
37248822,32,2,71,1,1,4,,
37258286,64,2,3562,1,1,6,,
37268793,7,2,179,1,1,1,,
37269899,153,2,376,1,1,3,,
37272664,22,6,986,1,1,,,
37304214,4,2,699,1,1,4,,
37388043,18,2,15,1,1,5,,
37396978,2,2,15,1,1,4,,
37404866,10,2,2074,1,1,4,,
37405727,103,2,104,1,1,7,,
37435467,62,2,104,1,1,1,,
37452329,10,2,326,1,1,,,
37475912,27,2,224,1,1,,,
37481145,7,2,1442,1,1,1,,
37488374,3,4,3563,1,1,1,,
37488959,120,2,79,1,1,1,,
37489579,3,2,708,1,1,3,,
37505625,38,2,3379,1,1,1,,
37506734,9,2,239,1,1,2,,
37507386,9,2,27,1,1,2,,
37512856,7,2,530,1,1,1,,
37521325,50,2,3390,1,1,3,,
37539897,3,31,2535,1,1,2,,
37540512,10,2,92,1,1,2,,
37542124,66,2,93,1,1,1,,
37558517,70,2,708,1,1,1,,
37558576,522,2,452,1,1,,,
37569306,125,2,164,1,1,5,,
37573542,117,2,3564,1,1,1,,
37573759,144,2,94,1,1,3,,
37774195,23,2,1270,1,1,4,,
37778197,3,6,17,1,1,3,,
37799812,43,2,823,1,1,3,,
37834021,7,2,201,1,1,5,,
37841649,208,2,379,1,1,1,,
37894881,124,2,2891,1,1,2,,
37897480,66,2,93,1,1,1,,
37897932,18,2,15,1,1,,,
37898263,263,2,3079,1,1,1,,
37898467,56,2,93,1,1,,,
37899689,117,2,281,1,1,2,,
37901267,3,5,472,1,1,1,,
37902046,125,2,232,1,1,5,,
38040301,99,2,26,1,1,3,,
38074857,7,2,27,1,1,,,
38081505,45,2,49,1,1,3,,
38104971,5,2,987,1,1,,,
38109453,3,2,399,1,1,2,,
38110517,7,2,620,1,1,3,,
38131776,45,2,3444,1,1,3,,
38142348,49,2,221,1,1,2,,
38153526,38,2,94,1,1,3,,
38168289,42,2,1140,1,1,7,,
38169213,7,2,121,1,1,2,,
38734778,38,2,1307,1,1,1,,
39177712,253,33,3565,1,1,1,,
39602585,72,2,287,1,1,1,,
39729811,9,2,97,1,1,1,,
40594979,38,2,1191,1,1,5,,
40653509,31,2,44,1,1,7,,
40653883,90,2,422,1,1,2,,
40654157,62,2,250,1,1,3,,
40654174,2,2,15,1,1,3,,
40654578,31,2,858,1,1,2,,
40655202,7,2,786,1,1,3,,
40655225,6,2,99,1,1,4,,
40655424,9,2,2163,1,1,1,,
40656855,27,2,23,1,1,1,,
40658652,4,2,359,1,1,6,,
40659990,67,2,3566,1,1,1,,
40661083,4,2,4,1,1,1,,
40661516,695,27,3102,1,1,3,,
40661570,4,2,11,1,1,1,,
40663869,169,2,2613,1,1,2,,
40663928,40,2,59,1,1,3,,
40664408,18,2,15,1,1,1,,
40667056,4,2,11,1,1,2,,
40671013,90,2,137,1,1,5,,
40672171,170,2,612,1,1,1,,
40672840,43,2,1953,1,1,3,,
40673251,7,2,399,1,1,2,,
40679097,3,15,48,1,1,1,,
40679674,49,2,38,1,1,2,,
40684054,76,2,688,1,1,3,,
40686583,117,2,159,1,1,,,
40687322,41,2,569,1,1,1,,
40687781,643,2,3567,1,1,6,,
40689305,90,2,287,1,1,,,
40692980,49,2,187,1,1,1,,
40693052,43,2,68,1,1,1,,
40695636,125,2,428,1,1,1,,
40696175,44,2,3568,1,1,1,,
40696247,90,2,191,1,1,,,
40699669,329,2,3569,1,1,5,,
40707710,30,2,141,1,1,7,,
40708769,3,2,3570,1,1,2,,
40712132,105,2,230,1,1,1,,
40717284,78,15,3571,1,1,2,,
40722994,3,2,347,1,1,,,
40723158,14,2,292,1,1,,,
40725122,3,14,10,1,1,2,,
40731493,72,2,3572,1,1,1,,
40734129,4,2,701,1,1,3,,
40739036,52,2,84,1,1,1,,
40739537,39,2,3573,1,1,1,,
40740990,90,2,1050,1,1,2,,
40741999,151,2,367,1,1,3,,
40745059,30,2,106,1,1,3,,
40745219,90,2,445,1,1,7,,
40749991,2,2,15,1,1,6,,
40750697,25,2,38,1,1,2,,
40757197,696,2,11,1,1,1,,
40761690,45,2,360,1,1,5,,
40764162,72,2,186,1,1,2,,
40767767,10,2,140,1,1,1,,
40770158,38,2,86,1,1,2,,
40771369,90,2,186,1,1,5,,
40777799,7,2,97,1,1,1,,
40777975,7,2,2971,1,1,2,,
40778606,117,2,3574,1,1,4,,
40778769,27,2,3575,1,1,1,,
40779086,9,2,314,1,1,1,,
40784850,90,2,186,1,1,1,,
40786662,90,2,191,1,1,,,
40786863,288,2,989,1,1,1,,
40787265,125,2,516,1,1,5,,
40792063,45,2,360,1,1,1,,
40797183,2,2,15,1,1,2,,
40801353,4,2,5,1,1,5,,
40804599,62,2,1345,1,1,,,
40807457,278,2,5,1,1,2,,
40808834,4,2,4,1,1,2,,
40809615,4,2,3576,1,1,2,,
40810599,4,2,1192,1,1,2,,
40814213,99,2,26,1,1,1,,
40814906,32,2,71,1,1,,,
40816749,115,2,1278,1,1,,,
40817470,39,2,429,1,1,5,,
40824859,63,2,1331,1,1,1,,
40826373,32,2,71,1,1,2,,
40835847,90,2,933,1,1,,,
40838229,25,2,1152,1,1,3,,
40850086,42,2,746,1,1,,,
40850228,7,2,1174,1,1,3,,
40855827,31,2,64,1,1,,,
40857673,10,2,135,1,1,1,,
40862622,39,2,1944,1,1,2,,
40869470,90,2,799,1,1,4,,
40871771,90,2,1985,1,1,2,,
40875232,4,2,44,1,1,,,
40878377,4,2,3576,1,1,1,,
40882320,90,2,191,1,1,2,,
40884865,26,2,39,1,1,5,,
40886952,3,2,287,1,1,5,,
40888031,27,2,2056,1,1,1,,
40888376,31,2,51,1,1,1,,
40888889,16,2,22,1,1,7,,
40889628,18,2,627,1,1,3,,
40890204,99,2,26,1,1,1,,
40890912,43,2,497,1,1,1,,
40891438,72,2,580,1,1,1,,
40893491,31,2,44,1,1,5,,
40894252,39,2,3577,1,1,3,,
40895308,4,2,11,1,1,2,,
40897081,2,2,15,1,1,,,
40900877,67,2,3578,1,1,6,,
40901114,66,2,1021,1,1,,,
40904309,7,2,58,1,1,2,,
40904390,530,4,375,1,1,7,,
40909933,18,2,15,1,1,1,,
40911556,103,2,104,1,1,2,,
40919003,4,2,5,1,1,,,
40919422,3,2,287,1,1,1,,
40928644,4,2,114,1,1,4,,
40928791,52,2,1329,1,1,1,,
40931973,2,2,15,1,1,5,,
40932960,7,2,462,1,1,4,,
40934666,2,2,15,1,1,,,
40936968,72,2,287,1,1,1,,
40940284,52,2,182,1,1,,,
40940618,124,2,300,1,1,1,,
40942169,6,2,4,1,1,3,,
40947938,673,2,591,1,1,4,,
40956146,10,2,335,1,1,1,,
40956992,105,2,230,1,1,,,
40960018,38,2,1131,1,1,2,,
40961751,3,2,68,1,1,2,,
40963389,90,2,422,1,1,4,,
40969985,4,2,5,1,1,1,,
40970152,135,2,2425,1,1,1,,
41693688,62,2,104,1,1,1,,
42096142,449,3,3579,1,1,1,,
42105478,38,2,3580,1,1,,,
42111520,90,2,1062,1,1,2,,
42126806,16,2,116,1,1,3,,
42128833,9,2,813,1,1,,,
42144074,2,2,15,1,1,2,,
42147988,18,2,627,1,1,2,,
42164554,697,7,331,1,1,6,,
42171530,3,5,3581,1,1,5,,
42277153,31,2,75,1,1,1,,
42297395,3,2,3582,1,1,3,,
42302257,70,2,130,1,1,1,,
42302961,40,2,207,1,1,,,
42304017,3,2,58,1,1,,,
42304300,3,6,987,1,1,5,,
42309693,17,2,224,1,1,1,,
42311722,54,2,88,1,1,,,
42314957,4,2,4,1,1,2,,
42317435,3,6,229,1,1,,,
42319863,3,19,1699,1,1,2,,
42320376,7,2,253,1,1,,,
42320648,7,2,399,1,1,3,,
42327646,196,2,3583,1,1,1,,
42333713,105,2,230,1,1,1,,
42339972,99,2,26,1,1,3,,
42343100,9,2,2939,1,1,1,,
42345933,9,2,97,1,1,1,,
42349294,3,14,10,1,1,3,,
42379403,38,2,2522,1,1,1,,
42385408,38,2,357,1,1,,,
42389544,10,2,3133,1,1,3,,
42431701,90,2,1157,1,1,3,,
42433421,4,2,114,1,1,,,
42434665,206,2,952,1,1,4,,
42453506,340,3,120,1,1,,,
42684303,3,14,10,1,1,7,,
42696067,9,2,36,1,1,1,,
42696271,41,2,1642,1,1,5,,
42700338,9,2,58,1,1,2,,
42723251,9,2,70,1,1,5,,
42737578,9,2,97,1,1,1,,
42747663,18,2,433,1,1,2,,
42760923,614,49,2001,1,1,1,,
42768704,618,2,186,1,1,1,,
42785914,4,2,872,1,1,2,,
42803559,7,2,97,1,1,1,,
42806383,4,2,11,1,1,1,,
42815230,90,2,1027,1,1,1,,
42822796,698,64,3584,1,1,1,,
42837454,148,2,1477,1,1,5,,
42841623,81,17,170,1,1,,,
42857124,3,14,10,1,1,,,
42859929,4,2,4,1,1,1,,
42863041,7,2,157,1,1,4,,
42876933,3,2,683,1,1,2,,
42880798,4,2,1852,1,1,2,,
42887005,284,33,734,1,1,2,,
42895954,7,2,3585,1,1,2,,
42904015,22,6,17,1,1,1,,
42906555,4,2,11,1,1,,,
42916212,76,2,329,1,1,5,,
42921359,2,2,15,1,1,1,,
42928138,41,2,3,1,1,1,,
42944591,90,2,1106,1,1,3,,
42945570,41,2,3,1,1,1,,
42945898,29,2,223,1,1,,,
42952721,31,2,305,1,1,2,,
43195991,699,19,3586,1,1,7,,
43222781,66,2,67,1,1,1,,
43226128,4,2,5,1,1,2,,
43251468,76,2,155,1,1,2,,
43267952,3,19,235,1,1,2,,
43279000,18,2,2597,1,1,2,,
43279704,2,2,15,1,1,2,,
43281842,3,2,3587,1,1,,,
43284278,2,2,617,1,1,,,
43286242,106,2,839,1,1,1,,
43294834,151,2,3031,1,1,2,,
43295750,4,2,4,1,1,2,,
43304621,700,65,3588,1,1,2,,
43336279,114,23,536,1,1,5,,
43357975,22,6,17,1,1,1,,
43367961,3,2,15,1,1,3,,
45467888,701,12,3589,1,1,,,
45498491,39,2,919,1,1,3,,
45630755,702,2,701,1,1,2,,
45729247,70,2,130,1,1,2,,
46279736,618,2,186,1,1,3,,
46989315,36,15,988,1,1,5,,
47203305,54,2,2887,1,1,1,,
47591650,3,2,15,1,1,3,,
47593724,18,2,15,1,1,2,,
47662957,2,2,15,1,1,1,,
47663090,98,2,1123,1,1,,,
47664328,703,2,632,1,1,7,,
47915117,44,2,544,1,1,2,,
48002046,43,2,383,1,1,1,,
48077386,169,2,839,1,1,1,,
48782552,158,6,17,1,1,,,
49081302,3,2,15,1,1,,,
49116047,184,2,952,1,1,2,,
49151727,3,2,15,1,1,4,,
49152032,4,2,4,1,1,,,
49173095,2,2,627,1,1,3,,
49195155,83,2,3590,1,1,1,,
49643359,38,2,672,1,1,2,,
49644642,42,2,1525,1,1,4,,
49646747,16,2,340,1,1,,,
49646802,22,6,17,1,1,1,,
49648155,6,2,11,1,1,,,
49648345,2,2,123,1,1,6,,
49648950,16,2,983,1,1,1,,
49738876,7,2,77,1,1,1,,
50572286,39,2,2081,1,1,1,,
51382069,148,2,354,1,1,7,,
51401516,125,2,164,1,1,2,,
51419732,126,2,300,1,1,,,
51584508,49,2,3591,1,1,,,
51586112,184,2,469,1,1,2,,
51586544,169,2,839,1,1,7,,
51591947,7,2,1875,1,1,2,,
51592480,7,2,122,1,1,1,,
51596814,73,2,794,1,1,5,,
51597452,27,2,62,1,1,2,,
51606232,31,2,44,1,1,5,,
51610291,4,2,4,1,1,,,
51612128,4,2,5,1,1,2,,
51614056,66,2,93,1,1,,,
51617946,52,2,84,1,1,3,,
51623430,90,2,2236,1,1,1,,
51625397,90,2,186,1,1,3,,
51626838,72,2,722,1,1,4,,
51628714,55,15,637,1,1,1,,
51629860,143,2,3592,1,1,2,,
51630259,3,14,10,1,1,2,,
51637195,704,34,1574,1,1,3,,
51637411,22,6,17,1,1,4,,
51639374,30,2,1878,1,1,1,,
51642499,17,2,62,1,1,2,,
51644666,106,2,839,1,1,1,,
51645802,51,2,3273,1,1,1,,
51648039,3,2,15,1,1,3,,
51648747,49,2,3593,1,1,5,,
51649570,3,14,10,1,1,,,
51651517,49,2,3594,1,1,3,,
51651885,23,2,208,1,1,,,
51658033,31,2,232,1,1,,,
51660340,115,2,825,1,1,5,,
51660358,4,2,289,1,1,2,,
51664179,26,2,2281,1,1,5,,
51664648,4,2,11,1,1,,,
51664673,7,2,157,1,1,3,,
51664810,39,2,733,1,1,5,,
51667067,43,2,383,1,1,3,,
51671646,25,2,38,1,1,,,
51672246,3,2,875,1,1,2,,
51674868,38,2,409,1,1,2,,
51677384,3,2,15,1,1,,,
51679767,72,2,3104,1,1,4,,
51679778,4,2,11,1,1,5,,
51686542,45,2,44,1,1,,,
51686586,43,2,383,1,1,1,,
51687310,705,11,3595,1,1,7,,
51687377,40,2,59,1,1,,,
51687662,39,2,131,1,1,2,,
51688209,19,2,26,1,1,1,,
51688908,90,2,3596,1,1,4,,
51694480,4,2,5,1,1,,,
51695075,3,2,15,1,1,2,,
51699394,4,2,3597,1,1,,,
51699510,39,2,59,1,1,5,,
51700827,7,2,37,1,1,3,,
51701268,4,2,4,1,1,3,,
51701526,62,2,104,1,1,2,,
51702283,27,2,1493,1,1,1,,
51704387,90,2,422,1,1,1,,
51705244,41,2,3,1,1,3,,
51707785,49,2,119,1,1,5,,
51709794,2,2,15,1,1,2,,
51716058,6,2,5,1,1,2,,
51716356,27,2,23,1,1,5,,
51717252,315,2,940,1,1,1,,
51727805,3,14,10,1,1,,,
51732576,72,2,287,1,1,,,
52116836,3,14,10,1,1,7,,
52119178,4,2,833,1,1,1,,
52120909,19,2,835,1,1,,,
52127417,4,2,95,1,1,5,,
52129049,36,15,52,1,1,5,,
52136858,16,2,3598,1,1,3,,
52141373,3,2,217,1,1,,,
52142900,126,2,2608,1,1,2,,
52143761,23,2,182,1,1,7,,
52147403,3,2,839,1,1,,,
52147722,38,2,292,1,1,2,,
52149001,55,15,48,1,1,2,,
52149033,90,2,1985,1,1,2,,
52155305,90,2,154,1,1,3,,
52159549,7,2,97,1,1,,,
52160608,7,2,97,1,1,3,,
52167967,7,2,1084,1,1,,,
52175675,45,2,360,1,1,,,
52176410,4,2,5,1,1,1,,
52177012,23,2,3599,1,1,2,,
52177261,10,2,3,1,1,2,,
52177903,23,2,182,1,1,2,,
52178842,2,2,15,1,1,1,,
52180845,263,2,3600,1,1,2,,
52182975,103,2,2205,1,1,5,,
52186828,22,6,17,1,1,1,,
52194565,7,2,145,1,1,1,,
52194597,4,2,114,1,1,1,,
52194873,706,2,952,1,1,,,
52199182,9,2,55,1,1,1,,
52201127,27,2,23,1,1,,,
52266003,90,2,1375,1,1,1,,
52274637,125,2,1948,1,1,4,,
52282783,45,2,542,1,1,1,,
52282882,82,2,3601,1,1,,,
52283760,7,2,786,1,1,1,,
52312943,7,2,807,1,1,1,,
52313115,23,2,3602,1,1,,,
52381323,169,2,2282,1,1,,,
52418694,7,2,3582,1,1,1,,
52462976,90,2,186,1,1,2,,
52499398,90,2,422,1,1,1,,
52502300,38,2,3017,1,1,,,
52560784,7,2,1350,1,1,1,,
52573401,156,2,229,1,1,,,
52642826,90,2,3603,1,1,7,,
52656367,70,2,737,1,1,1,,
52806459,7,2,945,1,1,3,,
52873503,50,2,1051,1,1,5,,
52886536,18,2,1809,1,1,1,,
52900957,103,2,446,1,1,,,
52906378,90,2,186,1,1,1,,
52938337,10,2,2316,1,1,2,,
52950123,169,2,1329,1,1,5,,
52965993,6,2,2558,1,1,4,,
53078978,18,2,15,1,1,,,
53088335,707,6,3604,1,1,1,,
53107478,115,2,1278,1,1,,,
53125743,41,2,1756,1,1,1,,
53179204,3,2,97,1,1,,,
53194284,3,14,10,1,1,3,,
53198134,3,29,425,1,1,1,,
53199328,165,15,412,1,1,1,,
53224713,151,2,367,1,1,5,,
53237848,7,2,54,1,1,2,,
53262014,7,2,585,1,1,1,,
53271735,4,2,1192,1,1,1,,
53278741,5,2,987,1,1,2,,
53345529,27,2,119,1,1,5,,
53369792,2,2,15,1,1,1,,
53395150,3,4,375,1,1,,,
53404844,72,2,154,1,1,3,,
53438743,22,6,17,1,1,5,,
53445812,208,2,3605,1,1,2,,
53448390,52,2,2031,1,1,7,,
53448539,51,2,1592,1,1,2,,
53467204,38,2,3606,1,1,3,,
53498059,126,2,3607,1,1,1,,
53501606,7,2,323,1,1,1,,
53509342,51,2,230,1,1,,,
53517403,151,2,1028,1,1,1,,
53541794,3,57,3608,1,1,,,
53587661,45,2,75,1,1,,,
53614744,474,2,1755,1,1,,,
53650034,7,2,680,1,1,1,,
53652428,67,2,1006,1,1,2,,
53652526,263,2,1710,1,1,4,,
53713122,172,2,1033,1,1,3,,
53787271,148,2,354,1,1,1,,
53797792,170,2,421,1,1,,,
53799340,10,2,686,1,1,,,
53812339,265,2,3609,1,1,,,
53820026,183,2,3610,1,1,3,,
53824769,23,2,2031,1,1,1,,
53826781,480,2,3259,1,1,,,
53849982,18,2,627,1,1,,,
53887711,45,2,49,1,1,1,,
53930223,66,2,467,1,1,2,,
53954777,7,2,1277,1,1,2,,
53969352,45,2,1596,1,1,5,,
54077952,3,14,10,1,1,3,,
54103838,90,2,1130,1,1,,,
54110209,25,2,38,1,1,1,,
54121661,66,2,3611,1,1,3,,
54134269,124,2,732,1,1,1,,
54158001,49,2,604,1,1,1,,
54158988,7,2,148,1,1,2,,
54206469,18,2,433,1,1,5,,
54259617,151,2,1028,1,1,1,,
54275630,10,2,3,1,1,1,,
54283931,90,2,137,1,1,5,,
54284298,90,2,1098,1,1,2,,
54295096,16,2,209,1,1,4,,
54308942,18,2,15,1,1,1,,
54322801,7,2,770,1,1,1,,
54327886,90,2,3432,1,1,,,
54346989,3,15,758,1,1,,,
54347115,3,17,801,1,1,1,,
54350335,3,14,10,1,1,4,,
54350802,9,2,27,1,1,1,,
54353698,18,2,15,1,1,1,,
54355282,45,2,348,1,1,5,,
54356479,7,2,1188,1,1,2,,
54360562,4,2,289,1,1,1,,
54361471,23,2,84,1,1,2,,
54391363,51,2,3612,1,1,4,,
54524503,54,2,996,1,1,,,
54544813,43,2,823,1,1,4,,
54552948,70,2,183,1,1,1,,
54577621,7,2,462,1,1,3,,
54644544,288,2,3613,1,1,3,,
54650708,117,2,3614,1,1,1,,
54658588,27,2,112,1,1,2,,
54659403,708,2,26,1,1,,,
54685912,170,2,3615,1,1,1,,
54703533,151,2,3616,1,1,1,,
54761698,7,2,770,1,1,1,,
54783006,43,2,746,1,1,,,
54814820,4,2,448,1,1,,,
54829150,70,2,708,1,1,,,
54831198,23,2,182,1,1,,,
54845191,67,2,837,1,1,2,,
54860000,10,2,3617,1,1,1,,
54871238,50,2,1051,1,1,1,,
54885339,7,2,198,1,1,2,,
54901510,51,2,3618,1,1,1,,
54927429,7,2,3619,1,1,2,,
54955782,45,2,2343,1,1,1,,
54981345,4,2,448,1,1,1,,
55040499,169,2,839,1,1,,,
55040918,67,2,223,1,1,5,,
55043429,9,2,27,1,1,1,,
55046724,51,2,1805,1,1,3,,
55052681,169,2,887,1,1,,,
55053808,4,2,44,1,1,,,
55055569,170,2,421,1,1,2,,
55055743,22,6,17,1,1,5,,
55056256,709,2,816,1,1,,,
55057585,41,2,2393,1,1,5,,
55059259,51,2,230,1,1,3,,
55173696,45,2,75,1,1,2,,
55175493,4,2,4,1,1,2,,
55178913,39,2,459,1,1,1,,
55183919,6,2,5,1,1,2,,
55185007,3,2,15,1,1,2,,
55234449,329,2,3620,1,1,4,,
55264833,4,2,4,1,1,1,,
55266434,10,2,3621,1,1,2,,
55319893,4,2,448,1,1,2,,
55420552,115,2,3622,1,1,1,,
55443834,90,2,3001,1,1,1,,
55453534,4,2,757,1,1,,,
55507588,67,2,1151,1,1,,,
55525467,7,2,70,1,1,2,,
55586288,38,2,3623,1,1,1,,
55612540,169,2,3624,1,1,1,,
55624331,16,2,297,1,1,,,
55669258,70,2,275,1,1,5,,
55672879,4,2,289,1,1,1,,
55692572,169,2,2282,1,1,2,,
55762893,263,2,3625,1,1,1,,
55830186,90,2,661,1,1,,,
55873224,4,2,5,1,1,,,
55881723,7,2,3626,1,1,3,,
55927669,10,2,3627,1,1,,,
55942751,39,2,1100,1,1,3,,
55982009,27,2,112,1,1,,,
55992537,39,2,3628,1,1,1,,
55998625,66,2,284,1,1,3,,
56004080,4,2,2751,1,1,2,,
56059942,16,2,3629,1,1,2,,
56082178,18,2,15,1,1,1,,
56126927,10,2,1735,1,1,,,
56133703,45,2,100,1,1,1,,
56134040,176,2,642,1,1,7,,
56147841,23,2,495,1,1,,,
56158935,4,2,1967,1,1,5,,
56203612,125,2,3630,1,1,3,,
56241163,90,2,3001,1,1,5,,
56264689,4,2,528,1,1,,,
56330859,54,2,107,1,1,,,
56342951,54,2,537,1,1,4,,
56350634,67,2,223,1,1,,,
56410563,2,2,15,1,1,,,
56416392,25,2,604,1,1,5,,
56419140,144,2,2934,1,1,,,
56429861,3,2,90,1,1,1,,
56443154,27,2,23,1,1,5,,
56444817,39,2,507,1,1,5,,
56462368,40,2,131,1,1,5,,
56464185,40,2,131,1,1,5,,
56466229,103,2,227,1,1,3,,
56472118,16,2,2835,1,1,1,,
56575410,49,2,1548,1,1,,,
56585163,14,2,291,1,1,5,,
56585682,10,2,3,1,1,,,
56617946,23,2,182,1,1,7,,
56636647,3,2,3631,1,1,3,,
56655623,4,2,289,1,1,1,,
56657942,62,2,446,1,1,2,,
56667646,10,2,1558,1,1,,,
56686719,4,2,3632,1,1,,,
56752856,7,2,2315,1,1,1,,
56760816,7,2,97,1,1,3,,
56762613,10,2,2169,1,1,1,,
56879034,4,2,5,1,1,1,,
56965358,27,2,1574,1,1,,,
56981045,27,2,23,1,1,2,,
57029993,170,2,612,1,1,,,
57069048,10,2,2760,1,1,3,,
57100978,97,2,215,1,1,1,,
57188341,4,2,4,1,1,2,,
57189496,7,2,2769,1,1,2,,
57266844,43,2,68,1,1,,,
57272420,3,14,10,1,1,3,,
57301703,7,2,2606,1,1,2,,
57317956,618,2,3633,1,1,2,,
57323510,18,2,15,1,1,4,,
57349682,329,2,3634,1,1,,,
57355064,7,2,285,1,1,1,,
57383268,90,2,933,1,1,2,,
57404291,45,2,360,1,1,4,,
57418961,10,2,3,1,1,,,
57431588,103,2,104,1,1,2,,
57449517,51,2,230,1,1,2,,
57526157,39,2,429,1,1,,,
57550157,7,2,1429,1,1,3,,
57553873,90,2,191,1,1,1,,
57609869,18,2,15,1,1,1,,
57672014,50,2,79,1,1,1,,
57694178,39,2,144,1,1,2,,
57700013,38,2,1449,1,1,1,,
57701072,4,2,3635,1,1,3,,
57712164,23,2,84,1,1,2,,
57926371,4,2,4,1,1,,,
57938546,103,2,1915,1,1,,,
57961382,43,2,2687,1,1,2,,
57993393,7,2,239,1,1,7,,
58011764,215,2,346,1,1,5,,
58079876,49,2,1152,1,1,,,
58137442,7,2,3636,1,1,,,
58138979,115,2,1259,1,1,,,
58146028,148,2,1281,1,1,,,
58182822,708,2,26,1,1,1,,
58197951,480,2,2147,1,1,2,,
58203092,5,2,1977,1,1,3,,
58279583,38,2,1777,1,1,2,,
58323255,18,2,67,1,1,2,,
58342788,103,2,104,1,1,,,
58350912,10,2,1756,1,1,4,,
58360388,206,2,469,1,1,1,,
58409863,16,2,3637,1,1,1,,
58430215,67,2,223,1,1,1,,
58469103,7,2,558,1,1,5,,
58472352,125,2,360,1,1,2,,
58516189,18,2,15,1,1,1,,
58523992,90,2,799,1,1,1,,
58573245,4,2,3638,1,1,1,,
58677611,148,2,2460,1,1,4,,
58723587,265,2,601,1,1,4,,
58732564,115,2,825,1,1,2,,
58783920,70,2,2550,1,1,,,
58807476,16,2,297,1,1,1,,
58834325,90,2,3639,1,1,,,
58841134,38,2,2174,1,1,1,,
58910737,169,2,1692,1,1,1,,
58932157,7,2,853,1,1,2,,
59003879,54,2,1500,1,1,2,,
59011355,103,2,1049,1,1,5,,
59042493,4,2,4,1,1,4,,
59058833,18,2,15,1,1,,,
59069652,7,2,1135,1,1,3,,
59083605,70,2,3640,1,1,,,
59103641,3,2,10,1,1,4,,
59124440,90,2,799,1,1,2,,
59147406,67,2,1408,1,1,1,,
59201698,4,2,3641,1,1,,,
59317000,4,2,4,1,1,,,
59382575,90,2,445,1,1,1,,
59383688,23,2,1978,1,1,,,
59389735,4,2,3642,1,1,,,
59421471,188,2,3643,1,1,,,
59424667,7,2,3644,1,1,1,,
59445937,103,2,271,1,1,3,,
59450902,4,2,354,1,1,4,,
59475546,215,2,1764,1,1,5,,
59509760,18,2,15,1,1,2,,
59554323,23,2,1872,1,1,,,
59584636,39,2,2269,1,1,1,,
59599690,7,2,842,1,1,1,,
59630158,43,2,68,1,1,5,,
59659168,4,2,5,1,1,,,
59682751,16,2,1365,1,1,3,,
59705101,148,2,1281,1,1,1,,
59741885,148,2,11,1,1,1,,
59742762,4,2,757,1,1,2,,
59755627,7,2,55,1,1,1,,
59761331,7,2,506,1,1,,,
59765762,27,2,1047,1,1,,,
59792342,5,2,45,1,1,2,,
59811473,18,2,123,1,1,5,,
59821987,148,2,3645,1,1,1,,
59865786,4,2,11,1,1,2,,
59879339,7,2,3646,1,1,2,,
59959380,7,2,530,1,1,2,,
59967040,148,2,354,1,1,1,,
59974992,16,2,22,1,1,2,,
60059619,23,2,401,1,1,5,,
60096806,41,2,3,1,1,2,,
60119333,708,2,26,1,1,,,
60200222,10,2,3,1,1,4,,
60225668,5,2,71,1,1,1,,
60231304,196,2,3108,1,1,1,,
60311907,7,2,198,1,1,4,,
60332019,103,2,521,1,1,2,,
60333487,115,2,430,1,1,2,,
60337738,7,2,172,1,1,5,,
60339633,70,2,183,1,1,1,,
60404109,18,2,627,1,1,1,,
60419691,10,2,3,1,1,7,,
60544198,215,2,346,1,1,,,
60568087,54,2,3647,1,1,,,
60603929,10,2,135,1,1,3,,
60607708,10,2,3,1,1,,,
60631438,7,2,2423,1,1,,,
60636865,39,2,59,1,1,1,,
60668144,16,2,128,1,1,1,,
60714575,125,2,3192,1,1,2,,
60719662,49,2,2026,1,1,,,
60788990,5,2,1478,1,1,,,
60813588,38,2,3176,1,1,2,,
60851704,54,2,88,1,1,,,
60871217,43,2,497,1,1,,,
60915326,4,2,4,1,1,2,,
60993269,51,2,642,1,1,5,,
61003797,45,2,838,1,1,1,,
61141564,70,2,183,1,1,2,,
61183453,169,2,291,1,1,1,,
61236056,263,2,999,1,1,3,,
61255270,169,2,3648,1,1,2,,
61263397,188,2,1187,1,1,1,,
61296935,5,2,1159,1,1,3,,
61402205,3,9,3649,1,1,,,
61419936,7,2,58,1,1,1,,
61428109,51,2,3076,1,1,,,
61634746,38,2,292,1,1,,,
61689884,43,2,68,1,1,1,,
61703492,7,2,198,1,1,3,,
61710462,4,2,946,1,1,,,
61719312,66,2,3650,1,1,2,,
61811101,169,2,2376,1,1,3,,
61812275,710,2,164,1,1,,,
61828724,83,2,3651,1,1,,,
61908602,43,2,1254,1,1,1,,
61910610,7,2,70,1,1,,,
61990052,41,2,3652,1,1,1,,
62028912,18,2,3653,1,1,2,,
62054995,45,2,3654,1,1,1,,
62174753,7,2,176,1,1,,,
62178429,125,2,238,1,1,2,,
62187035,7,2,2423,1,1,1,,
62200365,27,2,3655,1,1,2,,
62255719,67,2,223,1,1,1,,
62289113,90,2,287,1,1,1,,
62328043,170,2,421,1,1,3,,
62537397,4,2,4,1,1,4,,
62550284,16,2,297,1,1,2,,
62578793,196,2,221,1,1,3,,
62619779,18,2,3656,1,1,,,
62718392,103,2,1049,1,1,1,,
62729699,183,2,3657,1,1,1,,
62782992,90,2,3658,1,1,1,,
62869757,14,2,2445,1,1,2,,
62886397,115,2,2751,1,1,4,,
62916395,54,2,1038,1,1,3,,
62922100,10,2,3,1,1,1,,
62964803,49,2,1452,1,1,6,,
62986252,19,2,26,1,1,2,,
63055868,4,2,1192,1,1,2,,
63096644,7,2,261,1,1,1,,
63108241,183,2,1014,1,1,2,,
63110101,103,2,104,1,1,,,
63147695,7,2,3058,1,1,,,
63152160,183,2,2009,1,1,,,
63203491,4,2,2055,1,1,2,,
63226268,10,2,3659,1,1,2,,
63262989,7,2,14,1,1,,,
63274671,99,2,26,1,1,1,,
63290331,45,2,75,1,1,,,
63340330,10,2,92,1,1,1,,
63367105,2,2,15,1,1,,,
63416202,90,2,287,1,1,,,
63467458,90,2,154,1,1,,,
63496570,49,2,1314,1,1,1,,
63501381,67,2,223,1,1,4,,
63586915,7,2,14,1,1,3,,
63589585,90,2,2690,1,1,,,
63632993,5,2,71,1,1,2,,
63655941,90,2,154,1,1,,,
63704535,10,2,140,1,1,,,
63719863,148,2,354,1,1,2,,
64086143,3,6,17,1,1,1,,
64254819,169,2,1274,1,1,2,,
64257419,618,2,3660,1,1,2,,
64257477,82,2,174,1,1,3,,
64259963,27,2,194,1,1,7,,
64260001,711,66,3661,1,1,1,,
64261147,54,2,88,1,1,3,,
64261209,4,2,11,1,1,1,,
64263310,3,2,354,1,1,1,,
64265083,3,2,27,1,1,2,,
64270051,90,2,3662,1,1,1,,
64270099,29,2,594,1,1,1,,
64274685,115,2,272,1,1,1,,
64274945,106,2,839,1,1,5,,
64277434,90,2,3663,1,1,3,,
64288000,4,2,841,1,1,1,,
64498770,90,2,2994,1,1,1,,
64504039,4,2,3664,1,1,,,
64508445,125,2,2404,1,1,1,,
64515441,2,2,15,1,1,1,,
64519841,86,2,183,1,1,2,,
64527524,39,2,919,1,1,,,
64528198,18,2,1063,1,1,5,,
64536012,40,2,3665,1,1,1,,
64538444,16,2,128,1,1,2,,
64539707,183,2,1664,1,1,4,,
64540983,40,2,3666,1,1,2,,
64545543,90,2,422,1,1,1,,
64546676,7,2,3414,1,1,1,,
64546798,49,2,38,1,1,1,,
64548215,25,2,38,1,1,5,,
64550128,3,2,230,1,1,1,,
64550174,96,2,3667,1,1,2,,
64550438,40,2,374,1,1,4,,
64553443,105,2,373,1,1,7,,
64556267,169,2,3570,1,1,,,
64558550,18,2,15,1,1,5,,
64564430,43,2,68,1,1,1,,
64587923,4,2,1192,1,1,5,,
64592943,49,2,73,1,1,2,,
64594777,4,2,289,1,1,6,,
64604791,39,2,1280,1,1,2,,
64606866,329,2,3668,1,1,1,,
64607521,4,2,5,1,1,2,,
64610449,103,2,3669,1,1,5,,
64611129,666,2,5,1,1,2,,
64612347,712,2,835,1,1,1,,
64618994,3,2,1944,1,1,3,,
64620996,23,2,622,1,1,2,,
64630421,40,2,1199,1,1,6,,
64638177,3,2,96,1,1,2,,
64639449,45,2,348,1,1,6,,
64645709,126,2,765,1,1,3,,
64657875,90,2,933,1,1,1,,
64658603,43,2,68,1,1,2,,
64659247,126,2,300,1,1,2,,
64659281,3,2,232,1,1,1,,
64663567,23,2,84,1,1,3,,
64664844,151,2,367,1,1,2,,
64665222,156,2,495,1,1,2,,
64666470,6,2,4,1,1,1,,
64666982,4,2,448,1,1,,,
64671674,32,2,623,1,1,,,
64672598,49,2,119,1,1,1,,
64675167,103,2,104,1,1,,,
64678598,4,2,3670,1,1,2,,
64681939,29,2,594,1,1,2,,
64684134,3,2,701,1,1,1,,
64685243,90,2,955,1,1,1,,
64685411,50,2,930,1,1,1,,
64687734,51,2,1086,1,1,1,,
64688782,3,2,38,1,1,,,
64693711,45,2,348,1,1,2,,
64695606,169,2,420,1,1,5,,
64696713,72,2,1985,1,1,7,,
64697406,52,2,84,1,1,1,,
64709762,3,14,10,1,1,5,,
64721766,26,2,3671,1,1,1,,
64725439,43,2,68,1,1,,,
64727139,52,2,568,1,1,,,
64734122,90,2,1464,1,1,2,,
64737654,3,14,10,1,1,2,,
64738928,2,2,15,1,1,5,,
64742275,213,2,380,1,1,2,,
64743304,4,2,4,1,1,1,,
64743379,3,2,859,1,1,,,
64744020,144,2,119,1,1,2,,
64744369,41,2,3,1,1,,,
64746416,6,2,5,1,1,2,,
64746547,90,2,3297,1,1,7,,
64752272,4,2,11,1,1,3,,
64752736,4,2,289,1,1,3,,
64754684,62,2,104,1,1,1,,
64760944,90,2,1039,1,1,7,,
64761959,90,2,3672,1,1,7,,
64769552,4,2,4,1,1,2,,
64773463,19,2,26,1,1,1,,
64780188,42,2,383,1,1,4,,
64782960,9,2,157,1,1,1,,
64853982,42,2,383,1,1,2,,
64854950,18,2,15,1,1,,,
64862701,125,2,1701,1,1,5,,
64863800,45,2,944,1,1,2,,
64869111,206,2,469,1,1,,,
64870247,86,2,1736,1,1,4,,
64875843,9,2,389,1,1,1,,
64877765,64,2,2710,1,1,2,,
64885256,29,2,3673,1,1,2,,
64886036,10,2,802,1,1,5,,
64886312,72,2,422,1,1,,,
64888912,7,2,145,1,1,1,,
64890982,2,2,15,1,1,4,,
64893667,4,2,448,1,1,2,,
64893727,4,2,5,1,1,3,,
64894256,45,2,1045,1,1,2,,
64896014,4,2,701,1,1,1,,
64896719,16,2,3674,1,1,1,,
64896897,90,2,3675,1,1,7,,
64897202,38,2,3676,1,1,3,,
64899305,16,2,128,1,1,,,
64905036,39,2,59,1,1,2,,
64906658,66,2,3019,1,1,5,,
64907739,31,2,3677,1,1,2,,
64908939,4,2,11,1,1,1,,
64908948,210,2,15,1,1,2,,
64909665,7,2,957,1,1,3,,
64914895,70,2,708,1,1,2,,
64919393,49,2,38,1,1,4,,
64939858,126,2,732,1,1,3,,
64940346,4,2,114,1,1,2,,
64941994,135,2,155,1,1,7,,
64950484,27,2,2658,1,1,3,,
64969622,83,2,217,1,1,1,,
64971067,39,2,507,1,1,1,,
64982566,90,2,191,1,1,2,,
64990831,19,2,26,1,1,7,,
64993736,6,2,4,1,1,2,,
65003511,315,2,931,1,1,3,,
65004375,3,14,10,1,1,,,
65005581,49,2,494,1,1,3,,
65012347,120,2,632,1,1,5,,
65024509,90,2,287,1,1,1,,
65028099,27,2,23,1,1,5,,
65031611,4,2,2651,1,1,6,,
65034840,27,2,224,1,1,4,,
65035869,4,2,5,1,1,,,
65040307,3,19,3678,1,1,3,,
65072553,56,2,3679,1,1,,,
65104812,124,2,3680,1,1,,,
65110000,3,2,1486,1,1,,,
65110960,38,2,2998,1,1,1,,
65112497,7,2,27,1,1,,,
65258071,14,2,2926,1,1,1,,
65265757,49,2,1921,1,1,1,,
65269774,22,6,17,1,1,1,,
65275349,90,2,186,1,1,,,
65276596,90,2,736,1,1,2,,
65278424,530,2,3681,1,1,3,,
65286386,27,2,224,1,1,1,,
65289969,7,2,27,1,1,2,,
65294553,30,2,3682,1,1,2,,
65299411,2,2,15,1,1,1,,
65308803,6,2,4,1,1,,,
65309548,2,2,15,1,1,6,,
65312315,66,2,93,1,1,,,
65320905,4,2,114,1,1,2,,
65331745,16,2,479,1,1,,,
65333599,4,2,167,1,1,3,,
65335359,66,2,301,1,1,1,,
65350564,105,2,230,1,1,2,,
65350568,72,2,659,1,1,,,
65369270,7,2,148,1,1,5,,
65373257,45,2,44,1,1,2,,
65382685,2,2,15,1,1,2,,
65384923,16,2,322,1,1,1,,
65401684,4,2,5,1,1,3,,
65425054,43,2,68,1,1,2,,
65438426,3,14,10,1,1,1,,
65447738,4,2,114,1,1,1,,
65451594,18,2,836,1,1,2,,
65452752,10,2,338,1,1,2,,
65457024,83,2,217,1,1,5,,
65461715,76,2,2146,1,1,1,,
65467192,49,2,753,1,1,1,,
65470987,40,2,144,1,1,1,,
65493612,23,2,84,1,1,2,,
65495046,90,2,3683,1,1,,,
65498518,40,2,405,1,1,1,,
65501372,176,2,898,1,1,2,,
65504002,10,2,3684,1,1,,,
65512111,90,2,422,1,1,3,,
65512161,7,2,148,1,1,5,,
65513825,4,2,11,1,1,1,,
65518950,4,2,3685,1,1,1,,
65529778,90,2,186,1,1,2,,
65533776,4,2,43,1,1,1,,
65534540,42,2,497,1,1,2,,
65564410,62,2,104,1,1,6,,
65567346,3,31,3686,1,1,1,,
65582532,2,2,15,1,1,4,,
65583709,4,2,4,1,1,,,
65588154,40,2,131,1,1,6,,
65589148,9,15,27,1,1,1,,
65604548,54,2,794,1,1,4,,
65604679,2,2,15,1,1,2,,
65609571,4,2,4,1,1,1,,
65614241,223,2,601,1,1,,,
65633769,656,6,3687,1,1,5,,
65636348,38,2,3688,1,1,1,,
65636743,3,23,536,1,1,5,,
65646554,38,2,115,1,1,2,,
65650186,43,2,383,1,1,3,,
65670355,7,2,846,1,1,2,,
65685024,4,2,4,1,1,1,,
65706971,2,2,15,1,1,5,,
65710222,7,2,239,1,1,3,,
65715832,3,14,10,1,1,1,,
65730308,7,2,453,1,1,,,
65730729,18,2,15,1,1,1,,
65732166,55,15,17,1,1,3,,
65734152,10,2,140,1,1,3,,
65744448,90,2,287,1,1,7,,
65745308,49,2,1314,1,1,2,,
65761742,17,2,224,1,1,,,
65787040,201,2,2217,1,1,4,,
65803425,45,2,1445,1,1,5,,
65803679,25,2,38,1,1,1,,
65805254,2,2,15,1,1,2,,
65805500,38,2,308,1,1,1,,
65814803,172,2,825,1,1,1,,
65833615,29,2,3689,1,1,2,,
65849622,18,2,1984,1,1,6,,
65873034,10,2,3,1,1,,,
65878456,27,2,26,1,1,3,,
65893886,90,2,154,1,1,5,,
65894319,3,2,421,1,1,2,,
65900754,45,2,3690,1,1,3,,
65901242,90,2,933,1,1,5,,
65903026,90,2,3691,1,1,5,,
65905790,3,2,469,1,1,5,,
65907467,43,2,3692,1,1,4,,
65907792,16,2,2928,1,1,1,,
65909538,125,2,164,1,1,1,,
65910961,50,2,996,1,1,2,,
66214645,713,2,868,1,1,1,,
66230460,99,2,26,1,1,1,,
66260937,22,6,17,1,1,2,,
66264380,3,11,29,1,1,7,,
66278935,16,2,3257,1,1,7,,
66279970,41,2,812,1,1,3,,
66289955,179,15,412,1,1,1,,
66290778,42,2,68,1,1,,,
66292838,9,2,27,1,1,1,,
66296481,7,2,58,1,1,,,
66321745,7,2,172,1,1,3,,
66348854,4,2,4,1,1,1,,
66362606,90,2,287,1,1,1,,
66579462,43,2,1865,1,1,,,
66592097,45,2,310,1,1,2,,
66603392,70,2,708,1,1,2,,
66621046,18,2,15,1,1,3,,
66639490,40,2,1100,1,1,,,
66693271,125,2,428,1,1,1,,
66697840,7,2,2228,1,1,1,,
66705802,18,2,15,1,1,,,
66707153,7,2,157,1,1,1,,
66713579,9,2,27,1,1,,,
66726048,9,2,58,1,1,,,
66728626,3,14,10,1,1,,,
66730756,70,2,183,1,1,1,,
66752741,523,2,2112,1,1,2,,
66761832,9,2,97,1,1,,,
66766209,3,2,88,1,1,7,,
66884698,714,2,3693,1,1,,,
66889041,346,33,734,1,1,3,,
66890963,4,2,5,1,1,3,,
66892966,90,2,3694,1,1,1,,
66895820,45,2,3695,1,1,4,,
66900474,49,2,38,1,1,1,,
66906994,7,2,97,1,1,4,,
66932640,7,2,58,1,1,3,,
66938931,97,2,215,1,1,4,,
66954275,43,2,68,1,1,1,,
66967680,18,2,15,1,1,,,
67074510,45,2,614,1,1,2,,
67084002,5,2,71,1,1,1,,
67087932,715,36,772,1,1,1,,
67089128,43,2,1000,1,1,1,,
67090085,7,2,157,1,1,,,
67090115,67,2,132,1,1,,,
67097736,3,6,977,1,1,1,,
67098670,50,2,79,1,1,3,,
67131592,70,2,708,1,1,1,,
67141995,105,2,597,1,1,1,,
67146614,62,2,692,1,1,,,
67147553,4,2,1258,1,1,2,,
67155308,3,2,607,1,1,7,,
67156436,206,2,952,1,1,2,,
67156509,4,2,11,1,1,,,
67168015,23,2,2837,1,1,1,,
67182516,70,2,183,1,1,3,,
67185316,575,2,926,1,1,1,,
67187927,25,2,38,1,1,1,,
67189247,716,6,3696,1,1,1,,
67190926,3,6,375,1,1,1,,
67213398,717,6,3697,1,1,1,,
67218666,22,6,17,1,1,1,,
67220856,7,2,27,1,1,2,,
67223497,3,14,10,1,1,,,
67224347,22,6,436,1,1,1,,
67229053,45,2,3698,1,1,3,,
67237858,718,2,284,1,1,2,,
67265734,52,2,3699,1,1,1,,
67270113,3,2,1027,1,1,,,
67289844,18,2,15,1,1,,,
67295086,4,2,11,1,1,3,,
67295129,176,2,806,1,1,3,,
67297740,143,2,1907,1,1,,,
67331111,43,2,383,1,1,1,,
67335790,675,13,3700,1,1,2,,
67348449,169,2,3701,1,1,1,,
67477004,10,2,3,1,1,1,,
67517208,70,2,183,1,1,1,,
67524034,83,2,2062,1,1,,,
67527984,9,2,1188,1,1,5,,
67531411,39,2,131,1,1,4,,
67534480,9,2,27,1,1,2,,
67537147,7,2,97,1,1,1,,
67538813,2,2,15,1,1,2,,
67539665,3,14,10,1,1,7,,
67547023,7,2,37,1,1,3,,
67549575,4,2,4,1,1,3,,
67572051,7,2,14,1,1,5,,
67693420,148,2,2460,1,1,5,,
67716551,27,2,3702,1,1,,,
67731729,6,2,11,1,1,1,,
67735899,39,2,2025,1,1,4,,
67765591,4,2,1258,1,1,5,,
67767521,43,2,383,1,1,5,,
67844370,169,2,3703,1,1,,,
67883120,90,2,287,1,1,1,,
67898464,103,2,104,1,1,7,,
67925219,7,2,97,1,1,1,,
67963446,43,2,68,1,1,,,
67968765,64,2,141,1,1,1,,
67970246,3,14,10,1,1,,,
67970965,202,2,3704,1,1,3,,
67977704,45,2,310,1,1,,,
67990642,41,2,3,1,1,3,,
67991070,3,2,15,1,1,2,,
67997480,52,2,182,1,1,2,,
67999319,3,14,10,1,1,4,,
68004430,3,14,10,1,1,1,,
68008281,7,2,2908,1,1,,,
68008965,10,2,3557,1,1,2,,
68014887,7,2,58,1,1,1,,
68019061,90,2,3705,1,1,2,,
68024492,26,2,3706,1,1,,,
68047547,144,2,119,1,1,,,
68051397,4,2,11,1,1,1,,
68056368,9,2,1350,1,1,2,,
68062519,126,2,300,1,1,,,
68066148,719,13,1884,1,1,2,,
68068581,3,2,15,1,1,2,,
68118646,105,2,297,1,1,3,,
68124272,18,2,15,1,1,1,,
68137089,70,2,737,1,1,,,
68142898,50,2,3707,1,1,1,,
68147940,105,2,230,1,1,2,,
68160051,10,2,3708,1,1,1,,
68168113,83,2,217,1,1,5,,
68173802,6,2,11,1,1,,,
68183924,90,2,191,1,1,5,,
68186154,43,2,68,1,1,2,,
68194053,55,15,48,1,1,2,,
68217401,20,6,17,1,1,3,,
68227717,70,2,708,1,1,3,,
68229316,18,2,3709,1,1,,,
68229923,2,2,15,1,1,,,
68230250,40,2,429,1,1,1,,
68230271,29,2,594,1,1,5,,
68239505,38,2,1072,1,1,2,,
68240239,115,2,272,1,1,1,,
68257427,720,2,943,1,1,1,,
68262959,3,6,1094,1,1,,,
68264069,90,2,154,1,1,1,,
68272730,18,2,15,1,1,1,,
68277511,4,2,4,1,1,1,,
68277835,39,2,59,1,1,2,,
68284249,49,2,187,1,1,2,,
68284294,6,2,5,1,1,1,,
68296434,66,2,625,1,1,1,,
68300316,4,2,359,1,1,,,
68302528,7,2,55,1,1,2,,
68304603,67,2,132,1,1,1,,
68312323,10,2,140,1,1,2,,
68313053,90,2,287,1,1,7,,
68318325,9,2,77,1,1,1,,
68319684,10,2,3,1,1,3,,
68320598,90,2,137,1,1,2,,
68332861,27,2,23,1,1,1,,
68347759,10,2,3,1,1,3,,
68351413,25,2,38,1,1,,,
68357805,284,33,734,1,1,3,,
68371064,358,15,3710,1,1,1,,
68476236,3,2,835,1,1,,,
68480376,72,2,2657,1,1,5,,
68481264,22,6,977,1,1,1,,
68481859,27,2,224,1,1,3,,
68502782,3,2,3711,1,1,2,,
68508471,67,2,661,1,1,2,,
68510389,64,2,141,1,1,1,,
68513972,3,14,10,1,1,,,
68516920,38,2,2068,1,1,3,,
68539980,16,2,2344,1,1,1,,
68552724,3,14,10,1,1,1,,
68560795,4,2,11,1,1,1,,
68575678,6,2,11,1,1,,,
68581794,7,2,2119,1,1,1,,
68582692,9,2,830,1,1,4,,
68584649,103,2,104,1,1,5,,
68601129,3,2,3712,1,1,3,,
68601226,90,2,422,1,1,,,
68608967,7,2,14,1,1,3,,
68611005,4,2,3713,1,1,6,,
68616998,4,2,5,1,1,1,,
68617019,347,2,2147,1,1,2,,
68631655,9,2,27,1,1,3,,
68634398,3,14,10,1,1,7,,
68634495,31,2,671,1,1,,,
68635713,50,2,79,1,1,1,,
68648187,3,2,27,1,1,2,,
68650307,30,2,225,1,1,2,,
68655450,126,2,300,1,1,2,,
68664479,3,14,10,1,1,,,
68667821,62,2,250,1,1,2,,
68673565,6,2,4,1,1,5,,
68683820,25,2,38,1,1,,,
68688955,90,2,3714,1,1,2,,
68705462,39,2,59,1,1,7,,
68706047,9,2,3715,1,1,,,
68752751,18,2,1967,1,1,2,,
68756101,3,14,10,1,1,3,,
68759913,4,2,11,1,1,,,
68785147,7,2,3716,1,1,1,,
68790540,721,11,3717,1,1,4,,
68796640,50,2,128,1,1,3,,
68811849,196,2,221,1,1,1,,
68813723,22,6,17,1,1,3,,
68818843,43,2,746,1,1,4,,
68827517,38,2,1877,1,1,2,,
68835402,52,2,473,1,1,2,,
68838386,2,2,3718,1,1,6,,
68839257,38,2,514,1,1,2,,
68868739,70,2,708,1,1,4,,
68874394,103,2,521,1,1,1,,
68885521,90,2,137,1,1,,,
68901545,188,2,484,1,1,1,,
68921127,7,2,27,1,1,2,,
68924781,3,2,90,1,1,1,,
68941211,9,2,2315,1,1,4,,
68951209,39,2,144,1,1,1,,
68951389,52,2,182,1,1,1,,
68959731,38,2,303,1,1,2,,
68962574,263,2,892,1,1,,,
68968231,9,2,389,1,1,4,,
68971213,103,2,330,1,1,,,
68982777,18,2,15,1,1,,,
68984153,54,2,996,1,1,4,,
68987107,38,2,2117,1,1,,,
68994993,722,18,2186,1,1,,,
69010887,10,2,973,1,1,2,,
69017888,54,2,364,1,1,2,,
69044356,41,2,1223,1,1,,,
69049402,105,2,81,1,1,,,
69052326,25,2,73,1,1,1,,
69057829,9,2,27,1,1,,,
69062933,62,2,227,1,1,,,
69064972,38,2,3094,1,1,1,,
69088863,10,2,3,1,1,7,,
69094013,90,2,1027,1,1,,,
69101819,49,2,2419,1,1,2,,
69103633,62,2,3719,1,1,2,,
69104315,206,2,512,1,1,,,
69105372,7,2,54,1,1,1,,
69111777,3,14,10,1,1,4,,
69114645,16,2,876,1,1,5,,
69119012,723,2,97,1,1,1,,
69120857,3,2,3720,1,1,,,
69138199,176,2,2632,1,1,,,
69158025,5,2,44,1,1,,,
69166245,62,2,648,1,1,,,
69168603,3,2,172,1,1,4,,
69171989,2,2,90,1,1,4,,
69172028,56,2,3721,1,1,2,,
69172158,9,2,97,1,1,,,
69192017,43,2,68,1,1,1,,
69192874,43,2,1543,1,1,,,
69200675,724,21,3722,1,1,2,,
69204135,38,2,426,1,1,2,,
69204210,18,2,15,1,1,,,
69222173,52,2,3723,1,1,1,,
69234316,195,11,915,1,1,7,,
69237009,25,2,956,1,1,5,,
69237018,3,2,583,1,1,2,,
69238931,7,2,157,1,1,2,,
69239837,10,2,1802,1,1,3,,
69239939,5,2,3724,1,1,3,,
69243492,5,2,2533,1,1,4,,
69245128,18,2,15,1,1,2,,
69246529,120,2,1639,1,1,2,,
69248309,103,2,250,1,1,1,,
69258524,44,2,3725,1,1,,,
69263847,23,2,401,1,1,5,,
69264673,38,2,357,1,1,4,,
69272067,27,2,224,1,1,1,,
69279428,4,2,11,1,1,1,,
69295181,38,2,2277,1,1,1,,
69295416,184,2,469,1,1,,,
69331545,9,2,213,1,1,1,,
69333845,3,2,97,1,1,1,,
69351386,126,2,1646,1,1,1,,
69368352,3,6,17,1,1,,,
69368733,43,2,1014,1,1,1,,
69372490,3,14,10,1,1,1,,
69392001,72,2,3222,1,1,1,,
69441992,41,2,3,1,1,3,,
69454538,90,2,154,1,1,1,,
69456430,183,2,354,1,1,2,,
69472517,90,2,422,1,1,1,,
69478316,45,2,100,1,1,1,,
69483179,45,2,348,1,1,6,,
69494679,183,2,354,1,1,3,,
69495278,45,2,75,1,1,5,,
69500054,176,2,806,1,1,2,,
69502296,49,2,358,1,1,5,,
69506361,3,2,3726,1,1,2,,
69510344,49,2,181,1,1,4,,
69518525,23,2,3727,1,1,1,,
69521390,25,2,38,1,1,2,,
69526946,725,13,3728,1,1,2,,
69537410,43,2,68,1,1,3,,
69537585,4,2,4,1,1,2,,
69553687,43,2,68,1,1,1,,
69571610,3,10,264,1,1,6,,
69573781,2,2,15,1,1,1,,
69583181,7,2,180,1,1,1,,
69590632,5,2,3729,1,1,5,,
69592790,7,2,462,1,1,,,
69600391,7,2,496,1,1,1,,
69601172,9,2,97,1,1,2,,
69605821,7,2,786,1,1,1,,
69611476,3,14,10,1,1,,,
69614478,3,6,17,1,1,,,
69624097,7,2,157,1,1,3,,
69639337,38,2,1912,1,1,3,,
69644755,147,2,773,1,1,3,,
69663546,3,2,11,1,1,1,,
69669150,86,2,275,1,1,1,,
69674781,43,2,746,1,1,,,
69679534,41,2,3,1,1,3,,
69680824,27,2,23,1,1,5,,
69681813,27,2,512,1,1,2,,
69723812,72,2,580,1,1,5,,
69726003,23,2,470,1,1,2,,
69732469,38,2,672,1,1,1,,
69733271,38,2,357,1,1,2,,
69736805,26,2,340,1,1,2,,
69739391,3,13,3730,1,1,,,
69773669,22,6,1708,1,1,,,
69779822,4,2,11,1,1,3,,
69804532,50,2,79,1,1,1,,
69809957,90,2,137,1,1,1,,
69819011,18,2,575,1,1,,,
69827567,3,14,10,1,1,,,
69856876,2,2,2610,1,1,2,,
69870965,18,2,1468,1,1,2,,
69891324,125,2,164,1,1,1,,
69894262,9,2,97,1,1,1,,
69899993,81,17,3731,1,1,1,,
69905486,9,2,3732,1,1,,,
69907937,9,2,3733,1,1,,,
69908319,3,14,10,1,1,,,
69913727,45,2,838,1,1,2,,
69917519,7,2,145,1,1,,,
69935980,153,2,380,1,1,2,,
69940169,52,2,84,1,1,2,,
69948156,81,17,170,1,1,,,
69963503,237,13,679,1,1,2,,
69999759,90,2,722,1,1,,,
70041103,3,14,10,1,1,,,
70095191,10,2,2560,1,1,,,
70101649,50,2,1987,1,1,5,,
70261721,590,13,85,1,1,2,,
70268411,72,2,3734,1,1,,,
70285116,176,2,898,1,1,4,,
70292136,43,2,383,1,1,2,,
70392521,9,2,58,1,1,2,,
70397516,90,2,154,1,1,3,,
70416688,6,2,11,1,1,3,,
70418712,14,2,714,1,1,,,
70422914,18,2,123,1,1,1,,
70434303,41,2,3,1,1,5,,
70440201,726,67,3735,1,1,1,,
70444978,2,2,15,1,1,1,,
70446442,31,2,100,1,1,1,,
70457630,2,2,15,1,1,1,,
70468356,4,2,114,1,1,2,,
70473170,7,2,654,1,1,4,,
70477313,7,2,97,1,1,1,,
70477433,9,2,97,1,1,,,
70485003,62,2,606,1,1,1,,
70487173,7,2,77,1,1,,,
70498206,10,2,3,1,1,,,
70501755,49,2,38,1,1,2,,
70518420,32,2,2126,1,1,5,,
70522788,26,2,22,1,1,4,,
70523608,56,2,93,1,1,,,
70528010,9,2,1350,1,1,2,,
70533096,9,2,198,1,1,2,,
70539579,6,2,11,1,1,,,
70540300,3,14,10,1,1,3,,
70551688,83,2,217,1,1,6,,
70572177,25,2,1119,1,1,4,,
70746579,90,2,186,1,1,,,
70802206,31,2,3736,1,1,,,
70811855,26,2,739,1,1,4,,
70819018,25,2,1119,1,1,,,
70834274,9,2,97,1,1,1,,
70838350,727,2,3737,1,1,,,
70852284,580,2,3738,1,1,,,
70863084,56,2,2177,1,1,1,,
70869167,2,2,15,1,1,1,,
70874158,49,2,286,1,1,3,,
70893399,103,2,351,1,1,1,,
70896556,45,2,944,1,1,5,,
70899291,7,2,1084,1,1,1,,
70912396,38,2,3739,1,1,,,
70918322,728,10,1542,1,1,1,,
70922695,49,2,1119,1,1,1,,
70967261,126,2,300,1,1,,,
70967796,16,2,22,1,1,4,,
70969825,3,2,15,1,1,,,
70976168,3,14,10,1,1,1,,
70980644,7,2,201,1,1,,,
70980867,9,2,36,1,1,,,
70982340,51,2,586,1,1,2,,
71001459,38,2,357,1,1,2,,
71012239,7,2,58,1,1,1,,
71012953,103,2,104,1,1,4,,
71014184,3,2,15,1,1,2,,
71014749,7,2,1774,1,1,5,,
71017612,51,2,230,1,1,4,,
71034495,18,2,15,1,1,1,,
71039360,7,2,58,1,1,,,
71043281,16,2,2344,1,1,2,,
71043824,2,2,15,1,1,,,
71044795,72,2,3740,1,1,,,
71045300,67,2,594,1,1,2,,
71049830,7,2,14,1,1,1,,
71062802,9,2,3075,1,1,2,,
71064448,3,2,15,1,1,1,,
71067248,7,2,129,1,1,2,,
71070480,3,2,2004,1,1,,,
71081692,263,2,3427,1,1,1,,
71102449,3,14,10,1,1,,,
71123075,19,2,3666,1,1,2,,
71125358,51,2,1536,1,1,1,,
71131832,263,2,930,1,1,6,,
71135263,3,2,15,1,1,4,,
71138158,4,2,528,1,1,5,,
71138168,54,2,1263,1,1,1,,
71141113,4,2,448,1,1,,,
71145765,144,2,119,1,1,2,,
71147237,4,2,787,1,1,2,,
71165557,18,2,15,1,1,1,,
71179644,5,2,71,1,1,1,,
71186255,3,6,17,1,1,,,
71192773,66,2,3116,1,1,1,,
71193275,42,2,68,1,1,,,
71207928,41,2,3,1,1,1,,
71208789,23,2,1883,1,1,3,,
71209453,3,2,38,1,1,,,
71211384,606,2,11,1,1,2,,
71212440,10,2,569,1,1,3,,
71220701,2,2,15,1,1,3,,
71221861,38,2,292,1,1,5,,
71228931,52,2,84,1,1,6,,
71234685,53,13,3741,1,1,,,
71235692,106,2,3742,1,1,,,
71240573,27,2,3743,1,1,2,,
71244066,73,2,1265,1,1,2,,
71244140,51,2,373,1,1,,,
71247596,43,2,68,1,1,1,,
71251563,297,17,445,1,1,4,,
71267943,3,68,3744,1,1,5,,
71268241,10,2,3,1,1,2,,
71272094,2,2,15,1,1,,,
71273585,109,5,9,1,1,3,,
71273635,3,14,10,1,1,5,,
71285001,18,2,15,1,1,1,,
71293601,6,2,448,1,1,1,,
71297012,82,2,1131,1,1,3,,
71299189,24,13,35,1,1,3,,
71301545,7,2,27,1,1,2,,
71301585,7,2,399,1,1,,,
71303127,22,6,3745,1,1,2,,
71309497,70,2,708,1,1,5,,
71316538,10,2,3746,1,1,7,,
71323043,125,2,69,1,1,1,,
71324725,25,2,3031,1,1,5,,
71324763,9,2,54,1,1,2,,
71336189,10,2,3,1,1,,,
71339867,103,2,1049,1,1,3,,
71346710,9,2,213,1,1,2,,
71353945,9,2,368,1,1,1,,
71358199,309,2,1534,1,1,1,,
71358798,9,2,97,1,1,,,
71364030,9,2,464,1,1,1,,
71370536,18,2,627,1,1,2,,
71371792,7,2,70,1,1,1,,
71371868,7,2,97,1,1,1,,
71373471,17,2,112,1,1,2,,
71399348,4,2,4,1,1,5,,
71400977,10,2,3747,1,1,1,,
71401185,673,2,301,1,1,,,
71402078,66,2,959,1,1,1,,
71409747,50,2,2718,1,1,2,,
71410521,26,2,128,1,1,,,
71411602,7,2,14,1,1,,,
71451871,5,2,3748,1,1,3,,
71471091,7,2,14,1,1,1,,
71475341,23,2,3749,1,1,2,,
71478037,3,2,84,1,1,1,,
71480522,16,2,22,1,1,1,,
71480807,125,2,1948,1,1,1,,
71481332,3,14,10,1,1,,,
71485617,3,6,577,1,1,1,,
71492578,90,2,154,1,1,1,,
71494446,3,2,3750,1,1,2,,
71496851,27,2,23,1,1,2,,
71508606,109,5,9,1,1,5,,
71514690,30,2,1109,1,1,,,
71516707,23,2,2773,1,1,,,
71519554,3,14,10,1,1,5,,
71524764,19,2,26,1,1,,,
71528340,23,2,84,1,1,,,
71533424,3,2,957,1,1,4,,
71534278,3,2,3718,1,1,,,
71539551,45,2,3444,1,1,1,,
71540831,96,2,3751,1,1,2,,
71546457,115,2,1278,1,1,1,,
71549719,16,2,3752,1,1,4,,
71550758,16,2,3753,1,1,3,,
71553414,3,6,17,1,1,1,,
71555913,2,2,677,1,1,1,,
71555983,3,14,10,1,1,5,,
71558134,106,2,347,1,1,,,
71558880,362,2,584,1,1,3,,
71560209,3,6,17,1,1,,,
71575605,51,2,81,1,1,7,,
71578046,7,2,188,1,1,3,,
71578611,4,2,3754,1,1,1,,
71582282,38,2,332,1,1,2,,
71585613,43,2,68,1,1,,,
71602553,322,13,756,1,1,3,,
71602758,40,2,429,1,1,2,,
71607371,38,2,3755,1,1,3,,
71608178,41,2,698,1,1,5,,
71620103,26,2,22,1,1,5,,
71622423,153,2,380,1,1,1,,
71623832,90,2,287,1,1,2,,
71627288,63,2,668,1,1,3,,
71628973,7,2,506,1,1,,,
71630305,14,2,711,1,1,5,,
71630337,6,2,5,1,1,4,,
71632463,651,2,275,1,1,2,,
71635719,3,2,84,1,1,1,,
71638617,151,2,527,1,1,1,,
71644541,38,2,1550,1,1,2,,
71645262,2,2,15,1,1,1,,
71646241,16,2,22,1,1,3,,
71646880,198,2,615,1,1,1,,
71647200,3,14,10,1,1,4,,
71649453,2,2,15,1,1,2,,
71650385,62,2,2085,1,1,,,
71659688,7,2,1891,1,1,4,,
71661203,6,2,4,1,1,1,,
71662007,50,2,3756,1,1,2,,
71662986,41,2,3,1,1,1,,
71668100,9,2,97,1,1,2,,
71669247,39,2,3757,1,1,,,
71672713,7,2,160,1,1,4,,
71678949,4,2,2036,1,1,3,,
71679139,167,2,573,1,1,,,
71683549,105,2,230,1,1,1,,
71683649,3,14,10,1,1,5,,
71700526,39,2,272,1,1,4,,
71701276,3,14,10,1,1,5,,
71716289,105,2,230,1,1,5,,
71719006,27,2,119,1,1,1,,
71719247,29,2,223,1,1,1,,
71721166,7,2,786,1,1,2,,
71726952,3,14,10,1,1,5,,
71729099,169,2,887,1,1,,,
71729260,51,2,586,1,1,5,,
71734435,49,2,38,1,1,3,,
71735214,7,2,157,1,1,1,,
71740470,3,14,10,1,1,6,,
71748179,18,2,15,1,1,2,,
71757347,729,17,3758,1,1,,,
71759183,45,2,75,1,1,,,
71792314,6,2,1088,1,1,3,,
71804625,52,2,84,1,1,,,
71808121,14,2,655,1,1,1,,
71833071,49,2,1152,1,1,1,,
71851558,7,2,27,1,1,3,,
71867511,67,2,1529,1,1,4,,
71880744,45,2,545,1,1,3,,
71882580,3,2,15,1,1,,,
71883560,3,14,10,1,1,1,,
71895406,2,2,3759,1,1,2,,
71901687,38,2,3760,1,1,2,,
71904349,730,2,118,1,1,6,,
71910736,28,13,40,1,1,1,,
71930788,7,2,157,1,1,1,,
71937956,3,69,3761,1,1,4,,
71945896,30,2,106,1,1,6,,
71951690,45,2,944,1,1,1,,
71956779,9,2,27,1,1,5,,
71974097,4,2,4,1,1,2,,
71978019,73,2,3762,1,1,,,
71978116,7,2,239,1,1,1,,
71987947,9,2,27,1,1,2,,
72006550,16,2,128,1,1,,,
72010234,4,2,5,1,1,1,,
72010704,2,2,3763,1,1,2,,
72015472,4,2,3764,1,1,2,,
72019589,90,2,1126,1,1,2,,
72022194,86,2,737,1,1,2,,
72041438,23,2,84,1,1,1,,
72043933,103,2,521,1,1,1,,
72044568,7,2,97,1,1,,,
72048137,4,2,5,1,1,1,,
72056908,3,2,90,1,1,,,
72060539,3,14,10,1,1,,,
72061315,731,13,3765,1,1,,,
72062334,31,2,2343,1,1,1,,
72062942,3,14,10,1,1,1,,
72081740,4,2,4,1,1,3,,
72092676,43,2,497,1,1,1,,
72092703,59,12,65,1,1,7,,
72094963,22,6,3745,1,1,1,,
72102369,23,2,84,1,1,1,,
72106258,3,14,10,1,1,1,,
72124856,3,6,986,1,1,,,
72139474,3,2,3766,1,1,,,
72143958,45,2,44,1,1,2,,
72153939,172,2,2412,1,1,1,,
72162326,3,14,10,1,1,5,,
72162876,16,2,1715,1,1,1,,
72164278,732,2,217,1,1,5,,
72187185,27,2,23,1,1,3,,
72209642,3,2,15,1,1,,,
72222574,51,2,373,1,1,2,,
72234947,3,14,10,1,1,,,
72280093,2,2,15,1,1,,,
72293571,7,2,3767,1,1,5,,
72302032,178,17,442,1,1,7,,
72303532,86,2,130,1,1,,,
72307419,170,2,421,1,1,,,
72313277,90,2,422,1,1,3,,
72322821,73,2,3768,1,1,5,,
72323183,4,2,114,1,1,3,,
72324053,733,13,3769,1,1,,,
72329891,16,2,1519,1,1,,,
72332830,10,2,2231,1,1,2,,
72340920,2,2,15,1,1,1,,
72344835,17,2,23,1,1,,,
72363228,3,14,10,1,1,1,,
72413101,52,2,84,1,1,,,
72413633,172,2,1278,1,1,,,
72415084,43,2,68,1,1,,,
72426100,3,2,580,1,1,,,
72448690,90,2,1062,1,1,,,
72460832,30,2,1332,1,1,,,
72488877,27,2,112,1,1,3,,
72505496,45,2,1045,1,1,1,,
72510365,117,2,2311,1,1,,,
72510423,50,2,3073,1,1,1,,
72516576,9,2,58,1,1,5,,
72559323,97,2,3770,1,1,2,,
72564191,26,2,128,1,1,5,,
72599488,1,2,1902,1,1,1,,
72606970,9,2,12,1,1,1,,
72610772,6,2,5,1,1,2,,
72622139,90,2,736,1,1,2,,
72624688,27,2,257,1,1,,,
72635370,170,2,421,1,1,3,,
72651711,3,15,48,1,1,,,
72668882,90,2,580,1,1,3,,
72678156,27,2,23,1,1,1,,
72678520,43,2,68,1,1,1,,
72679563,105,2,373,1,1,3,,
72706137,4,2,289,1,1,1,,
72708452,32,2,71,1,1,,,
72711420,43,2,68,1,1,1,,
72714476,3,14,10,1,1,5,,
72726575,2,2,15,1,1,4,,
72727461,3,14,10,1,1,2,,
72728200,3,6,3030,1,1,,,
72734660,3,6,17,1,1,1,,
72751385,23,2,84,1,1,,,
72755038,25,2,3134,1,1,2,,
72763067,7,2,2458,1,1,,,
72763081,67,2,223,1,1,1,,
72770485,18,2,627,1,1,1,,
72977213,32,2,45,1,1,1,,
72988702,3,2,15,1,1,,,
72998054,67,2,223,1,1,1,,
73002693,18,2,90,1,1,7,,
73012124,5,2,1159,1,1,1,,
73013724,50,2,79,1,1,3,,
73014032,9,2,77,1,1,1,,
73017499,67,2,1408,1,1,2,,
73019470,90,2,1062,1,1,3,,
73022349,4,2,5,1,1,,,
73062843,7,2,97,1,1,1,,
73073173,120,2,1051,1,1,1,,
73183196,29,2,223,1,1,,,
73185238,23,2,3771,1,1,,,
73192215,16,2,297,1,1,1,,
73196586,90,2,438,1,1,2,,
73201896,41,2,416,1,1,2,,
73209383,16,2,1395,1,1,2,,
73227858,17,2,23,1,1,2,,
73234923,3,2,90,1,1,7,,
73242866,4,2,887,1,1,1,,
73246410,18,2,15,1,1,,,
73251499,19,2,26,1,1,2,,
73260268,18,2,1377,1,1,1,,
73263740,17,2,23,1,1,5,,
73328651,272,2,3772,1,1,2,,
73439844,72,2,154,1,1,,,
73514628,18,2,703,1,1,,,
73772656,4,2,4,1,1,,,
73789809,7,2,58,1,1,,,
73792220,7,2,27,1,1,1,,
73795087,3,2,180,1,1,4,,
73817223,23,2,3773,1,1,,,
73826049,4,2,4,1,1,2,,
73829234,38,2,2434,1,1,3,,
73833350,10,2,3,1,1,1,,
73836834,115,2,272,1,1,3,,
73841680,19,2,350,1,1,,,
73845708,72,2,191,1,1,,,
73857723,24,13,1884,1,1,,,
73895172,52,2,1676,1,1,,,
73928587,106,2,887,1,1,2,,
73931165,50,2,1051,1,1,3,,
73935429,4,2,841,1,1,3,,
73938854,3,6,17,1,1,1,,
73963099,90,2,287,1,1,5,,
73979215,5,2,45,1,1,1,,
73982890,7,2,323,1,1,2,,
73983791,25,2,332,1,1,1,,
73984675,27,2,224,1,1,5,,
73999443,2,2,15,1,1,1,,
74028559,4,2,95,1,1,2,,
74040923,734,6,3774,1,1,5,,
74050406,50,2,3083,1,1,1,,
74052286,10,2,335,1,1,3,,
74055513,9,2,97,1,1,,,
74058629,125,2,428,1,1,3,,
74066957,2,2,627,1,1,,,
74067844,2,2,2667,1,1,2,,
74075477,3,14,10,1,1,,,
74081323,3,2,3775,1,1,,,
74085352,90,2,287,1,1,2,,
74097560,7,2,462,1,1,1,,
74102616,45,2,532,1,1,1,,
74102672,3,2,15,1,1,,,
74104582,7,2,55,1,1,1,,
74107090,7,2,97,1,1,,,
74113076,7,2,1194,1,1,1,,
74115010,3,29,425,1,1,1,,
74117501,124,2,1645,1,1,2,,
74117663,41,2,3,1,1,,,
74126343,3,14,10,1,1,2,,
74134329,23,2,84,1,1,1,,
74140747,24,13,35,1,1,1,,
74141934,9,2,97,1,1,1,,
74148253,10,2,92,1,1,2,,
74149514,38,2,672,1,1,3,,
74160429,83,2,3776,1,1,,,
74161427,90,2,3777,1,1,1,,
74185388,99,2,26,1,1,1,,
74197817,54,2,720,1,1,3,,
74200210,329,2,1434,1,1,1,,
74220496,480,2,3778,1,1,1,,
74235055,735,2,174,1,1,1,,
74260736,42,2,1234,1,1,,,
74282021,126,2,300,1,1,1,,
74283968,6,2,11,1,1,1,,
74289624,90,2,3779,1,1,2,,
74289972,4,2,4,1,1,,,
74293281,96,2,211,1,1,5,,
74299267,70,2,183,1,1,3,,
74301659,213,2,45,1,1,5,,
74304437,70,2,3780,1,1,1,,
74306759,120,2,3781,1,1,1,,
74310498,2,2,15,1,1,1,,
74310530,23,2,351,1,1,2,,
74316032,32,2,71,1,1,1,,
74319721,90,2,186,1,1,7,,
74333066,3,2,3,1,1,2,,
74335050,178,17,3782,1,1,2,,
74336462,7,2,97,1,1,2,,
74341855,3,2,15,1,1,1,,
74345698,148,2,3783,1,1,1,,
74347068,9,2,148,1,1,1,,
74349816,3,29,425,1,1,3,,
74352394,90,2,137,1,1,4,,
74357171,3,2,97,1,1,,,
74357230,7,2,77,1,1,,,
74358721,7,2,462,1,1,1,,
74359099,3,2,538,1,1,5,,
74360153,4,2,114,1,1,3,,
74364029,7,2,97,1,1,2,,
74367050,126,2,300,1,1,1,,
74374474,90,2,287,1,1,2,,
74447924,115,2,2881,1,1,,,
74467808,90,2,661,1,1,3,,
74474116,17,2,639,1,1,2,,
74475378,49,2,38,1,1,1,,
74480558,90,2,287,1,1,2,,
74481337,3,14,10,1,1,,,
74491056,673,2,1712,1,1,5,,
74506417,4,2,11,1,1,1,,
74507106,3,14,10,1,1,1,,
74511026,43,2,3784,1,1,2,,
74514529,572,6,2189,1,1,6,,
74519793,55,15,48,1,1,1,,
74526101,3,6,986,1,1,1,,
74529477,49,2,3785,1,1,3,,
74538801,25,2,3594,1,1,,,
74539755,2,2,2131,1,1,2,,
74539983,39,2,3786,1,1,2,,
74540132,17,2,23,1,1,,,
74540494,97,2,215,1,1,,,
74544009,9,2,3058,1,1,2,,
74556208,42,2,68,1,1,2,,
74558521,31,2,3787,1,1,1,,
74571418,7,2,97,1,1,3,,
74576282,2,2,1962,1,1,,,
74580670,9,2,27,1,1,2,,
74599109,4,2,4,1,1,,,
74604183,38,2,1366,1,1,1,,
74604341,39,2,131,1,1,1,,
74608953,6,2,1192,1,1,1,,
74615241,72,2,186,1,1,2,,
74618109,54,2,1955,1,1,4,,
74619848,25,2,38,1,1,1,,
74621231,90,2,2546,1,1,2,,
74673901,3,14,10,1,1,,,
74675845,7,2,27,1,1,1,,
74679636,3,14,10,1,1,1,,
74683362,7,2,27,1,1,,,
74687373,736,19,3788,1,1,7,,
74694602,10,2,335,1,1,3,,
74695589,7,2,27,1,1,1,,
74698256,7,2,145,1,1,5,,
74700746,126,2,300,1,1,,,
74704447,7,2,261,1,1,1,,
74704925,737,24,3789,1,1,,,
74708667,151,2,1028,1,1,3,,
74710480,7,2,3348,1,1,6,,
74713745,126,2,300,1,1,4,,
74715827,3,14,10,1,1,1,,
74718032,7,2,97,1,1,5,,
74722548,73,2,2450,1,1,2,,
74722833,50,2,79,1,1,3,,
74722887,106,2,3790,1,1,2,,
74724460,106,2,347,1,1,1,,
74725270,7,2,3582,1,1,1,,
74728673,10,2,3,1,1,2,,
74728718,259,2,462,1,1,,,
74732098,10,2,197,1,1,2,,
74734646,5,2,71,1,1,4,,
74735146,9,2,27,1,1,,,
74737266,49,2,38,1,1,1,,
74739878,31,2,545,1,1,,,
74746043,232,2,1788,1,1,,,
74746790,9,2,14,1,1,1,,
74748093,50,2,975,1,1,2,,
74753548,7,2,910,1,1,1,,
74755996,42,2,68,1,1,4,,
74758215,738,21,3791,1,1,4,,
74758844,7,2,77,1,1,1,,
74759198,3,14,10,1,1,2,,
74762405,9,2,97,1,1,2,,
74765851,3,14,10,1,1,,,
74767633,3,14,10,1,1,1,,
74772057,9,2,179,1,1,,,
74777356,10,2,326,1,1,2,,
74781049,4,2,11,1,1,1,,
74796810,22,6,17,1,1,3,,
74803946,6,2,4,1,1,3,,
74811837,18,2,67,1,1,2,,
74814864,10,2,3792,1,1,,,
74835950,90,2,154,1,1,1,,
74839871,98,2,217,1,1,1,,
74848559,72,2,2532,1,1,1,,
74870236,67,2,347,1,1,4,,
74879906,17,2,23,1,1,1,,
74880689,9,2,97,1,1,1,,
74882602,9,2,77,1,1,3,,
74884070,3,15,758,1,1,5,,
74885112,90,2,186,1,1,1,,
74891327,9,2,27,1,1,3,,
74892224,70,2,183,1,1,2,,
74892872,86,2,737,1,1,3,,
74893478,9,2,770,1,1,,,
74895580,492,2,3793,1,1,1,,
74897369,9,2,2825,1,1,1,,
74899775,103,2,330,1,1,5,,
74900349,3,2,2939,1,1,3,,
74902851,148,2,1218,1,1,5,,
74904301,51,2,230,1,1,3,,
74906914,9,2,70,1,1,,,
74911074,18,2,15,1,1,,,
74915668,32,2,7,1,1,3,,
74917126,9,2,58,1,1,2,,
74919054,52,2,3794,1,1,,,
74926117,86,2,2550,1,1,,,
74926572,4,2,5,1,1,,,
74935744,7,2,77,1,1,1,,
74937195,739,70,3795,1,1,1,,
74941835,32,2,623,1,1,4,,
74942623,7,2,2747,1,1,1,,
74946457,25,2,1152,1,1,5,,
74950283,3,14,10,1,1,,,
74951279,9,2,70,1,1,,,
74952720,54,2,432,1,1,2,,
74952889,151,2,238,1,1,,,
74956728,7,2,172,1,1,7,,
74961633,90,2,3796,1,1,,,
74969321,3,14,10,1,1,2,,
74971536,3,2,15,1,1,,,
74985176,7,2,201,1,1,,,
74989039,66,2,93,1,1,2,,
74994575,45,2,545,1,1,2,,
74997040,10,2,3,1,1,1,,
74997179,99,2,26,1,1,7,,
74997181,18,2,15,1,1,3,,
75001559,2,2,3797,1,1,2,,
75011834,184,2,469,1,1,5,,
75021825,90,2,154,1,1,2,,
75023654,45,2,360,1,1,1,,
75031133,7,2,27,1,1,2,,
75031276,49,2,38,1,1,1,,
75033595,3,6,17,1,1,,,
75038620,4,2,167,1,1,1,,
75038941,31,2,360,1,1,5,,
75039888,16,2,3798,1,1,3,,
75041012,144,2,94,1,1,1,,
75050276,18,2,617,1,1,3,,
75053738,96,2,376,1,1,,,
75053811,18,2,3799,1,1,5,,
75056372,3,2,15,6,16,5,120,64456
75058419,151,2,527,1,1,1,,
75059318,4,2,1935,1,1,,,
75068177,16,2,120,1,1,1,,
75068855,36,15,52,1,1,1,,
75071753,27,2,3800,1,1,3,,
75078786,5,2,1159,1,1,1,,
75103348,45,2,49,1,1,5,,
75103905,7,2,3801,1,1,,,
75113640,3,15,2543,1,1,2,,
75129348,72,2,287,1,1,1,,
75134694,3,14,10,1,1,,,
75155324,10,2,140,1,1,4,,
75388921,22,6,17,1,1,,,
75400708,40,2,429,1,1,2,,
75407943,39,2,131,1,1,4,,
75417342,41,2,3,1,1,,,
75424253,3,14,10,1,1,,,
75434245,6,2,701,1,1,3,,
75434952,27,2,868,1,1,2,,
75436848,23,2,2525,1,1,3,,
75437727,103,2,227,1,1,1,,
75437831,55,15,3802,1,1,1,,
75440441,90,2,186,1,1,,,
75448584,10,2,156,1,1,1,,
75453814,45,2,44,1,1,4,,
75467678,4,2,5,1,1,,,
75467976,49,2,73,1,1,1,,
75469635,2,2,15,1,1,5,,
75472485,62,2,648,1,1,1,,
75474929,43,2,3803,1,1,,,
75514502,43,2,68,1,1,,,
75519117,3,5,3804,1,1,,,
75530431,25,2,73,1,1,4,,
75531631,3,14,10,1,1,,,
75533370,40,2,1239,1,1,2,,
75557987,480,2,3778,1,1,2,,
75574270,9,2,2939,1,1,3,,
75581607,213,2,380,1,1,2,,
75584764,10,2,3,1,1,2,,
75589548,3,14,10,1,1,1,,
75590176,4,2,4,1,1,1,,
75591699,62,2,104,1,1,1,,
75603990,4,2,528,1,1,3,,
75605778,97,2,1299,1,1,,,
75609384,3,2,3,1,1,5,,
75616946,7,2,97,1,1,1,,
75621179,4,2,2589,1,1,4,,
75629821,70,2,2550,1,1,,,
75631879,251,13,3805,1,1,1,,
75644973,30,2,42,1,1,4,,
75649854,22,6,1094,1,1,1,,
75652015,43,2,1140,1,1,2,,
75652254,43,2,1234,1,1,2,,
75652667,6,2,5,1,1,1,,
75665756,90,2,2061,1,1,1,,
75669608,3,14,10,1,1,3,,
75670361,3,2,15,1,1,1,,
75719358,16,2,128,1,1,2,,
75720435,3,2,607,1,1,1,,
75723291,16,2,22,1,1,2,,
75724188,64,2,106,1,1,3,,
75726781,42,2,68,1,1,1,,
75727653,114,23,3806,1,1,2,,
75742388,51,2,230,1,1,4,,
75744349,3,2,3,1,1,,,
75756975,7,2,148,1,1,2,,
75759323,10,2,3,1,1,1,,
75765066,3,2,621,1,1,2,,
75768490,135,2,155,1,1,2,,
75862255,7,2,3807,1,1,1,,
75865873,167,2,573,1,1,,,
75870956,25,2,73,1,1,1,,
75876381,90,2,1130,1,1,2,,
75885310,18,2,3808,1,1,2,,
75892429,70,2,275,1,1,5,,
76074281,7,2,145,1,1,7,,
76076129,169,2,839,1,1,1,,
76076359,26,2,3050,1,1,2,,
76079151,38,2,91,1,1,6,,
76080926,38,2,1016,1,1,1,,
76084879,7,2,97,1,1,4,,
76087697,3,2,230,1,1,3,,
76087721,17,2,224,1,1,1,,
76102337,3,6,17,1,1,5,,
76108912,161,10,1082,1,1,5,,
76111096,3,14,10,1,1,3,,
76112399,45,2,944,1,1,,,
76113972,68,2,740,1,1,2,,
76115833,49,2,1634,1,1,1,,
76122646,43,2,3809,1,1,1,,
76126558,43,2,68,1,1,7,,
76127808,3,14,10,1,1,4,,
76133108,2,2,15,1,1,1,,
76140002,2,2,15,1,1,,,
76140425,23,2,256,1,1,,,
76146101,32,2,71,1,1,,,
76163713,183,2,354,1,1,,,
76165303,312,13,1149,1,1,1,,
76166878,66,2,3810,1,1,,,
76168224,4,2,4,1,1,1,,
76170330,18,2,627,1,1,2,,
76171420,3,10,25,1,1,7,,
76176497,124,2,1486,1,1,1,,
76184891,3,14,10,1,1,1,,
76199326,41,2,3,1,1,,,
76200767,90,2,191,1,1,4,,
76201462,740,28,3811,1,1,1,,
76201627,126,2,3812,1,1,4,,
76202589,103,2,330,1,1,7,,
76205502,73,2,88,1,1,5,,
76208285,22,6,17,1,1,1,,
76213412,32,2,1159,1,1,2,,
76214850,9,2,97,1,1,,,
76214865,39,2,3813,1,1,3,,
76214880,202,2,367,1,1,2,,
76214895,40,2,429,1,1,4,,
76216204,3,14,10,1,1,1,,
76217848,7,2,261,1,1,4,,
76227414,4,2,5,1,1,2,,
76227652,3,14,10,1,1,3,,
76229490,18,2,15,1,1,2,,
76231392,76,2,455,1,1,1,,
76235078,4,2,11,1,1,2,,
76241366,7,2,285,1,1,2,,
76245421,7,2,323,1,1,,,
76246121,3,14,10,1,1,,,
76251470,3,2,27,1,1,5,,
76252253,9,2,462,1,1,3,,
76253252,735,2,3814,1,1,3,,
76256528,263,2,892,1,1,,,
76259801,9,2,97,1,1,1,,
76262847,9,2,97,1,1,,,
76267845,251,13,756,1,1,1,,
76321666,6,2,5,1,1,1,,
76322470,17,2,1238,1,1,5,,
76323347,83,2,217,1,1,5,,
76323674,43,2,68,1,1,,,
76324405,38,2,2445,1,1,2,,
76326157,7,2,2213,1,1,,,
76340632,62,2,104,1,1,,,
76345004,6,2,1258,1,1,,,
76349528,39,2,59,1,1,7,,
76357488,741,6,3815,1,1,1,,
76358677,10,2,3,1,1,2,,
76360107,45,2,75,1,1,1,,
76376841,17,2,1238,1,1,3,,
76384697,62,2,104,1,1,1,,
76396939,2,2,1468,1,1,1,,
76412394,4,2,701,1,1,2,,
76422708,16,2,3816,1,1,5,,
76430454,7,2,58,1,1,3,,
76440728,30,2,1332,1,1,7,,
76452487,23,2,401,1,1,5,,
76473003,27,2,1556,1,1,,,
76474273,25,2,286,1,1,4,,
76475254,4,2,528,1,1,3,,
76475891,26,2,3817,1,1,1,,
76479092,90,2,615,1,1,2,,
76487615,318,2,88,1,1,,,
76493558,3,2,73,1,1,,,
76497087,4,2,44,1,1,3,,
76499266,3,14,10,1,1,2,,
76500049,6,2,5,1,1,7,,
76502907,22,6,1094,1,1,1,,
76507853,27,2,23,1,1,4,,
76515231,39,2,2394,1,1,5,,
76517634,27,2,112,1,1,1,,
76520882,1,2,36,1,1,1,,
76521590,49,2,193,1,1,7,,
76530875,6,2,3818,1,1,4,,
76532383,3,14,10,1,1,1,,
76534749,169,2,887,1,1,,,
76537168,19,2,26,1,1,,,
76541226,52,2,401,1,1,5,,
76543228,31,2,75,1,1,2,,
76549112,103,2,104,1,1,3,,
76549708,742,2,612,1,1,,,
76557184,43,2,2596,1,1,,,
76557506,67,2,1462,1,1,2,,
76558295,55,15,73,1,1,,,
76577883,9,2,97,1,1,,,
76580944,675,13,3819,1,1,3,,
76584435,3,14,10,1,1,,,
76586243,7,2,14,1,1,2,,
76599939,265,2,2876,1,1,,,
76607885,3,11,29,1,1,1,,
76611449,39,2,1078,1,1,5,,
76621224,7,2,188,1,1,2,,
76622202,45,2,614,1,1,2,,
76625314,3,14,10,1,1,4,,
76625329,160,2,421,1,1,1,,
76635368,16,2,22,1,1,5,,
76637056,17,2,224,1,1,1,,
76638389,206,2,469,1,1,6,,
76639430,38,2,1366,1,1,1,,
76640213,63,2,354,1,1,,,
76640333,7,2,786,1,1,1,,
76641893,3,2,3820,1,1,,,
76644667,70,2,708,1,1,,,
76648651,3,14,10,1,1,2,,
76679021,332,2,3821,1,1,1,,
76679731,10,2,2231,1,1,4,,
76711640,83,2,3822,1,1,5,,
76719753,7,2,179,1,1,,,
76719929,144,2,2934,1,1,2,,
76727858,3,2,15,1,1,6,,
76735050,14,2,292,1,1,2,,
76742552,3,5,3823,1,1,2,,
76743415,27,2,887,1,1,,,
76754800,27,2,257,1,1,,,
76759070,39,2,807,1,1,3,,
76775639,743,2,38,1,1,7,,
76776444,4,2,5,1,1,2,,
76794605,3,14,10,1,1,2,,
76864267,144,2,1330,1,1,1,,
76873372,18,2,3210,1,1,,,
76878233,10,2,3,1,1,1,,
76880902,90,2,186,1,1,,,
76881122,3,5,3824,1,1,1,,
76885885,120,2,3825,1,1,,,
76928217,18,2,15,1,1,2,,
76929906,4,2,99,1,1,2,,
76935845,43,2,3127,1,1,,,
76943993,39,2,374,1,1,5,,
76947396,4,2,114,1,1,1,,
76974522,5,2,623,1,1,,,
76974922,51,2,3826,1,1,1,,
76977611,52,2,2887,1,1,,,
76981535,36,15,52,1,1,2,,
76982478,17,2,248,1,1,2,,
76987056,4,2,11,1,1,,,
76987811,3,14,10,1,1,7,,
76989136,7,2,709,1,1,2,,
76993027,19,2,3666,1,1,,,
77003201,4,2,2195,1,1,,,
77003969,3,2,444,1,1,1,,
77004300,2,2,977,1,1,1,,
77006575,4,2,99,1,1,6,,
77019006,3,14,10,1,1,1,,
77045367,42,2,383,1,1,2,,
77051956,3,6,17,1,1,1,,
77052821,3,2,51,1,1,5,,
77053322,2,2,15,1,1,2,,
77056563,3,2,15,1,1,,,
77056741,7,2,1080,1,1,1,,
77061828,18,2,15,1,1,1,,
77075551,265,2,3827,1,1,1,,
77097700,3,14,10,1,1,1,,
77104590,9,2,97,1,1,2,,
77105415,7,2,169,1,1,1,,
77109378,148,2,1331,1,1,1,,
77111812,7,2,399,1,1,,,
77112188,7,2,14,1,1,1,,
77115616,4,2,5,1,1,,,
77117475,3,2,15,1,1,3,,
77120004,171,5,427,1,1,7,,
77122915,3,14,10,1,1,,,
77127902,237,13,679,1,1,2,,
77128560,29,2,223,1,1,,,
77129265,3,14,10,1,1,3,,
77129542,86,2,708,1,1,1,,
77130340,7,2,97,1,1,,,
77133274,3,14,10,1,1,1,,
77143708,144,2,94,1,1,1,,
77145037,7,2,995,1,1,2,,
77158779,70,2,708,1,1,2,,
77159180,2,2,15,1,1,2,,
77160392,169,2,2282,1,1,,,
77162074,7,2,904,1,1,1,,
77163989,3,14,10,1,1,2,,
77169664,43,2,1140,1,1,1,,
77185102,4,2,1382,1,1,2,,
77215487,4,2,99,1,1,2,,
77218211,90,2,191,1,1,,,
77230639,90,2,186,1,1,1,,
77234081,6,2,4,1,1,,,
77242138,9,2,1084,1,1,3,,
77259916,167,2,892,1,1,,,
77264419,3,14,10,1,1,,,
77279406,32,2,71,1,1,2,,
77295934,3,14,10,1,1,4,,
77318089,143,2,806,1,1,5,,
77324407,9,2,97,1,1,1,,
77374570,16,2,22,1,1,1,,
77402918,4,2,4,1,1,1,,
77577019,18,2,15,1,1,,,
77580969,3,14,10,1,1,3,,
77583193,4,2,5,1,1,1,,
77586042,16,2,95,1,1,,,
77608712,22,6,2224,1,1,1,,
77610081,3,14,10,1,1,3,,
77612023,744,2,154,1,1,1,,
77615894,7,2,14,1,1,2,,
77616740,213,2,380,1,1,1,,
77630357,3,2,15,1,1,1,,
77632334,3,71,3828,1,1,2,,
77633193,3,14,10,1,1,6,,
77637529,54,2,2450,1,1,1,,
77647196,38,2,2117,1,1,1,,
77654572,2,2,2135,1,1,1,,
77657790,90,2,422,1,1,,,
77677559,9,2,27,1,1,,,
77681967,206,2,469,1,1,,,
77686795,10,2,3,1,1,5,,
77687309,215,2,1764,1,1,2,,
77690375,4,2,872,1,1,,,
77693560,3,14,10,1,1,,,
77697434,3,14,10,1,1,,,
77707346,745,2,99,1,1,3,,
77711881,167,2,930,1,1,1,,
77712306,38,2,3829,1,1,1,,
77714976,7,2,27,1,1,,,
77723737,3,14,10,1,1,2,,
77724572,3,14,10,1,1,1,,
77725098,9,2,3830,1,1,,,
77727601,7,2,530,1,1,5,,
77728457,2,2,15,1,1,,,
77728930,5,2,71,1,1,1,,
77733045,72,2,580,1,1,2,,
77738075,9,2,157,1,1,,,
77738326,3,14,10,1,1,,,
77744391,72,2,611,1,1,,,
77745426,45,2,838,1,1,,,
77752228,7,2,58,1,1,1,,
77752302,3,14,10,1,1,7,,
77756703,70,2,183,1,1,,,
77758478,23,2,377,1,1,6,,
77759770,97,2,3831,1,1,,,
77762329,38,2,1469,1,1,,,
77763351,7,2,770,1,1,2,,
77763923,179,15,412,1,1,6,,
77764260,9,2,97,1,1,2,,
77766260,9,2,2458,1,1,2,,
77766673,18,2,1468,1,1,5,,
77766705,3,14,10,1,1,1,,
77768564,39,2,556,1,1,2,,
77769152,7,2,14,1,1,2,,
77770138,39,2,733,1,1,2,,
77869403,18,2,15,1,1,1,,
77876545,190,2,15,1,1,4,,
77878163,105,2,230,1,1,,,
77881781,4,2,1247,1,1,,,
77882065,117,2,1043,1,1,,,
77897822,2,2,15,1,1,,,
77910095,16,2,2268,1,1,4,,
77912095,51,2,1536,1,1,,,
77912635,90,2,287,1,1,,,
77918098,62,2,104,1,1,5,,
77930714,18,2,15,1,1,,,
77941958,38,2,3832,1,1,1,,
77953488,10,2,3,1,1,,,
77979779,72,2,3833,1,1,,,
77982542,54,2,537,1,1,5,,
77999128,72,2,1027,1,1,,,
78015479,3,5,3834,1,1,5,,
78038538,103,2,104,1,1,1,,
78055708,41,2,3,1,1,1,,
78059859,176,2,898,1,1,2,,
78060668,4,2,99,1,1,1,,
78061848,7,2,2306,1,1,1,,
78063959,90,2,186,1,1,2,,
78065316,105,2,3835,1,1,4,,
78066259,2,2,15,1,1,1,,
78075988,746,72,3836,1,1,,,
78102861,2,2,15,1,1,3,,
78126838,472,2,1702,1,1,1,,
78133768,2,2,15,1,1,4,,
78140238,9,2,27,1,1,1,,
78283079,67,2,347,1,1,7,,
78284914,3,12,65,1,1,,,
78284990,3,2,4,1,1,,,
78288022,3,14,10,1,1,5,,
78290955,16,2,22,1,1,1,,
78292057,3,14,10,1,1,,,
78304106,747,73,397,1,1,,,
78322617,19,2,26,1,1,,,
78326739,14,2,24,1,1,1,,
78331809,2,2,15,1,1,1,,
78333018,72,2,422,1,1,,,
78339785,26,2,22,1,1,5,,
78339950,748,6,2575,1,1,1,,
78340677,43,2,823,1,1,1,,
78348290,7,2,148,1,1,1,,
78348859,14,2,3837,1,1,,,
78349475,2,2,15,1,1,2,,
78352701,51,2,81,1,1,1,,
78354807,7,2,97,1,1,3,,
78370913,72,2,186,1,1,1,,
78374176,3,2,58,1,1,3,,
78375524,32,2,302,1,1,,,
78376151,148,2,105,1,1,6,,
78378114,2,2,15,1,1,7,,
78382230,32,2,71,1,1,,,
78383615,25,2,38,1,1,1,,
78389229,99,2,26,1,1,,,
78392228,5,2,71,1,1,5,,
78392660,2,2,1599,1,1,3,,
78397379,7,2,27,1,1,1,,
78417613,96,2,1703,1,1,,,
78426215,3,14,10,1,1,2,,
78435524,90,2,3838,1,1,,,
78444636,7,2,3839,1,1,,,
78451299,18,2,15,1,1,3,,
78451754,3,14,10,1,1,,,
78459968,7,2,3840,1,1,2,,
78461596,4,2,4,1,1,2,,
78463611,126,2,3841,1,1,1,,
78463615,7,2,58,1,1,,,
78466074,9,2,97,1,1,1,,
78467539,7,2,54,1,1,5,,
78469240,7,2,14,1,1,,,
78538217,39,2,131,1,1,,,
78579135,4,2,1382,1,1,1,,
78601632,589,2,38,1,1,1,,
78605725,41,2,3,1,1,2,,
78612732,18,2,3842,1,1,,,
78627785,62,2,250,1,1,2,,
78632700,520,2,130,1,1,3,,
78680932,3,14,10,1,1,1,,
78685992,18,2,15,1,1,1,,
78691110,3,14,10,1,1,5,,
78704121,45,2,49,1,1,1,,
78708714,18,2,836,1,1,2,,
78724186,3,14,10,1,1,2,,
78730039,18,2,3843,1,1,2,,
78735585,3,18,3844,1,1,2,,
78738610,2,2,15,1,1,,,
78747640,90,2,186,1,1,1,,
78748154,43,2,68,1,1,1,,
78749228,7,2,83,1,1,2,,
78759665,749,13,3845,1,1,3,,
78782083,9,2,97,1,1,,,
78782186,5,2,3846,1,1,4,,
78787192,4,2,11,1,1,5,,
78801349,9,2,58,1,1,3,,
78806436,675,13,3847,1,1,2,,
78808962,67,2,223,1,1,1,,
78817059,32,2,71,1,1,1,,
78839463,4,2,2195,1,1,,,
78842345,4,2,4,1,1,1,,
78850703,2,2,15,1,1,2,,
78851607,7,2,129,1,1,1,,
78853109,70,2,708,1,1,2,,
78985360,2,2,1316,1,1,,,
78988388,4,2,528,1,1,1,,
78992079,31,2,545,1,1,,,
78994415,73,2,3848,1,1,1,,
78996142,3,6,17,1,1,1,,
79000927,3,14,10,1,1,2,,
79005510,27,2,23,1,1,,,
79009037,18,2,3849,1,1,4,,
79011799,27,2,23,1,1,1,,
79013926,3,29,425,1,1,2,,
79014374,7,2,97,1,1,,,
79019860,3,14,10,1,1,,,
79024089,105,2,3850,1,1,,,
79026605,3,6,17,1,1,1,,
79027511,23,2,3416,1,1,,,
79036373,3,2,15,1,1,2,,
79042954,10,2,2760,1,1,4,,
79057770,115,2,825,1,1,,,
79071694,19,2,26,1,1,1,,
79086233,24,13,1884,1,1,1,,
79093668,42,2,68,1,1,1,,
79095872,90,2,186,1,1,1,,
79101279,45,2,229,1,1,5,,
79107362,7,2,3075,1,1,2,,
79117280,151,2,3851,1,1,1,,
79122225,4,2,5,1,1,,,
79124276,17,2,224,1,1,1,,
79125001,126,2,732,1,1,2,,
79126141,7,2,27,1,1,1,,
79131372,10,2,3,1,1,1,,
79134089,52,2,1840,1,1,5,,
79135403,9,2,1264,1,1,5,,
79138055,4,2,3852,1,1,,,
79152188,2,2,15,1,1,2,,
79153265,184,2,469,1,1,6,,
79173274,480,2,2147,1,1,2,,
79292042,90,2,3853,1,1,1,,
79305002,7,2,148,1,1,1,,
79315975,3,14,10,1,1,1,,
79316462,43,2,68,1,1,1,,
79318061,51,2,230,1,1,1,,
79327782,16,2,340,1,1,2,,
79335544,3,2,27,1,1,1,,
79338954,50,2,79,1,1,,,
79345849,43,2,746,1,1,,,
79354413,10,2,3854,1,1,1,,
79359327,50,2,2797,1,1,,,
79365128,10,2,232,1,1,1,,
79369901,3,14,10,1,1,1,,
79370036,3,2,383,1,1,5,,
79376776,3,12,65,1,1,6,,
79379892,45,2,619,1,1,4,,
79383535,3,14,10,1,1,7,,
79383729,18,2,627,1,1,,,
79389296,66,2,136,1,1,2,,
79392105,31,2,614,1,1,1,,
79393264,2,2,15,1,1,1,,
79410056,38,2,292,1,1,2,,
79422398,4,2,4,1,1,,,
79424201,90,2,1464,1,1,4,,
79430299,172,2,272,1,1,4,,
79436892,315,2,940,1,1,5,,
79441724,3,6,977,1,1,,,
79445261,44,2,238,1,1,1,,
79445545,3,74,3855,1,1,2,,
79451136,42,2,3553,1,1,,,
79455423,90,2,422,1,1,7,,
79458773,72,2,2471,1,1,7,,
79462541,90,2,955,1,1,7,,
79463460,90,2,2974,1,1,7,,
79470184,90,2,309,1,1,7,,
79482021,4,2,11,1,1,2,,
79485096,7,2,261,1,1,5,,
79488832,3,2,97,1,1,,,
79488871,103,2,692,1,1,7,,
79490181,126,2,1645,1,1,1,,
79490998,9,2,70,1,1,2,,
79492275,7,2,1419,1,1,2,,
79492965,105,2,230,1,1,,,
79493235,4,2,11,1,1,2,,
79500056,3,2,2939,1,1,2,,
79519549,9,2,97,1,1,1,,
79524326,7,2,27,1,1,,,
79525283,7,2,97,1,1,,,
79530158,43,2,950,1,1,1,,
79557151,103,2,104,1,1,2,,
79561820,4,2,448,1,1,,,
79563049,7,2,97,1,1,2,,
79563079,90,2,186,1,1,2,,
79570409,7,2,97,1,1,1,,
79575719,103,2,2205,1,1,2,,
79585218,4,2,4,1,1,1,,
79588596,25,2,38,1,1,1,,
79589378,31,2,838,1,1,2,,
79590389,27,2,23,1,1,3,,
79595429,99,2,26,1,1,,,
79619173,3,14,10,1,1,1,,
79627005,144,2,119,1,1,6,,
79631348,395,2,422,1,1,,,
79646360,51,2,586,1,1,,,
79650463,86,2,3856,1,1,,,
79658184,7,2,3339,1,1,3,,
79666935,18,2,67,1,1,1,,
79691811,55,15,637,1,1,7,,
79693228,143,2,1094,1,1,1,,
79716451,3,14,10,1,1,7,,
79719349,25,2,38,1,1,2,,
79723249,62,2,1049,1,1,1,,
79724057,272,2,3857,1,1,1,,
79727642,3,2,4,1,1,2,,
79729577,26,2,297,1,1,3,,
79730099,750,13,679,1,1,,,
79730635,3,14,10,1,1,,,
79730899,70,2,708,1,1,,,
79734170,90,2,287,1,1,1,,
79751913,103,2,104,1,1,3,,
79753277,7,2,97,1,1,2,,
79757094,4,2,11,1,1,1,,
79760947,3,14,10,1,1,2,,
79764221,4,2,2284,1,1,,,
79765456,3,14,10,1,1,2,,
79766923,9,2,157,1,1,2,,
79769757,3,2,404,1,1,6,,
79776103,395,2,422,1,1,1,,
79781328,38,2,1094,1,1,,,
79784024,193,2,68,1,1,1,,
79793491,3,14,10,1,1,,,
79797169,49,2,187,1,1,2,,
79809662,30,2,106,1,1,5,,
79816265,90,2,422,1,1,4,,
79830368,76,2,155,1,1,1,,
79833517,5,2,71,1,1,5,,
79836060,90,2,3603,1,1,1,,
79849665,2,2,15,1,1,1,,
79850619,72,2,422,1,1,1,,
79852356,4,2,4,1,1,2,,
79852512,72,2,3858,1,1,2,,
79858779,751,23,1806,1,1,3,,
79862570,64,2,900,1,1,,,
79870256,255,2,1443,1,1,,,
79870456,41,2,3,1,1,7,,
79878862,6,2,114,1,1,,,
79879166,45,2,944,1,1,2,,
79886426,3,14,10,1,1,1,,
79886558,27,2,23,1,1,1,,
79892169,43,2,1691,1,1,,,
79892817,66,2,2699,1,1,5,,
79894129,40,2,3577,1,1,2,,
79900648,19,2,26,1,1,2,,
79902774,7,2,77,1,1,5,,
79913501,27,2,2043,1,1,3,,
79919162,169,2,233,1,1,,,
79919253,52,2,84,1,1,,,
79939723,51,2,3048,1,1,,,
79956006,135,2,155,1,1,1,,
79965594,43,2,284,1,1,2,,
79982254,40,2,919,1,1,1,,
79982379,2,2,15,1,1,1,,
79983206,3,2,287,1,1,3,,
79984425,72,2,1027,1,1,3,,
79985328,38,2,304,1,1,1,,
79988879,4,2,4,1,1,7,,
79989243,2,2,15,1,1,1,,
79992118,90,2,1403,1,1,7,,
79992870,6,2,5,1,1,1,,
79992924,561,2,62,1,1,4,,
79999613,169,2,949,1,1,2,,
80004189,52,2,351,1,1,2,,
80006619,752,52,3859,1,1,1,,
80006625,10,2,3,1,1,1,,
80009129,40,2,59,1,1,,,
80012327,3,2,3860,1,1,3,,
80012378,3,14,10,1,1,,,
80021800,68,2,119,1,1,2,,
80029476,43,2,497,1,1,3,,
80030090,3,6,321,1,1,7,,
80032157,72,2,137,1,1,2,,
80035487,67,2,223,1,1,,,
80037591,45,2,773,1,1,3,,
80040053,193,2,68,1,1,1,,
80041758,7,2,97,1,1,1,,
80048785,3,14,10,1,1,3,,
80049203,169,2,1274,1,1,2,,
80064150,50,2,1336,1,1,2,,
80065524,10,2,140,1,1,1,,
80070260,25,2,38,1,1,,,
80076010,70,2,183,1,1,,,
80076158,6,2,872,1,1,1,,
80078228,7,2,97,1,1,,,
80079969,3,2,1902,1,1,1,,
80080418,4,2,5,1,1,,,
80080883,10,2,1467,1,1,6,,
80083953,39,2,131,1,1,,,
80086817,7,2,70,1,1,7,,
80088556,117,2,631,1,1,2,,
80089904,4,2,289,1,1,2,,
80092649,25,2,221,1,1,5,,
80093592,4,2,99,1,1,2,,
80095205,42,2,68,1,1,1,,
80098167,43,2,3803,1,1,4,,
80110079,3,2,97,1,1,,,
80123489,19,2,26,1,1,3,,
80123523,7,2,1264,1,1,2,,
80151305,6,2,4,1,1,1,,
80152071,148,2,105,1,1,4,,
80157955,4,2,448,1,1,,,
80160450,38,2,655,1,1,1,,
80164640,10,2,3,1,1,4,,
80167387,38,2,549,1,1,1,,
80181829,72,2,2201,1,1,,,
80185224,3,2,3861,1,1,,,
80187919,7,2,27,1,1,,,
80196681,4,2,289,1,1,1,,
80201838,5,2,1225,1,1,3,,
80209949,9,2,3862,1,1,,,
80214879,9,2,97,1,1,,,
80216479,3,14,10,1,1,,,
80221526,183,2,358,1,1,,,
80231028,4,2,5,1,1,,,
80238768,9,2,2747,1,1,1,,
80241339,9,2,27,1,1,1,,
80246220,3,2,38,1,1,5,,
80249993,4,2,4,1,1,2,,
80250781,2,2,413,1,1,2,,
80250918,9,2,58,1,1,1,,
80251012,4,2,4,1,1,5,,
80254109,183,2,776,1,1,1,,
80269468,3,14,10,1,1,,,
80272069,3,2,932,1,1,1,,
80281350,7,2,97,1,1,1,,
80282350,25,2,38,1,1,,,
80286823,3,14,10,1,1,,,
80287929,144,2,740,1,1,1,,
80291068,16,2,3863,1,1,,,
80291848,329,2,3569,1,1,1,,
80296245,144,2,119,1,1,5,,
80298050,151,2,543,1,1,5,,
80301394,52,2,84,1,1,,,
80301496,38,2,1288,1,1,2,,
80303934,66,2,1227,1,1,1,,
80305606,72,2,287,1,1,2,,
80315844,40,2,131,1,1,1,,
80316732,213,2,380,1,1,2,,
80318022,18,2,15,1,1,,,
80318658,210,2,1599,1,1,4,,
80323600,4,2,11,1,1,,,
80333124,90,2,447,1,1,7,,
80338261,6,2,11,1,1,5,,
80355697,170,2,612,1,1,,,
80358764,4,2,4,1,1,1,,
80381133,215,2,1060,1,1,5,,
80382309,42,2,550,1,1,5,,
80384816,2,2,3864,1,1,,,
80388285,51,2,2674,1,1,,,
80392228,52,2,415,1,1,,,
80410136,23,2,84,1,1,6,,
80412354,7,2,1982,1,1,1,,
80415888,62,2,104,1,1,,,
80416103,56,2,93,1,1,1,,
80423756,67,2,1408,1,1,5,,
80430974,4,2,5,1,1,,,
80432382,23,2,1883,1,1,,,
80438124,43,2,68,1,1,1,,
80443373,4,2,114,1,1,5,,
80443442,72,2,580,1,1,4,,
80451189,26,2,22,1,1,,,
80476146,10,2,3865,1,1,1,,
80482784,51,2,230,1,1,,,
80486132,278,2,5,1,1,3,,
80492233,25,2,1119,1,1,,,
80495395,206,2,2712,1,1,1,,
80498456,18,2,15,1,1,1,,
80500000,23,2,837,1,1,,,
80515234,3,14,10,1,1,5,,
80516368,71,12,65,1,1,7,,
80530665,3,2,230,1,1,1,,
80533017,115,2,272,1,1,,,
80552324,7,2,27,1,1,1,,
80556122,125,2,1948,1,1,2,,
80557058,3,2,15,1,1,1,,
80571331,3,14,10,1,1,1,,
80635700,3,2,148,1,1,1,,
80641397,167,2,417,1,1,1,,
80642851,72,2,287,1,1,,,
80650486,4,2,3866,1,1,,,
80652554,50,2,79,1,1,,,
80660977,3,14,10,1,1,2,,
80666453,14,2,357,1,1,1,,
80667354,39,2,1203,1,1,1,,
80670851,6,2,4,1,1,3,,
80684099,23,2,473,1,1,1,,
80685998,31,2,360,1,1,4,,
80687898,38,2,3867,1,1,2,,
80692357,25,2,38,1,1,,,
80693272,4,2,872,1,1,2,,
80695222,38,2,711,1,1,,,
80709499,18,2,15,1,1,2,,
80711640,27,2,887,1,1,7,,
80727999,3,29,425,1,1,2,,
80729032,90,2,191,1,1,,,
80730287,23,2,3868,1,1,2,,
80740052,329,2,3869,1,1,,,
80741124,39,2,1147,1,1,1,,
80753330,3,2,15,1,1,5,,
80758317,3,2,619,1,1,5,,
80770693,2,2,90,1,1,,,
80771201,41,2,3,1,1,2,,
80774766,148,2,1334,1,1,5,,
80779664,4,2,99,1,1,3,,
80782854,213,2,380,1,1,,,
80786371,9,2,27,1,1,2,,
80791322,32,2,859,1,1,,,
80792727,4,2,1852,1,1,2,,
80793454,49,2,73,1,1,1,,
80799683,3,2,583,1,1,,,
80809832,3,14,10,1,1,1,,
80814146,27,2,23,1,1,5,,
80817816,206,2,469,1,1,2,,
80821605,3,17,3870,1,1,3,,
80829235,70,2,708,1,1,,,
80829889,4,2,99,1,1,7,,
80837484,125,2,2326,1,1,,,
80837939,70,2,708,1,1,1,,
80840817,7,2,453,1,1,3,,
80847793,62,2,250,1,1,1,,
80847881,7,2,129,1,1,1,,
80849431,23,2,1035,1,1,2,,
80851405,3,14,10,1,1,2,,
80856050,51,2,230,1,1,4,,
80860036,38,2,3871,1,1,,,
80860441,3,14,10,1,1,5,,
80861023,3,14,10,1,1,,,
80862166,49,2,1152,1,1,2,,
80862575,3,14,10,1,1,7,,
80866828,16,2,297,1,1,,,
80867587,3,14,10,1,1,5,,
80869350,70,2,737,1,1,1,,
80870312,3,2,15,1,1,1,,
80871784,17,2,62,1,1,1,,
80872081,10,2,3,1,1,1,,
80872494,16,2,128,1,1,,,
80872942,4,2,114,1,1,2,,
80878880,67,2,1006,1,1,2,,
80881284,70,2,708,1,1,4,,
80882079,7,2,27,1,1,1,,
80886963,67,2,347,1,1,1,,
80890277,18,2,15,1,1,1,,
80893305,27,2,23,1,1,2,,
80903120,2,2,1316,1,1,1,,
80908370,27,2,23,1,1,1,,
80908848,66,2,3872,1,1,,,
80910036,70,2,275,1,1,,,
80910102,7,2,654,1,1,5,,
80911138,54,2,88,1,1,7,,
80911809,124,2,1230,1,1,2,,
80913645,478,6,986,1,1,1,,
80917126,72,2,2500,1,1,,,
80918115,103,2,104,1,1,,,
80919037,18,2,617,1,1,,,
80921592,43,2,68,1,1,1,,
80922985,4,2,3576,1,1,1,,
80930183,143,2,806,1,1,1,,
80936343,753,2,2651,1,1,,,
80938105,18,2,3873,1,1,,,
80952170,23,2,977,1,1,1,,
80961798,202,2,2362,1,1,,,
80967326,38,2,24,1,1,2,,
80968904,3,29,425,1,1,1,,
80973639,39,2,144,1,1,,,
80976084,52,2,1883,1,1,1,,
80976980,39,2,131,1,1,3,,
80981316,43,2,68,1,1,2,,
80989895,2,2,15,1,1,1,,
80993771,10,2,1128,1,1,1,,
80998676,169,2,839,1,1,,,
80998774,51,2,230,1,1,3,,
81000318,18,2,2075,1,1,4,,
81003123,9,2,148,1,1,2,,
81021391,23,2,377,1,1,1,,
81037469,51,2,597,1,1,,,
81064670,7,2,58,1,1,,,
81095514,103,2,104,1,1,1,,
81113310,7,2,3874,1,1,2,,
81114298,54,2,107,1,1,1,,
81121645,125,2,605,1,1,2,,
81123037,10,2,3,1,1,4,,
81136646,16,2,604,1,1,1,,
81142009,4,2,11,1,1,,,
81155120,16,2,1519,1,1,,,
81168034,7,2,100,1,1,,,
81180150,5,2,859,1,1,,,
81183355,23,2,3875,1,1,,,
81199932,7,2,3876,1,1,,,
81235404,151,2,1638,1,1,1,,
81247311,125,2,164,1,1,,,
81259786,156,2,981,1,1,,,
81289577,72,2,1027,1,1,,,
81289749,3,38,1091,1,1,1,,
81290907,220,15,52,1,1,,,
81297729,3,6,977,1,1,,,
81297771,41,2,3,1,1,1,,
81298089,16,2,255,1,1,5,,
81302109,72,2,422,1,1,,,
81302501,144,2,119,1,1,1,,
81307963,86,2,3877,1,1,,,
81313523,56,2,1764,1,1,,,
81317344,45,2,100,1,1,2,,
81318224,3,14,10,1,1,1,,
81321814,358,15,3878,1,1,1,,
81330326,9,2,27,1,1,1,,
81415569,18,33,3879,1,1,3,,
81420575,3,6,17,1,1,,,
81422496,4,2,99,1,1,2,,
81435382,18,2,15,1,1,1,,
81456593,41,2,634,1,1,1,,
81461679,41,2,3,1,1,,,
81468691,3,2,15,1,1,1,,
81473718,49,2,193,1,1,2,,
81475182,6,2,5,1,1,1,,
81476300,3,14,10,1,1,3,,
81479342,3,14,10,1,1,5,,
81481911,51,2,81,1,1,1,,
81482738,70,2,183,1,1,,,
81483612,9,2,97,1,1,,,
81484415,39,2,144,1,1,1,,
81484454,3,14,10,1,1,2,,
81485649,206,2,512,1,1,1,,
81486164,16,2,209,1,1,1,,
81488948,90,2,3880,1,1,,,
81490090,9,2,97,1,1,1,,
81493253,7,2,2458,1,1,,,
81494029,4,2,5,1,1,,,
81503873,263,2,1226,1,1,2,,
81506632,9,2,180,1,1,1,,
81507963,27,2,23,1,1,1,,
81512479,50,2,79,1,1,7,,
81517369,16,2,297,1,1,,,
81526150,10,2,3,1,1,1,,
81527214,50,2,79,1,1,7,,
81528302,90,2,137,1,1,1,,
81528361,3,14,10,1,1,,,
81535962,3,9,19,1,1,1,,
81539213,3,40,2197,1,1,1,,
81540620,2,2,3881,1,1,2,,
81544760,196,2,3882,1,1,4,,
81545142,83,2,217,1,1,,,
81546109,7,2,2424,1,1,2,,
81546878,103,2,695,1,1,1,,
81547525,4,2,5,1,1,1,,
81548393,7,2,97,1,1,1,,
81549389,103,2,104,1,1,2,,
81550202,3,2,583,1,1,,,
81552012,43,2,68,1,1,1,,
81558119,159,2,3883,1,1,4,,
81558292,31,2,545,1,1,1,,
81560038,3,14,10,1,1,1,,
81560130,117,2,423,1,1,1,,
81562059,90,2,3001,1,1,1,,
81563832,117,2,423,1,1,2,,
81564240,3,14,10,1,1,2,,
81564871,39,2,733,1,1,2,,
81585524,99,2,26,1,1,3,,
81593021,125,2,164,1,1,,,
81606529,144,2,94,1,1,2,,
81619340,3,2,3884,1,1,3,,
81632673,38,2,1057,1,1,1,,
81644223,719,13,679,1,1,1,,
81650472,3,2,3885,1,1,,,
81660766,90,2,287,1,1,,,
81666377,38,2,600,1,1,3,,
81690544,70,2,183,1,1,2,,
81696506,3,67,3886,1,1,,,
81698348,754,27,3887,1,1,,,
81708262,39,2,207,1,1,2,,
81724059,4,2,4,1,1,1,,
81733261,4,2,11,1,1,1,,
81753049,4,2,5,1,1,1,,
81778407,3,6,17,1,1,,,
81782606,3,2,15,1,1,,,
81814529,3,31,2535,1,1,1,,
81816821,417,13,3888,1,1,2,,
81845829,28,13,40,1,1,,,
81874725,16,2,128,1,1,5,,
81877855,18,2,627,1,1,1,,
81878093,103,2,104,1,1,3,,
81881712,126,2,1486,1,1,4,,
81882712,6,2,4,1,1,1,,
81883692,3,14,10,1,1,,,
81885485,66,2,136,1,1,2,,
81886402,42,2,68,1,1,7,,
81887363,3,2,3889,1,1,1,,
81888485,9,2,97,1,1,1,,
81888669,90,2,154,1,1,2,,
81892619,10,2,3,1,1,2,,
81896605,105,2,230,1,1,2,,
81897394,3,14,10,1,1,2,,
81899221,10,2,3,1,1,1,,
81902455,32,2,2781,1,1,,,
81904974,18,2,15,1,1,2,,
81907751,2,2,15,1,1,2,,
81908782,90,2,2500,1,1,4,,
81914625,151,2,367,1,1,5,,
81916920,6,2,2788,1,1,2,,
81920306,41,2,3,1,1,,,
81921986,7,2,14,1,1,6,,
81925536,45,2,532,1,1,1,,
81927946,90,2,186,1,1,3,,
81930872,44,2,3890,1,1,2,,
81931161,7,2,1096,1,1,7,,
81931778,42,2,68,1,1,4,,
81932089,7,2,314,1,1,,,
81933917,18,2,15,1,1,2,,
81937399,9,2,58,1,1,,,
81937716,3,14,10,1,1,,,
81941852,3,14,10,1,1,3,,
81942254,103,2,1365,1,1,1,,
81942316,9,2,2939,1,1,,,
81943338,7,2,1174,1,1,,,
81944115,70,2,183,1,1,,,
81944577,32,2,3891,1,1,,,
81945980,90,2,422,1,1,5,,
81949095,38,2,398,1,1,,,
81950505,51,2,231,1,1,5,,
81952244,3,14,10,1,1,3,,
81954233,39,2,1147,1,1,5,,
81955554,38,2,2184,1,1,,,
81958632,51,2,230,1,1,5,,
81963443,9,2,2350,1,1,1,,
81964125,43,2,68,1,1,2,,
81964186,29,2,132,1,1,2,,
81968826,125,2,238,1,1,4,,
81969246,90,2,186,1,1,2,,
81969628,76,2,455,1,1,2,,
81970078,70,2,708,1,1,3,,
81971227,3,2,3892,1,1,2,,
81981097,17,2,958,1,1,,,
82003969,4,2,3893,1,1,,,
82014411,38,2,760,1,1,3,,
82016306,44,2,238,1,1,2,,
82025433,263,2,632,1,1,2,,
82080991,3,75,3894,1,1,1,,
82081494,755,30,525,1,1,1,,
82090049,3,40,2197,1,1,3,,
82092702,30,2,1072,1,1,1,,
82095941,3,14,10,1,1,1,,
82096727,3,6,17,1,1,1,,
82107577,38,2,549,1,1,2,,
82110637,7,2,3895,1,1,,,
82125358,3,45,3896,1,1,,,
82128267,1,2,683,1,1,1,,
82130656,148,2,668,1,1,1,,
82135156,67,2,1006,1,1,2,,
82149043,38,2,3897,1,1,7,,
82164338,3,14,10,1,1,3,,
82169669,105,2,586,1,1,,,
82229976,4,2,3898,1,1,1,,
82233798,2,2,15,1,1,3,,
82256378,90,2,287,1,1,1,,
82274366,62,2,521,1,1,,,
82277249,99,2,26,1,1,1,,
82277950,17,2,23,1,1,1,,
82279462,72,2,186,1,1,3,,
82282320,23,2,3382,1,1,3,,
82282373,41,2,686,1,1,,,
82282669,72,2,3899,1,1,,,
82284641,7,2,957,1,1,2,,
82284796,2,2,15,1,1,4,,
82285209,2,2,15,1,1,1,,
82285565,82,2,174,1,1,,,
82285957,4,2,787,1,1,6,,
82288071,99,2,26,1,1,,,
82291209,3,14,10,1,1,7,,
82292327,7,2,77,1,1,1,,
82298923,2,2,222,1,1,,,
82300350,90,2,422,1,1,2,,
82302235,7,2,58,1,1,5,,
82302944,43,2,3900,1,1,6,,
82303896,3,14,10,1,1,,,
82306965,4,2,4,1,1,2,,
82311111,3,14,10,1,1,,,
82315716,3,14,10,1,1,7,,
82315932,3,14,10,1,1,,,
82317463,52,2,909,1,1,,,
82318226,9,2,58,1,1,1,,
82319640,4,2,11,1,1,,,
82327174,4,2,5,1,1,1,,
82332129,7,2,3901,1,1,2,,
82333689,27,2,1190,1,1,1,,
82333881,66,2,591,1,1,5,,
82337136,43,2,284,1,1,1,,
82337998,2,2,67,1,1,,,
82345382,4,2,99,1,1,2,,
82345415,10,2,405,1,1,1,,
82347312,31,2,348,1,1,1,,
82349521,5,2,45,1,1,1,,
82350899,7,2,97,1,1,1,,
82355829,103,2,104,1,1,1,,
82357199,3,14,10,1,1,3,,
82358097,25,2,753,1,1,,,
82366297,7,2,796,1,1,1,,
82369765,49,2,537,1,1,1,,
82369890,3,14,10,1,1,,,
82373385,151,2,1028,1,1,,,
82379212,3,14,10,1,1,,,
82390203,49,2,38,1,1,3,,
82407996,102,2,3553,1,1,,,
82428921,10,2,3,1,1,1,,
82443250,26,2,297,1,1,,,
82477205,42,2,68,1,1,1,,
82477539,43,2,120,1,1,,,
82482450,265,2,601,1,1,1,,
82485916,3,14,10,1,1,7,,
82488337,41,2,3,1,1,,,
82491697,3,14,10,1,1,1,,
82492376,3,14,10,1,1,4,,
82495142,27,2,23,1,1,2,,
82500012,70,2,708,1,1,2,,
82505420,103,2,227,1,1,,,
82508061,120,2,3902,1,1,1,,
82510647,34,15,682,1,1,4,,
82510955,103,2,1222,1,1,1,,
82524560,3,14,10,1,1,,,
82528492,7,2,506,1,1,,,
82533073,7,2,97,1,1,1,,
82533810,17,2,2245,1,1,,,
82537206,18,2,513,1,1,1,,
82537236,16,2,3903,1,1,,,
82537304,7,2,1702,1,1,,,
82538261,7,2,3904,1,1,,,
82538982,3,2,70,1,1,,,
82540802,7,2,3306,1,1,2,,
82540919,4,2,4,1,1,,,
82543242,9,2,97,1,1,1,,
82547821,3,14,10,1,1,6,,
82559090,18,2,90,1,1,2,,
82560669,17,2,1238,1,1,5,,
82564337,27,2,62,1,1,5,,
82565489,70,2,708,1,1,1,,
82565734,3,14,10,1,1,4,,
82581875,4,2,528,1,1,1,,
82607007,3,14,10,1,1,7,,
82619649,50,2,79,1,1,1,,
82640429,43,2,68,1,1,1,,
82641812,14,2,3905,1,1,2,,
82648559,169,2,887,1,1,5,,
82669556,3,14,10,1,1,,,
82681759,206,2,469,1,1,4,,
82688165,72,2,1672,1,1,3,,
82695521,4,2,5,1,1,1,,
82755647,10,2,1272,1,1,3,,
82758823,3,2,867,1,1,2,,
82759208,2,2,15,1,1,,,
82780296,357,2,3906,1,1,2,,
82780518,3,14,10,1,1,5,,
82784440,39,2,374,1,1,1,,
82785211,16,2,2688,1,1,,,
82786710,41,2,3,1,1,2,,
82788172,3,14,10,1,1,3,,
82789123,3,14,10,1,1,,,
82789959,3,14,10,1,1,2,,
82802944,7,2,890,1,1,7,,
82804969,215,2,3907,1,1,,,
82807736,44,2,164,1,1,5,,
82808548,3,14,10,1,1,5,,
82810080,56,2,1958,1,1,,,
82810722,3,14,10,1,1,1,,
82810726,10,2,1642,1,1,2,,
82812549,160,2,3908,1,1,1,,
82812960,264,2,2597,1,1,7,,
82818781,7,2,261,1,1,1,,
82820499,45,2,310,1,1,5,,
82821459,206,2,512,1,1,,,
82822216,49,2,1152,1,1,,,
82823467,4,2,289,1,1,2,,
82824381,4,2,289,1,1,5,,
82825136,312,13,2087,1,1,2,,
82828617,1,6,17,1,1,1,,
82835408,3,14,10,1,1,1,,
82836866,16,2,22,1,1,4,,
82851148,4,2,4,1,1,,,
82859383,3,14,10,1,1,3,,
82859598,3,14,10,1,1,3,,
82861485,90,2,3909,1,1,2,,
82863388,263,2,573,1,1,4,,
82885563,756,19,1699,1,1,1,,
82904967,49,2,187,1,1,4,,
82939386,10,2,634,1,1,3,,
82944052,3,14,10,1,1,,,
82978384,213,2,380,1,1,1,,
82982643,26,2,3910,1,1,,,
82994914,646,2,3911,1,1,,,
82995727,3,6,1033,1,1,,,
82996293,172,2,272,1,1,,,
83008343,38,2,292,1,1,2,,
83019124,5,2,71,1,1,1,,
83022857,4,2,4,1,1,3,,
83025545,7,2,37,1,1,,,
83028127,4,2,4,1,1,1,,
83051748,3,14,10,1,1,7,,
83056625,3,6,3912,1,1,1,,
83062141,1,49,1,1,1,,,
83066897,31,2,360,1,1,2,,
83076758,170,2,3914,1,1,1,,
83100808,86,2,183,1,1,4,,
83101780,103,2,271,1,1,5,,
83107937,3,10,264,1,1,5,,
83151166,4,2,11,1,1,7,,
83274871,49,2,3915,1,1,,,
83285892,3,2,422,1,1,,,
83298100,73,2,3916,1,1,5,,
83341321,90,2,1443,1,1,1,,
83479764,3,6,17,1,1,,,
83493460,3,14,10,1,1,,,
83505014,3,2,3,1,1,,,
83509537,3,13,3917,1,1,2,,
83526782,16,2,479,1,1,3,,
83532853,3,14,10,1,1,4,,
83537745,3,14,10,1,1,1,,
83693211,52,2,568,1,1,1,,
83966494,4,2,289,1,1,,,
83974017,169,2,911,1,1,7,,
84004164,45,2,310,1,1,1,,
84013617,143,2,1907,1,1,1,,
84029199,196,2,913,1,1,,,
84054714,3,2,15,1,1,5,,
84061370,4,2,4,1,1,1,,
84076052,144,2,94,1,1,2,,
84079810,43,2,68,1,1,2,,
84086802,43,2,746,1,1,1,,
84093973,103,2,692,1,1,,,
84108067,38,2,1025,1,1,4,,
84108929,16,2,128,1,1,6,,
84125247,125,2,2748,1,1,1,,
84126489,5,2,697,1,1,4,,
84135189,90,2,3918,1,1,,,
84169674,757,13,1884,1,1,3,,
84287609,73,2,107,1,1,,,
84299748,758,2,383,1,1,2,,
84321807,43,2,383,1,1,1,,
84324294,3,14,10,1,1,3,,
84337624,5,2,623,1,1,1,,
84489499,50,2,1167,1,1,1,,
84491389,38,2,94,1,1,5,,
84511105,51,2,597,1,1,1,,
84554192,42,2,1865,1,1,,,
84774920,70,2,183,1,1,2,,
84781574,86,2,3291,1,1,,,
84810235,176,2,2191,1,1,1,,
84813880,4,2,528,1,1,1,,
84819742,49,2,119,1,1,2,,
84824199,45,2,49,1,1,6,,
84854286,45,2,3919,1,1,4,,
84868857,160,2,421,1,1,2,,
84869553,3,13,3917,1,1,,,
84876005,7,2,2213,1,1,1,,
84951391,72,2,707,1,1,,,
84952142,196,2,984,1,1,1,,
84954827,4,2,99,1,1,3,,
84959254,148,2,354,1,1,1,,
84970993,42,2,1014,1,1,1,,
85099202,125,2,2475,1,1,1,,
85101582,3,6,3920,1,1,1,,
85356217,358,15,2079,1,1,2,,
85357216,3,14,10,1,1,2,,
85367974,3,14,10,1,1,,,
85373361,39,2,1566,1,1,,,
85401549,30,2,259,1,1,,,
85403543,4,2,4,1,1,2,,
85426897,3,28,3921,1,1,1,,
85426965,3,14,10,1,1,1,,
85437094,3,14,10,1,1,2,,
85446339,90,2,933,1,1,1,,
85605846,480,2,3778,1,1,,,
85618119,7,2,157,1,1,1,,
85624099,1,2,1902,1,1,3,,
85633000,3,76,3922,1,1,1,,
85650517,25,2,956,1,1,,,
85658990,43,2,68,1,1,2,,
85660605,4,2,4,1,1,,,
85666674,759,62,2412,1,1,1,,
85816404,76,2,2579,1,1,,,
85823036,90,2,1118,1,1,1,,
85823328,30,2,138,1,1,1,,
85839912,117,2,3923,1,1,1,,
85840868,18,2,15,1,1,1,,
85862380,90,2,186,1,1,2,,
85888511,3,2,482,1,1,,,
85939265,18,2,15,1,1,4,,
85948773,210,2,15,1,1,,,
85960172,18,2,2996,1,1,,,
85972384,3,6,17,1,1,1,,
85974840,144,2,119,1,1,,,
85998443,3,14,10,1,1,,,
86001745,3,6,535,1,1,7,,
86041588,18,2,15,1,1,3,,
86047386,18,2,15,1,1,,,
86047580,193,2,3784,1,1,2,,
86077586,3,14,10,1,1,4,,
86113138,9,2,97,1,1,2,,
86200698,148,2,354,1,1,2,,
86206342,6,2,5,1,1,2,,
86207539,20,6,17,1,1,1,,
86208816,68,2,119,1,1,1,,
86213065,3,14,10,1,1,1,,
86232197,23,2,366,1,1,2,,
86247512,2,2,15,1,1,5,,
86265278,17,2,23,1,1,6,,
86277663,7,2,239,1,1,,,
86279575,38,2,1276,1,1,1,,
86283098,38,2,292,1,1,3,,
86308468,309,2,1138,1,1,,,
86319778,4,2,44,1,1,,,
86325941,3,14,10,1,1,,,
86342523,45,2,614,1,1,1,,
86349211,54,2,3924,1,1,3,,
86351288,10,2,140,1,1,,,
86362745,7,2,148,1,1,3,,
86364032,760,6,3925,1,1,4,,
86365742,3,2,5,1,1,,,
86370860,18,2,433,1,1,5,,
86370879,4,2,883,1,1,2,,
86373910,119,10,3926,1,1,1,,
86375729,90,2,3927,1,1,3,,
86405666,4,2,1935,1,1,2,,
86412842,3,14,10,1,1,,,
86424393,144,2,3928,1,1,1,,
86429460,4,2,3929,1,1,,,
86447021,4,2,289,1,1,3,,
86596306,5,2,71,1,1,1,,
86637452,206,2,469,1,1,,,
86639237,3,77,3930,1,1,6,,
86687933,4,2,5,1,1,1,,
86692932,3,14,10,1,1,5,,
86694192,3,14,10,1,1,1,,
86694680,14,2,20,1,1,6,,
86696565,18,2,15,1,1,,,
86730975,3,2,275,1,1,5,,
86734830,38,2,292,1,1,2,,
86736305,14,2,2117,1,1,1,,
86749409,90,2,422,1,1,3,,
86753692,2,2,15,1,1,5,,
86762720,3,14,10,1,1,1,,
86765872,3,14,10,1,1,4,,
86785685,6,2,4,1,1,1,,
86809924,2,2,15,1,1,1,,
86813252,761,13,40,1,1,7,,
86855442,7,2,551,1,1,,,
86860077,3,15,682,1,1,3,,
86874306,90,2,3048,1,1,2,,
86877889,38,2,672,1,1,3,,
86893022,50,2,1051,1,1,3,,
86897410,27,2,112,1,1,,,
86901902,52,2,84,1,1,,,
86903915,90,2,1118,1,1,,,
86904929,18,2,90,1,1,1,,
86905652,3,2,3931,1,1,,,
86915941,2,2,3932,1,1,,,
86917702,30,2,3933,1,1,1,,
86933895,3,14,10,1,1,3,,
86935693,27,2,2043,1,1,3,,
86935892,18,2,15,1,1,1,,
86944064,72,2,264,1,1,,,
86960997,9,2,58,1,1,1,,
86963551,3,14,10,1,1,,,
86967006,3,14,10,1,1,3,,
86967076,3,14,10,1,1,1,,
86967805,38,2,357,1,1,1,,
86969238,7,2,1532,1,1,2,,
87085934,10,2,3,1,1,1,,
87089248,148,2,354,1,1,2,,
87089640,38,2,3867,1,1,7,,
87095746,22,6,986,1,1,,,
87097925,90,2,186,1,1,3,,
87101907,30,2,106,1,1,5,,
87109122,160,2,808,1,1,,,
87117542,43,2,1014,1,1,3,,
87123306,103,2,250,1,1,1,,
87130277,64,2,259,1,1,,,
87130617,3,14,10,1,1,,,
87140230,39,2,59,1,1,3,,
87145331,3,14,10,1,1,2,,
87145671,23,2,2297,1,1,5,,
87147260,3,14,10,1,1,5,,
87154182,23,2,278,1,1,5,,
87159336,3,10,25,1,1,2,,
87177270,30,2,3934,1,1,,,
87178186,45,2,310,1,1,2,,
87182127,3,5,1485,1,1,5,,
87187232,10,2,3,1,1,1,,
87212327,99,2,26,1,1,3,,
87219466,3,2,3935,1,1,1,,
87221693,18,2,15,1,1,,,
87222688,6,2,11,1,1,,,
87222774,3,6,17,1,1,,,
87226376,7,2,654,1,1,1,,
87227477,72,2,287,1,1,,,
87233049,49,2,1081,1,1,1,,
87384749,3,78,3936,1,1,,,
87404095,4,2,4,1,1,1,,
87467766,7,2,157,1,1,1,,
87589985,29,2,347,1,1,2,,
87713386,90,2,3937,1,1,,,
87731464,4,2,946,1,1,,,
87736752,23,2,1872,1,1,,,
87771639,43,2,68,1,1,2,,
87772083,45,2,1045,1,1,1,,
87982536,3,2,287,1,1,,,
88002225,18,2,627,1,1,,,
88007673,7,2,27,1,1,1,,
88023946,178,17,445,1,1,1,,
88031434,2,2,15,1,1,1,,
88069588,30,2,3938,1,1,3,,
88167929,18,2,3396,1,1,,,
88169973,3,14,10,1,1,,,
88196683,66,2,3019,1,1,1,,
88210593,70,2,3939,1,1,2,,
88218158,7,2,97,1,1,,,
88244037,7,2,3582,1,1,1,,
88255017,30,2,2049,1,1,,,
88274376,2,2,15,1,1,,,
88278515,38,2,292,1,1,1,,
88282164,25,2,38,1,1,,,
88286352,4,2,5,1,1,3,,
88289095,7,2,849,1,1,7,,
88397753,90,2,3940,1,1,2,,
88405569,90,2,422,1,1,2,,
88427876,3,14,10,1,1,3,,
88634456,3,2,3503,1,1,,,
88640301,29,2,1006,1,1,,,
88641050,3,14,10,1,1,6,,
88647776,40,2,131,1,1,5,,
88687897,762,27,3941,1,1,,,
88781683,7,2,3942,1,1,1,,
88786748,4,2,2748,1,1,1,,
88791368,5,2,71,1,1,,,
88799316,7,2,27,1,1,7,,
88799349,213,2,376,1,1,2,,
88845534,18,2,3943,1,1,3,,
88874270,9,2,27,1,1,,,
88878485,90,2,2214,1,1,2,,
88890346,72,2,154,1,1,7,,
88914842,38,2,63,1,1,1,,
88920135,16,2,297,1,1,3,,
88930223,3,2,3944,1,1,,,
88936332,3,6,986,1,1,,,
88941457,64,2,1308,1,1,2,,
88956309,4,2,114,1,1,2,,
88957572,49,2,3945,1,1,5,,
88965564,3,14,10,1,1,,,
88973486,14,2,292,1,1,1,,
89080475,103,2,104,1,1,,,
89112636,103,2,250,1,1,,,
89115666,176,2,639,1,1,,,
89148635,51,2,3048,1,1,,,
89154726,135,2,155,1,1,4,,
89168038,30,2,900,1,1,,,
89178311,208,2,3115,1,1,1,,
89178877,103,2,104,1,1,,,
89190280,51,2,230,1,1,1,,
89193013,56,2,93,1,1,2,,
89195589,3,14,10,1,1,4,,
89197280,90,2,1939,1,1,,,
89219761,18,2,15,1,1,1,,
89235853,3,14,10,1,1,5,,
89238373,3,14,10,1,1,1,,
89290648,23,2,470,1,1,1,,
89290788,3,6,986,1,1,,,
89307809,99,2,26,1,1,,,
89313880,18,2,617,1,1,,,
89323771,25,2,38,1,1,1,,
89329986,3,14,10,1,1,2,,
89331829,2,2,3189,1,1,1,,
89340553,72,2,287,1,1,,,
89348086,3,14,10,1,1,,,
89352252,23,2,1660,1,1,2,,
89359460,3,14,10,1,1,3,,
89369942,2,2,15,1,1,1,,
89487736,120,2,79,1,1,1,,
89491510,40,2,131,1,1,5,,
89493362,3,2,835,1,1,1,,
89495163,3,2,183,1,1,,,
89501984,4,2,1192,1,1,1,,
89505205,4,2,701,1,1,2,,
89509007,39,2,919,1,1,2,,
89512911,42,2,68,1,1,,,
89513363,4,2,114,1,1,2,,
89516927,27,2,1929,1,1,1,,
89517782,7,2,796,1,1,,,
89525558,7,2,148,1,1,1,,
89534474,103,2,104,1,1,1,,
89541986,7,2,58,1,1,,,
89543568,26,2,128,1,1,1,,
89544310,4,2,4,1,1,,,
89545053,3,14,10,1,1,6,,
89545928,3,14,10,1,1,,,
89546902,606,2,3946,1,1,,,
89550702,43,2,68,1,1,,,
89551968,7,2,58,1,1,,,
89551979,763,13,1884,1,1,4,,
89552726,10,2,3,1,1,1,,
89553627,7,2,654,1,1,,,
89559793,10,2,685,1,1,5,,
89563981,86,2,183,1,1,3,,
89568241,9,2,97,1,1,,,
89568589,4,2,4,1,1,1,,
89569082,151,2,3947,1,1,1,,
89572737,10,2,3,1,1,,,
89581254,38,2,2854,1,1,1,,
89593282,18,2,627,1,1,,,
89602924,3,14,10,1,1,5,,
89610825,18,2,1227,1,1,,,
89621264,51,2,231,1,1,3,,
89626307,102,2,433,1,1,,,
89656062,206,2,469,1,1,4,,
89661546,67,2,132,1,1,2,,
89662554,17,2,224,1,1,7,,
89665652,9,2,27,1,1,,,
89675570,7,2,129,1,1,1,,
89684468,7,2,58,1,1,2,,
89685467,30,2,2801,1,1,5,,
89686436,2,2,15,1,1,1,,
89690023,4,2,11,1,1,,,
89694563,27,2,1929,1,1,,,
89695645,82,2,2313,1,1,,,
89700093,103,2,104,1,1,1,,
89702298,6,2,3948,1,1,,,
89703239,9,2,3949,1,1,1,,
89703985,7,2,620,1,1,,,
89706189,3,14,10,1,1,1,,
89708691,43,2,497,1,1,6,,
89713730,24,13,1884,1,1,3,,
89713916,3,2,287,1,1,1,,
89714190,86,2,130,1,1,2,,
89719195,3,14,10,1,1,1,,
89720211,43,2,68,1,1,2,,
89721830,7,2,97,1,1,1,,
89722268,9,2,462,1,1,2,,
89723065,7,2,27,1,1,,,
89725082,206,2,469,1,1,,,
89726220,4,2,4,1,1,,,
89727495,3,2,27,1,1,1,,
89727529,17,2,224,1,1,,,
89731852,10,2,3,1,1,5,,
89734378,4,2,114,1,1,1,,
89736016,76,2,329,1,1,,,
89736181,27,2,224,1,1,,,
89738024,25,2,963,1,1,,,
89740418,3,14,10,1,1,1,,
89748297,103,2,3950,1,1,,,
89749851,9,2,122,1,1,,,
89750232,38,2,1550,1,1,3,,
89751306,3,2,583,1,1,1,,
89761202,151,2,926,1,1,2,,
89762151,16,2,120,1,1,2,,
89767974,27,2,1238,1,1,1,,
89770803,32,2,71,1,1,,,
89772074,3,2,3951,1,1,5,,
89776276,103,2,104,1,1,1,,
89777576,26,2,3952,1,1,3,,
89780291,7,2,368,1,1,,,
89780395,4,2,114,1,1,1,,
89782279,4,2,4,1,1,3,,
89785605,179,15,412,1,1,5,,
89787386,54,2,1567,1,1,1,,
89788584,3,14,10,1,1,2,,
89792371,4,2,3764,1,1,1,,
89792999,151,2,527,1,1,3,,
89793096,3,14,10,1,1,,,
89795356,41,2,3953,1,1,1,,
89796106,151,2,367,1,1,1,,
89803052,14,2,3954,1,1,5,,
89805521,16,2,3955,1,1,,,
89811267,4,2,11,1,1,3,,
89813518,169,2,3956,1,1,,,
89814109,66,2,93,1,1,5,,
89814525,86,2,183,1,1,5,,
89815948,7,2,2306,1,1,,,
89817646,4,2,11,1,1,3,,
89818467,178,17,445,1,1,,,
89828295,24,13,3957,1,1,1,,
89828953,70,2,708,1,1,,,
89849744,3,14,10,1,1,6,,
89850928,43,2,284,1,1,2,,
89859006,10,2,802,1,1,3,,
89861111,148,2,354,1,1,,,
89861243,272,2,646,1,1,,,
89862121,50,2,1307,1,1,,,
89863746,4,2,359,1,1,,,
89863875,3,14,10,1,1,3,,
89869523,27,2,23,1,1,7,,
89873587,125,2,347,1,1,1,,
89875487,32,2,71,1,1,3,,
89875986,41,2,3958,1,1,2,,
89877357,27,2,23,1,1,1,,
89877420,45,2,49,1,1,7,,
89877886,43,2,823,1,1,,,
89878006,63,2,3959,1,1,,,
89878417,14,2,332,1,1,1,,
89880681,115,2,1278,1,1,2,,
89881455,7,2,27,1,1,1,,
89882884,6,2,883,1,1,,,
89894987,4,2,3960,1,1,2,,
89895564,4,2,289,1,1,2,,
89896045,4,2,11,1,1,6,,
89898957,6,2,11,1,1,5,,
89901642,103,2,692,1,1,5,,
89903869,7,2,3961,1,1,2,,
89905025,7,2,27,1,1,,,
89905439,117,2,3605,1,1,,,
89907906,3,2,3962,1,1,4,,
89911099,55,15,48,1,1,,,
89913762,43,2,68,1,1,5,,
89917379,103,2,104,1,1,1,,
89918463,5,2,71,1,1,,,
89919202,42,2,3963,1,1,1,,
89920086,125,2,428,1,1,1,,
89921449,4,2,4,1,1,1,,
89923802,7,2,83,1,1,1,,
89930893,106,2,887,1,1,2,,
89934967,126,2,3812,1,1,2,,
89935305,45,2,360,1,1,,,
89939869,102,2,68,1,1,,,
89949459,105,2,230,1,1,1,,
89949578,62,2,446,1,1,1,,
89950864,3,2,3964,1,1,,,
89951074,6,2,2777,1,1,2,,
89966935,39,2,2140,1,1,,,
89968913,764,2,281,1,1,2,,
89971810,90,2,1904,1,1,1,,
89972764,3,2,3962,1,1,,,
89973025,10,2,877,1,1,3,,
89983267,3,6,229,1,1,,,
89984724,3,14,10,1,1,,,
89989702,6,2,872,1,1,,,
89990301,765,2,2602,1,1,1,,
89990795,45,2,1596,1,1,1,,
89993163,90,2,661,1,1,5,,
89994560,494,2,4,1,1,5,,
89997630,55,15,48,1,1,4,,
90198358,4,2,11,1,1,3,,
90362347,16,2,1395,1,1,1,,
90362408,7,2,27,1,1,,,
90388952,7,2,97,1,1,,,
90390310,54,2,88,1,1,1,,
90390893,3,14,10,1,1,1,,
90390964,4,2,1247,1,1,2,,
90393773,44,2,238,1,1,,,
90398003,9,2,1818,1,1,1,,
90400846,54,2,107,1,1,2,,
90405951,358,15,3965,1,1,1,,
90406784,62,2,606,1,1,1,,
90406839,9,2,12,1,1,1,,
90408525,103,2,692,1,1,2,,
90409546,52,2,182,1,1,1,,
90410371,2,2,15,1,1,2,,
90411209,62,2,692,1,1,1,,
90412551,43,2,3966,1,1,,,
90413667,43,2,3967,1,1,7,,
90414011,27,2,257,1,1,1,,
90420159,5,2,71,1,1,1,,
90420339,4,2,3968,1,1,,,
90420697,39,2,1944,1,1,1,,
90421235,2,2,15,1,1,,,
90422423,9,2,770,1,1,1,,
90422671,3,14,10,1,1,2,,
90422734,3,79,3969,1,1,1,,
90423819,3,14,10,1,1,5,,
90424784,70,2,130,1,1,1,,
90425507,106,2,887,1,1,,,
90426215,3,2,3970,1,1,,,
90427386,7,2,180,1,1,1,,
90433074,14,2,3971,1,1,1,,
90434546,4,2,5,1,1,1,,
90436951,4,2,1852,1,1,,,
90437248,41,2,3,1,1,1,,
90439802,103,2,104,1,1,1,,
90440540,148,2,3972,1,1,,,
90442916,3,14,10,1,1,,,
90443370,215,2,346,1,1,,,
90444700,3,14,10,1,1,1,,
90445019,39,2,3973,1,1,,,
90450079,45,2,44,1,1,3,,
90450727,7,2,500,1,1,,,
90451195,66,2,93,1,1,2,,
90452996,45,2,545,1,1,1,,
90453137,206,2,469,1,1,1,,
90461207,3,14,10,1,1,,,
90471403,10,2,1748,1,1,,,
90471428,4,2,5,1,1,1,,
90485971,16,2,987,1,1,2,,
90486122,41,2,3,1,1,,,
90489783,54,2,3974,1,1,,,
90501737,26,2,22,1,1,4,,
90510307,45,2,49,1,1,1,,
90510399,9,2,97,1,1,,,
90513016,4,2,5,1,1,,,
90516024,9,2,27,1,1,,,
90518596,4,2,99,1,1,1,,
90519625,2,2,627,1,1,,,
90520035,115,2,3975,1,1,2,,
90520144,3,14,10,1,1,,,
90527207,3,14,10,1,1,1,,
90534645,26,2,128,1,1,,,
90543303,90,2,287,1,1,1,,
90543400,39,2,374,1,1,,,
90544613,16,2,128,1,1,1,,
90544767,6,2,11,1,1,,,
90548177,766,12,3976,1,1,7,,
90548555,54,2,3977,1,1,,,
90551435,3,14,10,1,1,,,
90552133,29,2,132,1,1,2,,
90553234,125,2,232,1,1,1,,
90555868,70,2,708,1,1,1,,
90559706,3,14,10,1,1,2,,
90562910,767,2,2650,1,1,1,,
90563517,9,2,485,1,1,,,
90565269,3,14,10,1,1,,,
90567414,27,2,112,1,1,1,,
90569489,3,14,10,1,1,7,,
90573720,3,14,10,1,1,,,
90574871,10,2,3,1,1,5,,
90575938,50,2,1092,1,1,3,,
90579086,6,2,3212,1,1,,,
90583190,39,2,1199,1,1,2,,
90590589,10,2,3,1,1,1,,
90593556,2,2,67,1,1,2,,
90603355,3,14,10,1,1,,,
90606311,70,2,708,1,1,,,
90609864,2,2,15,1,1,1,,
90611662,56,2,93,1,1,2,,
90612399,7,2,12,1,1,2,,
90613772,4,2,5,1,1,1,,
90614573,4,2,4,1,1,2,,
90616064,194,2,499,1,1,2,,
90619723,31,2,858,1,1,1,,
90620164,105,2,230,1,1,3,,
90625874,4,2,3978,1,1,,,
90626155,3,14,10,1,1,2,,
90626162,50,2,597,1,1,,,
90627662,3,14,10,1,1,5,,
90637506,6,2,4,1,1,1,,
90638112,3,2,97,1,1,2,,
90644095,51,2,1592,1,1,,,
90644499,4,2,5,1,1,1,,
90647846,41,2,698,1,1,1,,
90657216,358,15,758,1,1,,,
90660959,103,2,761,1,1,,,
90661648,7,2,849,1,1,,,
90662302,9,2,27,1,1,1,,
90663044,9,2,27,1,1,,,
90663137,7,2,97,1,1,2,,
90666319,38,2,1651,1,1,2,,
90673600,42,2,68,1,1,1,,
90681527,768,80,3979,1,1,,,
90682799,62,2,104,1,1,,,
90692860,3,14,10,1,1,4,,
90694472,66,2,1712,1,1,1,,
90696736,3,14,10,1,1,,,
90704358,54,2,1038,1,1,,,
90711165,3,6,17,1,1,,,
90713203,3,14,10,1,1,,,
90714183,9,2,58,1,1,1,,
90717413,3,14,10,1,1,1,,
90725245,90,2,287,1,1,,,
90729317,4,2,883,1,1,5,,
90737022,3,14,10,1,1,,,
90746424,43,2,950,1,1,4,,
90766020,70,2,183,1,1,1,,
90767310,4,2,528,1,1,1,,
90769988,3,2,3980,1,1,,,
90770099,3,14,10,1,1,,,
90805525,3,14,10,1,1,1,,
90837787,144,2,740,1,1,5,,
90874223,3,14,10,1,1,1,,
90886269,6,2,5,1,1,1,,
90896322,7,2,172,1,1,2,,
90905985,3,2,3981,1,1,1,,
90912229,7,2,3328,1,1,3,,
90944194,769,27,3188,1,1,1,,
90946842,73,2,999,1,1,3,,
90947088,3,2,15,1,1,2,,
90948026,3,9,19,1,1,7,,
90957037,44,2,3467,1,1,1,,
90961490,90,2,1130,1,1,1,,
90978563,4,2,528,1,1,2,,
90981286,3,14,10,1,1,1,,
90991389,357,2,2939,1,1,1,,
90991597,7,2,770,1,1,,,
91077152,27,2,119,1,1,4,,
91079912,143,2,806,1,1,1,,
91080439,39,2,3515,1,1,2,,
91096504,3,2,97,1,1,,,
91096512,42,2,383,1,1,,,
91097593,770,19,3982,1,1,2,,
91106654,771,2,3983,1,1,1,,
91114317,39,2,2715,1,1,2,,
91115374,9,2,3984,1,1,1,,
91116602,70,2,130,1,1,4,,
91116956,263,2,3985,1,1,2,,
91120238,72,2,186,1,1,,,
91120639,9,2,2037,1,1,4,,
91127744,10,2,3,1,1,1,,
91138334,170,2,421,1,1,1,,
91143994,54,2,720,1,1,,,
91148215,3,2,104,1,1,,,
91149289,4,2,3986,1,1,1,,
91151846,3,14,10,1,1,,,
91156986,259,2,97,1,1,2,,
91158109,9,2,27,1,1,,,
91161815,9,2,27,1,1,1,,
91161992,2,2,1468,1,1,6,,
91162367,39,2,1147,1,1,,,
91164054,31,2,277,1,1,1,,
91168118,263,2,930,1,1,,,
91170808,278,2,11,1,1,,,
91172010,55,15,48,1,1,,,
91173058,9,2,97,1,1,1,,
91173160,3,14,10,1,1,2,,
91174861,9,2,14,1,1,4,,
91175705,3,14,10,1,1,,,
91175905,27,2,224,1,1,2,,
91182580,90,2,799,1,1,1,,
91187044,70,2,183,1,1,1,,
91192060,7,2,129,1,1,1,,
91195265,7,2,77,1,1,2,,
91200063,3,14,10,1,1,,,
91308399,32,2,3987,1,1,1,,
91309693,3,14,10,1,1,,,
91312354,52,2,568,1,1,3,,
91313799,277,2,97,1,1,,,
91317245,56,2,2704,1,1,,,
91320849,772,47,495,1,1,1,,
91324047,4,2,5,1,1,,,
91326370,18,2,15,1,1,1,,
91327712,3,2,15,1,1,,,
91328542,27,2,265,1,1,,,
91329466,16,2,297,1,1,1,,
91343249,10,2,3988,1,1,2,,
91343300,115,2,272,1,1,2,,
91351297,41,2,1223,1,1,1,,
91356599,3,14,10,1,1,,,
91357617,73,2,1770,1,1,,,
91361772,3,2,27,1,1,,,
91364445,9,2,1200,1,1,1,,
91366916,66,2,93,1,1,2,,
91369327,24,13,35,1,1,1,,
91370373,66,2,93,1,1,,,
91370497,3,6,17,1,1,,,
91371020,3,14,10,1,1,,,
91372113,223,2,3989,1,1,,,
91372234,16,2,3990,1,1,,,
91373319,3,14,10,1,1,,,
91373554,70,2,3991,1,1,4,,
91374048,67,2,223,1,1,2,,
91378207,2,2,15,1,1,1,,
91380986,10,2,3,1,1,1,,
91383228,31,2,944,1,1,,,
91383513,4,2,5,1,1,,,
91385088,3,14,10,1,1,2,,
91389649,43,2,1865,1,1,,,
91389864,38,2,357,1,1,2,,
91392159,3,14,10,1,1,1,,
91402631,4,2,11,1,1,1,,
91404289,5,2,71,1,1,1,,
91406040,54,2,107,1,1,5,,
91409934,9,2,1899,1,1,2,,
91414637,9,2,506,1,1,,,
91420321,166,2,414,1,1,4,,
91423287,148,2,354,1,1,,,
91431489,90,2,1985,1,1,1,,
91431767,7,2,77,1,1,1,,
91431816,3,14,10,1,1,2,,
91431949,41,2,3,1,1,,,
91435341,453,36,3673,1,1,,,
91445367,67,2,132,1,1,4,,
91445468,4,2,1258,1,1,2,,
91447303,45,2,49,1,1,5,,
91449377,17,2,23,1,1,,,
91454829,6,2,4,1,1,,,
91465041,3,14,10,1,1,,,
91467011,9,2,157,1,1,1,,
91469979,7,2,97,1,1,1,,
91471911,9,2,36,1,1,1,,
91489788,2,2,15,1,1,,,
91500607,2,2,15,1,1,,,
91503287,3,68,3992,1,1,,,
91507059,18,2,15,1,1,,,
91507537,4,2,560,1,1,3,,
91513633,105,2,3993,1,1,3,,
91514875,38,2,549,1,1,2,,
91521677,99,2,26,1,1,,,
91530215,3,14,10,1,1,1,,
91533133,50,2,79,1,1,,,
91548200,54,2,107,1,1,1,,
91575734,533,2,1541,1,1,4,,
91579160,62,2,446,1,1,,,
91586253,220,15,52,1,1,7,,
91592325,3,14,10,1,1,,,
91599916,25,2,38,1,1,,,
91610647,3,14,10,1,1,7,,
91618507,115,2,272,1,1,5,,
91619732,25,2,3945,1,1,4,,
91652182,210,2,3994,1,1,,,
91659044,4,2,872,1,1,1,,
91663568,18,2,15,1,1,,,
91664699,169,2,3995,1,1,,,
91672494,52,2,84,1,1,,,
91687076,43,2,68,1,1,1,,
91693237,22,6,17,1,1,7,,
91700289,90,2,422,1,1,4,,
91709419,206,2,469,1,1,1,,
91716675,31,2,545,1,1,2,,
91717683,18,2,15,1,1,,,
91728999,3,67,3996,1,1,1,,
91731795,176,2,3226,1,1,2,,
91743578,18,2,15,1,1,1,,
91746613,3,14,10,1,1,7,,
92188790,10,2,253,1,1,1,,
92462355,45,2,348,1,1,1,,
92469355,3,14,10,1,1,,,
92476240,86,2,183,1,1,1,,
92499424,45,2,3997,1,1,1,,
92520532,7,2,27,1,1,2,,
92537629,5,2,758,1,1,2,,
92540983,4,2,4,1,1,5,,
92542494,4,2,3423,1,1,2,,
92544563,49,2,38,1,1,2,,
92545208,31,2,310,1,1,1,,
92570604,70,2,183,1,1,2,,
92576702,27,2,3521,1,1,2,,
92578425,54,2,670,1,1,,,
92579343,68,2,1330,1,1,,,
92583550,3,2,27,1,1,5,,
92584540,3,14,10,1,1,,,
92588523,4,2,560,1,1,1,,
92592217,3,14,10,1,1,2,,
92597045,6,2,1698,1,1,2,,
92598690,4,2,4,1,1,2,,
92600458,3,14,10,1,1,,,
92603741,3,14,10,1,1,,,
92604967,3,2,607,1,1,,,
92607965,4,2,4,1,1,1,,
92615017,106,2,3998,1,1,2,,
92615266,39,2,1360,1,1,1,,
92618394,357,2,2902,1,1,1,,
92632577,358,15,758,1,1,,,
92633414,5,2,3999,1,1,1,,
92633594,9,2,1358,1,1,,,
92634034,3,14,10,1,1,,,
92635065,265,2,601,1,1,,,
92636929,42,2,3553,1,1,4,,
92637104,3,2,11,1,1,,,
92639400,90,2,1515,1,1,,,
92641441,4,2,11,1,1,,,
92659951,7,2,157,1,1,,,
92675042,90,2,4000,1,1,,,
92676690,42,2,68,1,1,,,
92680077,3,2,84,1,1,,,
92680995,3,31,2411,1,1,,,
92688254,38,2,26,1,1,,,
92692997,18,2,15,1,1,1,,
92699700,90,2,287,1,1,,,
92699961,90,2,137,1,1,7,,
92706409,90,2,186,1,1,,,
92709511,23,2,84,1,1,5,,
92729658,90,2,191,1,1,1,,
92735414,105,2,81,1,1,,,
92739568,3,6,17,1,1,,,
92749772,3,14,10,1,1,,,
92764777,3,14,10,1,1,7,,
92773888,3,14,10,1,1,,,
92784758,2,2,15,1,1,1,,
92790106,4,2,4,1,1,,,
92790974,9,2,2580,1,1,,,
92841605,38,2,671,1,1,1,,
92881168,72,2,1722,1,1,,,
92886953,3,2,287,1,1,1,,
92887945,72,2,722,1,1,,,
92894223,90,2,287,1,1,,,
92910109,2,2,15,1,1,1,,
92912694,18,2,15,1,1,,,
92913518,38,2,1016,1,1,1,,
92914219,52,2,4001,1,1,1,,
92916854,50,2,79,1,1,,,
92917078,90,2,154,1,1,,,
92917818,5,2,7,1,1,6,,
92920359,17,2,371,1,1,7,,
92921800,72,2,4002,1,1,,,
92923415,2,2,15,1,1,1,,
92924105,90,2,2201,1,1,,,
92926010,25,2,1548,1,1,2,,
92934358,3,14,10,1,1,,,
92950493,72,2,445,1,1,,,
92959390,6,2,11,1,1,2,,
92965425,17,2,4003,1,1,1,,
92969794,2,2,15,1,1,,,
92991222,18,2,627,1,1,,,
93021439,18,2,15,1,1,,,
93071436,5,2,2724,1,1,,,
93075306,72,2,661,1,1,,,
93075952,18,2,15,1,1,5,,
93108873,72,2,2236,1,1,,,
93109954,18,2,90,1,1,1,,
93116242,3,14,10,1,1,2,,
93117856,2,2,15,1,1,2,,
93121533,90,2,287,1,1,1,,
93136823,98,2,64,1,1,5,,
93139649,31,2,44,1,1,1,,
93143687,2,2,15,1,1,1,,
93156560,4,2,289,1,1,2,,
93158430,10,2,3,1,1,6,,
93170621,2,2,627,1,1,,,
93183345,3,14,10,1,1,5,,
93185893,86,2,183,1,1,,,
93204544,3,14,10,1,1,,,
93205951,206,2,469,1,1,1,,
93209533,3,14,10,1,1,4,,
93211796,3,14,10,1,1,2,,
93223209,3,14,10,1,1,1,,
93242062,2,2,15,1,1,5,,
93256204,3,14,10,1,1,1,,
93264619,41,2,3,1,1,,,
93271550,773,2,573,1,1,2,,
93273189,51,2,597,1,1,,,
93278187,86,2,183,1,1,4,,
93279191,255,2,4004,1,1,,,
93295625,23,2,4005,1,1,1,,
93309327,90,2,186,1,1,1,,
93313749,52,2,4006,1,1,,,
93317931,7,2,2616,1,1,4,,
93320988,18,2,627,1,1,1,,
93321824,3,14,10,1,1,5,,
93328479,90,2,186,1,1,2,,
93331678,52,2,401,1,1,1,,
93340550,18,2,433,1,1,2,,
93342390,41,2,3,1,1,7,,
93343342,39,2,1175,1,1,5,,
93347502,25,2,38,1,1,,,
93350880,2,2,15,1,1,1,,
93366468,9,2,160,1,1,,,
93369435,3,6,17,1,1,,,
93389372,3,7,218,1,1,7,,
93400454,315,2,4007,1,1,,,
93429452,263,2,2682,1,1,,,
93431316,103,2,4008,1,1,,,
93493474,7,2,14,1,1,,,
93579124,3,2,4009,1,1,,,
93583883,3,14,10,1,1,,,
93590251,27,2,1033,1,1,,,
93595157,3,14,10,1,1,1,,
93602500,19,2,26,1,1,,,
93610612,25,2,1548,1,1,,,
93610803,38,2,1365,1,1,2,,
93611918,3,14,10,1,1,2,,
93616144,7,2,27,1,1,2,,
93625057,90,2,186,1,1,2,,
93626022,90,2,422,1,1,1,,
93631951,90,2,186,1,1,,,
93640123,5,2,26,1,1,,,
93640548,14,2,4010,1,1,1,,
93641451,117,2,4011,1,1,1,,
93651063,3,5,1705,1,1,5,,
93656789,362,2,84,1,1,,,
93656962,2,2,1599,1,1,1,,
93694282,115,2,430,1,1,,,
93732399,4,2,11,1,1,,,
93749496,148,2,4012,1,1,,,
93783517,4,2,4013,1,1,1,,
93789633,90,2,422,1,1,1,,
93804898,2,2,15,1,1,,,
93805570,72,2,422,1,1,,,
93844835,72,2,3146,1,1,,,
93857679,3,14,10,1,1,1,,
93859455,90,2,2500,1,1,4,,
93861227,52,2,837,1,1,,,
93870070,16,2,4014,1,1,,,
93871123,25,2,1567,1,1,2,,
93926602,213,2,4015,1,1,,,
93955614,125,2,238,1,1,,,
93958466,18,2,4016,1,1,,,
94016197,169,2,3742,1,1,,,
94016483,4,2,4,1,1,,,
94057578,4,2,2644,1,1,1,,
94080157,97,2,215,1,1,,,
94086741,7,2,97,1,1,1,,
94094358,44,2,3568,1,1,1,,
94097638,19,2,26,1,1,,,
94102814,626,13,4017,1,1,1,,
94113915,18,2,4018,1,1,,,
94119068,45,2,773,1,1,5,,
94122742,3,14,10,1,1,,,
94128988,6,2,2756,1,1,2,,
94130575,98,2,217,1,1,3,,
94133596,51,2,373,1,1,,,
94138776,3,14,10,1,1,,,
94146203,3,2,583,1,1,,,
94147981,9,2,506,1,1,,,
94163535,25,2,177,1,1,1,,
94169647,255,2,4019,1,1,,,
94169770,774,15,758,1,1,5,,
94173393,775,21,4020,1,1,6,,
94173771,90,2,287,1,1,,,
94176135,7,2,995,1,1,1,,
94184980,4,2,5,1,1,,,
94205996,45,2,944,1,1,1,,
94211558,14,2,4021,1,1,1,,
94212008,90,2,287,1,1,2,,
94217261,3,14,10,1,1,,,
94226011,103,2,104,1,1,1,,
94243278,288,2,2997,1,1,1,,
94249697,3,14,10,1,1,,,
94262090,3,14,10,1,1,2,,
94263556,103,2,330,1,1,2,,
94273869,18,2,4022,1,1,1,,
94277724,3,14,10,1,1,,,
94292321,3,6,1094,1,1,,,
94351989,90,2,309,1,1,,,
94460278,16,2,4023,1,1,,,
94512788,31,2,858,1,1,2,,
94630952,4,2,167,1,1,,,
94635408,83,2,488,1,1,,,
94635884,10,2,4024,1,1,1,,
94649375,27,2,2319,1,1,,,
94672451,10,2,3,1,1,1,,
94679143,27,2,4025,1,1,,,
94752478,9,2,97,1,1,,,
94781726,4,2,289,1,1,,,
94787601,480,2,2147,1,1,,,
94809727,479,38,1424,1,1,1,,
94813135,66,2,136,1,1,1,,
94833098,10,2,3,1,1,1,,
94845461,3,14,10,1,1,,,
94847878,3,14,10,1,1,1,,
94850267,3,2,2163,1,1,1,,
94860226,3,14,10,1,1,,,
94864081,3,13,4026,1,1,,,
94885672,51,2,586,1,1,1,,
94888180,43,2,4027,1,1,,,
94916527,7,2,1096,1,1,,,
94965475,43,2,2215,1,1,,,
95019864,9,2,27,1,1,1,,
95020944,43,2,68,1,1,,,
95025889,3,14,10,1,1,1,,
95030186,4,2,11,1,1,,,
95031093,169,2,233,1,1,5,,
95033970,42,2,4028,1,1,,,
95034669,10,2,3,1,1,,,
95037085,66,2,1339,1,1,2,,
95041577,263,2,417,1,1,3,,
95043879,3,14,10,1,1,5,,
95045440,3,14,10,1,1,1,,
95047617,2,2,15,1,1,4,,
95048341,3,14,10,1,1,2,,
95050725,17,2,23,1,1,,,
95051203,4,2,44,1,1,2,,
95051597,160,2,612,1,1,2,,
95052301,31,2,773,1,1,5,,
95062297,4,2,3685,1,1,5,,
95062485,62,2,521,1,1,4,,
95064821,42,2,1865,1,1,1,,
95067142,18,2,15,1,1,,,
95071077,54,2,355,1,1,3,,
95071374,26,2,4029,1,1,5,,
95072130,3,14,10,1,1,,,
95072982,5,2,45,1,1,1,,
95073063,3,14,10,1,1,1,,
95294887,90,2,707,1,1,5,,
95311953,7,2,129,1,1,1,,
95673973,7,2,1200,1,1,,,
95674718,9,2,27,1,1,1,,
95676400,103,2,250,1,1,,,
95687057,3,14,10,1,1,,,
95690174,26,2,3050,1,1,,,
95704557,3,14,10,1,1,3,,
95709184,4,2,4,1,1,1,,
95710173,16,2,4030,1,1,1,,
95715720,278,2,5,1,1,1,,
95716689,16,2,128,1,1,2,,
95716950,6,2,3234,1,1,2,,
95717661,103,2,692,1,1,,,
95718062,7,2,58,1,1,,,
95718695,99,2,26,1,1,4,,
95720679,7,2,323,1,1,1,,
95723504,3,14,10,1,1,4,,
95724357,7,2,97,1,1,1,,
95734231,43,2,68,1,1,3,,
95735233,3,14,10,1,1,,,
95736607,6,2,528,1,1,2,,
95739137,479,2,3346,1,1,1,,
95739247,17,2,224,1,1,,,
95745138,4,2,3685,1,1,2,,
95747044,9,2,1747,1,1,1,,
95747859,42,2,955,1,1,1,,
95748154,49,2,4031,1,1,,,
95748737,10,2,3,1,1,4,,
95750606,776,2,4032,1,1,2,,
95752479,42,2,68,1,1,,,
95752571,10,2,1457,1,1,1,,
95755523,169,2,839,1,1,,,
95756404,5,2,1231,1,1,1,,
95758647,3,2,323,1,1,,,
95761889,4,2,5,1,1,,,
95767036,3,14,10,1,1,2,,
95768817,3,14,10,1,1,1,,
95772366,3,14,10,1,1,2,,
95773648,3,14,10,1,1,2,,
95915874,3,2,97,1,1,1,,
95948397,38,2,3082,1,1,1,,
95965146,4,2,11,1,1,,,
95968286,4,2,5,1,1,,,
96029455,17,2,23,1,1,,,
96043296,312,13,2087,1,1,2,,
96055958,7,2,849,1,1,2,,
96071779,3,14,10,1,1,,,
96072574,9,2,97,1,1,,,
96083144,17,2,126,1,1,1,,
96084440,16,2,243,1,1,1,,
96090219,63,2,971,1,1,,,
96091144,51,2,81,1,1,3,,
96097518,32,2,1159,1,1,1,,
96103415,62,2,4033,1,1,,,
96105074,41,2,3,1,1,,,
96105992,5,2,2170,1,1,,,
96108013,4,2,2756,1,1,1,,
96108825,42,2,68,1,1,2,,
96116643,6,2,5,1,1,,,
96116700,169,2,347,1,1,1,,
96118667,54,2,4034,1,1,1,,
96121422,4,2,99,1,1,4,,
96125184,23,2,710,1,1,3,,
96128782,4,2,1926,1,1,2,,
96131381,18,2,67,1,1,1,,
96131414,90,2,1904,1,1,1,,
96132136,5,2,71,1,1,1,,
96133444,16,2,22,1,1,1,,
96133503,9,2,172,1,1,1,,
96139831,2,2,15,1,1,6,,
96145273,16,2,297,1,1,1,,
96148266,42,2,68,1,1,7,,
96148410,3,14,10,1,1,,,
96150451,38,2,3015,1,1,5,,
96153181,265,2,3341,1,1,1,,
96157285,99,2,26,1,1,1,,
96157805,3,14,10,1,1,2,,
96157938,3,14,10,1,1,7,,
96159298,7,2,27,1,1,1,,
96163362,3,14,10,1,1,,,
96165027,40,2,60,1,1,2,,
96168412,4,2,528,1,1,,,
96172021,7,2,1264,1,1,5,,
96175629,90,2,287,1,1,,,
96180361,51,2,230,1,1,7,,
96181129,6,2,2036,1,1,2,,
96183065,184,2,469,1,1,2,,
96183900,115,2,1278,1,1,2,,
96186907,4,2,946,1,1,2,,
96190049,6,2,946,1,1,2,,
96197918,16,2,1207,1,1,2,,
96200839,31,2,49,1,1,5,,
96208097,3,14,10,1,1,2,,
96209108,52,2,4035,1,1,2,,
96213179,55,15,48,1,1,1,,
96217861,327,2,1138,1,1,2,,
96225866,6,2,2882,1,1,2,,
96226080,25,2,705,1,1,1,,
96231829,6,2,1161,1,1,2,,
96234898,25,2,3134,1,1,2,,
96238755,1,2,15,1,1,,,
96240859,6,2,3664,1,1,2,,
96240875,202,2,367,1,1,2,,
96243408,6,2,1161,1,1,2,,
96243415,6,2,1161,1,1,2,,
96247847,6,2,1852,1,1,2,,
96248855,265,2,3525,1,1,1,,
96249024,745,2,872,1,1,2,,
96250021,90,2,287,1,1,1,,
96260432,6,2,4036,1,1,2,,
96272448,6,2,1825,1,1,2,,
96275225,777,2,4037,1,1,,,
96280338,9,2,2825,1,1,,,
96283903,18,2,15,1,1,,,
96288225,3,14,10,1,1,1,,
96288283,3,14,10,1,1,2,,
96290183,42,2,68,1,1,,,
96294890,42,2,4038,1,1,4,,
96294949,62,2,4039,1,1,2,,
96312227,3,14,10,1,1,,,
96322142,1,2,421,1,1,1,,
96323086,54,2,88,1,1,1,,
96327010,16,2,1083,1,1,1,,
96334605,39,2,4040,1,1,1,,
96345770,126,2,765,1,1,1,,
96347835,4,2,289,1,1,1,,
96348087,125,2,238,1,1,2,,
96354638,4,2,5,1,1,1,,
96359206,86,2,1272,1,1,,,
96366188,4,2,4,1,1,2,,
96366777,3,14,10,1,1,7,,
96369166,42,2,2215,1,1,2,,
96371295,202,2,4041,1,1,1,,
96412883,144,2,1330,1,1,,,
96466922,3,14,10,1,1,2,,
96476630,25,2,1119,1,1,,,
96477027,26,2,1207,1,1,2,,
96477192,3,6,17,1,1,,,
96480381,160,2,612,1,1,2,,
96481006,6,2,43,1,1,2,,
96481333,72,2,4042,1,1,2,,
96485676,6,2,4,1,1,2,,
96488571,6,2,289,1,1,2,,
96489572,6,2,893,1,1,2,,
96490188,23,2,1035,1,1,6,,
96574027,54,2,827,1,1,2,,
96577780,25,2,38,1,1,,,
96585730,3,14,10,1,1,,,
96588932,54,2,4043,1,1,5,,
96588988,70,2,737,1,1,2,,
96589527,14,2,2341,1,1,,,
96591394,67,2,4044,1,1,,,
96605879,103,2,4045,1,1,,,
96608006,125,2,4046,1,1,2,,
96608035,3,14,10,1,1,1,,
96610751,43,2,68,1,1,2,,
96621796,144,2,2934,1,1,1,,
96623891,357,2,2939,1,1,1,,
96623907,188,2,486,1,1,2,,
96633722,3,14,10,1,1,,,
96635463,7,2,2971,1,1,1,,
96641222,90,2,1130,1,1,,,
96648478,9,2,890,1,1,,,
96652808,98,2,4047,1,1,,,
96655607,90,2,287,1,1,,,
96659594,43,2,68,1,1,,,
96663246,3,2,745,1,1,2,,
96663951,120,2,79,1,1,,,
96666603,3,14,10,1,1,,,
96668235,19,2,26,1,1,2,,
96689221,263,2,1543,1,1,,,
96689783,90,2,287,1,1,2,,
96816728,66,2,93,1,1,,,
96876904,16,2,128,1,1,1,,
96877563,10,2,335,1,1,2,,
96878012,3,14,10,1,1,4,,
96880536,482,2,4048,1,1,,,
96882369,43,2,68,1,1,4,,
96888599,41,2,197,1,1,7,,
96893409,3,14,10,1,1,2,,
96894308,39,2,1100,1,1,,,
96897829,7,2,27,1,1,,,
96899311,27,2,2329,1,1,2,,
96907834,3,19,4049,1,1,4,,
96909331,206,2,469,1,1,2,,
96909336,3,14,10,1,1,,,
96913242,4,2,1274,1,1,1,,
96915263,120,2,79,1,1,5,,
96921151,6,2,5,1,1,,,
96922021,265,2,1455,1,1,3,,
96922274,213,2,532,1,1,4,,
96924141,329,2,3569,1,1,,,
96925136,480,2,3778,1,1,1,,
96926130,56,2,93,1,1,3,,
96928878,105,2,230,1,1,,,
96930022,7,2,148,1,1,1,,
96931941,23,2,84,1,1,1,,
96935586,3,14,10,1,1,,,
96941449,9,2,97,1,1,,,
96950912,3,14,10,1,1,1,,
96952592,6,2,5,1,1,1,,
96957621,4,2,5,1,1,,,
96957627,7,2,12,1,1,,,
96962890,7,2,4050,1,1,,,
96964833,7,2,843,1,1,,,
96966067,105,2,586,1,1,,,
96966180,9,2,399,1,1,,,
97015746,170,2,421,1,1,2,,
97021703,167,2,1543,1,1,2,,
97028055,23,2,2207,1,1,2,,
97034061,2,2,15,1,1,,,
97036666,206,2,469,1,1,2,,
97037331,6,2,289,1,1,2,,
97041180,72,2,137,1,1,2,,
97174850,70,2,708,1,1,1,,
97175186,3,14,10,1,1,,,
97184933,50,2,4051,1,1,,,
97185273,188,2,484,1,1,4,,
97187734,55,15,48,1,1,,,
97188066,90,2,4052,1,1,1,,
97188105,90,2,1130,1,1,,,
97188584,7,2,198,1,1,1,,
97191536,103,2,227,1,1,,,
97191599,42,2,68,1,1,2,,
97196820,9,2,31,1,1,,,
97198164,115,2,3210,1,1,,,
97198948,7,2,1368,1,1,,,
97199446,90,2,615,1,1,4,,
97200504,51,2,4053,1,1,,,
97201940,7,2,1982,1,1,,,
97204318,90,2,1904,1,1,1,,
97205199,3,14,10,1,1,,,
97208606,3,14,10,1,1,,,
97208695,3,29,425,1,1,6,,
97210007,3,2,97,1,1,3,,
97214844,70,2,824,1,1,2,,
97221917,4,2,448,1,1,2,,
97226364,51,2,478,1,1,1,,
97229904,40,2,4054,1,1,,,
97403489,3,14,10,1,1,,,
97403964,66,2,4055,1,1,,,
97406667,7,2,14,1,1,5,,
97409175,66,2,847,1,1,,,
97412958,39,2,912,1,1,1,,
97413228,22,6,1094,1,1,,,
97413487,9,2,97,1,1,,,
97420640,3,14,10,1,1,1,,
97421813,3,14,10,1,1,,,
97431637,3,81,4056,1,1,2,,
97432307,9,2,1702,1,1,,,
97433025,70,2,183,1,1,2,,
97433456,3,2,932,1,1,1,,
97435241,3,14,10,1,1,3,,
97439047,17,2,2245,1,1,,,
97439111,4,2,2301,1,1,,,
97439598,27,2,1753,1,1,2,,
97442184,3,2,68,1,1,1,,
97443088,86,2,708,1,1,1,,
97444882,3,14,10,1,1,1,,
97446428,7,2,1993,1,1,1,,
97453157,4,2,873,1,1,2,,
97457361,70,2,275,1,1,,,
97460698,45,2,944,1,1,1,,
97461032,148,2,1477,1,1,1,,
97461109,3,14,10,1,1,,,
97464196,38,2,671,1,1,1,,
97465333,23,2,182,1,1,,,
97465483,23,2,182,1,1,1,,
97466780,5,2,859,1,1,,,
97466845,3,14,10,1,1,,,
97468081,3,14,10,1,1,2,,
97491263,4,2,44,1,1,,,
97844544,2,2,15,1,1,1,,
97875194,3,2,1670,1,1,,,
97878959,3,24,1751,1,1,,,
97884285,3,13,3888,1,1,,,
97891266,3,49,2001,1,1,1,,
97893839,144,2,119,1,1,2,,
97928168,3,14,10,1,1,1,,
97938908,7,2,97,1,1,5,,
98013093,72,2,1027,1,1,2,,
98014051,17,2,2470,1,1,2,,
98027777,206,2,656,1,1,2,,
98033070,105,2,230,1,1,,,
98044271,144,2,119,1,1,2,,
98047335,206,2,469,1,1,1,,
98048098,90,2,1027,1,1,,,
98049461,63,2,354,1,1,,,
98051823,72,2,2850,1,1,2,,
98053583,3,14,10,1,1,1,,
98053591,105,2,597,1,1,,,
98054627,99,2,26,1,1,,,
98059616,344,18,263,1,1,7,,
98081413,90,2,154,1,1,,,
98092192,3,2,15,1,1,,,
98101828,90,2,154,1,1,1,,
98133065,3,6,17,1,1,1,,
98134558,6,2,528,1,1,,,
98137185,3,6,986,1,1,1,,
98138123,3,14,10,1,1,1,,
98146975,3,14,10,1,1,,,
98150392,2,2,90,1,1,,,
98153264,6,2,1161,1,1,2,,
98159010,49,2,1317,1,1,1,,
98199128,6,2,2788,1,1,1,,
98211233,2,2,15,1,1,,,
98213559,29,2,3274,1,1,,,
98225016,561,2,23,1,1,1,,
98235256,3,14,10,1,1,,,
98254944,54,2,88,1,1,1,,
98303247,72,2,4057,1,1,,,
98303539,3,2,287,1,1,1,,
98341945,3,14,10,1,1,1,,
98341949,43,2,2489,1,1,2,,
98354116,30,2,1427,1,1,,,
98354935,30,2,475,1,1,4,,
98388444,23,2,4058,1,1,1,,
98396104,3,14,10,1,1,7,,
98396367,38,2,91,1,1,4,,
98411018,3,2,15,1,1,,,
98418726,3,14,10,1,1,,,
98425301,156,2,211,1,1,,,
98433839,3,2,15,1,1,1,,
98438742,156,2,4059,1,1,2,,
98440385,6,2,11,1,1,1,,
98446229,261,2,4060,1,1,,,
98447259,90,2,287,1,1,,,
98460039,49,2,923,1,1,2,,
98461042,7,2,97,1,1,,,
98476512,38,2,1550,1,1,,,
98477653,18,2,627,1,1,1,,
98480258,38,2,2117,1,1,1,,
98481285,90,2,4061,1,1,,,
98484414,3,2,66,1,1,,,
98489952,18,2,2108,1,1,,,
98496028,3,14,10,1,1,,,
98496045,25,2,1474,1,1,1,,
98504846,2,2,15,1,1,3,,
98506192,3,14,10,1,1,,,
98514526,3,14,10,1,1,1,,
98515022,3,14,10,1,1,7,,
98515650,4,2,5,1,1,,,
98516262,18,2,15,1,1,,,
98518693,3,14,10,1,1,1,,
98518965,4,2,95,1,1,1,,
98525360,3,14,10,1,1,5,,
98530480,43,2,284,1,1,3,,
98536302,778,2,397,1,1,4,,
98548642,9,2,77,1,1,1,,
98552009,64,2,1568,1,1,2,,
98559284,3,56,2657,1,1,1,,
98561293,49,2,187,1,1,2,,
98570070,22,6,17,1,1,,,
98577370,3,2,15,1,1,,,
98591861,779,2,26,1,1,,,
98594686,3,2,27,1,1,1,,
98594930,7,2,323,1,1,2,,
98625512,3,14,10,1,1,1,,
98631672,2,2,15,1,1,,,
98640203,3,14,10,1,1,2,,
98645638,2,2,15,1,1,1,,
98657945,18,2,15,1,1,1,,
98661874,105,2,230,1,1,,,
98677863,90,2,154,1,1,1,,
98686215,90,2,287,1,1,,,
98689804,2,2,15,1,1,2,,
98691643,3,2,354,1,1,1,,
98691659,2,2,703,1,1,3,,
98693331,3,14,10,1,1,,,
98701470,29,2,223,1,1,2,,
98709618,3,2,4062,1,1,,,
98721845,90,2,137,1,1,5,,
98732349,3,14,10,1,1,,,
98737706,90,2,422,1,1,,,
98762890,23,2,366,1,1,2,,
98763390,3,6,4063,1,1,,,
98766864,9,2,58,1,1,,,
98782017,4,2,4,1,1,1,,
98785980,38,2,426,1,1,2,,
98790167,70,2,708,1,1,,,
98795534,9,2,661,1,1,,,
98803167,3,2,354,1,1,,,
98804258,7,2,148,1,1,,,
98806464,90,2,3347,1,1,5,,
98807401,7,2,1213,1,1,,,
98810124,26,2,4064,1,1,,,
98814498,6,2,4,1,1,,,
98818374,10,2,3,1,1,4,,
98820158,124,2,300,1,1,1,,
98823034,3,13,679,1,1,,,
98823646,5,2,71,1,1,1,,
98828941,3,14,10,1,1,5,,
98830971,70,2,2550,1,1,,,
98831579,10,2,685,1,1,5,,
98831718,9,2,97,1,1,,,
98831977,18,2,703,1,1,2,,
98832098,43,2,68,1,1,,,
98833088,10,2,3,1,1,1,,
98835507,148,2,4065,1,1,,,
98835983,7,2,14,1,1,,,
98836446,9,2,58,1,1,,,
98842493,3,14,10,1,1,,,
98848772,90,2,191,1,1,,,
98851977,3,24,2252,1,1,1,,
98854492,4,2,11,1,1,1,,
98860562,3,14,10,1,1,3,,
98867117,54,2,107,1,1,,,
98875759,49,2,38,1,1,,,
98876991,2,2,15,1,1,2,,
98884565,780,33,4066,1,1,5,,
98886606,3,6,17,1,1,,,
98911509,42,2,497,1,1,,,
98926512,3,2,4067,1,1,1,,
98944819,3,6,166,1,1,,,
98951841,3,6,17,1,1,1,,
98973655,18,2,433,1,1,1,,
98976482,215,2,346,1,1,,,
98985814,3,14,10,1,1,1,,
98993904,3,14,10,1,1,1,,
98994090,3,14,10,1,1,4,,
98994969,63,2,354,1,1,,,
98996130,3,2,97,1,1,,,
98998221,183,2,1399,1,1,1,,
98999182,3,14,10,1,1,,,
99001507,16,2,128,1,1,2,,
99009089,777,2,4068,1,1,1,,
99013062,263,2,1054,1,1,4,,
99019285,3,14,10,1,1,,,
99019748,43,2,68,1,1,1,,
99021287,4,2,289,1,1,,,
99025994,55,15,48,1,1,1,,
99029069,24,13,35,1,1,1,,
99032606,4,2,841,1,1,1,,
99041776,2,2,4069,1,1,,,
99043409,170,2,421,1,1,,,
99043494,3,14,10,1,1,1,,
99048370,7,2,97,1,1,,,
99055860,103,2,648,1,1,2,,
99058106,103,2,606,1,1,2,,
99062951,31,2,44,1,1,1,,
99063155,45,2,44,1,1,1,,
99064999,191,17,490,1,1,6,,
99068158,206,2,656,1,1,,,
99070040,3,14,10,1,1,1,,
99081603,7,2,54,1,1,1,,
99090091,45,2,100,1,1,,,
99090758,4,2,4,1,1,1,,
99093396,67,2,439,1,1,,,
99093905,213,2,380,1,1,1,,
99095811,66,2,93,1,1,5,,
99107479,3,14,10,1,1,,,
99107629,3,38,1091,1,1,1,,
99110337,45,2,2986,1,1,,,
99111185,169,2,1790,1,1,,,
99111197,3,14,10,1,1,,,
99111848,3,14,10,1,1,,,
99117440,38,2,304,1,1,,,
99122842,4,2,4,1,1,1,,
99124312,4,2,4,1,1,3,,
99125322,781,51,4070,1,1,,,
99143990,54,2,88,1,1,,,
99145346,183,2,4071,1,1,1,,
99148079,32,2,859,1,1,,,
99148412,3,14,10,1,1,,,
99152581,482,2,104,1,1,2,,
99160365,265,2,3525,1,1,,,
99160630,39,2,4072,1,1,,,
99160641,117,2,631,1,1,3,,
99161480,66,2,284,1,1,1,,
99161554,3,14,10,1,1,6,,
99166821,90,2,154,1,1,,,
99168727,4,2,5,1,1,1,,
99188188,4,2,11,1,1,,,
99191554,9,2,4073,1,1,,,
99195340,10,2,3,1,1,1,,
99198114,170,2,421,1,1,2,,
99199828,7,2,55,1,1,2,,
99200397,38,2,672,1,1,1,,
99201612,7,2,97,1,1,,,
99202927,170,2,4074,1,1,1,,
99212509,2,2,90,1,1,,,
99215325,76,2,1833,1,1,2,,
99217386,125,2,1998,1,1,,,
99219058,9,2,176,1,1,,,
99220598,3,14,10,1,1,2,,
99221579,41,2,3,1,1,,,
99224110,103,2,104,1,1,,,
99227907,148,2,4075,1,1,2,,
99231928,4,2,44,1,1,1,,
99234508,4,2,528,1,1,1,,
99241942,73,2,88,1,1,,,
99244000,7,2,1017,1,1,2,,
99246997,10,2,140,1,1,1,,
99248566,41,2,335,1,1,,,
99254787,90,2,1126,1,1,1,,
99256034,14,2,4076,1,1,,,
99259838,9,2,344,1,1,,,
99260081,144,2,119,1,1,,,
99263638,3,14,10,1,1,3,,
99266727,7,2,97,1,1,1,,
99278278,3,14,10,1,1,,,
99297447,10,2,140,1,1,2,,
99297787,3,14,10,1,1,,,
99302646,2,2,617,1,1,2,,
99304443,9,2,3058,1,1,,,
99305442,3,14,10,1,1,,,
99308446,3,14,10,1,1,,,
99311584,9,2,27,1,1,,,
99319158,5,2,859,1,1,,,
99324382,9,2,97,1,1,,,
99325430,5,2,45,1,1,1,,
99331377,3,14,10,1,1,1,,
99332316,4,2,5,1,1,,,
99336130,9,2,36,1,1,,,
99338630,117,2,2346,1,1,,,
99344594,10,2,4077,1,1,2,,
99345844,103,2,104,1,1,4,,
99346358,9,2,796,1,1,,,
99349703,4,2,289,1,1,1,,
99351336,4,2,1935,1,1,,,
99351497,3,14,10,1,1,,,
99353909,9,2,97,1,1,1,,
99357145,7,2,145,1,1,1,,
99360289,4,2,99,1,1,1,,
99361172,3,14,10,1,1,2,,
99391171,6,2,560,1,1,,,
99393643,31,2,532,1,1,1,,
99394495,148,2,354,1,1,3,,
99397996,54,2,88,1,1,1,,
99398043,43,2,4078,1,1,1,,
99399368,82,2,818,1,1,,,
99400379,55,15,48,1,1,1,,
99404540,3,14,10,1,1,2,,
99405323,151,2,4079,1,1,,,
99430348,3,14,10,1,1,4,,
99437987,18,2,632,1,1,3,,
99442115,7,2,36,1,1,2,,
99442976,3,14,10,1,1,,,
99449491,4,2,5,1,1,,,
99465285,3,14,10,1,1,,,
99465485,3,14,10,1,1,1,,
99477381,99,2,26,1,1,7,,
99481341,38,2,2926,1,1,,,
99483803,25,2,2872,1,1,,,
99486423,4,2,872,1,1,2,,
99500489,2,2,15,1,1,,,
99501378,2,2,15,1,1,1,,
99502865,143,2,1094,1,1,1,,
99525753,6,2,5,1,1,3,,
99529323,3,14,10,1,1,1,,
99531182,125,2,428,1,1,3,,
99543441,156,2,806,1,1,,,
99546010,90,2,186,1,1,1,,
99554798,90,2,2690,1,1,5,,
99563838,3,14,10,1,1,,,
99570690,72,2,1062,1,1,,,
99683904,3,2,10,1,1,,,
99746136,27,2,1649,1,1,1,,
99767183,3,2,191,1,1,,,
99806264,144,2,1330,1,1,1,,
99830697,4,2,4080,1,1,,,
99854858,90,2,722,1,1,,,
99855060,4,2,11,1,1,,,
99860723,7,2,1010,1,1,1,,
99896168,3,2,607,1,1,1,,
99897075,55,15,17,1,1,2,,
99916293,72,2,2739,1,1,,,
99921596,4,2,5,1,1,2,,
99928047,7,2,4081,1,1,2,,
99958486,3,6,17,1,1,1,,
99959840,43,2,823,1,1,1,,
99969132,2,2,15,1,1,1,,
100041089,76,2,329,1,1,2,,
100088626,67,2,1408,1,1,,,
100095432,3,2,607,1,1,,,
100145984,25,2,3193,1,1,1,,
100149488,782,2,3666,1,1,6,,
100150610,144,2,119,1,1,5,,
100151775,3,6,986,1,1,,,
100153092,10,2,3,1,1,1,,
100158788,170,2,808,1,1,1,,
100165901,9,2,58,1,1,,,
100187503,2,2,627,1,1,,,
100190090,90,2,2500,1,1,,,
100199761,14,2,4082,1,1,,,
100213032,3,21,1818,1,1,,,
100224097,3,14,10,1,1,,,
100224856,90,2,3675,1,1,,,
100231844,3,14,10,1,1,,,
100246422,2,2,15,1,1,,,
100249745,27,2,23,1,1,,,
100250684,3,14,10,1,1,2,,
100258921,18,2,15,1,1,2,,
100273598,3,14,10,1,1,,,
100273634,6,2,5,1,1,4,,
100274477,156,2,211,1,1,1,,
100294916,3,14,10,1,1,,,
100295983,3,14,10,1,1,,,
100299531,4,2,5,1,1,,,
100304200,3,14,10,1,1,1,,
100304404,23,2,415,1,1,1,,
100307080,3,2,607,1,1,,,
100325012,3,14,10,1,1,1,,
100330913,9,2,27,1,1,,,
100336235,49,2,4083,1,1,1,,
100348910,3,6,986,1,1,1,,
100381616,3,14,10,1,1,2,,
100383596,27,2,1929,1,1,3,,
100399116,49,2,38,1,1,,,
100401297,191,17,4084,1,1,1,,
100424216,3,14,10,1,1,,,
100447982,90,2,4085,1,1,1,,
100455075,18,2,4086,1,1,2,,
100463467,1,71,4087,1,1,,,
100489540,3,14,10,1,1,1,,
100494608,3,14,10,1,1,,,
100502190,3,14,10,1,1,1,,
100513494,7,2,54,1,1,3,,
100527740,522,2,71,1,1,,,
100532404,400,13,4026,1,1,1,,
100532810,3,14,10,1,1,1,,
100532895,3,12,4088,1,1,1,,
100533246,3,14,10,1,1,,,
100538581,3,14,10,1,1,1,,
100538681,3,14,10,1,1,,,
100542465,9,2,157,1,1,,,
100547649,10,2,3,1,1,,,
100548540,3,14,10,1,1,,,
100549190,3,14,10,1,1,5,,
100550520,9,2,14,1,1,2,,
100556144,2,2,15,1,1,1,,
100558087,144,2,2934,1,1,1,,
100560482,50,2,79,1,1,5,,
100561333,3,14,10,1,1,,,
100569651,41,2,1272,1,1,1,,
100572424,7,2,109,1,1,2,,
100573707,9,2,506,1,1,,,
100586529,72,2,287,1,1,,,
100590400,7,2,97,1,1,,,
100620908,3,14,10,1,1,2,,
100630069,43,2,68,1,1,,,
100633171,49,2,73,1,1,3,,
100637578,25,2,73,1,1,1,,
100639983,3,14,10,1,1,,,
100647789,3,14,10,1,1,2,,
100658604,3,14,10,1,1,7,,
100689186,2,2,15,1,1,,,
100693900,783,49,4089,1,1,,,
100714832,1,82,4090,1,1,,,
100742632,784,2,4091,1,1,1,,
100746448,7,2,12,1,1,6,,
100747076,17,2,2707,1,1,,,
100755551,3,14,10,1,1,1,,
100761917,3,2,4092,1,1,1,,
100767138,90,2,309,1,1,1,,
100778228,3,2,583,1,1,,,
100779575,27,2,4093,1,1,,,
100790002,50,2,3707,1,1,2,,
100806098,4,2,99,1,1,6,,
100810715,72,2,287,1,1,1,,
100826652,3,2,287,1,1,2,,
100834384,7,2,97,1,1,3,,
100847125,3,14,10,1,1,,,
100848591,3,6,1094,1,1,,,
100849979,3,71,4094,1,1,,,
100850805,27,2,224,1,1,,,
100862424,3,2,287,1,1,,,
100864087,68,2,2934,1,1,,,
100864099,3,14,10,1,1,1,,
100883163,3,14,10,1,1,1,,
100883759,4,2,4095,1,1,2,,
100885291,347,2,3259,1,1,1,,
100887032,232,2,4096,1,1,,,
100890211,3,14,10,1,1,,,
100893335,7,2,4097,1,1,1,,
100895838,124,2,3405,1,1,,,
100897536,3,14,10,1,1,,,
100898769,3,14,10,1,1,,,
100899786,4,2,5,1,1,,,
100906286,6,2,11,1,1,,,
100907499,7,2,14,1,1,,,
100907837,3,14,10,1,1,,,
100911061,70,2,183,1,1,1,,
100912459,7,2,957,1,1,1,,
100912659,3,14,10,1,1,2,,
100914309,90,2,1027,1,1,1,,
100914514,39,2,4098,1,1,,,
100916474,23,2,4099,1,1,3,,
100923073,3,14,10,1,1,1,,
100924904,3,14,10,1,1,1,,
100935524,18,2,15,1,1,2,,
100936641,39,2,1100,1,1,6,,
100945318,31,2,44,1,1,,,
100945958,3,14,10,1,1,1,,
100954536,24,13,35,1,1,,,
100955625,3,14,10,1,1,1,,
100955899,347,2,2147,1,1,,,
100957785,3,14,10,1,1,1,,
100959155,3,14,10,1,1,2,,
100960910,16,2,2638,1,1,,,
100966478,3,14,10,1,1,1,,
100971057,3,12,65,1,1,1,,
101003685,131,6,4101,1,1,5,,
101037477,150,27,4102,1,1,,,
101050228,3,14,10,1,1,,,
101053379,3,2,97,1,1,1,,
101054031,3,14,10,1,1,4,,
101060570,7,2,260,1,1,3,,
101075664,3,14,10,1,1,,,
101076451,3,14,10,1,1,2,,
101079388,3,2,3396,1,1,,,
101083831,52,2,762,1,1,,,
101085620,52,2,84,1,1,,,
101090125,3,14,10,1,1,1,,
101099416,3,14,10,1,1,1,,
101103596,3,14,10,1,1,,,
101103741,103,2,104,1,1,,,
101116834,16,2,128,1,1,1,,
101120616,176,2,639,1,1,,,
101131794,90,2,137,1,1,1,,
101139589,3,2,186,1,1,,,
101141570,3,14,10,1,1,1,,
101147392,3,2,90,1,1,,,
101155083,42,2,68,1,1,,,
101169414,3,14,10,1,1,,,
101182656,9,2,253,1,1,,,
101196344,4,2,5,1,1,,,
101216890,49,2,4103,1,1,1,,
101219294,51,2,230,1,1,1,,
101236761,42,2,68,1,1,1,,
101266340,90,2,287,1,1,1,,
101274536,90,2,4104,1,1,1,,
101275863,2,2,15,1,1,,,
101293755,18,2,627,1,1,,,
101331233,144,2,2934,1,1,,,
101350603,3,14,10,1,1,2,,
101361913,3,14,10,1,1,,,
101367163,3,14,10,1,1,1,,
101371136,3,14,10,1,1,,,
101384092,2,2,15,1,1,,,
101394644,16,2,1452,1,1,2,,
101396860,2,2,15,1,232,1,,
101404621,3,14,10,1,1,,,
101405337,348,2,1250,1,1,1,,
101435802,9,2,285,1,1,,,
101451685,103,2,227,1,1,7,,
101451857,480,2,2147,1,1,2,,
101453276,18,2,15,1,1,,,
101458877,3,14,10,1,1,,,
101464917,3,14,10,1,1,,,
101471417,43,2,68,1,1,,,
101472624,3,14,10,1,1,1,,
101486161,785,2,4105,1,1,1,,
101489811,90,2,447,1,1,,,
101505097,3,14,10,1,1,1,,
101509988,41,2,3,1,1,,,
101527633,6,2,5,1,1,1,,
101553608,565,13,4106,1,1,,,
101566602,66,2,429,1,1,1,,
101581929,3,14,10,1,1,1,,
101591290,4,2,1258,1,1,2,,
101602268,3,14,10,1,1,1,,
101603320,3,14,10,1,1,,,
101631788,312,13,4107,1,1,1,,
101649398,1,13,3142,1,1,1,,
101649613,3,14,10,1,1,1,,
101659172,3,14,10,1,1,3,,
101660952,210,2,4108,1,1,3,,
101670262,786,2,27,1,1,1,,
101674002,3,14,10,1,1,,,
101674898,7,2,1547,1,1,1,,
101681555,43,2,2212,1,1,1,,
101682148,3,14,10,1,1,1,,
101683870,3,14,10,1,1,,,
101684249,3,14,10,1,1,,,
101685074,3,14,10,1,1,,,
101685092,3,14,10,1,1,,,
101687496,3,14,10,1,1,5,,
101478385,3,14,10,2,1,2,50,365
101687931,76,2,4109,1,1,,,
101694510,90,2,4110,1,1,2,,
101697625,103,2,686,1,1,,,
101700804,3,14,10,1,1,1,,
101704709,10,2,3,1,1,1,,
101705597,4,2,2788,1,1,,,
101706281,90,2,287,1,1,2,,
101710472,3,14,10,1,1,,,
101715396,7,2,1993,1,1,2,,
101716578,9,2,122,1,1,1,,
101718942,3,14,10,1,1,2,,
101719488,787,2,4111,1,1,,,
101720766,6,2,11,1,1,2,,
101720839,9,2,58,1,1,,,
101721428,9,2,4112,1,1,2,,
101721663,3,14,10,1,1,2,,
101723854,126,2,4113,1,1,,,
101725309,39,2,59,1,1,1,,
101726169,357,2,77,1,1,1,,
101726330,16,2,22,1,1,2,,
101728268,4,2,399,1,1,,,
101728345,82,2,1787,1,1,,,
101731451,3,14,10,1,1,,,
101732510,3,14,10,1,1,7,,
101732553,708,2,835,1,1,,,
101733607,3,14,10,1,1,,,
101734004,3,2,3,1,1,5,,
101734565,3,14,10,1,1,,,
101734794,4,2,5,1,1,,,
101735959,3,14,10,1,1,,,
101736615,151,2,1028,1,1,1,,
101736904,4,2,2466,1,1,1,,
101737429,3,14,10,1,1,,,
101739220,90,2,2690,1,1,,,
101742705,3,14,10,1,1,3,,
101743457,43,2,284,1,1,1,,
101743999,3,14,10,1,1,2,,
101746912,3,14,10,1,1,,,
101747551,7,2,506,1,1,,,
101751693,3,14,10,1,1,,,
101752890,3,14,10,1,1,,,
101755234,272,2,940,1,1,,,
101756991,3,14,10,1,1,,,
101761399,7,2,58,1,1,1,,
101762083,4,2,2036,1,1,1,,
101762158,3,14,10,1,1,1,,
101766032,206,2,469,1,1,4,,
101768038,3,14,10,1,1,,,
101771819,3,14,10,1,1,,,
101772674,124,2,300,1,1,2,,
101773633,70,2,183,1,1,,,
101789238,3,2,15,1,1,2,,
101789992,3,2,15,1,1,2,,
101791563,3,14,10,1,1,,,
101792914,42,2,68,1,1,,,
101794030,42,2,383,1,1,,,
101800470,9,2,368,1,1,,,
101802124,23,2,84,1,1,,,
101803110,90,2,186,1,1,4,,
101810042,3,2,1902,1,1,,,
101813502,30,2,3459,1,1,1,,
101817582,3,14,10,1,1,,,
101825647,41,2,3,1,1,,,
101827453,3,14,10,1,1,3,,
101828315,3,14,10,1,1,,,
101828948,30,2,4114,1,1,1,,
101840590,3,14,10,1,1,1,,
101841934,27,2,4115,1,1,1,,
101848242,3,14,10,1,1,2,,
101848788,29,2,2437,1,1,,,
101849815,3,14,10,1,1,1,,
101853765,30,2,106,1,1,,,
101888809,4,2,4,1,1,2,,
101890916,4,2,5,1,1,,,
101929984,3,14,10,1,1,1,,
101939622,25,2,4116,1,1,1,,
101940846,3,14,10,1,1,1,,
101964649,357,2,2747,1,1,1,,
101974235,3,14,10,1,1,1,,
101978665,3,14,10,1,1,1,,
101981605,7,2,58,1,1,,,
101983943,135,2,455,1,1,,,
101986896,7,2,368,1,1,2,,
101988349,3,14,10,1,1,2,,
101991953,90,2,186,1,1,,,
101992405,3,14,10,1,1,,,
101993284,156,2,1649,1,1,,,
101994061,3,14,10,1,1,1,,
101994165,7,2,1489,1,1,,,
101995287,4,2,4,1,1,,,
101997037,3,14,10,1,1,,,
102000031,10,2,3,1,1,,,
102001925,43,2,955,1,1,,,
102075906,90,2,287,1,1,1,,
102077682,43,2,950,1,1,1,,
102080301,3,14,10,1,1,,,
102083070,3,14,10,1,1,1,,
102083603,618,2,287,1,1,,,
102108904,3,14,10,1,1,,,
102111928,38,2,3527,1,1,1,,
102122171,3,14,10,1,1,,,
102133597,176,2,806,1,1,1,,
102134611,5,2,45,1,1,,,
102135749,2,2,15,1,1,1,,
102146714,3,14,10,1,1,,,
102148965,14,2,711,1,1,,,
102158851,3,14,10,1,1,,,
102172061,38,2,1025,1,1,1,,
102179396,3,14,10,1,1,2,,
102189705,18,2,4117,1,1,1,,
102216203,7,2,97,1,1,1,,
102230928,4,2,114,1,1,,,
102231074,3,2,3718,1,1,2,,
102233110,3,33,1327,1,1,,,
102257756,18,2,15,1,1,3,,
102273467,3,14,10,1,1,1,,
102291377,788,2,4118,1,1,1,,
102310886,3,14,10,1,1,,,
102331651,45,2,44,1,1,,,
102334242,3,38,4119,1,1,,,
102338702,284,33,734,1,1,,,
102339703,3,14,10,1,1,,,
102341497,144,2,119,1,1,1,,
102342021,7,2,27,1,1,,,
102349851,3,14,10,1,1,,,
102352461,90,2,287,1,1,1,,
102361377,19,2,26,1,1,,,
102368941,3,14,10,1,1,2,,
102402728,125,2,238,1,1,1,,
102431186,7,2,27,1,1,1,,
102434994,3,14,10,1,1,,,
102435008,49,2,38,1,1,1,,
102443644,51,2,2570,1,1,2,,
102453101,3,14,10,1,1,2,,
102582885,90,2,661,1,1,1,,
102606001,3,14,10,1,1,,,
102607811,72,2,422,1,1,,,
102610792,3,14,10,1,1,1,,
102617645,3,14,10,1,1,1,,
102621117,2,2,1468,1,1,,,
102623703,3,14,10,1,1,,,
102635657,3,14,10,1,1,2,,
102649762,3,14,10,1,1,1,,
102656176,43,2,68,1,1,,,
102659043,22,6,272,1,1,,,
102666038,3,14,10,1,1,,,
102671690,25,2,38,1,1,,,
102787056,265,2,4120,1,1,5,,
102788281,3,14,10,1,1,,,
102794506,3,9,19,1,1,6,,
102797056,90,2,422,1,1,,,
102797436,27,2,257,1,1,,,
102800263,18,2,4121,1,1,1,,
102801165,3,14,10,1,1,,,
102802128,27,2,62,1,1,,,
102803736,3,14,10,1,1,1,,
102808857,3,14,10,1,1,2,,
102814738,3,14,10,1,1,1,,
102818719,27,2,1373,1,1,2,,
102818849,3,14,10,1,1,1,,
102829467,3,14,10,1,1,,,
102833300,3,14,10,1,1,,,
102839269,66,2,96,1,1,1,,
102839299,3,14,10,1,1,1,,
102841940,2,2,15,1,1,,,
102850065,174,18,4122,1,1,,,
102852048,43,2,68,1,1,5,,
102859341,52,2,84,1,1,,,
103074948,3,14,10,1,1,,,
103077531,4,2,3685,1,1,1,,
103082133,3,14,10,1,1,,,
103083146,90,2,4123,1,1,1,,
103083507,3,14,10,1,1,7,,
103088929,25,2,639,1,1,,,
103092467,3,14,10,1,1,1,,
103093447,64,2,2552,1,1,,,
103099924,3,14,10,1,1,,,
103103832,3,14,10,1,1,1,,
103114509,51,2,586,1,1,,,
103114587,2,2,627,1,414,1,,
103120277,3,14,10,1,1,,,
103126568,3,14,10,1,1,,,
103129573,3,14,10,1,1,,,
103132311,3,14,10,1,1,2,,
103134782,3,14,10,1,1,,,
103137658,144,2,2193,1,1,4,,
103141837,789,2,422,1,1,,,
103143920,3,14,10,1,1,1,,
103156899,43,2,68,1,1,,,
103158544,3,14,10,1,1,,,
103164815,3,14,10,1,1,,,
103166053,3,14,10,1,1,,,
103167527,3,14,10,1,1,,,
103375758,358,15,4124,1,1,,,
103375846,3,2,97,1,1,,,
103378042,43,2,746,1,1,,,
103383086,3,14,10,1,1,1,,
103384672,51,2,597,1,1,2,,
103391993,90,2,422,1,1,2,,
103398108,3,14,10,1,1,,,
103399562,23,2,415,1,1,,,
103403068,18,2,836,1,1,1,,
103405352,3,14,10,1,1,1,,
103407206,67,2,2406,1,1,,,
103407882,99,2,26,1,1,,,
103410095,3,14,10,1,1,,,
103410862,25,2,4125,1,1,,,
103410956,169,2,2972,1,6423,2,,
103414908,83,2,217,1,12750,,,
103416722,4,2,4,1,1,3,,
103421537,3,14,10,1,1,,,
103447450,38,2,357,1,1,,,
103449231,18,2,4126,1,1,1,,
103452829,90,2,1027,1,1,,,
103463217,3,14,10,1,1,2,,
103466352,3,14,10,1,1,,,
103467540,3,14,10,1,1,,,
34771607,3,2,597,8,11,,12,181
99410085,45,2,614,21,33,1,45,53
100977746,278,2,4100,6,82,1,30,679
103157091,3,14,10,5,1,,129,50
103172637,90,2,287,37,1,,3,2
103173682,98,2,1543,22,1289,,14,3
103375763,3,14,10,108,1,,12,1
103413221,3,14,10,6,1,,4,2
103414069,3,14,10,6,1,,18,6
103426165,3,14,10,38,1,,51,3
103432741,38,2,2873,14,1,,32,11
103453650,67,2,223,16,1,1,112,2
103454653,105,2,81,47,1,,69,5
103455555,3,14,10,21,1,,76,9
103456466,3,14,10,20,1,,90,17
103456527,18,2,627,63,1,1,97,4
103458790,3,14,10,54,13552,1,422,1
103468936,23,2,977,15,1,,12,1
103472979,3,14,10,40,1,1,11,0
